request_id,workload_type,arrival_time,dispatch_time,queue_time,ttft,tpot,inter_token_latencies,total_latency,completion_time,input_tokens,output_tokens,success,error,status_code,prompt_text,output_text,server_queue_time,server_prefill_time
req-0000-15f885,synthetic,1787906293.3819582,1787906294.2857347,0.9037764072418213,5.781711400020868,0.049502626984446706,"[0.03873919998295605, 0.030682200042065233, 0.03891309996834025, 0.04000310000265017, 0.03846549999434501, 0.034523700014688075, 0.040526999975554645, 0.04713730001822114, 0.039387700031511486, 0.03501489997142926, 0.032651000015903264, 0.03593529999488965, 0.027334599988535047, 0.036596500023733824, 0.033173399977386, 0.031126599991694093, 0.030066600011195987, 0.03669460001401603, 0.033133599965367466, 0.029866600001696497, 0.03807170002255589, 0.04135999997379258, 0.03828060004161671, 0.03304720000596717, 0.042383599968161434, 0.04290110000874847, 0.029840599978342652, 0.02958450000733137, 0.03316980000818148, 0.03331660002004355, 0.03595379996113479, 0.03914110001642257, 0.036283600027672946, 0.03801089996704832, 0.04062069999054074, 0.030406700039748102, 0.03927259996999055, 0.042248599987942725, 0.03334030002588406, 0.028640199976507574, 0.0320378000033088, 0.035926900047343224, 0.03521619999082759, 0.0360287000075914, 0.038729599968064576, 0.04176360002020374, 0.03624169999966398, 0.03778219997184351, 0.03643750003539026, 0.03744759998517111, 0.04108599998289719, 0.042361200030427426, 0.03704699996160343, 0.031206000014208257, 0.03857949998928234, 0.038258699991274625, 0.03619700000854209, 0.03140690003056079, 0.03854699997464195, 0.036301499989349395, 0.04073970002355054, 0.9014057000167668, 0.002070799993816763]",8.903490543365479,1787906303.1892252,511,64,True,,200,consectetur adipiscing ut incididunt dolore sed labore dolor magna sit elit tempor et aliqua. ipsum eiusmod Lorem do amet sed sit dolor elit Lorem aliqua. et adipiscing consectetur magna labore ut do eiusmod tempor amet dolore incididunt ipsum et tempor sit incididunt aliqua. dolore sed ipsum dolor eiusmod do labore Lorem consectetur adipiscing amet ut magna elit adipiscing sed eiusmod Lorem dolore et ipsum ut magna amet dolor aliqua. incididunt do consectetur labore elit sit tempor elit labore et amet tempor sed ipsum dolor sit do magna ut dolore consectetur Lorem incididunt aliqua. adipiscing eiusmod sit magna incididunt et Lorem adipiscing dolor amet ut aliqua. consectetur tempor dolore eiusmod labore sed do elit ipsum eiusmod dolor sed tempor Lorem ipsum ut labore magna incididunt amet consectetur et dolore adipiscing elit sit aliqua. do tempor dolore consectetur eiusmod do Lorem magna sed ut elit incididunt amet et aliqua. ipsum dolor adipiscing labore sit do ut aliqua. amet tempor et incididunt magna sed consectetur labore ipsum sit dolor dolore adipiscing eiusmod Lorem elit sed consectetur magna aliqua. ipsum et dolore ut amet adipiscing labore Lorem tempor incididunt dolor do eiusmod elit sit eiusmod Lorem magna sit ut do tempor consectetur aliqua. dolor adipiscing et amet elit sed incididunt ipsum dolore labore Lorem do adipiscing dolor sed incididunt eiusmod elit ut consectetur et magna ipsum aliqua. sit labore amet dolore tempor labore adipiscing incididunt consectetur elit eiusmod ipsum sed Lorem ut do aliqua. tempor et sit magna amet dolor dolore Lorem et do eiusmod sit labore tempor sed magna adipiscing aliqua. consectetur incididunt amet ut ipsum dolor elit dolore Lorem amet ipsum labore consectetur ut dolor adipiscing tempor dolore elit aliqua. do magna incididunt et sed eiusmod sit magna sit incididunt tempor consectetur amet Lorem dolor sed eiusmod aliqua. ipsum labore do elit dolore adipiscing ut et amet aliqua. labore et dolor sit adipiscing eius, factors factors factors factors factors factors factors factors factors factors factors factors factors factors factors factors factors factors factors factors factors factors factors factors factors factors factors factors factors factors factors factors factors factors factors factors factors factors factors factors factors factors factors factors factors factors factors factors factors factors factors factors factors factors factors factors factors factors factors factors factors factors factors factors,,
req-0001-46def6,synthetic,1787906293.3819582,1787906295.118358,1.7363996505737305,4.948206100030802,0.04952156984077264,"[0.03446379996603355, 0.037409899989143014, 0.03936000005342066, 0.040034999954514205, 0.03541499999118969, 0.0402106000110507, 0.03606990003027022, 0.045240000006742775, 0.04246689996216446, 0.03515449998667464, 0.03828890004660934, 0.04025849996833131, 0.04049069999018684, 0.03484760003630072, 0.03673940000589937, 0.03783599997404963, 0.0346189999836497, 0.030455200001597404, 0.04058560001431033, 0.034531000012066215, 0.03351280000060797, 0.0412036000052467, 0.034188699966762215, 0.028502600034698844, 0.04044889996293932, 0.03989970003021881, 0.0356988999992609, 0.03731250000419095, 0.039058699971064925, 0.039013400033582, 0.03729209996527061, 0.02705430000787601, 0.03712480003014207, 0.033899899979587644, 0.034994699992239475, 0.04325210000388324, 0.03571279998868704, 0.03423660004045814, 0.03168670000741258, 0.04165929998271167, 0.04005060001509264, 0.034790099947713315, 0.03362900001229718, 0.03832310001598671, 0.0431574999820441, 0.035787400032859296, 0.036211099999491125, 0.0399310999782756, 0.03744769998593256, 0.037215600023046136, 0.039498800004366785, 0.036301599990110844, 0.034557599981781095, 0.04110700002638623, 0.037812499969732016, 0.035052700026426464, 0.03366620000451803, 0.03535660001216456, 0.02874589996645227, 0.036279199994169176, 0.9024803999927826, 0.002181400021072477, 4.5199994929134846e-05]",8.071158170700073,1787906303.189516,511,64,True,,200,amet dolore labore dolor sed tempor consectetur ipsum magna incididunt et elit ut sit do aliqua. eiusmod Lorem adipiscing sed sit aliqua. eiusmod tempor elit amet labore adipiscing dolor magna consectetur incididunt do ut ipsum Lorem dolore et sit et consectetur adipiscing sed do dolor amet ipsum dolore ut incididunt Lorem elit tempor labore magna aliqua. eiusmod ut eiusmod do Lorem tempor aliqua. dolore sed labore et dolor adipiscing elit ipsum incididunt amet sit magna consectetur sit tempor sed aliqua. amet incididunt consectetur dolor adipiscing labore magna elit ipsum et eiusmod dolore ut do Lorem incididunt do adipiscing magna Lorem ut amet ipsum labore eiusmod consectetur sit dolor tempor sed aliqua. dolore et elit ipsum et elit adipiscing do consectetur labore magna ut sit aliqua. amet Lorem sed dolor eiusmod tempor incididunt dolore do eiusmod sit adipiscing incididunt elit magna et aliqua. dolor tempor dolore ipsum ut amet Lorem consectetur labore sed labore Lorem dolor tempor eiusmod aliqua. et sed consectetur sit ipsum amet dolore adipiscing magna elit incididunt do ut ut sed consectetur sit eiusmod tempor ipsum amet adipiscing dolor aliqua. magna labore et dolore Lorem elit incididunt do labore elit amet ipsum adipiscing dolore magna ut Lorem tempor sit eiusmod et aliqua. sed consectetur do dolor incididunt eiusmod elit consectetur dolore sed dolor do ut tempor et magna amet incididunt adipiscing aliqua. labore sit ipsum Lorem et adipiscing labore dolore Lorem tempor elit dolor eiusmod sed magna ipsum ut aliqua. do consectetur incididunt sit amet adipiscing aliqua. tempor elit dolore dolor consectetur ut labore et incididunt eiusmod Lorem amet ipsum sit do magna sed do labore tempor magna ipsum ut elit dolore incididunt amet et sit sed eiusmod aliqua. Lorem adipiscing dolor consectetur et elit dolore amet sit labore consectetur eiusmod sed magna dolor Lorem adipiscing aliqua. incididunt tempor ut do ipsum consectetur aliqua. do et dolore amet adipiscing, factors factors factors factors factors factors factors factors factors factors factors factors factors factors factors factors factors factors factors factors factors factors factors factors factors factors factors factors factors factors factors factors factors factors factors factors factors factors factors factors factors factors factors factors factors factors factors factors factors factors factors factors factors factors factors factors factors factors factors factors factors factors factors factors,,
req-0002-ead6ac,synthetic,1787906293.3819582,1787906295.8563485,2.4743902683258057,4.2018117000116035,0.035798606349133136,"[0.034253699996043, 0.04019790003076196, 0.039790499955415726, 0.03785030002472922, 0.036786200013011694, 0.033216599957086146, 0.03834840003401041, 0.04125800001202151, 0.038541299989447, 0.040626399975735694, 0.039740200038067997, 0.029588399978820235, 0.04012820002390072, 0.033713099954184145, 0.03652200003853068, 0.03490829997463152, 0.03885020001325756, 0.034182599978521466, 0.03935410000849515, 0.03515690000494942, 0.03484009997919202, 0.036676499992609024, 0.038707600033376366, 0.03292719996534288, 0.04024040000513196, 0.02750600001309067, 0.03605910000624135, 0.03413330001058057, 0.03227059997152537, 0.03561800002353266, 0.03741350001655519, 0.03023969999048859, 0.03458659996977076, 0.032368000014685094, 0.03461000003153458, 0.03435119998175651, 0.03534840000793338, 0.032221300003584474, 0.03548550000414252, 0.03527279995614663, 0.037070600024890155, 0.03841179999290034, 0.041279600001871586, 0.0367225999943912, 0.03402610000921413, 0.04252790001919493, 0.03660920000402257, 0.03532149997772649, 0.04332789999898523, 0.034517800027970225, 0.0291328999446705, 0.039062000054400414, 0.037457200000062585, 0.04183919995557517, 0.035552000044845045, 0.03305109997745603, 0.035211300011724234, 0.0274391999701038, 0.034123499994166195, 0.03294200001982972, 0.03414070000872016, 0.029087700007949024, 0.032569299975875765]",6.459478855133057,1787906302.3158274,511,64,True,,200,et consectetur eiusmod dolor labore ut sed Lorem tempor elit incididunt aliqua. dolore amet magna adipiscing sit ipsum do eiusmod aliqua. et sed labore sit amet consectetur adipiscing dolor do incididunt magna ut Lorem dolore ipsum elit tempor tempor aliqua. consectetur sit Lorem incididunt ipsum et adipiscing sed dolore ut dolor do elit eiusmod magna amet labore incididunt elit aliqua. consectetur dolor do amet sed sit magna labore ut dolore adipiscing Lorem ipsum eiusmod tempor et eiusmod Lorem aliqua. et incididunt amet consectetur sed adipiscing magna do ipsum ut labore dolore sit dolor elit tempor dolore consectetur sed eiusmod adipiscing amet et tempor ut labore elit Lorem ipsum do aliqua. sit dolor incididunt magna sed eiusmod adipiscing dolor do incididunt tempor Lorem consectetur ut dolore labore ipsum amet et magna elit aliqua. sit incididunt consectetur eiusmod aliqua. adipiscing dolore tempor ut sed dolor elit et ipsum labore sit Lorem magna amet do ipsum Lorem sed sit aliqua. tempor elit dolor eiusmod et dolore incididunt adipiscing ut labore amet do magna consectetur sit ut incididunt eiusmod consectetur dolor dolore labore sed adipiscing elit tempor magna ipsum do et Lorem aliqua. amet sit elit ipsum sed consectetur tempor et ut aliqua. adipiscing magna dolor do incididunt Lorem labore amet dolore eiusmod tempor eiusmod elit sed dolore aliqua. magna adipiscing sit amet incididunt ut dolor ipsum et labore consectetur Lorem do dolore ipsum ut eiusmod et sed consectetur amet tempor dolor magna incididunt adipiscing aliqua. Lorem elit labore do sit labore ipsum sit aliqua. elit dolor consectetur et dolore ut sed eiusmod do adipiscing amet magna Lorem incididunt tempor sit eiusmod tempor do amet consectetur labore ut incididunt et sed magna dolor dolore ipsum Lorem adipiscing elit aliqua. sit consectetur incididunt Lorem dolore magna et elit dolor adipiscing aliqua. ut tempor eiusmod ipsum sed amet do labore et aliqua. consectetur dolore magna labore elit , stairs stairs stairs stairs stairs stairs stairs stairs stairs stairs stairs stairs stairs stairs stairs stairs stairs stairs stairs stairs stairs stairs stairs stairs stairs stairs stairs stairs stairs stairs stairs stairs stairs stairs stairs stairs stairs stairs stairs stairs stairs stairs stairs stairs stairs stairs stairs stairs stairs stairs stairs stairs stairs stairs stairs stairs stairs stairs stairs stairs stairs stairs stairs stairs,,
req-0003-b69cb2,synthetic,1787906293.3819582,1787906296.6307752,3.248816967010498,3.4418346000020392,0.049397477777563925,"[0.038922599982470274, 0.030743599985726178, 0.030923500016797334, 0.04198909999104217, 0.035473200026899576, 0.04015839996282011, 0.035046700038947165, 0.04720929998438805, 0.04325859999516979, 0.03627450001658872, 0.03963169996859506, 0.04021980002289638, 0.03645499999402091, 0.03772490000119433, 0.034099699987564236, 0.04023300000699237, 0.03104869998060167, 0.03353330004028976, 0.034074799972586334, 0.031816600007005036, 0.03693489998113364, 0.034215199993923306, 0.03212380001787096, 0.02683480002451688, 0.03373949998058379, 0.035221400030422956, 0.04572100000223145, 0.03517139999894425, 0.03242669999599457, 0.0394770999555476, 0.03744490002281964, 0.040152299974579364, 0.03247230005217716, 0.02801579999504611, 0.0373981999582611, 0.029636199993547052, 0.030896300042513758, 0.03756059997249395, 0.032597500015981495, 0.04041840002173558, 0.03304999996908009, 0.038050000031944364, 0.04171339998720214, 0.030407699989154935, 0.035648000019136816, 0.03310369997052476, 0.03586529998574406, 0.03414639999391511, 0.03412910003680736, 0.04538779996801168, 0.027658000006340444, 0.0312874999945052, 0.042391100025270134, 0.032232999976258725, 0.03283690003445372, 0.03277900000102818, 0.04030090000014752, 0.0390800999593921, 0.0359601000091061, 0.03671840002061799, 0.03522849996807054, 0.03214690001914278, 0.8946240000077523]",6.559591054916382,1787906303.1903663,511,64,True,,200,magna Lorem et adipiscing tempor sit incididunt ipsum ut elit amet aliqua. sed eiusmod dolore do dolor consectetur labore consectetur labore magna dolor adipiscing eiusmod tempor amet ipsum Lorem aliqua. dolore sed et sit elit ut incididunt do eiusmod ut adipiscing tempor consectetur dolore dolor Lorem ipsum elit sed et incididunt amet sit magna do aliqua. labore tempor eiusmod ipsum incididunt sed amet adipiscing et magna do dolor consectetur dolore labore Lorem sit aliqua. elit ut labore magna eiusmod tempor dolor do ipsum sed aliqua. amet elit adipiscing sit consectetur Lorem incididunt et ut dolore aliqua. sed consectetur ut magna sit incididunt amet do tempor labore et dolor dolore elit ipsum Lorem eiusmod adipiscing dolor sed consectetur adipiscing sit aliqua. do tempor amet et magna incididunt Lorem ipsum dolore labore elit ut eiusmod ipsum et magna elit dolor labore tempor adipiscing do incididunt Lorem amet dolore ut consectetur sed aliqua. eiusmod sit incididunt do adipiscing sit magna aliqua. eiusmod consectetur dolore amet dolor elit sed ut et tempor Lorem labore ipsum ipsum consectetur elit labore et dolor incididunt ut amet aliqua. eiusmod tempor adipiscing sed magna do Lorem dolore sit incididunt magna sed dolore sit Lorem elit aliqua. consectetur labore eiusmod ut adipiscing amet et ipsum do tempor dolor aliqua. labore sed dolor do ipsum sit tempor incididunt ut consectetur magna dolore Lorem eiusmod amet et adipiscing elit adipiscing amet sed ipsum dolore elit et consectetur incididunt aliqua. sit magna ut labore do tempor dolor Lorem eiusmod incididunt elit ipsum dolore amet dolor aliqua. tempor et ut adipiscing eiusmod labore do sit Lorem consectetur sed magna do Lorem amet incididunt sed ut tempor adipiscing aliqua. sit elit et dolore labore dolor magna consectetur eiusmod ipsum ut eiusmod et do ipsum Lorem sit elit incididunt tempor magna labore sed dolor amet consectetur dolore adipiscing aliqua. tempor adipiscing ut incididunt eiusmod magna se, factors factors factors factors factors factors factors factors factors factors factors factors factors factors factors factors factors factors factors factors factors factors factors factors factors factors factors factors factors factors factors factors factors factors factors factors factors factors factors factors factors factors factors factors factors factors factors factors factors factors factors factors factors factors factors factors factors factors factors factors factors factors factors factors,,
req-0004-43182a,synthetic,1787906293.3819582,1787906297.4280353,4.046077013015747,2.6365151000209153,0.04954385396835971,"[0.0332357999868691, 0.032135399989783764, 0.03973680001217872, 0.03927579999435693, 0.03601020004134625, 0.03430020000087097, 0.035606499994173646, 0.041045399964787066, 0.044456200033891946, 0.035439300001598895, 0.041192199976649135, 0.04103910003323108, 0.03785789996618405, 0.03451379999751225, 0.02895340003306046, 0.03786849998869002, 0.035608300007879734, 0.034375599992927164, 0.03715459996601567, 0.03945100004784763, 0.03473899996606633, 0.036789100035093725, 0.038805299962405115, 0.03321870003128424, 0.02833699999609962, 0.03853679995518178, 0.03872870001941919, 0.03532730002189055, 0.04228659998625517, 0.02956679998897016, 0.03582059999462217, 0.032974000030662864, 0.03255569998873398, 0.03969649999635294, 0.03674509999109432, 0.033042000024579465, 0.027549399994313717, 0.03454919997602701, 0.03598490002332255, 0.03211580001516268, 0.041987699980381876, 0.04166450002230704, 0.03654559998540208, 0.03769979998469353, 0.04012030002195388, 0.03535590000683442, 0.03775689995381981, 0.03622660000110045, 0.03426780004519969, 0.03255949995946139, 0.03814660001080483, 0.03827000001911074, 0.03730669996002689, 0.03408880002098158, 0.034746000019367784, 0.040747599967289716, 0.03858430002583191, 0.03334779996657744, 0.03166950005106628, 0.04049200000008568, 0.03728489996865392, 0.9038081000326201, 0.0019613999756984413]",5.760869026184082,1787906303.1889043,511,64,True,,200,do incididunt magna Lorem aliqua. sit dolore eiusmod adipiscing consectetur dolor et labore ipsum amet sed elit tempor ut et incididunt labore eiusmod sit dolore Lorem adipiscing magna sed tempor ipsum ut dolor elit aliqua. amet consectetur do sed ipsum consectetur do dolore et labore ut dolor magna tempor Lorem adipiscing incididunt elit eiusmod amet aliqua. sit ut consectetur aliqua. Lorem amet tempor adipiscing eiusmod incididunt dolore magna labore do elit dolor ipsum sit sed et adipiscing ut tempor consectetur ipsum amet dolore eiusmod et labore do elit dolor aliqua. Lorem sit incididunt magna sed incididunt dolor adipiscing amet consectetur dolore do tempor magna elit et Lorem eiusmod aliqua. ipsum sit labore ut sed dolor do eiusmod sit sed labore ut amet elit Lorem et tempor dolore ipsum adipiscing magna aliqua. incididunt consectetur ut aliqua. dolor tempor magna eiusmod ipsum et sit sed consectetur adipiscing do incididunt dolore Lorem elit amet labore et tempor amet ipsum elit sed consectetur incididunt magna dolore adipiscing Lorem aliqua. do dolor sit labore ut eiusmod ipsum labore do dolor amet sed et elit Lorem consectetur adipiscing ut eiusmod sit aliqua. incididunt dolore magna tempor consectetur labore amet do sit et Lorem elit eiusmod ut aliqua. tempor ipsum dolore incididunt dolor adipiscing sed magna consectetur dolor dolore tempor magna adipiscing Lorem aliqua. ipsum eiusmod elit sit do ut sed incididunt labore amet et consectetur ut et tempor magna Lorem eiusmod sit dolor amet adipiscing sed do dolore ipsum elit aliqua. incididunt labore amet elit aliqua. dolore adipiscing ipsum dolor sit Lorem et sed ut tempor incididunt consectetur do eiusmod labore magna sit ut labore eiusmod amet Lorem dolore do sed elit incididunt et tempor ipsum adipiscing dolor aliqua. magna consectetur tempor ipsum consectetur elit ut sit dolor et dolore eiusmod sed do adipiscing magna Lorem amet labore incididunt aliqua. sit do tempor eiusmod amet sed labore et Lorem a, factors factors factors factors factors factors factors factors factors factors factors factors factors factors factors factors factors factors factors factors factors factors factors factors factors factors factors factors factors factors factors factors factors factors factors factors factors factors factors factors factors factors factors factors factors factors factors factors factors factors factors factors factors factors factors factors factors factors factors factors factors factors factors factors,,
req-0005-02b71b,synthetic,1787906293.3819582,1787906298.1793919,4.797433614730835,1.87650269997539,0.049660601587559555,"[0.0382005000137724, 0.04458769998745993, 0.0405964000383392, 0.02813859999878332, 0.03428249998250976, 0.035673399979714304, 0.03786740003852174, 0.0430274999816902, 0.031200100027490407, 0.038098599994555116, 0.0379763999953866, 0.038640899991150945, 0.027361700020264834, 0.0388636999996379, 0.03356469998834655, 0.03958849998889491, 0.03714869997929782, 0.033283500000834465, 0.03864069998962805, 0.03854870004579425, 0.037474699958693236, 0.038889900024514645, 0.03478769998764619, 0.0403037000214681, 0.03441889997338876, 0.038891400035936385, 0.03361009998479858, 0.03246389998821542, 0.03368120000232011, 0.03653209999902174, 0.029600000008940697, 0.03301939996890724, 0.03541620000032708, 0.03407680004602298, 0.038734500005375594, 0.038593599980231375, 0.04152510000858456, 0.040859100001398474, 0.03629339998587966, 0.03842519997851923, 0.03160270000807941, 0.035735699988435954, 0.02870160003658384, 0.03665449999971315, 0.03365930001018569, 0.03502339997794479, 0.038137399998959154, 0.0374800999998115, 0.0353758999845013, 0.03041460004169494, 0.037779999955091625, 0.036723600002005696, 0.03534679999575019, 0.037763700005598366, 0.03966840001521632, 0.038331200019456446, 0.030936299997847527, 0.03163499996298924, 0.03439510002499446, 0.03988439997192472, 0.03061020001769066, 0.040316800004802644, 0.8895540999947116]",5.010698556900024,1787906303.1900904,512,64,True,,200,tempor labore consectetur amet do et aliqua. magna Lorem ut ipsum dolor incididunt dolore sit adipiscing sed elit eiusmod tempor Lorem do ipsum adipiscing labore incididunt sed elit sit amet dolore magna aliqua. dolor eiusmod ut et consectetur et dolore Lorem consectetur eiusmod adipiscing ut labore ipsum sed magna tempor aliqua. amet elit sit do incididunt dolor consectetur adipiscing incididunt magna amet elit dolor do et eiusmod Lorem aliqua. tempor dolore sit sed labore ipsum ut Lorem elit et dolor sed dolore eiusmod incididunt ipsum aliqua. do consectetur ut adipiscing labore amet sit tempor magna amet tempor adipiscing ipsum eiusmod sit magna incididunt et elit do labore ut dolor consectetur aliqua. sed dolore Lorem ut aliqua. et ipsum labore sit incididunt adipiscing Lorem magna eiusmod dolor elit sed do amet dolore consectetur tempor consectetur incididunt ipsum dolore et magna adipiscing tempor labore amet ut elit sit Lorem sed aliqua. dolor eiusmod do do elit labore ipsum sit tempor adipiscing eiusmod dolor Lorem ut consectetur dolore magna amet incididunt aliqua. sed et et eiusmod amet do dolor aliqua. tempor ut consectetur adipiscing dolore sed ipsum magna elit sit Lorem labore incididunt et Lorem dolore ut labore tempor amet magna eiusmod incididunt consectetur ipsum aliqua. do sit elit sed adipiscing dolor sit dolor ipsum aliqua. Lorem dolore ut elit tempor et consectetur adipiscing eiusmod labore magna incididunt do amet sed elit do dolor adipiscing sit eiusmod tempor labore et aliqua. dolore sed ut ipsum amet magna incididunt consectetur Lorem do magna ut dolor adipiscing sit aliqua. consectetur ipsum sed dolore Lorem amet labore elit incididunt et eiusmod tempor tempor labore amet magna ipsum sed elit aliqua. Lorem dolor adipiscing sit dolore do eiusmod et incididunt consectetur ut elit dolore tempor sit ut labore magna aliqua. do dolor incididunt consectetur ipsum Lorem sed adipiscing eiusmod amet et consectetur sit labore elit tempor magna adipisc, factors factors factors factors factors factors factors factors factors factors factors factors factors factors factors factors factors factors factors factors factors factors factors factors factors factors factors factors factors factors factors factors factors factors factors factors factors factors factors factors factors factors factors factors factors factors factors factors factors factors factors factors factors factors factors factors factors factors factors factors factors factors factors factors,,
req-0006-9aa4b5,synthetic,1787906293.3819582,1787906298.9209216,5.538963317871094,1.1450955999898724,0.04954489365050067,"[0.04438760003540665, 0.04347370000323281, 0.04190069995820522, 0.03496860002633184, 0.03637909999815747, 0.034430400002747774, 0.04131999996025115, 0.02997150004375726, 0.04008669999893755, 0.04156159999547526, 0.026337899966165423, 0.03646060003666207, 0.042453099973499775, 0.03412969998316839, 0.036652600043453276, 0.03421889996388927, 0.036628900037612766, 0.03895919997012243, 0.040652800002135336, 0.03266100003384054, 0.038409599976148456, 0.035033299995120615, 0.0397886999999173, 0.043900599994231015, 0.033796300005633384, 0.03261609998298809, 0.04022320004878566, 0.03772019996540621, 0.03550350002478808, 0.034998899966012686, 0.03239970002323389, 0.033299600007012486, 0.037817300006281585, 0.03355579997878522, 0.038412800000514835, 0.03458949999185279, 0.034733799984678626, 0.03661840001586825, 0.04040599998552352, 0.03273060003994033, 0.0417423999751918, 0.039878299983683974, 0.03922890004469082, 0.035808199958410114, 0.03953850001562387, 0.033684900030493736, 0.036619999969843775, 0.041748000017832965, 0.03672109998296946, 0.03690830001141876, 0.04482930002268404, 0.037197799945715815, 0.03036250005243346, 0.03807719994802028, 0.02865290001500398, 0.03384550003102049, 0.03399540000827983, 0.038135499984491616, 0.0376908999751322, 0.03240090003237128, 0.03343660000246018, 0.8740783999674022, 0.0025582999805919826]",4.2697203159332275,1787906303.1906419,511,64,True,,200,adipiscing amet dolor sit ipsum labore eiusmod ut magna et elit incididunt tempor consectetur aliqua. do dolore Lorem sed ipsum incididunt magna aliqua. eiusmod consectetur sit elit dolore Lorem labore dolor do amet sed et adipiscing tempor ut aliqua. adipiscing dolore eiusmod ut elit do dolor incididunt amet ipsum labore magna Lorem sed tempor et sit consectetur eiusmod ut adipiscing dolor ipsum incididunt aliqua. magna sed amet consectetur do elit dolore sit labore et Lorem tempor sit dolor consectetur aliqua. ut adipiscing dolore incididunt magna amet eiusmod tempor elit sed do et labore Lorem ipsum tempor dolor eiusmod incididunt magna sed consectetur elit Lorem et ut do aliqua. sit adipiscing ipsum amet dolore labore sed Lorem magna adipiscing amet incididunt eiusmod dolore sit ipsum et dolor ut elit aliqua. labore tempor consectetur do do incididunt ut sit Lorem aliqua. ipsum et elit dolor amet labore adipiscing eiusmod consectetur tempor magna sed dolore incididunt do labore et elit aliqua. eiusmod sed tempor ut consectetur dolor Lorem sit amet magna adipiscing dolore ipsum et ipsum magna eiusmod dolore do sed aliqua. labore dolor Lorem tempor amet adipiscing elit ut consectetur sit incididunt aliqua. elit dolor ut sed et Lorem tempor incididunt amet eiusmod adipiscing sit ipsum consectetur dolore labore magna do do ut eiusmod sed dolor Lorem magna elit dolore et ipsum incididunt labore amet aliqua. tempor sit consectetur adipiscing ut elit consectetur incididunt adipiscing dolore magna sed aliqua. eiusmod sit Lorem amet dolor do tempor et labore ipsum incididunt labore aliqua. magna sit dolor adipiscing dolore ipsum do Lorem ut eiusmod consectetur et sed amet elit tempor Lorem ipsum do et magna eiusmod incididunt tempor sit adipiscing dolor ut labore consectetur aliqua. elit amet dolore sed dolore labore elit aliqua. ut ipsum et magna consectetur eiusmod incididunt amet do dolor adipiscing tempor sed Lorem sit sit elit adipiscing amet dolore tempor ut ipsum , factors factors factors factors factors factors factors factors factors factors factors factors factors factors factors factors factors factors factors factors factors factors factors factors factors factors factors factors factors factors factors factors factors factors factors factors factors factors factors factors factors factors factors factors factors factors factors factors factors factors factors factors factors factors factors factors factors factors factors factors factors factors factors factors,,
req-0007-fca625,synthetic,1787906293.3819582,1787906299.6657708,6.283812522888184,0.4014449999667704,0.04947855714283558,"[0.043924400000832975, 0.04323579999618232, 0.03989220003131777, 0.03701739996904507, 0.03381059999810532, 0.03774080000584945, 0.03283570002531633, 0.03527569997822866, 0.03114650002680719, 0.025675199984107167, 0.039766900008544326, 0.034862899978179485, 0.03205030004028231, 0.026197400002274662, 0.03559539996786043, 0.03593349998118356, 0.03575130004901439, 0.03432029997929931, 0.0384673000080511, 0.0346560999751091, 0.0405282000428997, 0.04024199995910749, 0.0333113000378944, 0.03719579998869449, 0.04515939997509122, 0.029414799995720387, 0.03483359998790547, 0.04104390001157299, 0.03283109999028966, 0.035428800038062036, 0.02747929998440668, 0.03936160000739619, 0.04115589999128133, 0.035273400018922985, 0.03767859999788925, 0.03673469997011125, 0.03435960004571825, 0.03505759994732216, 0.03810580004937947, 0.03478170000016689, 0.04647329996805638, 0.032698200026061386, 0.0328262000111863, 0.030366499966476113, 0.03699829999823123, 0.039817399985622615, 0.030371700006071478, 0.031612100021447986, 0.03592850000131875, 0.039532799972221255, 0.0372444000095129, 0.03410260000964627, 0.037596500013023615, 0.03921909997006878, 0.03848520002793521, 0.03600929997628555, 0.03729060001205653, 0.029277099994942546, 0.03560780000407249, 0.04327309998916462, 0.026093600026797503, 0.0364739999640733, 0.8917179999989457]",3.524038314819336,1787906303.189809,510,64,True,,200,amet magna dolore sit aliqua. et sed adipiscing tempor elit labore ut consectetur Lorem eiusmod do incididunt ipsum dolor elit labore eiusmod dolor sit aliqua. incididunt consectetur Lorem do ipsum adipiscing magna sed et amet tempor ut dolore consectetur dolor Lorem elit incididunt amet labore magna adipiscing eiusmod aliqua. ipsum ut do et tempor sed dolore sit ipsum eiusmod tempor Lorem dolor do adipiscing et aliqua. dolore amet magna consectetur labore incididunt ut sit elit sed magna dolor elit incididunt aliqua. do ut tempor sit labore amet Lorem sed eiusmod adipiscing consectetur et dolore ipsum ipsum amet sit aliqua. dolore consectetur eiusmod incididunt Lorem elit ut dolor magna labore adipiscing et do tempor sed labore eiusmod ut elit dolore aliqua. consectetur ipsum sed sit incididunt amet et tempor magna Lorem do adipiscing dolor ut incididunt adipiscing tempor dolor et Lorem dolore do magna aliqua. labore eiusmod ipsum elit consectetur sed sit amet elit dolore aliqua. sit do dolor amet consectetur Lorem et ut labore ipsum incididunt sed magna adipiscing tempor eiusmod ipsum incididunt amet aliqua. Lorem sit labore magna elit adipiscing et consectetur do ut sed dolor tempor dolore eiusmod incididunt aliqua. elit labore et magna Lorem amet do adipiscing ut ipsum dolor consectetur dolore tempor sit eiusmod sed ut dolor adipiscing magna elit incididunt Lorem ipsum dolore tempor et sit eiusmod amet consectetur sed aliqua. labore do tempor do elit dolor ut dolore Lorem aliqua. amet sit adipiscing consectetur incididunt ipsum labore et magna sed eiusmod aliqua. ut et magna consectetur dolore eiusmod do dolor sit adipiscing ipsum sed incididunt amet Lorem tempor elit labore eiusmod sit dolor ipsum dolore tempor sed amet adipiscing consectetur aliqua. labore do elit magna Lorem ut et incididunt amet tempor magna incididunt sit dolore Lorem eiusmod sed consectetur do aliqua. adipiscing dolor ipsum labore et ut elit magna consectetur ipsum et eiusmod tempor dolore, factors factors factors factors factors factors factors factors factors factors factors factors factors factors factors factors factors factors factors factors factors factors factors factors factors factors factors factors factors factors factors factors factors factors factors factors factors factors factors factors factors factors factors factors factors factors factors factors factors factors factors factors factors factors factors factors factors factors factors factors factors factors factors factors,,
req-0008-ee2ae2,synthetic,1787906293.3819582,1787906303.1813202,9.799361944198608,5.647843699960504,0.04962237142876441,"[0.03652330004842952, 0.03524769999785349, 0.039386099961120635, 0.03722790000028908, 0.040119600016623735, 0.04800870001781732, 0.03789959999267012, 0.0447396999807097, 0.02781579998554662, 0.03176720003830269, 0.027997099969070405, 0.036509099998511374, 0.042339200037531555, 0.037957899970933795, 0.040712399990297854, 0.04238870000699535, 0.04026670003077015, 0.04371279996121302, 0.04346720001194626, 0.031197000003885478, 0.045148400007747114, 0.03695320000406355, 0.029926299990620464, 0.036803499970119447, 0.038592100027017295, 0.04335930000524968, 0.03903599997283891, 0.041418800014071167, 0.04128940001828596, 0.03324580000480637, 0.038212499988731, 0.04039139999076724, 0.041602700017392635, 0.03900910000083968, 0.028130399994552135, 0.03919769998174161, 0.03863150003599003, 0.03161119995638728, 0.03458770003635436, 0.03998840000713244, 0.04181209998205304, 0.042064799985382706, 0.03686360002029687, 0.03649039997253567, 0.030687700025737286, 0.04153479996602982, 0.035559500043746084, 0.030259899969678372, 0.03707030002260581, 0.0410365000134334, 0.03765029995702207, 0.04131760000018403, 0.03221470001153648, 0.037993400008417666, 0.037734300014562905, 0.033960399974603206, 0.04100289999041706, 0.9462799000320956, 0.022050299972761422, 5.730002885684371e-05, 5.169998621568084e-05, 5.059997783973813e-05, 4.730001091957092e-05]",8.779135942459106,1787906311.9604561,511,64,True,,200,magna et adipiscing ipsum consectetur elit incididunt labore Lorem ut dolore sed aliqua. amet dolor do sit tempor eiusmod dolore dolor sit Lorem aliqua. adipiscing sed do incididunt eiusmod elit labore ut et consectetur magna ipsum tempor amet consectetur ipsum elit magna dolore eiusmod et sit dolor Lorem tempor adipiscing sed incididunt labore ut aliqua. amet do aliqua. amet adipiscing sed consectetur sit tempor et magna dolore incididunt labore elit Lorem ipsum do ut dolor eiusmod aliqua. Lorem elit adipiscing do incididunt sit ut dolor dolore sed magna consectetur ipsum labore eiusmod tempor amet et ipsum Lorem adipiscing sed eiusmod tempor consectetur elit dolore labore amet sit incididunt et dolor magna ut do aliqua. consectetur do sed labore adipiscing sit ut dolore magna elit Lorem aliqua. et eiusmod tempor ipsum amet incididunt dolor sit et consectetur elit sed amet labore magna Lorem adipiscing incididunt ut aliqua. do dolor tempor dolore eiusmod ipsum consectetur incididunt amet aliqua. tempor adipiscing et do labore dolore magna ipsum sed Lorem elit sit ut dolor eiusmod labore sed dolore ut dolor ipsum et magna consectetur adipiscing eiusmod sit elit do Lorem amet incididunt tempor aliqua. aliqua. do et Lorem sit magna ipsum sed amet incididunt consectetur dolor adipiscing dolore ut labore eiusmod tempor elit aliqua. sed elit dolore do ipsum amet sit tempor Lorem ut consectetur incididunt adipiscing magna dolor et labore eiusmod ipsum incididunt amet consectetur ut Lorem et dolor labore magna aliqua. eiusmod do tempor adipiscing sed elit dolore sit labore sit magna elit ut consectetur amet tempor et ipsum eiusmod incididunt sed adipiscing dolore aliqua. dolor do Lorem sit labore eiusmod ipsum sed et elit adipiscing amet consectetur incididunt magna dolor Lorem ut dolore tempor do aliqua. magna ut dolore dolor incididunt adipiscing eiusmod amet Lorem elit et aliqua. ipsum labore sed tempor consectetur do sit et amet consectetur dolor incididunt tempor do L, stairs stairs stairs stairs stairs stairs stairs stairs stairs stairs stairs stairs stairs stairs stairs stairs stairs stairs stairs stairs stairs stairs stairs stairs stairs stairs stairs stairs stairs stairs stairs stairs stairs stairs stairs stairs stairs stairs stairs stairs stairs stairs stairs stairs stairs stairs stairs stairs stairs stairs stairs stairs stairs stairs stairs stairs stairs stairs stairs stairs stairs stairs stairs stairs,,
req-0009-b0242a,synthetic,1787906293.3819582,1787906303.9424086,10.560450315475464,4.759533800010104,0.05163209523824561,"[0.0352765999850817, 0.03451990004396066, 0.02319300000090152, 0.034664199978578836, 0.035006699967198074, 0.032317700039129704, 0.031997599988244474, 0.03522179997526109, 0.040571400022599846, 0.036796199972741306, 0.03874830005224794, 0.036907599947880954, 0.0424201000132598, 0.046770600019954145, 0.040847099968232214, 0.038765600009355694, 0.030277200043201447, 0.039580499986186624, 0.03629879996879026, 0.04347070003859699, 0.03712870000163093, 0.03845059999730438, 0.027501099975779653, 0.039489899994805455, 0.03370490000816062, 0.04022520000580698, 0.03754489996936172, 0.03605770005378872, 0.04299190000165254, 0.03183179994812235, 0.03797820000909269, 0.03935110004385933, 0.04474039998603985, 0.04190750000998378, 0.04081479995511472, 0.032847900001797825, 0.0350973000167869, 0.024199299979954958, 0.03883309999946505, 0.042634100012946874, 0.04006999998819083, 0.024842600047122687, 0.03628489997936413, 0.03210750001017004, 0.04064759996253997, 0.03190810000523925, 0.034215399995446205, 0.037403700000140816, 0.03861819999292493, 0.04115920001640916, 0.04187330004060641, 0.03136229998199269, 0.03502989996923134, 0.0420111000421457, 0.04194019996793941, 0.038550700002815574, 0.03920910001033917, 0.03980739996768534, 0.04585270001552999, 0.04200330004096031, 0.03639739996287972, 0.962712400010787, 0.02183300000615418]",8.017720699310303,1787906311.9601293,511,64,True,,200,consectetur adipiscing elit magna eiusmod dolore sit incididunt dolor ut Lorem labore ipsum sed et tempor do aliqua. amet eiusmod sit aliqua. dolor incididunt elit amet consectetur magna do ipsum labore Lorem dolore adipiscing tempor sed ut et ipsum adipiscing dolor ut tempor aliqua. Lorem dolore consectetur do elit labore amet incididunt magna sed eiusmod sit et Lorem aliqua. consectetur eiusmod tempor adipiscing sed labore amet dolor ipsum et magna elit do sit incididunt ut dolore tempor ipsum sed magna amet elit do aliqua. labore ut eiusmod et incididunt adipiscing dolore Lorem dolor consectetur sit aliqua. ut adipiscing Lorem do incididunt labore dolore eiusmod et dolor magna sit tempor sed ipsum consectetur amet elit consectetur adipiscing eiusmod sit elit et do labore amet dolor aliqua. magna incididunt sed ipsum dolore Lorem tempor ut dolor do et ipsum Lorem eiusmod magna consectetur aliqua. ut dolore amet incididunt labore adipiscing sit sed tempor elit tempor amet do eiusmod ipsum aliqua. consectetur dolor adipiscing incididunt et labore ut sed dolore sit Lorem magna elit ipsum consectetur amet dolore tempor aliqua. eiusmod labore Lorem incididunt magna do sit sed et adipiscing dolor ut elit ut Lorem magna elit amet tempor ipsum do aliqua. incididunt sed et labore eiusmod adipiscing consectetur dolore dolor sit eiusmod elit Lorem dolore ipsum sit dolor ut magna labore aliqua. incididunt tempor et adipiscing amet consectetur do sed sed incididunt magna et aliqua. eiusmod sit elit ut amet Lorem dolor consectetur do dolore labore tempor adipiscing ipsum et aliqua. incididunt sit elit dolor magna dolore amet eiusmod adipiscing Lorem tempor ipsum labore consectetur do sed ut ut amet do sit labore tempor eiusmod dolor dolore magna consectetur ipsum incididunt sed aliqua. elit Lorem et adipiscing tempor amet et sit magna labore dolore elit aliqua. do eiusmod incididunt sed adipiscing ipsum dolor Lorem consectetur ut labore amet magna dolor tempor dolore ipsum et u, stairs stairs stairs stairs stairs stairs stairs stairs stairs stairs stairs stairs stairs stairs stairs stairs stairs stairs stairs stairs stairs stairs stairs stairs stairs stairs stairs stairs stairs stairs stairs stairs stairs stairs stairs stairs stairs stairs stairs stairs stairs stairs stairs stairs stairs stairs stairs stairs stairs stairs stairs stairs stairs stairs stairs stairs stairs stairs stairs stairs stairs stairs stairs stairs,,
req-0010-0e59df,synthetic,1787906293.3819582,1787906304.7012534,11.319295167922974,3.994798100029584,0.0516852238095395,"[0.028656799986492842, 0.03486790001625195, 0.033561999967787415, 0.034067500033415854, 0.03687709994846955, 0.037675000028684735, 0.03455219999887049, 0.03856209997320548, 0.032237500010523945, 0.031901200010906905, 0.0386906000203453, 0.04426860000239685, 0.03887299995403737, 0.031013800005894154, 0.03854660002980381, 0.03718509996542707, 0.03566210001008585, 0.03855250001652166, 0.025622299988754094, 0.03699749999213964, 0.031771000009030104, 0.043111100036185235, 0.04250829998636618, 0.03919089998817071, 0.03613289998611435, 0.029423500003758818, 0.04329080000752583, 0.03896450001047924, 0.0472033999976702, 0.041342000011354685, 0.028241699968930334, 0.02810880000470206, 0.038405500003136694, 0.0410725999972783, 0.04326880001462996, 0.04175849998136982, 0.04228320001857355, 0.03741980000631884, 0.03557219996582717, 0.033793100039474666, 0.028124300006311387, 0.032850699964910746, 0.03815979999490082, 0.04230890003964305, 0.04186369996750727, 0.04602710000472143, 0.04091199999675155, 0.03126180003164336, 0.04291329998522997, 0.03935869998531416, 0.044169000000692904, 0.03580160002456978, 0.040144899976439774, 0.038744800025597215, 0.029896099993493408, 0.04207899997709319, 0.03268549998756498, 0.04176069999812171, 0.03595550003228709, 0.03433319996111095, 0.04048740002326667, 0.9642952000140212, 0.02080190001288429]",7.256242990493774,1787906311.9574964,512,64,True,,200,amet adipiscing dolor do dolore elit sit consectetur aliqua. labore magna ut eiusmod et ipsum incididunt sed tempor Lorem tempor labore sit ut amet elit sed eiusmod consectetur ipsum adipiscing incididunt dolor Lorem dolore magna do aliqua. et sed elit ipsum dolore Lorem eiusmod magna amet aliqua. ut et consectetur incididunt tempor adipiscing labore do sit dolor ipsum Lorem eiusmod ut do elit dolor et consectetur amet labore dolore aliqua. incididunt adipiscing magna sit sed tempor sed eiusmod sit aliqua. Lorem magna dolore do amet consectetur elit et ut labore incididunt ipsum dolor tempor adipiscing aliqua. tempor labore do dolor ut ipsum et consectetur sit Lorem sed magna elit incididunt adipiscing amet eiusmod dolore ut adipiscing magna Lorem amet aliqua. elit dolor labore sit dolore consectetur sed eiusmod do et ipsum tempor incididunt et ipsum dolor ut adipiscing sed eiusmod elit sit magna dolore amet consectetur tempor incididunt Lorem labore do aliqua. consectetur amet eiusmod elit do dolor et tempor magna incididunt adipiscing ipsum sed sit dolore labore Lorem aliqua. ut et adipiscing tempor consectetur incididunt labore amet magna dolor ut dolore sed eiusmod sit ipsum Lorem elit do aliqua. consectetur elit et magna eiusmod dolor sed dolore Lorem labore adipiscing sit tempor ut amet do ipsum incididunt aliqua. ipsum labore dolore dolor eiusmod sit ut adipiscing consectetur sed do et tempor elit Lorem amet aliqua. incididunt magna tempor dolor do amet Lorem adipiscing labore sed dolore sit et ut ipsum magna elit incididunt eiusmod consectetur aliqua. dolor do tempor elit dolore labore amet sed ipsum consectetur sit ut incididunt eiusmod adipiscing et aliqua. magna Lorem sit magna elit amet labore adipiscing do eiusmod tempor ut et Lorem consectetur dolore ipsum dolor incididunt sed aliqua. sit labore adipiscing et sed dolor ipsum dolore ut consectetur aliqua. do elit tempor magna eiusmod amet incididunt Lorem ipsum dolor eiusmod Lorem adipiscing et ut conse, factors factors factors factors factors factors factors factors factors factors factors factors factors factors factors factors factors factors factors factors factors factors factors factors factors factors factors factors factors factors factors factors factors factors factors factors factors factors factors factors factors factors factors factors factors factors factors factors factors factors factors factors factors factors factors factors factors factors factors factors factors factors factors factors,,
req-0011-a5b456,synthetic,1787906293.3819582,1787906305.4508846,12.068926334381104,3.2497395999962464,0.05162518253986029,"[0.03452980000292882, 0.03443570004310459, 0.036412699962966144, 0.034756300039589405, 0.0391855999478139, 0.039309300016611814, 0.03485739999450743, 0.03598089999286458, 0.0487118000164628, 0.03534200001740828, 0.03633460000855848, 0.037685299990698695, 0.038531499973032624, 0.034796199994161725, 0.03824810002697632, 0.03763869998510927, 0.031759000034071505, 0.03718389995628968, 0.04218450002372265, 0.042734900023788214, 0.03721239999867976, 0.035465999972075224, 0.04737470002146438, 0.036753199994564056, 0.040411299967672676, 0.047323100036010146, 0.039331400010269135, 0.04305109998676926, 0.03324909997172654, 0.037811500020325184, 0.04245409998111427, 0.039254500006791204, 0.03593509999336675, 0.03396900004008785, 0.04397209995659068, 0.041463600005954504, 0.02940230001695454, 0.03475849999813363, 0.04068949999054894, 0.03982669999822974, 0.03695460001472384, 0.030600300000514835, 0.027171399968210608, 0.037324000033549964, 0.04357520001940429, 0.037064299976918846, 0.040802599978633225, 0.03797340003075078, 0.04356530000222847, 0.040608299954328686, 0.03895850002299994, 0.04138270003022626, 0.03603299998212606, 0.04565729998284951, 0.03916480002226308, 0.035670300014317036, 0.04504799999995157, 0.04336069995770231, 0.040432400011923164, 0.9594963000272401, 0.021117899974342436, 4.950002767145634e-05, 4.829996032640338e-05]",6.508491039276123,1787906311.9593756,510,64,True,,200,eiusmod amet incididunt ut Lorem labore dolor ipsum tempor sit do adipiscing elit dolore consectetur aliqua. magna et sed ipsum ut incididunt sit sed amet tempor dolor elit adipiscing eiusmod do Lorem labore et consectetur dolore magna aliqua. consectetur Lorem labore ipsum sed ut elit eiusmod do sit et dolor aliqua. tempor dolore adipiscing amet magna incididunt ipsum amet do incididunt consectetur adipiscing dolor eiusmod aliqua. dolore et sed Lorem tempor labore magna elit ut sit consectetur dolor sed dolore et ut magna incididunt adipiscing sit amet Lorem do eiusmod labore aliqua. ipsum tempor elit ipsum elit consectetur tempor incididunt sit sed do aliqua. et amet labore dolore eiusmod dolor Lorem ut adipiscing magna aliqua. ipsum eiusmod magna elit dolore sit Lorem adipiscing incididunt ut amet labore tempor sed dolor do consectetur et labore consectetur sit ipsum et ut elit incididunt dolore Lorem eiusmod magna do tempor aliqua. adipiscing amet dolor sed Lorem eiusmod consectetur do dolor aliqua. ut sit labore et elit sed amet incididunt tempor dolore ipsum magna adipiscing elit sed Lorem aliqua. ipsum adipiscing dolore sit do consectetur eiusmod dolor amet magna incididunt tempor labore et ut ipsum dolor amet dolore elit incididunt labore do adipiscing Lorem sit aliqua. tempor sed eiusmod magna consectetur ut et sit ipsum magna consectetur do sed elit incididunt Lorem aliqua. amet dolore eiusmod labore et dolor adipiscing ut tempor dolore magna sit labore eiusmod do adipiscing ut consectetur incididunt aliqua. tempor dolor ipsum elit amet Lorem sed et adipiscing magna sit labore incididunt sed dolor et ipsum do aliqua. amet consectetur ut dolore elit eiusmod Lorem tempor Lorem do labore consectetur dolor magna sed elit ut sit tempor dolore incididunt adipiscing et ipsum eiusmod amet aliqua. consectetur amet aliqua. Lorem elit sed dolore ipsum tempor ut eiusmod adipiscing incididunt et sit do dolor labore magna adipiscing incididunt et eiusmod magna elit labo, factors factors factors factors factors factors factors factors factors factors factors factors factors factors factors factors factors factors factors factors factors factors factors factors factors factors factors factors factors factors factors factors factors factors factors factors factors factors factors factors factors factors factors factors factors factors factors factors factors factors factors factors factors factors factors factors factors factors factors factors factors factors factors factors,,
req-0012-ea9d44,synthetic,1787906293.3819582,1787906306.228166,12.846207857131958,2.472802300006151,0.051661974603554144,"[0.03709190001245588, 0.03515579999657348, 0.03489230002742261, 0.03504539997084066, 0.03702660003909841, 0.03550359996734187, 0.04143460001796484, 0.043659300019498914, 0.0369698999566026, 0.03443210001569241, 0.04083459998946637, 0.045491900003980845, 0.04128230002243072, 0.03413159999763593, 0.03690979996463284, 0.028695400047581643, 0.042054299963638186, 0.03814710001461208, 0.04215709998970851, 0.029168599983677268, 0.035194700001738966, 0.03895290003856644, 0.029930499964393675, 0.03822730004321784, 0.04225119994953275, 0.04510040004970506, 0.038806999975349754, 0.039876799972262233, 0.03949710004962981, 0.040365599968936294, 0.042131500027608126, 0.02852970000822097, 0.036837799998465925, 0.031122899963520467, 0.04181550000794232, 0.03156889998354018, 0.03657160000875592, 0.03715280001051724, 0.040191999985836446, 0.039324000012129545, 0.037238000018987805, 0.04212050000205636, 0.03088709997246042, 0.02709540002979338, 0.03650919999927282, 0.038024399953428656, 0.04046099999686703, 0.04170290002366528, 0.03787390002980828, 0.0401348999585025, 0.04071460000704974, 0.04284970002481714, 0.03769349999492988, 0.03821039997274056, 0.03767720004543662, 0.033701499982271343, 0.03338169999187812, 0.04640849999850616, 0.03730979998363182, 0.033756199991330504, 0.031686300004366785, 0.9433453000383452, 0.022387999983038753]",5.732610702514648,1787906311.9607768,511,64,True,,200,tempor adipiscing consectetur et labore aliqua. dolor elit dolore amet sit ut ipsum magna sed eiusmod Lorem do incididunt aliqua. amet incididunt ut et consectetur dolore eiusmod sit adipiscing tempor ipsum sed Lorem do magna dolor labore elit do et eiusmod adipiscing dolore Lorem ut consectetur sit sed ipsum dolor tempor amet elit aliqua. labore magna incididunt incididunt sit et magna labore ipsum adipiscing amet dolor aliqua. dolore ut Lorem do eiusmod consectetur tempor elit sed amet elit ut aliqua. sed dolor do et ipsum sit tempor Lorem magna dolore consectetur eiusmod adipiscing labore incididunt do et incididunt elit labore eiusmod adipiscing ut dolor tempor sit consectetur aliqua. dolore magna ipsum Lorem amet sed dolore amet adipiscing eiusmod ipsum aliqua. incididunt ut dolor et Lorem do tempor magna sed consectetur labore sit elit magna do amet Lorem et incididunt elit tempor eiusmod aliqua. adipiscing ut sed ipsum sit labore consectetur dolore dolor do incididunt eiusmod sit labore aliqua. amet et ut adipiscing magna tempor dolor elit consectetur ipsum dolore sed Lorem labore adipiscing magna et aliqua. Lorem ipsum dolor elit dolore eiusmod ut amet consectetur incididunt do sit tempor sed consectetur ipsum dolor eiusmod aliqua. sed incididunt tempor amet labore adipiscing elit ut dolore do Lorem et sit magna sed dolore et adipiscing Lorem elit magna labore ipsum do sit amet ut tempor consectetur dolor aliqua. eiusmod incididunt et amet dolor aliqua. dolore ipsum ut sit do Lorem elit incididunt sed consectetur tempor eiusmod labore adipiscing magna adipiscing ipsum magna eiusmod incididunt consectetur tempor sit dolore et dolor amet do labore ut elit aliqua. Lorem sed labore elit eiusmod do tempor dolor adipiscing amet ipsum incididunt et consectetur sed Lorem sit aliqua. dolore magna ut sit ut sed labore ipsum tempor do incididunt amet magna et consectetur Lorem dolore dolor aliqua. adipiscing elit eiusmod sit amet adipiscing dolor labore sed ipsum eiusm, factors factors factors factors factors factors factors factors factors factors factors factors factors factors factors factors factors factors factors factors factors factors factors factors factors factors factors factors factors factors factors factors factors factors factors factors factors factors factors factors factors factors factors factors factors factors factors factors factors factors factors factors factors factors factors factors factors factors factors factors factors factors factors factors,,
req-0013-4b7269,synthetic,1787906293.3819582,1787906307.019602,13.637643814086914,1.6782523000147194,0.05166300476181306,"[0.034920500009320676, 0.03602109994972125, 0.0384804000495933, 0.03674389998195693, 0.0334088999661617, 0.038872200006153435, 0.03993700002320111, 0.03338320000329986, 0.05032709997612983, 0.03986870002700016, 0.0371197999920696, 0.04110889998264611, 0.04587820003507659, 0.04021690000081435, 0.03783379995729774, 0.046477399999275804, 0.03402190003544092, 0.03842840000288561, 0.036233499995432794, 0.030333800008520484, 0.040521099988836795, 0.04339429998071864, 0.039550799992866814, 0.040669100009836257, 0.029631500015966594, 0.04192170000169426, 0.04511619999539107, 0.036322299973107874, 0.029050300014205277, 0.03778240003157407, 0.0261546999681741, 0.04591190000064671, 0.03065279999282211, 0.037393600039649755, 0.040592199948150665, 0.037144700007047504, 0.03264889999991283, 0.03655080002499744, 0.04180299997096881, 0.027278900030069053, 0.03581349999876693, 0.0414642000105232, 0.040614500001538545, 0.029536599991843104, 0.034043599967844784, 0.03626560000702739, 0.03492450003977865, 0.03623279999010265, 0.04214859998319298, 0.037715999991633, 0.042195099988020957, 0.0413838000386022, 0.03882049996173009, 0.04231320001417771, 0.036857400031294674, 0.03727380000054836, 0.03853199997683987, 0.03899919998366386, 0.038672299997415394, 0.04273119999561459, 0.9575221000122838, 0.020947900018654764, 5.4100004490464926e-05]",4.938233375549316,1787906311.9578354,511,64,True,,200,aliqua. tempor et Lorem dolor adipiscing incididunt ipsum amet elit do labore sed magna sit ut dolore consectetur eiusmod aliqua. adipiscing ut incididunt dolore Lorem dolor sed sit eiusmod labore tempor elit ipsum amet consectetur magna et do labore et incididunt dolor tempor aliqua. consectetur eiusmod ipsum ut sed amet magna do adipiscing dolore Lorem sit elit do aliqua. adipiscing elit tempor amet labore Lorem sed sit incididunt dolore ipsum eiusmod ut et dolor consectetur magna sed do elit labore dolore incididunt magna aliqua. tempor ut consectetur ipsum amet adipiscing dolor eiusmod et sit Lorem Lorem labore consectetur elit ipsum do sed dolor magna aliqua. tempor dolore incididunt ut sit amet et eiusmod adipiscing dolor adipiscing aliqua. ut Lorem tempor sed dolore magna amet eiusmod elit consectetur et sit ipsum incididunt do labore magna adipiscing aliqua. consectetur Lorem et tempor dolor sed incididunt amet ut labore sit ipsum eiusmod do dolore elit elit Lorem et tempor do sit ut consectetur aliqua. dolor adipiscing eiusmod incididunt magna dolore amet labore sed ipsum ut ipsum et labore dolor amet consectetur incididunt tempor elit aliqua. Lorem adipiscing dolore sit do eiusmod magna sed magna adipiscing et incididunt sed do ut ipsum aliqua. dolor Lorem amet sit dolore labore consectetur tempor elit eiusmod ut et adipiscing ipsum labore eiusmod Lorem magna dolor incididunt sit consectetur do tempor elit sed dolore aliqua. amet magna consectetur do Lorem tempor labore eiusmod sit elit ut amet ipsum dolor incididunt sed aliqua. dolore adipiscing et tempor sit dolore ut do Lorem incididunt amet magna consectetur labore ipsum aliqua. adipiscing et elit sed dolor eiusmod do elit aliqua. amet ut labore ipsum sit incididunt dolor sed adipiscing Lorem dolore eiusmod tempor et magna consectetur adipiscing consectetur tempor labore eiusmod ut ipsum aliqua. amet sed sit dolor do dolore elit magna et incididunt Lorem tempor sed ut eiusmod ipsum sit dolor Lorem cons, factors factors factors factors factors factors factors factors factors factors factors factors factors factors factors factors factors factors factors factors factors factors factors factors factors factors factors factors factors factors factors factors factors factors factors factors factors factors factors factors factors factors factors factors factors factors factors factors factors factors factors factors factors factors factors factors factors factors factors factors factors factors factors factors,,
req-0014-90b16a,synthetic,1787906293.3819582,1787906307.7849672,14.403008937835693,0.9133920000167564,0.05166627936497597,"[0.03138959995703772, 0.0324045000015758, 0.029491699999198318, 0.03963440004736185, 0.03645289997803047, 0.036163499986287206, 0.02628799999365583, 0.0362576000043191, 0.0415756999864243, 0.035663200018461794, 0.03797489998396486, 0.040592400007881224, 0.0393119000364095, 0.041821899998467416, 0.043331599968951195, 0.03902100003324449, 0.042207099962979555, 0.036135700007434934, 0.042288500000722706, 0.029638800013344735, 0.03181890002451837, 0.04404939996311441, 0.03845609998097643, 0.04020340001443401, 0.04937259998405352, 0.033564900048077106, 0.03751749999355525, 0.04112840001471341, 0.03745669999625534, 0.037469099974259734, 0.03957209998043254, 0.041385100048501045, 0.04210069996770471, 0.0339807000127621, 0.028960099967662245, 0.029325900017283857, 0.04112489998806268, 0.04368080000858754, 0.033424200024455786, 0.03495000000111759, 0.036997699993662536, 0.04027389996917918, 0.0364755000337027, 0.038658600009512156, 0.041589099972043186, 0.04421560000628233, 0.040598299994599074, 0.0350103999953717, 0.043426399992313236, 0.041894800029695034, 0.03938699996797368, 0.028577900025993586, 0.037820299970917404, 0.038955099997110665, 0.034625700034666806, 0.032692399981897324, 0.0426865000044927, 0.0480659999884665, 0.035926799988374114, 0.03810520004481077, 0.9604310999857262, 0.02132759999949485, 4.730001091957092e-05]",4.1748270988464355,1787906311.9597943,510,64,True,,200,dolore sed elit consectetur do incididunt ut Lorem dolor sit et adipiscing eiusmod tempor aliqua. ipsum amet labore magna dolore elit ipsum sit incididunt adipiscing dolor magna aliqua. labore et ut amet sed do tempor Lorem eiusmod consectetur amet adipiscing magna dolor ut dolore elit consectetur ipsum incididunt Lorem tempor sit eiusmod labore et aliqua. do sed dolor dolore eiusmod magna do amet sed adipiscing elit Lorem aliqua. consectetur sit labore ipsum tempor et ut incididunt ut dolor dolore et do amet eiusmod Lorem magna tempor incididunt sit aliqua. sed labore ipsum consectetur elit adipiscing sit consectetur tempor et magna incididunt aliqua. Lorem dolor amet ipsum dolore do eiusmod elit labore sed ut adipiscing tempor dolor do incididunt amet sed adipiscing magna eiusmod ipsum dolore aliqua. Lorem ut labore sit elit consectetur et eiusmod ut consectetur sed labore Lorem elit aliqua. adipiscing dolore sit do incididunt amet et tempor dolor ipsum magna dolore incididunt adipiscing aliqua. ut sit Lorem tempor elit do ipsum labore amet magna eiusmod dolor consectetur sed et adipiscing sed ipsum Lorem tempor incididunt aliqua. dolore labore do eiusmod dolor elit ut magna amet consectetur et sit elit Lorem consectetur incididunt ipsum tempor ut et dolor amet dolore sit adipiscing do aliqua. eiusmod labore magna sed Lorem consectetur aliqua. et ipsum amet do magna dolore eiusmod elit dolor sed ut incididunt labore adipiscing sit tempor Lorem et sed ut dolore ipsum adipiscing labore elit consectetur eiusmod dolor magna sit tempor aliqua. do amet incididunt elit ut ipsum et dolore Lorem magna amet tempor labore aliqua. consectetur do sed dolor eiusmod sit adipiscing incididunt sit sed consectetur dolore do dolor eiusmod et magna incididunt amet tempor ut labore elit ipsum adipiscing Lorem aliqua. tempor consectetur ipsum eiusmod sed dolor do Lorem magna adipiscing aliqua. labore dolore sit ut amet incididunt et elit aliqua. incididunt amet ut eiusmod do labore con, factors factors factors factors factors factors factors factors factors factors factors factors factors factors factors factors factors factors factors factors factors factors factors factors factors factors factors factors factors factors factors factors factors factors factors factors factors factors factors factors factors factors factors factors factors factors factors factors factors factors factors factors factors factors factors factors factors factors factors factors factors factors factors factors,,
req-0015-62412b,synthetic,1787906293.3819582,1787906308.5204082,15.138449907302856,0.17848949995823205,0.03647625238157898,"[0.036485199991147965, 0.036132600042037666, 0.022827899956610054, 0.025114400021266192, 0.033428599999751896, 0.029813400004059076, 0.03441959997871891, 0.04163320001680404, 0.03413049998925999, 0.04446740000275895, 0.026414900028612465, 0.04281249997438863, 0.035212400020100176, 0.030126400000881404, 0.031680300016887486, 0.04257509997114539, 0.03769389999797568, 0.043306700012180954, 0.041765799978747964, 0.0300279000075534, 0.036406700033694506, 0.0326764999772422, 0.03939759999047965, 0.040467699989676476, 0.03459980001207441, 0.04089270002441481, 0.03883400000631809, 0.041427599964663386, 0.042707799992058426, 0.03913849999662489, 0.036361000034958124, 0.046440200007054955, 0.02855479996651411, 0.03807439998490736, 0.032341300044208765, 0.03760149999288842, 0.03970710001885891, 0.039188999973703176, 0.03759069996885955, 0.045705500000622123, 0.03495370002929121, 0.029487700026948005, 0.03799599997000769, 0.040426500025205314, 0.04525719996308908, 0.03659870004048571, 0.03630779997911304, 0.03787469997769222, 0.03149130003293976, 0.027616599982138723, 0.029444999992847443, 0.03642810002202168, 0.030959199997596443, 0.03480029996717349, 0.03833060001488775, 0.03237010003067553, 0.03988019999815151, 0.03587809996679425, 0.04006680002203211, 0.03436119999969378, 0.039092799997888505, 0.03813040000386536, 0.042067800008226186]",2.4781579971313477,1787906310.9985662,512,64,True,,200,magna ipsum adipiscing labore elit amet eiusmod dolore aliqua. sit incididunt sed et do Lorem tempor consectetur dolor ut do et sit amet dolor aliqua. adipiscing elit ut dolore eiusmod Lorem sed magna incididunt ipsum labore tempor consectetur et elit sed sit tempor dolore incididunt labore dolor consectetur aliqua. do Lorem ut eiusmod adipiscing magna ipsum amet elit ipsum do magna amet labore sed consectetur et sit adipiscing tempor aliqua. ut Lorem incididunt dolore dolor eiusmod eiusmod consectetur Lorem dolor incididunt aliqua. amet sit et ipsum elit magna do tempor sed dolore adipiscing ut labore dolore elit ipsum sit amet et do aliqua. incididunt adipiscing sed magna eiusmod dolor consectetur Lorem ut labore tempor labore ut magna dolor tempor eiusmod incididunt elit amet consectetur adipiscing sit et do sed aliqua. ipsum dolore Lorem dolore do sit amet aliqua. sed Lorem incididunt consectetur ut elit labore eiusmod ipsum adipiscing tempor et magna dolor et Lorem amet ut adipiscing elit eiusmod sit magna labore do ipsum sed consectetur aliqua. dolore tempor incididunt dolor et tempor eiusmod elit magna labore sit adipiscing ipsum amet incididunt do Lorem consectetur aliqua. sed dolore ut dolor labore eiusmod amet aliqua. do incididunt dolore dolor sed consectetur magna adipiscing ipsum Lorem elit sit ut tempor et tempor dolore adipiscing sit Lorem dolor incididunt elit ipsum amet consectetur do et magna labore ut sed eiusmod aliqua. do consectetur labore aliqua. elit sit magna dolor eiusmod incididunt adipiscing sed ut Lorem ipsum tempor et dolore amet dolor et dolore incididunt amet sed sit magna adipiscing ut eiusmod tempor aliqua. elit consectetur labore do Lorem ipsum dolor tempor sit adipiscing eiusmod consectetur incididunt et magna ut ipsum amet dolore aliqua. do labore elit Lorem sed tempor adipiscing incididunt Lorem elit eiusmod et aliqua. dolor ipsum labore sit amet do dolore ut sed consectetur magna do eiusmod incididunt consectetur sit tempor ut , factors factors factors factors factors factors factors factors factors factors factors factors factors factors factors factors factors factors factors factors factors factors factors factors factors factors factors factors factors factors factors factors factors factors factors factors factors factors factors factors factors factors factors factors factors factors factors factors factors factors factors factors factors factors factors factors factors factors factors factors factors factors factors factors,,
req-0016-21747d,synthetic,1787906293.3819582,1787906311.9273794,18.54542112350464,6.001720700005535,0.05010928412703502,"[0.03816609998466447, 0.03972370002884418, 0.03355940000619739, 0.042171299981419, 0.04071730002760887, 0.04539980000117794, 0.03867019998142496, 0.04066820000298321, 0.03784589999122545, 0.03422510001109913, 0.04538309999043122, 0.04152969998540357, 0.04679900000337511, 0.03641609998885542, 0.03165010001976043, 0.03775830002268776, 0.036559299973305315, 0.03358069999376312, 0.035905900003854185, 0.03655389999039471, 0.03303340001730248, 0.033031500002834946, 0.03255369997350499, 0.0404776000068523, 0.038171600026544183, 0.045633599977009, 0.044134900032076985, 0.04502719995798543, 0.031821300042793155, 0.040641099971253425, 0.03798140003345907, 0.03763979999348521, 0.03702249994967133, 0.03503280004952103, 0.04103879997273907, 0.042064999986905605, 0.03500560001702979, 0.03580339998006821, 0.04602860001614317, 0.04161090002162382, 0.03545889997621998, 0.040779200033284724, 0.037593399989418685, 0.03266610001446679, 0.03338519996032119, 0.03667509998194873, 0.042548000055830926, 0.03621159994509071, 0.03716210002312437, 0.03964069997891784, 0.037987500021699816, 0.041536199976690114, 0.04449680005200207, 0.03547129995422438, 0.03688790003070608, 0.040206899982877076, 0.034096900024451315, 0.941453100007493, 0.024314999987836927, 0.0010862000053748488, 7.780001033097506e-05, 5.8999983593821526e-05, 5.219999002292752e-05]",9.163583040237427,1787906321.0909624,512,64,True,,200,adipiscing dolore ut et labore incididunt Lorem aliqua. do sed magna elit amet ipsum sit dolor tempor eiusmod consectetur sed consectetur Lorem dolore tempor do dolor adipiscing incididunt aliqua. ipsum et labore amet magna ut eiusmod elit sit aliqua. labore magna ut adipiscing et eiusmod incididunt dolore do consectetur dolor sed elit amet Lorem sit tempor ipsum dolore ut incididunt magna ipsum aliqua. Lorem do amet labore adipiscing dolor et consectetur elit sed eiusmod sit tempor aliqua. Lorem sed tempor amet do adipiscing ut eiusmod sit ipsum dolor magna elit et labore dolore consectetur incididunt do tempor amet incididunt magna eiusmod dolore ipsum adipiscing sed consectetur aliqua. labore ut sit dolor elit Lorem et consectetur adipiscing elit tempor et ut eiusmod sit dolore aliqua. dolor Lorem magna labore incididunt amet do ipsum sed ut sit aliqua. dolore amet sed do dolor elit tempor adipiscing Lorem magna et incididunt ipsum eiusmod consectetur labore eiusmod sit tempor amet sed do dolor ipsum ut Lorem consectetur elit dolore labore magna adipiscing incididunt aliqua. et do tempor sit consectetur eiusmod ipsum labore elit sed dolore ut Lorem amet incididunt dolor et magna aliqua. adipiscing eiusmod dolore et tempor adipiscing dolor Lorem elit magna sit consectetur ipsum amet sed aliqua. do incididunt ut labore ipsum labore elit eiusmod incididunt do magna et dolore sed consectetur dolor amet Lorem tempor adipiscing aliqua. sit ut amet tempor consectetur dolor elit incididunt aliqua. ipsum adipiscing magna labore sit sed dolore do eiusmod et ut Lorem tempor elit ipsum magna amet consectetur sit sed aliqua. dolor Lorem ut labore incididunt et eiusmod do dolore adipiscing ut eiusmod sit adipiscing aliqua. sed amet tempor dolor et Lorem do consectetur dolore ipsum magna incididunt elit labore magna dolore dolor sed labore amet sit et ut consectetur Lorem elit tempor ipsum aliqua. eiusmod adipiscing do incididunt aliqua. do eiusmod consectetur incididunt magna , factors factors factors factors factors factors factors factors factors factors factors factors factors factors factors factors factors factors factors factors factors factors factors factors factors factors factors factors factors factors factors factors factors factors factors factors factors factors factors factors factors factors factors factors factors factors factors factors factors factors factors factors factors factors factors factors factors factors factors factors factors factors factors factors,,
req-0017-5e71ea,synthetic,1787906293.3819582,1787906312.7098794,19.327921152114868,5.09489929996198,0.052038180953194756,"[0.028647700033616275, 0.030204700015019625, 0.03444769995985553, 0.039560900011565536, 0.03771770000457764, 0.036058400000911206, 0.03455229999963194, 0.03516400000080466, 0.04290110000874847, 0.03839860000880435, 0.04444369999691844, 0.03855920000933111, 0.03912189998663962, 0.03472240001428872, 0.030479899956844747, 0.043611600005533546, 0.03383500000927597, 0.037375900021288544, 0.029417699959594756, 0.029164700012188405, 0.03973379998933524, 0.03969649999635294, 0.03681910003069788, 0.03796909999800846, 0.04014729999471456, 0.03585320001002401, 0.034486699965782464, 0.0322194000473246, 0.033492099959403276, 0.04359160002786666, 0.03813840000657365, 0.052532700006850064, 0.04127019998850301, 0.04488080000737682, 0.03922729997429997, 0.039333100023213774, 0.038637999969068915, 0.043623700039461255, 0.04328639997402206, 0.039217200013808906, 0.03623460000380874, 0.03694779996294528, 0.04423470003530383, 0.039178899955004454, 0.04192520002834499, 0.03859309997642413, 0.04268850001972169, 0.03790639998624101, 0.03555560001404956, 0.03840020002098754, 0.037957499967888, 0.03787270002067089, 0.036609700007829815, 0.04059579997556284, 0.039365600037854165, 0.03065559995593503, 0.036440700001548976, 0.039578900032211095, 0.045849099988117814, 0.03928339999401942, 0.9650397999794222, 0.024887700041290373, 6.220000796020031e-05]",8.378928899765015,1787906321.0888083,512,64,True,,200,dolore incididunt ut adipiscing labore do sit aliqua. elit sed Lorem eiusmod magna amet dolor ipsum tempor et consectetur tempor sit consectetur incididunt adipiscing eiusmod dolor labore ipsum amet sed aliqua. ut et elit magna do Lorem dolore amet tempor et magna dolore sed ipsum sit adipiscing Lorem do incididunt labore elit ut dolor consectetur aliqua. eiusmod sit magna consectetur labore tempor sed adipiscing do ipsum elit Lorem aliqua. eiusmod et dolor amet ut incididunt dolore adipiscing tempor consectetur sed sit eiusmod elit do ut dolore dolor incididunt labore amet magna et ipsum Lorem aliqua. elit ut consectetur do dolor dolore ipsum tempor eiusmod aliqua. adipiscing amet magna sed Lorem labore et incididunt sit ut adipiscing elit magna Lorem ipsum dolor aliqua. sed incididunt do et consectetur labore tempor eiusmod dolore sit amet eiusmod sit elit amet do et aliqua. sed ipsum dolore Lorem adipiscing magna labore tempor consectetur dolor incididunt ut ipsum ut elit et incididunt sed dolore sit labore dolor Lorem magna do eiusmod consectetur adipiscing amet tempor aliqua. aliqua. incididunt Lorem magna do ipsum sed labore eiusmod tempor elit consectetur ut dolore sit adipiscing et dolor amet dolore do labore Lorem elit dolor incididunt et adipiscing aliqua. sit amet tempor ut eiusmod consectetur ipsum magna sed amet consectetur incididunt do aliqua. adipiscing ut Lorem dolore elit sed dolor magna sit et labore tempor eiusmod ipsum dolor tempor incididunt ipsum consectetur Lorem et do labore amet adipiscing aliqua. elit sed ut magna dolore eiusmod sit dolore do sit elit ipsum amet magna dolor Lorem labore et sed incididunt tempor eiusmod consectetur adipiscing ut aliqua. dolore ut do amet tempor Lorem magna labore adipiscing elit aliqua. consectetur eiusmod incididunt et sed dolor sit ipsum sed do elit incididunt aliqua. consectetur Lorem magna tempor ut dolore amet eiusmod dolor ipsum adipiscing labore sit et tempor et consectetur dolor ut Lorem eiusmod lab, factors factors factors factors factors factors factors factors factors factors factors factors factors factors factors factors factors factors factors factors factors factors factors factors factors factors factors factors factors factors factors factors factors factors factors factors factors factors factors factors factors factors factors factors factors factors factors factors factors factors factors factors factors factors factors factors factors factors factors factors factors factors factors factors,,
req-0018-cf4361,synthetic,1787906293.3819582,1787906313.4988632,20.116904973983765,4.304711500008125,0.03679199999989203,"[0.035514899995177984, 0.03470760001800954, 0.03373859997373074, 0.033262900018598884, 0.037572800007183105, 0.037698799977079034, 0.037231899972539395, 0.04550050001125783, 0.040711100038606673, 0.028027099964674562, 0.038940099999308586, 0.04147210001247004, 0.0349358000094071, 0.03562839998630807, 0.04407439997885376, 0.04373150004539639, 0.04535309999482706, 0.04050289996666834, 0.02611060003982857, 0.03464609995717183, 0.03686490003019571, 0.03353509999578819, 0.04458859999431297, 0.03471719997469336, 0.03984520002268255, 0.035470500006340444, 0.03766049997648224, 0.036957900039851665, 0.04165829997509718, 0.03670430002966896, 0.03942519996780902, 0.033111700031440705, 0.030804499983787537, 0.03485200001159683, 0.028186599956825376, 0.039955100044608116, 0.04137509997235611, 0.04018389998236671, 0.03257020004093647, 0.03712900000391528, 0.0316531999851577, 0.03766689996700734, 0.03431950003141537, 0.042871000012382865, 0.0374916999717243, 0.03603280003881082, 0.033846599981188774, 0.03848899999866262, 0.03834139998070896, 0.04418920003809035, 0.03542529995320365, 0.03608500002883375, 0.03566230001160875, 0.035329699981957674, 0.038357999990694225, 0.039066200028173625, 0.029143899970222265, 0.034239200002048165, 0.03553440002724528, 0.0331614000024274, 0.03315999999176711, 0.03376139997271821, 0.039110900019295514]",6.6258087158203125,1787906320.124672,511,64,True,,200,ut consectetur dolor sit eiusmod Lorem adipiscing elit tempor et aliqua. incididunt amet do magna labore dolore ipsum sed et adipiscing dolor amet elit ipsum sed labore incididunt consectetur sit magna dolore aliqua. eiusmod do tempor Lorem ut ut Lorem incididunt labore elit et ipsum dolore sed aliqua. dolor consectetur magna adipiscing do amet eiusmod tempor sit tempor dolor adipiscing consectetur Lorem eiusmod sed magna incididunt et sit ut labore amet aliqua. elit dolore do ipsum elit tempor magna ipsum sit eiusmod dolor labore sed ut incididunt Lorem consectetur et amet aliqua. do dolore adipiscing Lorem amet dolore magna sit adipiscing sed ipsum et labore elit incididunt aliqua. tempor eiusmod ut consectetur dolor do sit incididunt sed dolore aliqua. labore consectetur amet do tempor et dolor ipsum Lorem adipiscing eiusmod elit magna ut Lorem sit do ut ipsum sed elit aliqua. eiusmod et amet incididunt dolor tempor consectetur dolore magna labore adipiscing tempor amet aliqua. dolore eiusmod labore ut sed ipsum consectetur dolor do sit magna Lorem et adipiscing incididunt elit ut Lorem amet do et dolore adipiscing magna ipsum incididunt aliqua. consectetur sed elit sit eiusmod dolor labore tempor eiusmod dolore magna sed adipiscing sit ipsum et elit Lorem amet aliqua. labore ut do incididunt tempor consectetur dolor adipiscing labore incididunt sed amet dolor consectetur Lorem ut et magna ipsum tempor eiusmod sit dolore aliqua. elit do ipsum labore adipiscing ut consectetur tempor sit aliqua. magna elit et eiusmod sed dolor incididunt Lorem dolore do amet aliqua. dolore tempor labore eiusmod incididunt amet magna ipsum sed consectetur sit adipiscing dolor Lorem elit ut et do ipsum sed tempor Lorem eiusmod ut amet aliqua. dolor labore elit et consectetur do magna adipiscing dolore incididunt sit do elit tempor sit ut dolor consectetur dolore Lorem magna adipiscing aliqua. sed et labore incididunt ipsum eiusmod amet sit dolore tempor amet incididunt Lorem ipsum co, stairs stairs stairs stairs stairs stairs stairs stairs stairs stairs stairs stairs stairs stairs stairs stairs stairs stairs stairs stairs stairs stairs stairs stairs stairs stairs stairs stairs stairs stairs stairs stairs stairs stairs stairs stairs stairs stairs stairs stairs stairs stairs stairs stairs stairs stairs stairs stairs stairs stairs stairs stairs stairs stairs stairs stairs stairs stairs stairs stairs stairs stairs stairs stairs,,
req-0019-aae312,synthetic,1787906293.3819582,1787906314.2500384,20.868080139160156,3.5389582000207156,0.051900734920756864,"[0.03587760002119467, 0.03481019998434931, 0.04632409999612719, 0.02867769997101277, 0.030871100025251508, 0.03688480000710115, 0.04078159999335185, 0.04014659998938441, 0.039033500012010336, 0.04313260002527386, 0.04072599997743964, 0.026977500005159527, 0.03299859998514876, 0.03388750000158325, 0.03387109999312088, 0.03225200000451878, 0.03965350001817569, 0.04240340000251308, 0.04674779996275902, 0.03775439999299124, 0.043481500004418194, 0.03546660003485158, 0.02908120001666248, 0.03703079995466396, 0.029167500033508986, 0.03182939998805523, 0.04421540000475943, 0.03052829997614026, 0.043451900011859834, 0.03913799999281764, 0.040793600026518106, 0.03634789999341592, 0.03895560000091791, 0.03655969997635111, 0.026141899987123907, 0.03579420002643019, 0.04204700002446771, 0.04334539995761588, 0.03907739999704063, 0.041241200000513345, 0.03939570003421977, 0.04002519999630749, 0.033114699996076524, 0.039688599994406104, 0.038089599984232336, 0.04075779998674989, 0.03722410002956167, 0.03586479998193681, 0.0390882000210695, 0.032713000022340566, 0.03785749996313825, 0.03964949998771772, 0.031166300002951175, 0.036626100016292185, 0.03646229999139905, 0.04167360003339127, 0.038568299962207675, 0.03604630002519116, 0.034170900005847216, 0.038237200002186, 0.04454450000775978, 0.03919159999350086, 0.9520843999926001]",6.839958906173706,1787906321.0899973,512,64,True,,200,consectetur ut sed dolore tempor labore amet ipsum do incididunt et dolor adipiscing elit aliqua. magna eiusmod Lorem sit ipsum aliqua. amet Lorem tempor et elit dolor incididunt dolore adipiscing consectetur eiusmod magna sed ut labore do sit magna do ipsum consectetur dolore elit dolor Lorem labore aliqua. amet eiusmod sit et incididunt tempor sed ut adipiscing eiusmod ut sed do consectetur aliqua. elit sit labore magna tempor ipsum adipiscing incididunt et dolore Lorem dolor amet sit amet labore ipsum do aliqua. eiusmod dolore dolor sed adipiscing ut elit et consectetur incididunt tempor magna Lorem consectetur sed do aliqua. eiusmod ipsum dolore incididunt adipiscing ut dolor Lorem amet elit sit tempor labore magna et ipsum et magna dolor elit consectetur amet dolore Lorem aliqua. labore eiusmod tempor incididunt do ut adipiscing sed sit sit tempor labore consectetur adipiscing ut aliqua. amet do dolore elit eiusmod ipsum sed incididunt Lorem et magna dolor sit eiusmod incididunt et ipsum magna aliqua. consectetur ut amet elit sed tempor dolore do dolor adipiscing labore Lorem sit et incididunt tempor labore adipiscing sed elit ipsum eiusmod ut do amet Lorem dolore consectetur dolor aliqua. magna labore et ipsum amet elit eiusmod adipiscing aliqua. ut consectetur dolore magna sed dolor Lorem incididunt sit tempor do dolor sit incididunt eiusmod sed ut labore amet elit do ipsum magna dolore consectetur et adipiscing tempor Lorem aliqua. consectetur dolore sed ipsum et ut incididunt aliqua. do elit tempor sit Lorem labore adipiscing eiusmod magna dolor amet magna sit ut amet sed incididunt tempor labore Lorem dolor do dolore et consectetur elit eiusmod adipiscing ipsum aliqua. sit dolore tempor eiusmod sed incididunt labore ut dolor et Lorem magna adipiscing elit ipsum consectetur aliqua. do amet et incididunt consectetur labore tempor eiusmod sit ut sed ipsum dolor adipiscing magna do elit dolore amet Lorem aliqua. incididunt ut elit dolore aliqua. adipiscing lab, factors factors factors factors factors factors factors factors factors factors factors factors factors factors factors factors factors factors factors factors factors factors factors factors factors factors factors factors factors factors factors factors factors factors factors factors factors factors factors factors factors factors factors factors factors factors factors factors factors factors factors factors factors factors factors factors factors factors factors factors factors factors factors factors,,
req-0020-2c59fc,synthetic,1787906293.3819582,1787906315.1505527,21.76859450340271,2.6524826999520883,0.051675441270206304,"[0.031279100046958774, 0.03674179996596649, 0.030403000011574477, 0.03357299999333918, 0.03952530003152788, 0.0393603999982588, 0.03999299998395145, 0.04820079996716231, 0.03657009999733418, 0.04538130003493279, 0.03606409998610616, 0.038706200022716075, 0.037532599992118776, 0.038058899983298033, 0.04548650002107024, 0.0280600999831222, 0.04182570002740249, 0.030018499994184822, 0.026697699970100075, 0.038675000017974526, 0.042485699988901615, 0.04001920000882819, 0.034794599981978536, 0.028830200026277453, 0.03717799996957183, 0.03608859999803826, 0.034529600001405925, 0.032392900029662997, 0.03949469997314736, 0.036424699996132404, 0.039379000023473054, 0.043233699980191886, 0.039326900034211576, 0.04218689998378977, 0.04307640000479296, 0.037655499996617436, 0.036577299993950874, 0.035529399989172816, 0.03666580002754927, 0.030185699986759573, 0.03506919997744262, 0.03309510002145544, 0.03495709999697283, 0.03950060001807287, 0.030980899988207966, 0.03584700002102181, 0.03726630000164732, 0.04083169996738434, 0.03874069999437779, 0.04260520002571866, 0.034439100010786206, 0.04168649995699525, 0.03782339999452233, 0.024992400023620576, 0.03802670002914965, 0.03548909997334704, 0.044770199980121106, 0.03651420003734529, 0.03364679997321218, 0.038941600010730326, 0.034677900024689734, 0.035102900001220405, 0.9623402999714017]",5.939116716384888,1787906321.0896695,511,64,True,,200,ut tempor dolor dolore incididunt do aliqua. adipiscing eiusmod ipsum labore et consectetur elit sit magna Lorem amet sed magna tempor do et eiusmod labore consectetur ut sed amet dolore Lorem incididunt sit dolor aliqua. ipsum elit adipiscing labore consectetur do tempor ipsum et sit dolor sed adipiscing aliqua. ut dolore elit Lorem magna incididunt amet eiusmod ut incididunt Lorem eiusmod dolor et dolore adipiscing sed magna ipsum do tempor amet elit aliqua. labore consectetur sit dolore do aliqua. sed sit consectetur et tempor incididunt elit ipsum adipiscing labore Lorem amet eiusmod magna ut dolor incididunt Lorem magna dolore sed do tempor elit sit labore adipiscing ipsum aliqua. eiusmod et ut dolor amet consectetur aliqua. incididunt amet tempor elit do et adipiscing dolor magna ut ipsum eiusmod sed Lorem consectetur labore dolore sit ut eiusmod dolor dolore sed Lorem et do labore aliqua. ipsum sit amet consectetur elit magna tempor adipiscing incididunt ipsum tempor consectetur adipiscing et sed amet dolore sit do labore dolor elit Lorem eiusmod ut incididunt aliqua. magna aliqua. eiusmod amet dolore Lorem sit labore adipiscing et ipsum elit tempor do incididunt dolor consectetur magna ut sed tempor adipiscing do magna labore ut sit consectetur aliqua. incididunt elit eiusmod dolore et amet Lorem dolor ipsum sed eiusmod amet dolore ut incididunt magna et Lorem sed do sit elit labore dolor ipsum tempor adipiscing consectetur aliqua. sed eiusmod dolore adipiscing ut aliqua. labore incididunt tempor ipsum do Lorem consectetur dolor sit amet magna et elit sit labore et eiusmod magna Lorem adipiscing dolor incididunt tempor elit sed aliqua. consectetur do ipsum dolore amet ut sed dolore tempor ipsum labore dolor incididunt do eiusmod magna consectetur sit et elit aliqua. Lorem amet ut adipiscing sed et aliqua. incididunt sit amet magna ut dolor tempor consectetur elit adipiscing eiusmod labore dolore Lorem do ipsum ipsum tempor sit sed elit et ut eiusmod labore d, factors factors factors factors factors factors factors factors factors factors factors factors factors factors factors factors factors factors factors factors factors factors factors factors factors factors factors factors factors factors factors factors factors factors factors factors factors factors factors factors factors factors factors factors factors factors factors factors factors factors factors factors factors factors factors factors factors factors factors factors factors factors factors factors,,
req-0021-de20e8,synthetic,1787906293.3819582,1787906315.9248862,22.542927980422974,1.8696867999969982,0.05221661587341851,"[0.032070300017949194, 0.0348488999879919, 0.03873100003693253, 0.03412669996032491, 0.03376920003211126, 0.035915000014938414, 0.038249699980951846, 0.041774399986024946, 0.038752100022975355, 0.04346419998910278, 0.04310020001139492, 0.029640399967320263, 0.04093780001858249, 0.029850799997802824, 0.0378461999935098, 0.043422000017017126, 0.04657289996976033, 0.0386784000438638, 0.04161099996417761, 0.03718570002820343, 0.0334393999655731, 0.03729210002347827, 0.028255300014279783, 0.03697379998629913, 0.03552749997470528, 0.040220400027465075, 0.037415799975860864, 0.028246200003195554, 0.03875690000131726, 0.038472099986393005, 0.04179720004322007, 0.033145699999295175, 0.04409270000178367, 0.041001199977472425, 0.03764559997944161, 0.03550060000270605, 0.0338756000273861, 0.04249089997028932, 0.03152760001830757, 0.039488499984145164, 0.043163000023923814, 0.03413909999653697, 0.03884799999650568, 0.041569699998945, 0.038028899987693876, 0.03960030002053827, 0.03892000002088025, 0.04007759998785332, 0.042223399970680475, 0.03729100001510233, 0.037976999999955297, 0.03702510002767667, 0.03883419994963333, 0.03958080004667863, 0.035256999952252954, 0.04136960004689172, 0.042016199964564294, 0.03612340003019199, 0.03160829999251291, 0.042467799969017506, 0.0424017000477761, 0.9500874999794178, 0.02532519999658689]",5.165435552597046,1787906321.0903218,511,64,True,,200,aliqua. elit consectetur et tempor dolore amet ut incididunt sed sit dolor labore adipiscing eiusmod magna ipsum Lorem do magna sed et eiusmod aliqua. amet ipsum dolor dolore ut adipiscing sit incididunt Lorem elit labore tempor do consectetur ipsum amet et elit magna labore aliqua. dolor incididunt tempor adipiscing do dolore consectetur eiusmod Lorem sed ut sit aliqua. dolor labore ut amet et adipiscing magna incididunt sit sed do eiusmod ipsum tempor elit consectetur dolore Lorem sit tempor eiusmod et ipsum sed elit dolore ut amet consectetur adipiscing dolor aliqua. do Lorem incididunt labore magna adipiscing elit ut magna incididunt eiusmod et consectetur dolor Lorem ipsum tempor labore do amet dolore sit aliqua. sed ipsum do sed et eiusmod labore Lorem incididunt amet elit sit dolor magna consectetur adipiscing aliqua. tempor ut dolore labore elit tempor Lorem aliqua. amet sit dolore sed do adipiscing consectetur magna incididunt ut dolor eiusmod ipsum et magna tempor amet elit consectetur Lorem eiusmod ipsum sit sed dolore labore adipiscing dolor incididunt et aliqua. do ut Lorem ut sit adipiscing ipsum labore sed amet dolore tempor do et magna incididunt aliqua. dolor elit consectetur eiusmod incididunt do labore ut sed sit amet aliqua. magna et adipiscing tempor ipsum dolor Lorem elit consectetur eiusmod dolore Lorem do labore eiusmod amet aliqua. sed tempor consectetur ut elit sit ipsum dolor incididunt et adipiscing magna dolore tempor sit magna adipiscing ut incididunt Lorem elit ipsum aliqua. amet labore dolore dolor eiusmod et consectetur sed do dolore dolor Lorem incididunt aliqua. sit sed eiusmod ipsum elit et magna amet do adipiscing consectetur ut labore tempor do labore sit magna elit aliqua. amet et eiusmod ut consectetur adipiscing Lorem sed ipsum tempor dolor dolore incididunt magna consectetur incididunt ut tempor elit do et adipiscing amet aliqua. eiusmod sit sed dolore ipsum dolor labore Lorem ipsum do et incididunt eiusmod tempor labore mag, stairs stairs stairs stairs stairs stairs stairs stairs stairs stairs stairs stairs stairs stairs stairs stairs stairs stairs stairs stairs stairs stairs stairs stairs stairs stairs stairs stairs stairs stairs stairs stairs stairs stairs stairs stairs stairs stairs stairs stairs stairs stairs stairs stairs stairs stairs stairs stairs stairs stairs stairs stairs stairs stairs stairs stairs stairs stairs stairs stairs stairs stairs stairs stairs,,
req-0022-cce251,synthetic,1787906293.3819582,1787906316.670818,23.288859844207764,1.1305082999751903,0.051727593650982256,"[0.03850550000788644, 0.031812399975024164, 0.04489550000289455, 0.03302969998912886, 0.03714700002456084, 0.04303890001028776, 0.039921099960338324, 0.03263940004399046, 0.036137199960649014, 0.03326749999541789, 0.03085170005215332, 0.039623199962079525, 0.04013480001594871, 0.03578109998488799, 0.046649300027638674, 0.045137999986764044, 0.031110299983993173, 0.03672289999667555, 0.03762730001471937, 0.03552119998494163, 0.03714500000933185, 0.036968100001104176, 0.041049899999052286, 0.039593500026967376, 0.035612699983175844, 0.039478600025177, 0.03240679996088147, 0.04259500000625849, 0.03309749998152256, 0.03341010003350675, 0.038701899989973754, 0.042752399982418865, 0.039165700029116124, 0.03389179997611791, 0.036772600025869906, 0.03459870000369847, 0.04442759999074042, 0.04476329998578876, 0.0417369999922812, 0.025225499994121492, 0.038466300000436604, 0.03497910004807636, 0.02844649995677173, 0.02929720003157854, 0.03548439999576658, 0.048607899982016534, 0.03693940001539886, 0.030727299978025258, 0.042325599992182106, 0.03427980002015829, 0.04495379998115823, 0.03953810001257807, 0.03728739998769015, 0.03630420000990853, 0.030524700006935745, 0.035344399977475405, 0.043601500045042485, 0.036358999961521477, 0.041717000014614314, 0.032646399980876595, 0.03899700002511963, 0.03934139996999875, 0.939722300041467]",4.419825315475464,1787906321.0906434,512,64,True,,200,eiusmod consectetur ut amet do adipiscing ipsum Lorem labore magna sed sit dolore tempor elit incididunt dolor et aliqua. sed dolore tempor ut aliqua. eiusmod magna et amet incididunt labore sit dolor do consectetur adipiscing elit ipsum Lorem sit dolore adipiscing tempor et sed do labore consectetur Lorem magna amet ipsum eiusmod aliqua. ut dolor elit incididunt dolore do eiusmod aliqua. sed labore ut amet consectetur magna adipiscing elit dolor incididunt tempor Lorem ipsum et sit ipsum tempor dolore aliqua. adipiscing amet sit labore incididunt elit consectetur do dolor sed ut magna Lorem eiusmod et do tempor aliqua. sed elit ipsum Lorem adipiscing sit eiusmod incididunt dolor et ut labore amet consectetur dolore magna labore ipsum sed adipiscing do tempor magna aliqua. incididunt eiusmod dolore Lorem ut consectetur et elit dolor amet sit ipsum elit labore magna aliqua. dolor ut dolore incididunt et consectetur do adipiscing Lorem tempor sed eiusmod amet sit incididunt tempor dolore consectetur et aliqua. labore ut magna do sit Lorem eiusmod amet adipiscing elit ipsum sed dolor elit sit dolore amet aliqua. sed Lorem adipiscing magna et do tempor ipsum dolor labore eiusmod incididunt consectetur ut et amet labore dolor Lorem aliqua. adipiscing ipsum tempor eiusmod consectetur sed do dolore magna incididunt ut sit elit incididunt do dolor eiusmod ut Lorem labore consectetur elit et tempor adipiscing sed sit aliqua. magna ipsum dolore amet incididunt sed labore Lorem elit dolor dolore do sit tempor amet et adipiscing ipsum magna eiusmod consectetur ut aliqua. ut consectetur incididunt ipsum dolor sit tempor labore elit magna adipiscing dolore do amet et Lorem sed eiusmod aliqua. sit magna tempor sed et do amet elit consectetur dolore aliqua. incididunt dolor ipsum adipiscing labore eiusmod ut Lorem incididunt tempor elit magna ut ipsum labore et aliqua. eiusmod dolore sit Lorem sed adipiscing consectetur amet do dolor elit aliqua. ut tempor dolor Lorem et adipiscing, factors factors factors factors factors factors factors factors factors factors factors factors factors factors factors factors factors factors factors factors factors factors factors factors factors factors factors factors factors factors factors factors factors factors factors factors factors factors factors factors factors factors factors factors factors factors factors factors factors factors factors factors factors factors factors factors factors factors factors factors factors factors factors factors,,
req-0023-bb6b48,synthetic,1787906293.3819582,1787906317.480788,24.098829746246338,0.31223769998177886,0.05183174920597276,"[0.033390299999155104, 0.036120600008871406, 0.029980899998918176, 0.039562399964779615, 0.03988960001152009, 0.046919999993406236, 0.03610239998670295, 0.030906600004527718, 0.03243050002492964, 0.037200700026005507, 0.039298599993344396, 0.034259799984283745, 0.04073379997862503, 0.028528599999845028, 0.03666209999937564, 0.041798099991865456, 0.02839790005236864, 0.035579699964728206, 0.035889499995391816, 0.04759339999873191, 0.03798140003345907, 0.04269239999121055, 0.037374100007582456, 0.03741940000327304, 0.027484699967317283, 0.03583660000003874, 0.036325199995189905, 0.03557800000999123, 0.04351300001144409, 0.03328829997917637, 0.048376800026744604, 0.0487301999819465, 0.037903100019320846, 0.03644399996846914, 0.03385210002306849, 0.04276079998817295, 0.0354446999845095, 0.03777170000830665, 0.03752130002249032, 0.041937500005587935, 0.03192300000227988, 0.03520679997745901, 0.03544990002410486, 0.03558019996853545, 0.032321900012902915, 0.044933199998922646, 0.04236080002738163, 0.04573129996424541, 0.03713620000053197, 0.034433500026352704, 0.031065699993632734, 0.03371409996179864, 0.03644720005104318, 0.042276399966795, 0.03655840002465993, 0.04190010001184419, 0.028187099960632622, 0.035630400001537055, 0.04081999999471009, 0.03948010003659874, 0.03705009998520836, 0.033836000016890466, 0.9538769999635406]",3.6085376739501953,1787906321.0893257,512,64,True,,200,dolore Lorem aliqua. incididunt labore ut tempor sit sed magna eiusmod amet consectetur do elit ipsum dolor et adipiscing sit consectetur elit aliqua. ipsum ut do dolor adipiscing amet sed eiusmod magna dolore tempor labore et incididunt Lorem ipsum sit dolore incididunt dolor eiusmod elit do sed adipiscing labore tempor et ut Lorem aliqua. amet consectetur magna sit sed incididunt dolor elit amet consectetur ipsum adipiscing magna tempor dolore et eiusmod labore aliqua. ut Lorem do dolor Lorem elit adipiscing do labore consectetur et dolore sed aliqua. tempor sit ut incididunt eiusmod amet magna ipsum magna incididunt elit amet et sed tempor dolore ut Lorem ipsum do consectetur labore eiusmod adipiscing dolor aliqua. sit sit do adipiscing consectetur tempor dolore Lorem dolor elit et incididunt magna sed amet eiusmod ipsum aliqua. ut labore sit amet elit eiusmod Lorem aliqua. incididunt et magna consectetur ipsum dolor labore do adipiscing ut dolore sed tempor aliqua. ut consectetur dolor dolore et labore amet adipiscing do sed sit magna Lorem ipsum tempor incididunt eiusmod elit sed Lorem adipiscing consectetur tempor labore incididunt et sit elit ut eiusmod dolore magna amet aliqua. do dolor ipsum sed adipiscing amet sit dolor elit et dolore ut eiusmod tempor do labore ipsum incididunt Lorem magna consectetur aliqua. et ut adipiscing labore tempor ipsum dolore dolor sit sed elit Lorem consectetur aliqua. do magna amet eiusmod incididunt Lorem consectetur labore amet elit tempor aliqua. dolore ut sed incididunt adipiscing sit et magna dolor do ipsum eiusmod consectetur labore sed Lorem et magna aliqua. tempor incididunt ipsum sit dolore elit ut do eiusmod dolor amet adipiscing ipsum do et dolore aliqua. tempor eiusmod elit dolor incididunt sed consectetur labore magna amet adipiscing ut sit Lorem et magna consectetur elit ut labore sed eiusmod tempor Lorem aliqua. adipiscing dolore ipsum incididunt do sit amet dolor consectetur dolor adipiscing eiusmod ipsum dolor, factors factors factors factors factors factors factors factors factors factors factors factors factors factors factors factors factors factors factors factors factors factors factors factors factors factors factors factors factors factors factors factors factors factors factors factors factors factors factors factors factors factors factors factors factors factors factors factors factors factors factors factors factors factors factors factors factors factors factors factors factors factors factors factors,,
req-0024-9fef84,synthetic,1787906293.3819582,1787906321.0544548,27.672496557235718,5.98902320000343,0.046913826984116835,"[0.03535869996994734, 0.04324359999736771, 0.04083880002144724, 0.04277850000653416, 0.03586229996290058, 0.039806900022085756, 0.035869000013917685, 0.04124509997200221, 0.03946420003194362, 0.038854299986269325, 0.03668989997822791, 0.041416199994273484, 0.032507000025361776, 0.03752610000083223, 0.04389299999456853, 0.03762399998959154, 0.0399747000192292, 0.045077199989464134, 0.035141300002578646, 0.03538989997468889, 0.04086609999649227, 0.03909790003672242, 0.03746869997121394, 0.03509900002973154, 0.041174500016495585, 0.0384419999900274, 0.03931449999799952, 0.03822539997054264, 0.02485099999466911, 0.04027019999921322, 0.03404689999297261, 0.03366060002008453, 0.029348000010941178, 0.03674259997205809, 0.038953700044658035, 0.04072789999190718, 0.044183599995449185, 0.04295430000638589, 0.03984129999298602, 0.04126089997589588, 0.03893500001868233, 0.04284790001111105, 0.02550409996183589, 0.04207210004096851, 0.03743079997366294, 0.04094020003685728, 0.044893099984619766, 0.03630939999129623, 0.041620599979069084, 0.041402500006370246, 0.029253499989863485, 0.9779388000024483, 0.02087589999428019, 5.230004899203777e-05, 4.799995804205537e-05, 4.549999721348286e-05, 4.509999416768551e-05, 4.45000478066504e-05, 4.759995499625802e-05, 4.350004019215703e-05, 4.349998198449612e-05, 4.39999857917428e-05, 4.340003943070769e-05]",10.560880899429321,1787906331.6153357,512,64,True,,200,do ut sit aliqua. incididunt eiusmod ipsum consectetur labore elit magna Lorem amet sed et adipiscing dolore dolor tempor et dolore ut ipsum amet tempor Lorem elit incididunt sed do magna consectetur labore adipiscing dolor eiusmod aliqua. sit incididunt aliqua. consectetur tempor et labore ipsum ut dolor sit adipiscing amet magna Lorem do sed dolore eiusmod elit dolore incididunt tempor aliqua. sed et ut dolor magna ipsum eiusmod elit do amet adipiscing consectetur labore sit Lorem incididunt et tempor adipiscing aliqua. sit amet labore ipsum dolore magna do elit dolor eiusmod sed ut consectetur Lorem consectetur et sed ut labore dolore sit magna elit eiusmod do adipiscing incididunt tempor ipsum aliqua. amet dolor Lorem magna do sit Lorem sed elit ipsum aliqua. ut et dolor tempor adipiscing eiusmod incididunt dolore consectetur amet labore eiusmod incididunt ipsum consectetur dolore amet tempor sit elit labore dolor ut adipiscing et magna do sed aliqua. Lorem dolore et dolor incididunt magna elit Lorem ipsum sed labore amet do aliqua. ut eiusmod consectetur sit adipiscing tempor aliqua. sed elit dolor magna Lorem et consectetur do amet eiusmod ut tempor incididunt ipsum dolore labore sit adipiscing adipiscing eiusmod tempor elit magna incididunt ipsum aliqua. et sit dolore consectetur labore sed amet Lorem ut do dolor magna consectetur labore adipiscing et dolor aliqua. sed elit dolore amet do eiusmod tempor ut sit incididunt Lorem ipsum sit dolor eiusmod sed dolore consectetur tempor ipsum aliqua. et incididunt amet elit magna adipiscing labore do ut Lorem eiusmod amet magna et labore sit aliqua. dolore Lorem ut consectetur do ipsum dolor incididunt adipiscing sed tempor elit sed tempor Lorem consectetur dolor dolore elit ipsum sit eiusmod amet et adipiscing aliqua. magna ut incididunt labore do sit amet et Lorem dolore incididunt elit sed magna do labore tempor ut consectetur eiusmod ipsum aliqua. dolor adipiscing adipiscing magna dolore et dolor labore elit con, factors factors factors factors factors factors factors factors factors factors factors factors factors factors factors factors factors factors factors factors factors factors factors factors factors factors factors factors factors factors factors factors factors factors factors factors factors factors factors factors factors factors factors factors factors factors factors factors factors factors factors factors factors factors factors factors factors factors factors factors factors factors factors factors,,
req-0025-c690dc,synthetic,1787906293.3819582,1787906321.859484,28.47752571105957,4.8679333999753,0.051583760318213275,"[0.09546840004622936, 0.03368150000460446, 0.03566850000061095, 0.04236469999887049, 0.03425789996981621, 0.03894300002139062, 0.030729599995538592, 0.029355400009080768, 0.040119499957654625, 0.03879580000648275, 0.03242160001536831, 0.04418740002438426, 0.04105319996597245, 0.04190130002098158, 0.041759699990507215, 0.041768600000068545, 0.040396599972154945, 0.03857110004173592, 0.0298097999766469, 0.043933500011917204, 0.03297060000477359, 0.03864719998091459, 0.03887699998449534, 0.035271800006739795, 0.041003999998793006, 0.038500100024975836, 0.033875899971462786, 0.031164700048975646, 0.03769349999492988, 0.036425900005269796, 0.03338779998011887, 0.03860789997270331, 0.03824510000413284, 0.027760200027842075, 0.03260679997038096, 0.03046320000430569, 0.03512790001695976, 0.029717499972321093, 0.03589200001442805, 0.03484259999822825, 0.03489320003427565, 0.027127299981657416, 0.037740300002042204, 0.03039500000886619, 0.03257639997173101, 0.033622900024056435, 0.03687419998459518, 0.046578100009355694, 0.041753900004550815, 0.026146699965465814, 0.04142410005442798, 0.0363375999731943, 0.03909839998232201, 0.03381039999658242, 0.036667700042016804, 0.04359019995899871, 0.033659700013231486, 0.03415199997834861, 0.042099000012967736, 0.02859659999376163, 0.033781200007069856, 0.9791301999939606, 0.003453000041190535]",8.143478870391846,1787906330.0029628,511,64,True,,200,incididunt sit aliqua. ipsum eiusmod amet labore dolor sed consectetur elit tempor ut magna Lorem do et dolore adipiscing consectetur elit adipiscing do sed eiusmod labore amet aliqua. magna tempor sit incididunt Lorem et dolore dolor ut ipsum dolor sed elit ut labore et ipsum aliqua. eiusmod consectetur amet incididunt tempor do magna dolore Lorem adipiscing sit aliqua. ipsum sit amet ut do dolor Lorem consectetur dolore magna adipiscing elit labore eiusmod sed tempor et incididunt labore aliqua. et eiusmod sit magna ipsum elit amet do sed ut dolore consectetur tempor Lorem adipiscing dolor incididunt sed Lorem consectetur et incididunt amet do magna ipsum dolor tempor ut dolore labore aliqua. elit adipiscing sit eiusmod magna elit aliqua. dolor et tempor dolore ut do eiusmod ipsum amet sit sed incididunt adipiscing consectetur Lorem labore elit magna sit incididunt dolor sed consectetur do aliqua. eiusmod tempor adipiscing ut ipsum et dolore amet Lorem labore labore incididunt do ut dolore Lorem consectetur magna sit tempor ipsum adipiscing sed elit aliqua. amet dolor eiusmod et elit eiusmod magna amet sit do ipsum consectetur tempor dolore Lorem ut sed labore adipiscing incididunt aliqua. dolor et do labore dolore sed ut tempor consectetur eiusmod amet Lorem magna adipiscing ipsum et aliqua. sit dolor incididunt elit consectetur ut elit adipiscing sed dolore Lorem ipsum do dolor sit magna aliqua. incididunt eiusmod amet et labore tempor do sed magna et eiusmod Lorem tempor incididunt amet labore aliqua. dolor ut adipiscing sit ipsum dolore elit consectetur incididunt labore sed eiusmod ut amet adipiscing ipsum consectetur Lorem dolore magna dolor sit do tempor et elit aliqua. eiusmod magna ut consectetur dolore sit et ipsum incididunt sed labore tempor dolor elit amet aliqua. Lorem adipiscing do do sit elit Lorem magna aliqua. incididunt adipiscing dolore eiusmod ipsum sed et amet dolor tempor ut labore consectetur adipiscing eiusmod ipsum sed aliqua. do dolor te, factors factors factors factors factors factors factors factors factors factors factors factors factors factors factors factors factors factors factors factors factors factors factors factors factors factors factors factors factors factors factors factors factors factors factors factors factors factors factors factors factors factors factors factors factors factors factors factors factors factors factors factors factors factors factors factors factors factors factors factors factors factors factors factors,,
req-0026-7fe8d0,synthetic,1787906293.3819582,1787906322.670503,29.28854465484619,4.1566100000054576,0.04999489047553479,"[0.0323909999569878, 0.03569760004756972, 0.039737899962347, 0.03351740003563464, 0.04260099999373779, 0.04241799999726936, 0.04161409998778254, 0.03532540000742301, 0.03597440000157803, 0.04180010000709444, 0.04185400001006201, 0.03778539999620989, 0.03396329999668524, 0.042210199986584485, 0.044115400000009686, 0.03486830001929775, 0.03988209995441139, 0.047302299994044006, 0.0416197000304237, 0.04132239997852594, 0.038357999990694225, 0.03997350001009181, 0.04137210000772029, 0.043211699987296015, 0.03610570001183078, 0.04144609998911619, 0.03627560002496466, 0.035295600013341755, 0.037045100005343556, 0.043024799961131066, 0.035597700043581426, 0.04261579999001697, 0.037430499971378595, 0.038805700023658574, 0.031247599981725216, 0.030659399984870106, 0.033735600009094924, 0.0366554000065662, 0.03523680003127083, 0.04344509996008128, 0.042093300027772784, 0.043353999964892864, 0.03936290001729503, 0.042448699998203665, 0.04157110000960529, 0.03849070001160726, 0.03871729999082163, 0.04509560001315549, 0.03557589999400079, 0.030625200015492737, 0.035899899958167225, 0.03945079998811707, 0.035531100002117455, 0.03721770003903657, 0.03966529999161139, 0.041719699976965785, 0.9760829000151716, 0.0029282000032253563, 0.00010030000703409314, 5.849997978657484e-05, 5.339999916031957e-05, 5.0200033001601696e-05, 4.759995499625802e-05]",7.332098484039307,1787906330.0026014,511,64,True,,200,magna labore amet eiusmod tempor Lorem adipiscing do dolore ipsum sed sit consectetur ut dolor elit aliqua. et incididunt amet sit ut labore magna incididunt et Lorem do adipiscing tempor sed eiusmod ipsum dolore consectetur elit dolor aliqua. elit do amet Lorem tempor aliqua. sit adipiscing consectetur et labore eiusmod magna dolor sed dolore ut incididunt ipsum elit magna aliqua. adipiscing et sed sit eiusmod consectetur ut tempor labore dolor incididunt do Lorem ipsum amet dolore ut consectetur tempor et sit dolor adipiscing do eiusmod sed aliqua. elit incididunt ipsum amet labore dolore Lorem magna et elit ut sed amet consectetur adipiscing aliqua. eiusmod dolor sit labore dolore magna tempor incididunt do Lorem ipsum eiusmod et do amet ut elit labore adipiscing incididunt magna tempor consectetur sed sit Lorem aliqua. dolore dolor ipsum incididunt consectetur amet et aliqua. adipiscing Lorem labore do sit dolore sed ut magna tempor eiusmod ipsum dolor elit sit ipsum dolore do labore eiusmod elit et consectetur adipiscing incididunt tempor Lorem sed dolor ut amet magna aliqua. labore sed aliqua. adipiscing ipsum amet dolore do Lorem consectetur ut magna eiusmod tempor sit et elit incididunt dolor incididunt sit Lorem sed consectetur dolore eiusmod aliqua. dolor elit ut labore adipiscing amet do magna et ipsum tempor incididunt consectetur elit amet do ipsum sit Lorem et ut labore dolor dolore tempor sed magna adipiscing aliqua. eiusmod ut Lorem incididunt elit do sit labore amet adipiscing ipsum dolore tempor sed magna et consectetur aliqua. dolor eiusmod ut dolor labore tempor amet et incididunt elit aliqua. adipiscing sed do dolore consectetur ipsum magna eiusmod sit Lorem adipiscing dolore sit elit dolor sed ipsum incididunt amet eiusmod consectetur labore do ut tempor et aliqua. Lorem magna tempor sed ut consectetur elit et dolore adipiscing dolor Lorem magna aliqua. eiusmod incididunt sit amet ipsum labore do aliqua. sed consectetur elit ut do ipsum dolor t, stairs stairs stairs stairs stairs stairs stairs stairs stairs stairs stairs stairs stairs stairs stairs stairs stairs stairs stairs stairs stairs stairs stairs stairs stairs stairs stairs stairs stairs stairs stairs stairs stairs stairs stairs stairs stairs stairs stairs stairs stairs stairs stairs stairs stairs stairs stairs stairs stairs stairs stairs stairs stairs stairs stairs stairs stairs stairs stairs stairs stairs stairs stairs stairs,,
req-0027-e36efe,synthetic,1787906293.3819582,1787906323.465287,30.08332872390747,3.320656500000041,0.051008250793471696,"[0.04836539999814704, 0.034954900038428605, 0.03537279996089637, 0.027979800011962652, 0.03790130000561476, 0.042497700022067875, 0.038640999991912395, 0.04384800000116229, 0.0455225000041537, 0.03919559996575117, 0.04650719999335706, 0.03989860002184287, 0.03741079999599606, 0.04446990002179518, 0.03419509995728731, 0.039691500016488135, 0.03610520000802353, 0.03814060002332553, 0.0356995000038296, 0.03287189995171502, 0.037904900033026934, 0.03646540001500398, 0.03648459998657927, 0.03461789997527376, 0.039339000009931624, 0.03819009999278933, 0.03632930002640933, 0.03475260001141578, 0.04077379999216646, 0.04137479997007176, 0.03577740001492202, 0.0405081000062637, 0.029317200009245425, 0.034072999958880246, 0.04113720002351329, 0.03576880000764504, 0.04107609996572137, 0.030483200040180236, 0.03847589995712042, 0.034848200040869415, 0.04031299997586757, 0.0329685999895446, 0.03445350000401959, 0.04705180000746623, 0.035578700015321374, 0.04560810001567006, 0.03168059996096417, 0.03641300002345815, 0.03882070002146065, 0.04049229994416237, 0.03991720004705712, 0.03958819998661056, 0.04176469997037202, 0.03903020004509017, 0.04580639995401725, 0.03623160003917292, 0.04467500001192093, 0.03614250000100583, 0.9684242999646813, 0.02145970001583919, 4.600000102072954e-05, 4.379998426884413e-05, 4.309997893869877e-05]",8.150431871414185,1787906331.6157188,511,64,True,,200,ipsum sed incididunt adipiscing aliqua. ut labore tempor consectetur eiusmod elit amet magna et dolor Lorem sit do dolore labore tempor sit dolore dolor elit ut Lorem consectetur eiusmod aliqua. magna ipsum sed incididunt et amet adipiscing do labore dolor incididunt do et sed ut amet eiusmod sit Lorem elit ipsum magna aliqua. adipiscing consectetur dolore tempor eiusmod tempor adipiscing elit do dolore consectetur magna aliqua. incididunt Lorem sit et ipsum dolor ut labore sed amet labore ut elit sed incididunt aliqua. tempor ipsum eiusmod dolore et sit magna consectetur dolor do adipiscing amet Lorem et consectetur eiusmod Lorem elit magna ipsum amet tempor dolor sit ut sed aliqua. do dolore incididunt adipiscing labore consectetur dolor sit et elit dolore amet ut tempor Lorem incididunt adipiscing magna aliqua. ipsum eiusmod do sed labore adipiscing sed amet dolore elit ut eiusmod magna Lorem consectetur labore do tempor aliqua. sit incididunt dolor ipsum et magna dolor labore adipiscing tempor aliqua. Lorem dolore sit ut do amet ipsum sed eiusmod et consectetur elit incididunt ipsum incididunt Lorem eiusmod aliqua. do amet magna sed adipiscing dolore et consectetur tempor dolor sit labore ut elit adipiscing dolore elit magna sit Lorem consectetur amet incididunt ipsum tempor eiusmod dolor aliqua. sed et ut do labore ipsum ut incididunt dolore adipiscing tempor aliqua. do eiusmod elit amet consectetur sed labore magna et Lorem sit dolor labore adipiscing amet aliqua. dolor ipsum sed et Lorem elit incididunt dolore ut eiusmod consectetur magna tempor do sit ipsum amet adipiscing eiusmod dolor dolore incididunt sed aliqua. tempor consectetur Lorem elit do sit ut magna et labore elit magna aliqua. adipiscing amet eiusmod do dolore ut dolor incididunt et ipsum sit labore sed consectetur tempor Lorem magna do consectetur dolor adipiscing amet sed aliqua. et incididunt tempor ipsum eiusmod elit ut sit labore dolore Lorem consectetur amet tempor do Lorem incididunt dolo, stairs stairs stairs stairs stairs stairs stairs stairs stairs stairs stairs stairs stairs stairs stairs stairs stairs stairs stairs stairs stairs stairs stairs stairs stairs stairs stairs stairs stairs stairs stairs stairs stairs stairs stairs stairs stairs stairs stairs stairs stairs stairs stairs stairs stairs stairs stairs stairs stairs stairs stairs stairs stairs stairs stairs stairs stairs stairs stairs stairs stairs stairs stairs stairs,,
req-0028-c73eb4,synthetic,1787906293.3819582,1787906324.2432094,30.86125111579895,2.5758562999544665,0.035101931746346904,"[0.030062900041230023, 0.030678999959491193, 0.0381014000158757, 0.03541200002655387, 0.029543999989982694, 0.027690799965057522, 0.03160680003929883, 0.039306199993006885, 0.03315629996359348, 0.04034250002587214, 0.03953080001519993, 0.03267939999932423, 0.026895999966654927, 0.03736740001477301, 0.0294012000085786, 0.03864069998962805, 0.03641629999037832, 0.041408799996133894, 0.03971149999415502, 0.038024700013920665, 0.03624310001032427, 0.035964999988209456, 0.030089400010183454, 0.03166350000537932, 0.0405460000038147, 0.03940639999927953, 0.03159400000004098, 0.029449299967382103, 0.03722110000671819, 0.03597460000310093, 0.03860279999207705, 0.03733100002864376, 0.03831989999162033, 0.04099700000369921, 0.03754679998382926, 0.04098170000361279, 0.034531000012066215, 0.031179399986285716, 0.032840700005181134, 0.04212170001119375, 0.02801850001560524, 0.03967399999964982, 0.02744370000436902, 0.03445639996789396, 0.03235190000850707, 0.03745990002062172, 0.03559139999561012, 0.038888499955646694, 0.02963230002205819, 0.026398900023195893, 0.029494699963834137, 0.036245100025553256, 0.04150699998717755, 0.036540000000968575, 0.03003510000417009, 0.03951540001435205, 0.03966439998475835, 0.03773799998452887, 0.03624159999890253, 0.031058199994731694, 0.0325967000098899, 0.035338599991519004, 0.03694830002496019]",4.789933919906616,1787906329.0331433,511,64,True,,200,elit consectetur incididunt ut ipsum eiusmod sit et labore Lorem aliqua. do sed amet tempor dolor dolore magna adipiscing aliqua. tempor sed do Lorem ut et elit adipiscing incididunt labore magna dolore consectetur amet eiusmod dolor sit ipsum sit tempor Lorem consectetur adipiscing do sed ipsum dolor ut elit eiusmod amet incididunt dolore labore magna et aliqua. do ipsum incididunt aliqua. sed et tempor Lorem dolor dolore sit labore ut magna adipiscing consectetur amet elit eiusmod amet adipiscing eiusmod sed tempor sit incididunt elit aliqua. ut do dolore dolor consectetur magna Lorem et ipsum labore ut aliqua. incididunt amet adipiscing dolor et Lorem ipsum magna do dolore sit eiusmod sed labore consectetur elit tempor et eiusmod Lorem magna ut labore consectetur sit aliqua. elit sed amet tempor adipiscing dolore do ipsum dolor incididunt sed dolore tempor aliqua. Lorem dolor ipsum do incididunt labore consectetur sit eiusmod ut elit adipiscing amet et magna sit tempor ipsum dolore sed et adipiscing Lorem consectetur do magna aliqua. amet incididunt dolor eiusmod ut labore elit ipsum amet adipiscing incididunt consectetur labore dolor aliqua. Lorem sit elit ut tempor do et eiusmod sed dolore magna ut sed dolor amet labore tempor sit adipiscing elit incididunt ipsum aliqua. eiusmod dolore consectetur et magna Lorem do amet dolor sed do tempor incididunt et labore eiusmod aliqua. Lorem sit ipsum elit ut magna consectetur dolore adipiscing consectetur dolor adipiscing aliqua. dolore magna labore amet Lorem tempor incididunt elit ipsum sed et ut eiusmod do sit amet elit aliqua. Lorem magna dolore ut incididunt labore sed consectetur tempor dolor ipsum adipiscing sit do eiusmod et et eiusmod elit Lorem adipiscing amet consectetur ipsum aliqua. dolor tempor do dolore sed labore sit incididunt magna ut labore et aliqua. incididunt amet dolore consectetur ipsum magna adipiscing Lorem dolor do eiusmod elit sit ut tempor sed et adipiscing ut sit magna elit eiusmod incididu, stairs stairs stairs stairs stairs stairs stairs stairs stairs stairs stairs stairs stairs stairs stairs stairs stairs stairs stairs stairs stairs stairs stairs stairs stairs stairs stairs stairs stairs stairs stairs stairs stairs stairs stairs stairs stairs stairs stairs stairs stairs stairs stairs stairs stairs stairs stairs stairs stairs stairs stairs stairs stairs stairs stairs stairs stairs stairs stairs stairs stairs stairs stairs stairs,,
req-0029-d09c93,synthetic,1787906293.3819582,1787906324.9823122,31.600353956222534,1.8389231000328436,0.05048389365020696,"[0.027672700001858175, 0.035599399998318404, 0.033622499962802976, 0.040521299990359694, 0.037495500000659376, 0.041570200002752244, 0.04340930003672838, 0.04226869996637106, 0.0400999000412412, 0.04198759997962043, 0.04689429997233674, 0.042773200024385005, 0.037547699990682304, 0.0357981999986805, 0.03680200001690537, 0.038841100002173334, 0.041525600012391806, 0.040571599965915084, 0.03733379999175668, 0.0387275000102818, 0.0344823999912478, 0.04190980002749711, 0.03717949998099357, 0.04222030000528321, 0.039940499991644174, 0.04311760002747178, 0.03522630000952631, 0.03984429995762184, 0.03507979999994859, 0.02961900003720075, 0.033597600006032735, 0.043017699965275824, 0.029837400012183934, 0.03591139998752624, 0.2852996999863535, 0.03394090000074357, 0.03617590002249926, 0.04734300001291558, 0.028520299994852394, 0.03752650000387803, 0.030542299966327846, 0.03589510003803298, 0.040081100014504045, 0.04298989998642355, 0.0375429000123404, 0.040770099963992834, 0.043136199994478375, 0.0381436999887228, 0.02853410004172474, 0.04587349999928847, 0.035601999959908426, 0.9669689000002109, 0.02192060003289953, 0.0011641000164672732, 7.949996506795287e-05, 5.820003570988774e-05, 5.319999763742089e-05, 4.899996565654874e-05, 5.010003224015236e-05, 4.579999949783087e-05, 4.499999340623617e-05, 4.439998883754015e-05, 4.3599982745945454e-05]",6.634111404418945,1787906331.6164236,512,64,True,,200,magna et Lorem consectetur dolor sit ipsum tempor elit aliqua. dolore labore adipiscing sed amet ut do eiusmod incididunt ipsum do dolor amet elit ut aliqua. adipiscing incididunt eiusmod et tempor sed labore consectetur dolore magna sit Lorem adipiscing et dolor amet dolore aliqua. Lorem labore eiusmod sit incididunt do sed ipsum elit tempor ut consectetur magna incididunt adipiscing eiusmod do labore ut ipsum et amet sit tempor magna sed elit aliqua. consectetur dolore dolor Lorem dolor dolore ut Lorem magna elit aliqua. et sed adipiscing labore sit eiusmod consectetur incididunt amet do tempor ipsum dolor ipsum adipiscing tempor Lorem amet et eiusmod aliqua. elit labore consectetur do ut magna sit incididunt dolore sed ipsum Lorem amet ut eiusmod consectetur labore adipiscing tempor sit elit incididunt dolor dolore sed aliqua. magna et do adipiscing consectetur et sit aliqua. ut do ipsum sed labore amet tempor elit magna dolore eiusmod incididunt Lorem dolor ipsum aliqua. magna eiusmod amet dolor do incididunt tempor sit sed Lorem consectetur dolore adipiscing et elit ut labore consectetur ut labore adipiscing tempor incididunt magna dolor Lorem sed do amet et aliqua. eiusmod dolore elit ipsum sit ipsum dolor tempor labore et dolore aliqua. sed elit sit do amet consectetur adipiscing eiusmod Lorem ut magna incididunt eiusmod adipiscing amet elit dolore sit labore aliqua. consectetur dolor ut incididunt do sed Lorem ipsum tempor magna et sit consectetur ut amet et adipiscing Lorem aliqua. dolore incididunt dolor eiusmod labore elit ipsum sed magna do tempor ipsum consectetur elit sit eiusmod labore dolore Lorem et incididunt aliqua. magna ut do adipiscing amet sed dolor tempor sed ipsum adipiscing eiusmod Lorem dolore incididunt tempor sit elit et dolor magna consectetur do amet aliqua. labore ut Lorem do labore aliqua. incididunt sit dolor consectetur sed dolore elit ut tempor magna adipiscing amet eiusmod et ipsum consectetur elit ut dolore sit adipiscing et mag, factors factors factors factors factors factors factors factors factors factors factors factors factors factors factors factors factors factors factors factors factors factors factors factors factors factors factors factors factors factors factors factors factors factors factors factors factors factors factors factors factors factors factors factors factors factors factors factors factors factors factors factors factors factors factors factors factors factors factors factors factors factors factors factors,,
req-0030-9840f3,synthetic,1787906293.3819582,1787906325.7742822,32.39232397079468,1.011057899973821,0.05102353492042139,"[0.05197880003834143, 0.030781499983277172, 0.032296699995640665, 0.030092099972534925, 0.03818100003991276, 0.031647800002247095, 0.02708659996278584, 0.039919100003317, 0.0411296000238508, 0.03136969998013228, 0.03720760002033785, 0.04835399996954948, 0.04282190004596487, 0.03896789997816086, 0.04066689999308437, 0.040737800009083, 0.03900920000160113, 0.04533659998560324, 0.03893690003314987, 0.039069099992047995, 0.0382744999951683, 0.03805329999886453, 0.04214309999952093, 0.03508890001103282, 0.03978279995499179, 0.029941500048153102, 0.039871999993920326, 0.04198759997962043, 0.04056619998300448, 0.03894960001343861, 0.04125629999907687, 0.03572099999291822, 0.029457800032105297, 0.028552500007208437, 0.0364306999836117, 0.04042510001454502, 0.03691259998595342, 0.03548729995964095, 0.03712130000349134, 0.03307960001984611, 0.03641180001432076, 0.038741900003515184, 0.048658000014256686, 0.033030299993697554, 0.03993849997641519, 0.037200700026005507, 0.039300299948081374, 0.0421102000400424, 0.03926429996499792, 0.04273290000855923, 0.04033690004143864, 0.03505649999715388, 0.04012659995350987, 0.042356799996923655, 0.038214200001675636, 0.03280100005213171, 0.027822699979878962, 0.028948499995749444, 0.03881459997501224, 0.9661204000003636, 0.02171320002526045, 4.469999112188816e-05, 4.3199979700148106e-05]",5.841795921325684,1787906331.6160781,512,64,True,,200,amet magna tempor et elit ipsum eiusmod adipiscing incididunt sed consectetur Lorem ut labore aliqua. dolore do dolor sit Lorem dolore consectetur do magna sit sed dolor ut ipsum incididunt amet eiusmod tempor elit aliqua. et adipiscing labore sed sit et magna labore dolor adipiscing aliqua. ipsum Lorem elit amet incididunt ut consectetur dolore do tempor eiusmod adipiscing dolore incididunt consectetur ipsum aliqua. amet sit elit dolor et Lorem magna tempor do ut sed labore eiusmod sed tempor labore do dolore magna incididunt ut elit eiusmod aliqua. consectetur et Lorem ipsum amet dolor adipiscing sit eiusmod amet et sit labore tempor ipsum adipiscing Lorem elit incididunt aliqua. sed dolor do consectetur ut dolore magna aliqua. amet consectetur dolor Lorem ut eiusmod do tempor labore elit sit sed dolore adipiscing incididunt et ipsum magna elit do sed Lorem magna adipiscing amet tempor eiusmod sit dolore incididunt consectetur aliqua. ipsum et dolor ut labore incididunt magna ipsum aliqua. ut Lorem eiusmod labore sit sed elit do dolore et adipiscing consectetur tempor dolor amet incididunt do sed ipsum tempor elit consectetur amet aliqua. dolor magna et labore Lorem eiusmod dolore sit ut adipiscing elit aliqua. amet do dolore Lorem incididunt et eiusmod ipsum consectetur magna dolor tempor sit labore sed adipiscing ut magna elit adipiscing incididunt aliqua. sed labore amet sit Lorem dolor ipsum ut consectetur do eiusmod dolore et tempor sit adipiscing consectetur labore eiusmod sed dolor do et incididunt elit Lorem magna dolore tempor ut amet aliqua. ipsum elit eiusmod tempor amet sed sit labore adipiscing dolore do aliqua. ut et ipsum Lorem dolor consectetur incididunt magna aliqua. amet incididunt tempor Lorem adipiscing sit ut elit dolor eiusmod sed ipsum labore dolore magna et do consectetur tempor magna Lorem eiusmod incididunt ut dolore dolor ipsum elit aliqua. adipiscing do labore sit consectetur amet sed et tempor adipiscing consectetur incididunt et aliq, factors factors factors factors factors factors factors factors factors factors factors factors factors factors factors factors factors factors factors factors factors factors factors factors factors factors factors factors factors factors factors factors factors factors factors factors factors factors factors factors factors factors factors factors factors factors factors factors factors factors factors factors factors factors factors factors factors factors factors factors factors factors factors factors,,
req-0031-926bd1,synthetic,1787906293.3819582,1787906326.5568671,33.17490887641907,0.2697043999796733,0.050343922222964466,"[0.032504000002518296, 0.028253800002858043, 0.034566700051072985, 0.03562679997412488, 0.030378099996596575, 0.036635100026614964, 0.03123229998163879, 0.034363800019491464, 0.03745899995556101, 0.038314900011755526, 0.042613200028426945, 0.04357869998784736, 0.0386090999818407, 0.044510799983982, 0.03998890001093969, 0.03918500000145286, 0.04018230002839118, 0.04588039999362081, 0.029502699966542423, 0.03234010003507137, 0.03625649999594316, 0.028047300002072006, 0.03633909998461604, 0.030573700030799955, 0.04239469999447465, 0.03612579999025911, 0.04268499999307096, 0.041573200025595725, 0.03822719998424873, 0.032453699968755245, 0.03791610000189394, 0.03869610000401735, 0.036539900000207126, 0.043082899996079504, 0.03928940003970638, 0.03907679999247193, 0.032271299976855516, 0.03537180001148954, 0.040544799994677305, 0.03359399997862056, 0.03175720002036542, 0.02770129998680204, 0.03387270000530407, 0.021785899996757507, 0.032713200023863465, 0.04009029996814206, 0.04008230002364144, 0.034728200000245124, 0.042915500001981854, 0.038083899999037385, 0.026303799997549504, 0.04130400001304224, 0.03642419999232516, 0.030298299971036613, 0.033113300043623894, 0.0360767999663949, 0.03668339998694137, 0.04223750001983717, 0.03907160001108423, 0.02960249996976927, 0.9793461000081152, 0.020625900011509657, 6.420002318918705e-05]",5.058088302612305,1787906331.6149554,511,64,True,,200,ipsum aliqua. labore tempor eiusmod sed dolor adipiscing Lorem do dolore elit sit ut magna et amet incididunt consectetur consectetur dolore adipiscing dolor aliqua. magna incididunt elit et sit amet ipsum Lorem sed tempor eiusmod labore do ut amet Lorem tempor adipiscing sed consectetur do elit aliqua. magna sit eiusmod ipsum incididunt et dolore labore dolor ut magna labore do ipsum sit sed aliqua. dolor et amet tempor adipiscing elit incididunt Lorem dolore eiusmod ut consectetur amet ipsum magna aliqua. labore eiusmod elit incididunt Lorem do et adipiscing sit ut sed consectetur tempor dolor dolore dolore labore incididunt eiusmod dolor et sed elit tempor ipsum ut adipiscing sit aliqua. amet Lorem consectetur do magna amet ut adipiscing tempor dolor incididunt magna eiusmod sed do et Lorem sit dolore aliqua. elit labore consectetur ipsum ut dolor et sit eiusmod do Lorem sed ipsum dolore incididunt labore aliqua. consectetur tempor magna elit amet adipiscing eiusmod incididunt et ut Lorem do consectetur adipiscing ipsum labore dolor elit dolore sed amet aliqua. tempor magna sit adipiscing ut consectetur do aliqua. amet sit ipsum incididunt dolore et sed elit labore Lorem magna tempor eiusmod dolor dolore ut eiusmod magna do elit adipiscing ipsum incididunt Lorem sit consectetur sed dolor aliqua. tempor amet labore et sed adipiscing dolor elit aliqua. dolore tempor et eiusmod ipsum Lorem magna labore consectetur incididunt ut amet sit do dolore labore sit aliqua. adipiscing dolor ipsum do elit et consectetur amet sed ut magna incididunt tempor Lorem eiusmod et do ut labore sit incididunt dolore tempor eiusmod dolor Lorem ipsum sed amet aliqua. adipiscing consectetur elit magna tempor et ut Lorem consectetur sed incididunt labore ipsum magna elit adipiscing amet eiusmod aliqua. dolore dolor sit do incididunt ut dolor aliqua. Lorem dolore amet eiusmod ipsum sed sit magna et elit tempor do consectetur labore adipiscing dolor labore ipsum do adipiscing elit sed consec, factors factors factors factors factors factors factors factors factors factors factors factors factors factors factors factors factors factors factors factors factors factors factors factors factors factors factors factors factors factors factors factors factors factors factors factors factors factors factors factors factors factors factors factors factors factors factors factors factors factors factors factors factors factors factors factors factors factors factors factors factors factors factors factors,,
req-0032-1e3367,synthetic,1787906293.3819582,1787906329.971141,36.58918285369873,4.203654200013261,0.0271073063495495,"[0.03585899999598041, 0.026086400030180812, 0.029422599996905774, 0.02760540001327172, 0.02690749999601394, 0.027508499973919243, 0.028973200009204447, 0.030260699975769967, 0.029453800001647323, 0.02804550004657358, 0.02667919994564727, 0.03252010000869632, 0.028757499996572733, 0.028614800015930086, 0.027412299998104572, 0.027179700031410903, 0.021968499990180135, 0.022308699961286038, 0.0270068000536412, 0.03279389999806881, 0.029517299961298704, 0.024239399994257838, 0.025964200031012297, 0.029576600005384535, 0.0322605999535881, 0.031440500053577125, 0.02902299998095259, 0.0316103000077419, 0.020485399989411235, 0.02829099999507889, 0.024713499995414168, 0.029001799994148314, 0.03507990000071004, 0.02576799999224022, 0.02172330004395917, 0.027586699987296015, 0.03364229999715462, 0.028755699982866645, 0.027585300034843385, 0.02915659995051101, 0.028832500043790787, 0.026853299990762025, 0.024140199995599687, 0.02628819999517873, 0.026738999993540347, 0.02754149999236688, 0.023947699985001236, 0.026416300039272755, 0.024638500006403774, 0.02132149995304644, 0.021617500053253025, 0.02775009995093569, 0.024082600022666156, 0.024392699997406453, 0.021387199987657368, 0.027914100035559386, 0.02848380000796169, 0.025996999989729375, 0.028625099977944046, 0.028240100014954805, 0.021946199994999915, 0.02021950000198558, 0.01960020000115037]",5.912857532501221,1787906335.8839986,510,64,True,,200,amet eiusmod et sed aliqua. ipsum Lorem incididunt consectetur sit do dolor dolore elit adipiscing ut magna labore tempor consectetur tempor amet do ipsum incididunt dolor sed sit adipiscing eiusmod aliqua. ut et magna elit Lorem labore dolore consectetur adipiscing ipsum dolor labore tempor sit et ut eiusmod sed magna aliqua. amet do dolore elit incididunt Lorem elit ut tempor dolor amet labore eiusmod sit consectetur et Lorem adipiscing magna aliqua. sed incididunt ipsum dolore do incididunt eiusmod adipiscing dolore amet elit magna aliqua. ipsum dolor tempor ut Lorem sed et labore do sit consectetur magna sit dolore ipsum incididunt ut dolor do elit labore sed eiusmod et consectetur Lorem tempor amet aliqua. adipiscing dolor do sit ipsum magna ut incididunt labore eiusmod tempor adipiscing sed dolore aliqua. et elit consectetur Lorem amet magna eiusmod do adipiscing sit incididunt sed aliqua. amet consectetur labore dolore ut et Lorem tempor elit ipsum dolor do dolor consectetur et ut sed magna eiusmod labore adipiscing incididunt tempor sit elit dolore Lorem ipsum amet aliqua. dolor sit consectetur tempor sed magna et do incididunt aliqua. elit Lorem dolore ut amet adipiscing labore ipsum eiusmod do magna eiusmod incididunt consectetur dolore tempor dolor labore aliqua. ipsum et elit sit sed ut amet Lorem adipiscing eiusmod do elit aliqua. sed et incididunt ut consectetur sit ipsum Lorem dolore amet adipiscing labore magna tempor dolor amet Lorem consectetur ipsum sed eiusmod do adipiscing elit et ut tempor incididunt aliqua. labore magna sit dolore dolor dolor tempor et magna ut adipiscing aliqua. labore amet elit Lorem dolore ipsum consectetur sed eiusmod sit do incididunt sed do Lorem magna aliqua. ipsum eiusmod et tempor consectetur elit adipiscing labore incididunt sit dolore amet ut dolor aliqua. incididunt amet labore adipiscing magna Lorem tempor do elit eiusmod ipsum sed ut dolor consectetur sit et dolore incididunt elit sit tempor do aliqua. consectetu, factors factors factors factors factors factors factors factors factors factors factors factors factors factors factors factors factors factors factors factors factors factors factors factors factors factors factors factors factors factors factors factors factors factors factors factors factors factors factors factors factors factors factors factors factors factors factors factors factors factors factors factors factors factors factors factors factors factors factors factors factors factors factors factors,,
req-0033-d9afd4,synthetic,1787906293.3819582,1787906330.8565142,37.47455596923828,3.3505553999566473,0.026640606349304555,"[0.028271500021219254, 0.028264300024602562, 0.030481499969027936, 0.0284883999847807, 0.026089899998623878, 0.027828300022520125, 0.02979950001463294, 0.03169779997551814, 0.028364600031636655, 0.021728599967900664, 0.02432939998107031, 0.022014700050931424, 0.029659899999387562, 0.026408499979879707, 0.0199692000169307, 0.02893119998043403, 0.028516200021840632, 0.02165660000173375, 0.03331979998620227, 0.027036699990276247, 0.03445219999412075, 0.024182100023608655, 0.023869399970863014, 0.02908260002732277, 0.027257499983534217, 0.026503700006287545, 0.028114299988374114, 0.027753000031225383, 0.03044989996124059, 0.020505800028331578, 0.02662869996856898, 0.030771200021263212, 0.028597199998330325, 0.021149499982129782, 0.022811700007878244, 0.025448800006415695, 0.025829599995631725, 0.02832390001276508, 0.028069699998013675, 0.020950099977198988, 0.024503900029230863, 0.02985449996776879, 0.02764839999144897, 0.02808110002661124, 0.0298406999791041, 0.02947390003828332, 0.031707199988886714, 0.02195139997638762, 0.024452999990899116, 0.021555600047577173, 0.020251399953849614, 0.023890600015874952, 0.021562199981417507, 0.026463400048669428, 0.021420400007627904, 0.02791899995645508, 0.027104300039354712, 0.02055259997723624, 0.028031399997416884, 0.02820679999422282, 0.028127500030677766, 0.02868219994707033, 0.03346920001786202]",5.030507802963257,1787906335.887022,510,64,True,,200,do incididunt et elit tempor adipiscing dolor ut dolore consectetur magna sit labore ipsum aliqua. eiusmod sed Lorem amet sit dolore ipsum et labore Lorem tempor incididunt consectetur ut sed elit magna adipiscing do aliqua. dolor amet eiusmod adipiscing magna aliqua. consectetur et ipsum tempor labore sed ut elit eiusmod dolor amet sit Lorem incididunt dolore do sed aliqua. magna ut ipsum labore dolore amet adipiscing Lorem elit et tempor incididunt sit eiusmod dolor consectetur do do labore aliqua. amet tempor eiusmod Lorem sed ipsum et ut dolor dolore sit magna adipiscing incididunt elit consectetur elit do amet consectetur incididunt labore magna tempor sit et ut aliqua. ipsum dolor sed dolore eiusmod adipiscing Lorem magna et sed tempor do dolor labore consectetur incididunt adipiscing aliqua. ipsum Lorem sit ut dolore eiusmod elit amet aliqua. dolore adipiscing incididunt et magna ipsum dolor eiusmod sed do sit consectetur ut tempor Lorem amet elit labore labore tempor elit sed ut dolor do consectetur incididunt Lorem ipsum sit amet dolore et adipiscing aliqua. eiusmod magna magna consectetur sit incididunt sed et ipsum labore elit ut do aliqua. amet adipiscing Lorem tempor dolor eiusmod dolore amet dolor elit aliqua. et incididunt magna do tempor ut sed Lorem adipiscing dolore labore ipsum consectetur eiusmod sit magna ipsum aliqua. dolor ut adipiscing amet elit do sed dolore consectetur et eiusmod labore tempor incididunt sit Lorem elit ut do Lorem et dolore aliqua. adipiscing amet dolor sed ipsum magna eiusmod incididunt tempor consectetur sit labore ipsum amet Lorem adipiscing dolor eiusmod incididunt sed labore consectetur tempor ut aliqua. magna elit dolore sit do et magna dolore consectetur aliqua. eiusmod adipiscing ut tempor sit et incididunt labore dolor do amet sed elit Lorem ipsum elit incididunt sit dolor dolore sed et consectetur Lorem tempor ipsum ut do amet magna aliqua. labore eiusmod adipiscing labore aliqua. incididunt sit tempor consectetur, factors factors factors factors factors factors factors factors factors factors factors factors factors factors factors factors factors factors factors factors factors factors factors factors factors factors factors factors factors factors factors factors factors factors factors factors factors factors factors factors factors factors factors factors factors factors factors factors factors factors factors factors factors factors factors factors factors factors factors factors factors factors factors factors,,
req-0034-d6c490,synthetic,1787906293.3819582,1787906331.6137383,38.23178005218506,2.5977546999929473,0.02659806825446024,"[0.02560079999966547, 0.026889400032814592, 0.029555800021626055, 0.02294529997743666, 0.024563900020439178, 0.02638889994705096, 0.023256000014953315, 0.020796200027689338, 0.025615099992137402, 0.025968700007069856, 0.03153899998869747, 0.03027220000512898, 0.029333300015423447, 0.02309969998896122, 0.023403799976222217, 0.02745110000250861, 0.020854500005953014, 0.019968800013884902, 0.029360599990468472, 0.03202939999755472, 0.02102550002746284, 0.021182099997531623, 0.02728059998480603, 0.022525399981532246, 0.028957200003787875, 0.029241500014904886, 0.026187899988144636, 0.02626740001142025, 0.02106830000411719, 0.029939799977000803, 0.027226600039284676, 0.02605989994481206, 0.03220390004571527, 0.02202420000685379, 0.020215199969243258, 0.029285700002219528, 0.027503499994054437, 0.030181000009179115, 0.022694299987051636, 0.026922899996861815, 0.029875600012019277, 0.024452799989376217, 0.028957700007595122, 0.03280869999434799, 0.027979700011201203, 0.028769999975338578, 0.03174310002941638, 0.02489559998502955, 0.024594400019850582, 0.02928829996380955, 0.022435800055973232, 0.023840099980589002, 0.025568999990355223, 0.0282780000125058, 0.03207849996397272, 0.027010100020561367, 0.02909010002622381, 0.026353899971581995, 0.02580970001872629, 0.023530400008894503, 0.028892099973745644, 0.0291830999776721, 0.033356200030539185]",4.275757789611816,1787906335.889496,512,64,True,,200,consectetur et dolor ipsum adipiscing dolore sit incididunt eiusmod labore sed tempor ut amet elit magna Lorem aliqua. do ut magna adipiscing et amet sit incididunt dolor eiusmod sed dolore Lorem labore elit tempor aliqua. do ipsum consectetur ut aliqua. adipiscing sit magna amet Lorem et elit incididunt dolor do tempor eiusmod ipsum sed consectetur dolore labore dolor Lorem tempor ipsum ut amet dolore eiusmod labore sit adipiscing magna et sed consectetur elit aliqua. do incididunt ut labore eiusmod consectetur et tempor elit amet magna dolore do sed ipsum Lorem adipiscing dolor aliqua. incididunt sit elit sed ipsum amet dolor aliqua. magna sit incididunt do eiusmod et ut adipiscing dolore labore consectetur tempor Lorem elit sed ipsum do incididunt magna dolor Lorem et labore dolore aliqua. amet tempor eiusmod consectetur sit ut adipiscing ipsum Lorem sed ut tempor consectetur adipiscing do sit aliqua. labore eiusmod magna amet elit dolor et incididunt dolore do ut tempor dolor aliqua. amet Lorem et elit labore sed adipiscing magna consectetur incididunt sit dolore ipsum eiusmod ut Lorem incididunt elit dolore labore magna consectetur amet sit tempor sed aliqua. adipiscing et dolor eiusmod do ipsum dolore et ipsum consectetur do sit elit amet eiusmod ut labore Lorem incididunt dolor magna adipiscing sed tempor aliqua. sed dolore ipsum amet eiusmod et Lorem sit dolor aliqua. do elit incididunt adipiscing labore ut tempor magna consectetur ut labore consectetur ipsum sit eiusmod adipiscing do magna tempor aliqua. dolore dolor amet et incididunt Lorem sed elit amet et adipiscing magna incididunt Lorem do ut dolore eiusmod sit aliqua. sed elit ipsum dolor labore consectetur tempor et dolor adipiscing elit sit ut sed tempor amet incididunt aliqua. labore consectetur Lorem dolore eiusmod do ipsum magna et eiusmod amet adipiscing sed dolor labore magna incididunt consectetur elit aliqua. dolore ut tempor sit ipsum do Lorem tempor ut sed labore incididunt aliqua. sit et a, factors factors factors factors factors factors factors factors factors factors factors factors factors factors factors factors factors factors factors factors factors factors factors factors factors factors factors factors factors factors factors factors factors factors factors factors factors factors factors factors factors factors factors factors factors factors factors factors factors factors factors factors factors factors factors factors factors factors factors factors factors factors factors factors,,
req-0035-fddc3d,synthetic,1787906293.3819582,1787906332.4237494,39.04179120063782,1.7802177999983542,0.02672105079372635,"[0.023606800008565187, 0.02933290001237765, 0.026256299985107034, 0.026500699983444065, 0.02377680002246052, 0.02637550001963973, 0.029383799992501736, 0.02879179996671155, 0.03047070000320673, 0.026964500022586435, 0.021194999979343265, 0.02623950003180653, 0.028943499957676977, 0.02881849999539554, 0.02611790003720671, 0.031210999994073063, 0.022802699997555465, 0.02586559997871518, 0.02212899998994544, 0.032973700028378516, 0.026925700018182397, 0.024441199959255755, 0.027715500036720186, 0.02267299999948591, 0.027712500013876706, 0.032801999943330884, 0.01988490001531318, 0.031623999995645136, 0.028145199990831316, 0.029256600013468415, 0.018685200018808246, 0.0268375999876298, 0.020864700025413185, 0.031859599985182285, 0.030133399995975196, 0.026561199978459626, 0.020239200035575777, 0.03241789998719469, 0.0249515000032261, 0.03147059999173507, 0.029202000005170703, 0.027614500024355948, 0.025177199975587428, 0.03455219999887049, 0.028903700003866106, 0.025918799976352602, 0.0243874000152573, 0.022764099994674325, 0.03051090001827106, 0.029277499997988343, 0.02691499999491498, 0.02867209998657927, 0.023375699995085597, 0.020931000006385148, 0.023158400028478354, 0.022830999980214983, 0.017447800026275218, 0.03192269999999553, 0.02483009995194152, 0.030267400026787072, 0.028205799986608326, 0.020451800024602562, 0.033151399984490126]",3.465419292449951,1787906335.8891687,511,64,True,,200,Lorem consectetur ipsum aliqua. sed sit tempor dolore et incididunt do labore amet eiusmod adipiscing dolor elit ut magna ut aliqua. adipiscing dolore Lorem ipsum et labore magna tempor do amet eiusmod elit sit dolor incididunt consectetur sed sit Lorem do tempor eiusmod dolor adipiscing incididunt magna elit aliqua. et dolore ut consectetur sed labore amet ipsum dolor tempor ipsum dolore adipiscing eiusmod do ut consectetur incididunt elit et amet sed Lorem aliqua. sit magna labore sed aliqua. ut dolor tempor magna Lorem adipiscing incididunt eiusmod sit et amet dolore do labore elit ipsum consectetur dolor Lorem aliqua. amet sit ut eiusmod incididunt adipiscing ipsum magna tempor do labore elit dolore consectetur et sed tempor do dolore amet incididunt sit sed adipiscing elit aliqua. Lorem et ipsum eiusmod labore magna ut consectetur dolor tempor sit sed et incididunt do ipsum magna amet aliqua. elit Lorem dolore eiusmod consectetur ut dolor labore adipiscing sed Lorem labore dolore dolor sit aliqua. eiusmod amet ut tempor magna consectetur adipiscing do et elit ipsum incididunt do dolore dolor incididunt elit adipiscing sed eiusmod ut amet ipsum tempor labore sit aliqua. consectetur et Lorem magna sed do amet adipiscing tempor ipsum incididunt et aliqua. magna ut eiusmod consectetur Lorem elit labore dolor sit dolore incididunt consectetur sed amet Lorem ipsum tempor et labore adipiscing dolore magna ut sit elit eiusmod dolor do aliqua. consectetur incididunt et sit adipiscing dolore ut aliqua. do labore magna tempor eiusmod ipsum amet elit sed Lorem dolor Lorem et magna dolor elit sit incididunt sed do adipiscing ut consectetur aliqua. tempor eiusmod ipsum amet dolore labore amet tempor aliqua. incididunt eiusmod Lorem dolor adipiscing dolore sit labore consectetur ut et magna sed elit do ipsum labore consectetur tempor amet magna incididunt sed adipiscing eiusmod ipsum et do Lorem dolor ut sit dolore elit aliqua. dolor sed sit amet elit dolore eiusmod consectet, stairs stairs stairs stairs stairs stairs stairs stairs stairs stairs stairs stairs stairs stairs stairs stairs stairs stairs stairs stairs stairs stairs stairs stairs stairs stairs stairs stairs stairs stairs stairs stairs stairs stairs stairs stairs stairs stairs stairs stairs stairs stairs stairs stairs stairs stairs stairs stairs stairs stairs stairs stairs stairs stairs stairs stairs stairs stairs stairs stairs stairs stairs stairs stairs,,
req-0036-0faf0b,synthetic,1787906293.3819582,1787906333.1449692,39.76301097869873,1.0571110000018962,0.026833136507775635,"[0.023484000004827976, 0.031495300005190074, 0.023712199996225536, 0.025940599967725575, 0.024361500050872564, 0.02557969995541498, 0.023648500035051256, 0.026226999994833022, 0.030769500008318573, 0.029517499962821603, 0.03001740004401654, 0.027490099950227886, 0.026226500049233437, 0.02893719996791333, 0.02667510003084317, 0.031453599978704005, 0.0305044999695383, 0.029937600018456578, 0.022244499996304512, 0.019504200026858598, 0.029052199970465153, 0.020910200022626668, 0.02865270001348108, 0.022788200003560632, 0.03153989999555051, 0.02095999999437481, 0.03116819995921105, 0.029526600032113492, 0.027957600017543882, 0.02709699998376891, 0.029028200020547956, 0.019579899962991476, 0.033249300031457096, 0.035711799981072545, 0.033387299976311624, 0.023091300041414797, 0.023057399957906455, 0.02488680003443733, 0.026196899998467416, 0.029237299982924014, 0.03164230001857504, 0.025061799969989806, 0.03008230001432821, 0.021659300022292882, 0.0236845999606885, 0.02400650002527982, 0.028435399988666177, 0.026905299979262054, 0.02132900001015514, 0.030456900014542043, 0.025515899993479252, 0.027694799995515496, 0.027714300027582794, 0.031286099983844906, 0.02081790001830086, 0.025567399978172034, 0.022167299990542233, 0.026939200004562736, 0.030324399995151907, 0.025265300006140023, 0.02780099998926744, 0.030705800047144294, 0.0206194999627769]",2.748751640319824,1787906335.8937209,512,64,True,,200,elit aliqua. tempor amet ipsum sed labore eiusmod Lorem ut sit do dolore incididunt dolor consectetur adipiscing magna et amet sit ut tempor adipiscing incididunt consectetur magna sed ipsum elit do et dolor eiusmod labore aliqua. Lorem dolore sit Lorem eiusmod aliqua. do ipsum labore ut sed incididunt adipiscing consectetur tempor et dolor magna amet dolore elit tempor adipiscing Lorem sit aliqua. dolor sed consectetur elit ut eiusmod incididunt magna do et ipsum dolore amet labore ipsum dolore ut aliqua. consectetur eiusmod et elit magna dolor adipiscing amet sit sed labore incididunt Lorem do tempor et sit aliqua. adipiscing dolore Lorem ipsum labore do consectetur magna dolor eiusmod amet incididunt elit ut sed tempor adipiscing et sit Lorem aliqua. ut consectetur elit labore tempor magna do sed eiusmod incididunt dolore ipsum dolor amet elit incididunt dolore labore et ipsum eiusmod consectetur ut amet dolor Lorem magna tempor do sed adipiscing sit aliqua. ut elit incididunt adipiscing aliqua. tempor sit eiusmod Lorem dolore amet do sed consectetur ipsum dolor magna labore et dolore incididunt labore tempor consectetur ipsum et ut elit magna amet sed aliqua. adipiscing sit eiusmod Lorem dolor do amet ut magna do et dolor ipsum labore dolore eiusmod sed consectetur adipiscing incididunt aliqua. sit Lorem tempor elit aliqua. magna elit et incididunt labore sed dolore Lorem adipiscing ipsum do consectetur amet eiusmod tempor sit dolor ut et ut do adipiscing dolor sed Lorem elit amet dolore eiusmod labore aliqua. sit tempor incididunt magna consectetur ipsum elit sed consectetur amet do magna tempor dolor labore Lorem ut sit adipiscing ipsum eiusmod dolore aliqua. incididunt et Lorem sit incididunt elit aliqua. magna sed eiusmod tempor dolore et ipsum amet labore do dolor consectetur ut adipiscing aliqua. do Lorem et amet eiusmod ut dolore sed elit tempor ipsum labore consectetur incididunt adipiscing sit dolor magna eiusmod ut sit sed magna tempor consectetur dolo, factors factors factors factors factors factors factors factors factors factors factors factors factors factors factors factors factors factors factors factors factors factors factors factors factors factors factors factors factors factors factors factors factors factors factors factors factors factors factors factors factors factors factors factors factors factors factors factors factors factors factors factors factors factors factors factors factors factors factors factors factors factors factors factors,,
req-0037-9e23cd,synthetic,1787906293.3819582,1787906333.94468,40.562721729278564,0.2644948000088334,0.026387055555085047,"[0.027167899999767542, 0.025781899981666356, 0.02173520001815632, 0.02826769999228418, 0.025686000008136034, 0.020328700018581003, 0.03129729995271191, 0.028007600049022585, 0.030769399949349463, 0.023990000016056, 0.02097060001688078, 0.02225239999825135, 0.020791699993424118, 0.029184099985286593, 0.0253313000430353, 0.027153999952133745, 0.02117359999101609, 0.027770300046540797, 0.022959399968385696, 0.030936900002416223, 0.02575500000966713, 0.02053640002850443, 0.02629819995490834, 0.026782600034493953, 0.028003099956549704, 0.032261300017125905, 0.033516400028020144, 0.02759189996868372, 0.02432950004003942, 0.02729249995900318, 0.028794100042432547, 0.02800539997406304, 0.028180999972391874, 0.024273700022604316, 0.02513700001873076, 0.02839329995913431, 0.03380610002204776, 0.03061890002572909, 0.030733499967027456, 0.025617900013457984, 0.024343099968973547, 0.020161100022960454, 0.02264169999398291, 0.019095299998298287, 0.03278200002387166, 0.025346999987959862, 0.024652099993545562, 0.024365800025407225, 0.029400500003248453, 0.023313299985602498, 0.027198900002986193, 0.035044899967033416, 0.02125079999677837, 0.023931800038553774, 0.03408149996539578, 0.026475500024389476, 0.030668799998238683, 0.026001900027040392, 0.028112499974668026, 0.01995859999442473, 0.019563800015021116, 0.02947780000977218, 0.02703199995448813]",1.9292559623718262,1787906335.873936,511,64,True,,200,elit do tempor sed consectetur sit magna amet ipsum aliqua. labore dolor eiusmod et adipiscing incididunt Lorem dolore ut Lorem et incididunt sed adipiscing eiusmod consectetur magna tempor aliqua. elit labore ut dolor do amet ipsum sit dolore labore aliqua. dolore adipiscing sit tempor eiusmod et elit ipsum Lorem sed amet consectetur incididunt dolor magna do ut do sed aliqua. tempor magna labore Lorem ut incididunt et eiusmod dolore consectetur sit dolor adipiscing elit amet ipsum ipsum sit magna Lorem dolore adipiscing sed tempor ut do incididunt dolor et elit eiusmod amet aliqua. labore consectetur ipsum eiusmod ut dolor sed tempor Lorem consectetur aliqua. amet adipiscing labore do et elit sit magna dolore incididunt et ut labore dolor ipsum Lorem sed consectetur elit sit incididunt adipiscing dolore magna eiusmod tempor aliqua. do amet dolor labore sit dolore ut tempor do consectetur Lorem et elit sed incididunt ipsum eiusmod aliqua. adipiscing magna amet dolor adipiscing aliqua. dolore consectetur do amet Lorem ut elit labore magna sed sit et ipsum tempor incididunt eiusmod dolore sit sed ut incididunt labore et eiusmod aliqua. tempor Lorem do consectetur amet adipiscing elit ipsum magna dolor do sit ipsum ut incididunt Lorem eiusmod amet dolor aliqua. elit dolore et tempor labore sed magna adipiscing consectetur sit consectetur et eiusmod do tempor ut Lorem labore aliqua. incididunt amet magna adipiscing dolore sed elit ipsum dolor adipiscing consectetur dolore do ipsum elit labore Lorem amet tempor sed ut et dolor magna incididunt eiusmod sit aliqua. et elit labore sit magna ipsum ut tempor eiusmod consectetur dolor do incididunt Lorem adipiscing sed aliqua. amet dolore tempor ut consectetur adipiscing dolore ipsum amet sit incididunt labore sed Lorem elit et magna do aliqua. eiusmod dolor aliqua. sed adipiscing et incididunt amet elit sit magna dolore ipsum dolor labore eiusmod ut Lorem tempor consectetur do dolor ut tempor Lorem magna et labore sed consec, factors factors factors factors factors factors factors factors factors factors factors factors factors factors factors factors factors factors factors factors factors factors factors factors factors factors factors factors factors factors factors factors factors factors factors factors factors factors factors factors factors factors factors factors factors factors factors factors factors factors factors factors factors factors factors factors factors factors factors factors factors factors factors factors,,
