request_id,workload_type,arrival_time,dispatch_time,queue_time,ttft,tpot,inter_token_latencies,total_latency,completion_time,input_tokens,output_tokens,success,error,status_code,prompt_text,output_text,server_queue_time,server_prefill_time
req-0000-00fa35,synthetic,1787905746.7188818,1787905747.5853338,0.8664519786834717,0.06410010001854971,0.009109757143065392,"[0.005280799989122897, 0.004414900031406432, 0.00496329995803535, 0.004703600017819554, 0.0046663000248372555, 0.0050137999933212996, 0.005112799990456551, 0.004739500000141561, 0.005620500014629215, 0.005428899952676147, 0.0066099000396206975, 0.005355299974326044, 0.0062482000212185085, 0.006342899985611439, 0.005831299989949912, 0.008110900002066046, 0.0066995000233873725, 0.007463300018571317, 0.007380199967883527, 0.006925599998794496, 0.007852300012018532, 0.00743609998608008, 0.008873099985066801, 0.008434200019109994, 0.009288800007198006, 0.008192399982362986, 0.00928370002657175, 0.009495900012552738, 0.01226319995475933, 0.01692460000049323, 0.009785100002773106, 0.011092200002167374, 0.011057600029744208, 0.011267399997450411, 0.01074009999865666, 0.015040499973110855, 0.010833800013642758, 0.01058320002630353, 0.009878299955744296, 0.010574500018265098, 0.01033560000360012, 0.010834800021257252, 0.010660799976903945, 0.016216900025028735, 0.010590799967758358, 0.009637199982535094, 0.010344000009354204, 0.010088899987749755, 0.010144700005184859, 0.011865400010719895, 0.011154300009366125, 0.013040099991485476, 0.009916200011502951, 0.010175500006880611, 0.00996830000076443, 0.010049499978777021, 0.010917800012975931, 0.00918009999440983, 0.011381199990864843, 0.009899900003802031, 0.01116550003644079, 0.010749499953817576, 0.009789200033992529]",0.6393802165985107,1787905748.224714,511,64,True,,200,aliqua. consectetur magna eiusmod Lorem incididunt sit tempor et dolore sed ut amet labore do dolor adipiscing elit ipsum incididunt tempor et elit ut magna consectetur ipsum labore do sit sed dolore aliqua. adipiscing dolor Lorem amet eiusmod aliqua. tempor adipiscing sit amet magna consectetur et do ut incididunt sed dolore eiusmod dolor labore Lorem ipsum elit consectetur Lorem elit ipsum ut aliqua. labore dolore tempor et adipiscing dolor sed incididunt eiusmod sit amet do magna labore dolor Lorem aliqua. dolore sed magna et tempor do sit amet ut eiusmod elit adipiscing ipsum consectetur incididunt labore consectetur sit dolore elit magna aliqua. eiusmod adipiscing amet incididunt do Lorem tempor et dolor ut sed ipsum sit ipsum magna consectetur amet Lorem dolore elit adipiscing et aliqua. sed dolor eiusmod labore incididunt tempor ut do adipiscing ipsum et sit dolore elit sed consectetur eiusmod labore Lorem dolor tempor do amet magna incididunt ut aliqua. dolor ipsum sit aliqua. do tempor incididunt et adipiscing amet sed magna elit ut eiusmod dolore labore Lorem consectetur amet dolore tempor ipsum labore et aliqua. sed adipiscing magna sit do consectetur eiusmod Lorem incididunt elit ut dolor consectetur sit labore ipsum sed Lorem amet dolore eiusmod magna tempor dolor incididunt aliqua. ut et do elit adipiscing magna consectetur eiusmod et dolor ipsum Lorem amet labore tempor sed do sit aliqua. incididunt ut dolore adipiscing elit ut dolor do aliqua. sed labore elit tempor Lorem ipsum incididunt sit consectetur eiusmod adipiscing et magna amet dolore dolor dolore magna elit sit adipiscing eiusmod labore ipsum tempor aliqua. sed et Lorem ut incididunt amet consectetur do dolor et ipsum eiusmod adipiscing labore magna incididunt Lorem dolore sed amet ut tempor do consectetur elit sit aliqua. eiusmod dolor dolore adipiscing tempor elit et Lorem aliqua. do incididunt ipsum sed ut sit consectetur amet magna labore consectetur aliqua. dolore dolor adipiscing sed , factors factors factors factors factors factors factors factors factors factors factors factors factors factors factors factors factors factors factors factors factors factors factors factors factors factors factors factors factors factors factors factors factors factors factors factors factors factors factors factors factors factors factors factors factors factors factors factors factors factors factors factors factors factors factors factors factors factors factors factors factors factors factors factors,,
req-0001-67f39a,synthetic,1787905746.7188818,1787905749.1202097,2.4013278484344482,0.057254499988630414,0.008289757143107377,"[0.0045758000342175364, 0.0040269999881275, 0.0045733999577350914, 0.005092200008220971, 0.004902400018181652, 0.005598000017926097, 0.006765500002074987, 0.005616599984932691, 0.0055121000041253865, 0.0065805999911390245, 0.005903200013563037, 0.006231400009710342, 0.006182999990414828, 0.00690279999980703, 0.007492100005038083, 0.006761399970855564, 0.008103800006210804, 0.007991600024979562, 0.007951799954753369, 0.007525900029577315, 0.008274100022390485, 0.007693099963944405, 0.009429500030819327, 0.008035899954847991, 0.00890160002745688, 0.008383999986108392, 0.011303100036457181, 0.00931619998300448, 0.008401400002185255, 0.013619599980302155, 0.00963500002399087, 0.010022800008300692, 0.00983469997299835, 0.008667999994941056, 0.009078700037207454, 0.008454799943137914, 0.011312600050587207, 0.009344099962618202, 0.008299300039652735, 0.010579099995084107, 0.008274999971035868, 0.009232199983671308, 0.00877260003471747, 0.008489199972245842, 0.00898159999633208, 0.008377899997867644, 0.013014900032430887, 0.008803399978205562, 0.008950499992351979, 0.009150700003374368, 0.008761700009927154, 0.009240899991709739, 0.008426200016401708, 0.009818300022743642, 0.008869099954608828, 0.008545000047888607, 0.00980059994617477, 0.008380300016142428, 0.00888059998396784, 0.009300600038841367, 0.00966159999370575, 0.009409299993421882, 0.008234300010371953]",0.5809957981109619,1787905749.7012055,512,64,True,,200,sed tempor ipsum magna consectetur dolor elit et do dolore aliqua. eiusmod incididunt sit Lorem labore ut adipiscing amet elit do eiusmod aliqua. ipsum tempor sed sit et ut amet magna labore adipiscing dolore Lorem incididunt dolor consectetur sit tempor ut adipiscing incididunt et dolor labore elit amet do Lorem consectetur eiusmod ipsum sed magna aliqua. dolore ipsum ut dolore sed elit consectetur eiusmod Lorem magna amet adipiscing sit tempor labore incididunt aliqua. do et dolor dolor consectetur magna aliqua. et sed labore dolore elit adipiscing amet do Lorem ipsum eiusmod ut tempor incididunt sit sed labore elit do dolor sit aliqua. tempor adipiscing Lorem ipsum eiusmod amet ut magna et incididunt consectetur dolore eiusmod aliqua. sit et adipiscing tempor consectetur ut elit sed incididunt ipsum Lorem dolor magna do amet dolore labore magna eiusmod dolor ipsum dolore et do Lorem labore tempor ut consectetur incididunt aliqua. amet sed sit adipiscing elit labore ipsum adipiscing elit eiusmod do aliqua. sed dolor ut incididunt sit et consectetur magna dolore Lorem amet tempor incididunt adipiscing eiusmod do magna amet elit Lorem sit sed ut et ipsum dolore labore tempor dolor aliqua. consectetur incididunt dolore do et eiusmod sed ipsum dolor adipiscing Lorem consectetur sit tempor amet labore aliqua. magna ut elit sed adipiscing magna aliqua. eiusmod incididunt ipsum elit do ut tempor amet consectetur Lorem et dolore sit dolor labore tempor ipsum incididunt consectetur sed labore adipiscing ut Lorem dolor amet dolore elit et do magna eiusmod aliqua. sit magna Lorem elit tempor labore et sed eiusmod adipiscing ipsum amet sit dolor ut consectetur aliqua. incididunt dolore do incididunt ut labore tempor adipiscing magna sed elit do dolore ipsum consectetur Lorem aliqua. sit eiusmod dolor et amet dolor consectetur amet ipsum dolore aliqua. et do elit adipiscing labore eiusmod ut incididunt sit sed Lorem tempor magna aliqua. Lorem et ut tempor dolore ipsum dolor do, factors factors factors factors factors factors factors factors factors factors factors factors factors factors factors factors factors factors factors factors factors factors factors factors factors factors factors factors factors factors factors factors factors factors factors factors factors factors factors factors factors factors factors factors factors factors factors factors factors factors factors factors factors factors factors factors factors factors factors factors factors factors factors factors,,
req-0002-25361f,synthetic,1787905746.7188818,1787905750.5284715,3.8095896244049072,0.06221259996527806,0.008912149206956937,"[0.005270700028631836, 0.004440099990461022, 0.0047753999824635684, 0.006067700043786317, 0.004741499957162887, 0.005091099999845028, 0.005242200044449419, 0.005298699950799346, 0.0056788999936543405, 0.006352700002025813, 0.005193400022108108, 0.0061440999852493405, 0.005596300004981458, 0.006428499997127801, 0.005998800043016672, 0.006253399944398552, 0.006320100044831634, 0.006704500003252178, 0.006860099965706468, 0.008297900028992444, 0.008312799967825413, 0.00999940000474453, 0.006944800028577447, 0.007935800007544458, 0.009370199986733496, 0.007972999999765307, 0.008320999972056597, 0.010218100040219724, 0.010556099994573742, 0.011676999973133206, 0.011170800018589944, 0.01531819999217987, 0.011906999978236854, 0.008991400012746453, 0.01078010001219809, 0.010277999972458929, 0.009962700016330928, 0.009766000031959265, 0.009873599978163838, 0.0145331000094302, 0.010003899980802089, 0.010248599981423467, 0.009739200002513826, 0.009545900044031441, 0.009925899968948215, 0.011988400015980005, 0.011136599991004914, 0.009794400015380234, 0.014642099966295063, 0.009590800036676228, 0.009949499974027276, 0.012766600004397333, 0.009672800020780414, 0.009730299992952496, 0.009888399974443018, 0.010759000026155263, 0.009564400010276586, 0.010970300005283207, 0.010006399999838322, 0.011906599975191057, 0.009960399998817593, 0.009733500017318875, 0.009296200005337596]",0.6249725818634033,1787905751.153444,512,64,True,,200,sit sed ut Lorem adipiscing ipsum et amet elit eiusmod dolor dolore labore magna tempor aliqua. do incididunt consectetur consectetur dolor tempor et sed dolore Lorem ipsum magna do eiusmod labore ut sit adipiscing incididunt elit amet aliqua. eiusmod adipiscing et consectetur incididunt ut sit do dolor sed magna labore ipsum dolore elit Lorem tempor amet aliqua. aliqua. dolore eiusmod ut labore ipsum do magna adipiscing sed dolor elit incididunt tempor amet sit Lorem et consectetur do elit consectetur tempor dolore magna Lorem labore dolor eiusmod et incididunt aliqua. ipsum sit amet sed adipiscing ut consectetur aliqua. amet et labore eiusmod ipsum tempor ut sed dolor Lorem adipiscing do sit magna elit incididunt dolore Lorem sit elit tempor dolore consectetur incididunt dolor ut do amet ipsum et eiusmod aliqua. labore sed adipiscing magna consectetur Lorem et do dolore dolor incididunt aliqua. sed sit amet tempor adipiscing magna ut elit ipsum labore eiusmod dolor consectetur ut labore sed tempor magna sit amet dolore eiusmod adipiscing aliqua. do et incididunt Lorem ipsum elit elit dolore aliqua. Lorem do sed adipiscing labore et dolor ipsum consectetur eiusmod ut sit magna amet tempor incididunt et magna tempor sit elit ut Lorem consectetur eiusmod labore amet dolore adipiscing dolor sed incididunt ipsum aliqua. do ipsum et magna aliqua. amet eiusmod consectetur dolore elit do sed Lorem sit incididunt ut dolor labore tempor adipiscing amet aliqua. eiusmod sit et adipiscing elit sed incididunt ut magna dolor do labore Lorem tempor consectetur dolore ipsum elit ut dolor dolore do aliqua. magna incididunt sed amet tempor Lorem labore eiusmod et ipsum sit consectetur adipiscing ipsum elit magna adipiscing Lorem dolor labore consectetur sed incididunt dolore aliqua. amet do ut et eiusmod tempor sit do ut amet consectetur incididunt aliqua. adipiscing magna dolor ipsum Lorem dolore labore elit tempor sit et sed eiusmod eiusmod dolore et consectetur tempor aliqua. adi, factors factors factors factors factors factors factors factors factors factors factors factors factors factors factors factors factors factors factors factors factors factors factors factors factors factors factors factors factors factors factors factors factors factors factors factors factors factors factors factors factors factors factors factors factors factors factors factors factors factors factors factors factors factors factors factors factors factors factors factors factors factors factors factors,,
req-0003-04bab8,synthetic,1787905746.7188818,1787905752.0389774,5.320095539093018,0.059091500006616116,0.008782896825799807,"[0.005691200029104948, 0.004182300006505102, 0.004998599993996322, 0.006347899965476245, 0.005079800030216575, 0.006069700000807643, 0.004798699985258281, 0.005816899996716529, 0.005566200008615851, 0.005554299976211041, 0.006051700038369745, 0.007662199961487204, 0.006447100022342056, 0.007643299992196262, 0.006605900009162724, 0.007633799978066236, 0.007043200021144003, 0.00783610000507906, 0.00773700000718236, 0.007713099999818951, 0.009139099973253906, 0.009655900008510798, 0.009458200016524643, 0.009340999997220933, 0.008875600004103035, 0.008588099968619645, 0.009371299995109439, 0.01026470004580915, 0.009379900002386421, 0.009267899964470416, 0.00949550000950694, 0.013618800032418221, 0.01194759999634698, 0.007676499953959137, 0.01437760004773736, 0.009436799969989806, 0.009465600014664233, 0.010422699968330562, 0.009837699995841831, 0.009478200052399188, 0.009718699962832034, 0.00902160000987351, 0.008822000003419816, 0.011307800014037639, 0.00961849995655939, 0.010817600006703287, 0.010485700040590018, 0.009654499997850507, 0.013210999954026192, 0.009588300017639995, 0.009277899982407689, 0.009683500044047832, 0.009752699988894165, 0.009757099964190274, 0.009252100018784404, 0.010892299993429333, 0.009476000035647303, 0.010295799991581589, 0.009430499980226159, 0.009575999982189387, 0.009438500041142106, 0.009418400004506111, 0.009248299989849329]",0.6137661933898926,1787905752.6527436,512,64,True,,200,amet labore ipsum consectetur elit dolor eiusmod aliqua. Lorem et tempor magna sit do incididunt sed adipiscing dolore ut sit aliqua. tempor ut adipiscing ipsum consectetur magna dolor elit sed dolore amet et incididunt Lorem labore do eiusmod elit ipsum magna et tempor aliqua. sed amet dolore consectetur do incididunt ut adipiscing eiusmod dolor Lorem sit labore tempor magna sit amet eiusmod sed Lorem et elit ipsum do adipiscing dolore dolor incididunt labore consectetur ut aliqua. do dolore elit sit dolor ut labore adipiscing eiusmod magna aliqua. sed tempor ipsum incididunt et consectetur Lorem amet magna elit eiusmod et amet adipiscing ipsum ut sed do incididunt dolore Lorem aliqua. dolor consectetur sit tempor labore sed tempor incididunt magna amet sit et elit labore ipsum ut Lorem adipiscing dolor do consectetur dolore eiusmod aliqua. et Lorem labore sed incididunt dolore ipsum ut sit do dolor elit amet tempor eiusmod consectetur magna aliqua. adipiscing aliqua. eiusmod et amet ipsum adipiscing sed Lorem consectetur incididunt do labore dolor ut tempor sit elit magna dolore ut aliqua. et dolore sed ipsum dolor do tempor magna consectetur adipiscing amet labore incididunt sit Lorem elit eiusmod ipsum dolore amet do incididunt labore consectetur dolor sed sit ut elit magna et eiusmod aliqua. adipiscing tempor Lorem elit Lorem consectetur eiusmod ut aliqua. dolor amet labore magna adipiscing do sed tempor sit et ipsum dolore incididunt eiusmod adipiscing sed dolor sit dolore tempor magna elit labore do aliqua. consectetur Lorem ut et ipsum amet incididunt Lorem dolor tempor dolore do et sit aliqua. consectetur amet incididunt ipsum magna sed ut labore eiusmod elit adipiscing eiusmod aliqua. ipsum sit tempor dolor magna amet consectetur elit ut incididunt dolore do Lorem adipiscing et sed labore incididunt eiusmod tempor labore sed consectetur dolor dolore adipiscing sit et ut amet elit do magna aliqua. ipsum Lorem dolor adipiscing labore sed ut incididunt tempor, factors factors factors factors factors factors factors factors factors factors factors factors factors factors factors factors factors factors factors factors factors factors factors factors factors factors factors factors factors factors factors factors factors factors factors factors factors factors factors factors factors factors factors factors factors factors factors factors factors factors factors factors factors factors factors factors factors factors factors factors factors factors factors factors,,
req-0004-939c34,synthetic,1787905746.7188818,1787905753.5408335,6.821951627731323,0.056433699966873974,0.009194807936659171,"[0.005316400027368218, 0.004570899996906519, 0.004607599985320121, 0.006373999989591539, 0.00561540003400296, 0.005235499993432313, 0.00561079999897629, 0.006074199976865202, 0.00620210001943633, 0.006126899970695376, 0.0070930999936535954, 0.007869400025811046, 0.007555600022897124, 0.007747399969957769, 0.007907200022600591, 0.007637600007001311, 0.007605499995406717, 0.008602799964137375, 0.0098854000098072, 0.008422499988228083, 0.01030600001104176, 0.008692300005350262, 0.009348499996121973, 0.009232199983671308, 0.010307400021702051, 0.01110160001553595, 0.008535699977073818, 0.010607100033666939, 0.012697999947704375, 0.0106247000512667, 0.01015479996567592, 0.01170899998396635, 0.009644800040405244, 0.010383599961642176, 0.009641300013754517, 0.009975299995858222, 0.009267000015825033, 0.00954890000866726, 0.009439099987503141, 0.013158000016119331, 0.009456800005864352, 0.011009199952241033, 0.009501300053671002, 0.01199219998670742, 0.011070200009271502, 0.010635899961926043, 0.010624099988490343, 0.009659400035161525, 0.009804399975109845, 0.00951490004081279, 0.010324099974241108, 0.010498400020878762, 0.012753099959809333, 0.01232989999698475, 0.01046020002104342, 0.00926590000744909, 0.009637399984057993, 0.009779000014532357, 0.009730799996759742, 0.010000500013120472, 0.010463299986440688, 0.010386999987531453, 0.009939300012774765]",0.6369872093200684,1787905754.1778207,511,64,True,,200,ut incididunt tempor dolor aliqua. sed elit ipsum consectetur sit labore eiusmod Lorem amet adipiscing et magna do dolore amet dolor do dolore eiusmod ut sit et sed Lorem incididunt consectetur adipiscing elit tempor magna ipsum labore aliqua. ipsum adipiscing sit labore ut et aliqua. Lorem dolor elit do amet consectetur incididunt dolore tempor eiusmod sed magna tempor Lorem incididunt et aliqua. ipsum consectetur labore dolor magna sed adipiscing ut dolore amet eiusmod sit do elit eiusmod sed consectetur do dolor et sit ut dolore adipiscing aliqua. incididunt Lorem ipsum amet elit tempor magna labore dolor dolore ipsum aliqua. Lorem amet sed incididunt eiusmod sit consectetur do ut magna elit labore adipiscing et tempor dolor consectetur tempor elit amet incididunt sit labore ipsum adipiscing dolore sed eiusmod aliqua. et ut magna do Lorem aliqua. dolor sit consectetur eiusmod dolore do et ipsum Lorem sed amet magna elit incididunt tempor adipiscing ut labore sed do magna elit sit Lorem dolore labore ut adipiscing dolor consectetur aliqua. incididunt eiusmod et ipsum tempor amet labore magna do incididunt consectetur ut ipsum dolor sit et amet tempor eiusmod adipiscing aliqua. elit dolore Lorem sed tempor labore ipsum do incididunt consectetur ut elit amet aliqua. sit Lorem et eiusmod dolor adipiscing dolore magna sed ipsum labore eiusmod adipiscing Lorem aliqua. tempor sit do elit magna amet incididunt sed consectetur dolore dolor et ut aliqua. dolore eiusmod incididunt sed labore tempor Lorem et ut sit ipsum adipiscing consectetur do amet elit magna dolor incididunt consectetur eiusmod sit ipsum amet sed elit ut aliqua. labore adipiscing dolore do Lorem tempor et dolor magna sed adipiscing labore do incididunt elit Lorem consectetur eiusmod magna ut aliqua. amet dolore tempor sit et ipsum dolor aliqua. labore consectetur dolor dolore sit magna eiusmod elit incididunt sed amet Lorem adipiscing et do tempor ipsum ut et ut aliqua. do labore ipsum tempor sit magna s, factors factors factors factors factors factors factors factors factors factors factors factors factors factors factors factors factors factors factors factors factors factors factors factors factors factors factors factors factors factors factors factors factors factors factors factors factors factors factors factors factors factors factors factors factors factors factors factors factors factors factors factors factors factors factors factors factors factors factors factors factors factors factors factors,,
req-0005-b56f16,synthetic,1787905746.7188818,1787905755.1057825,8.386900663375854,0.05073810002068058,0.0078059825399476625,"[0.004306300019379705, 0.004236799955833703, 0.004483000026084483, 0.004646199988201261, 0.00503010000102222, 0.005100100010167807, 0.004961400001775473, 0.0055247999844141304, 0.004627800022717565, 0.006036799983121455, 0.00579149997793138, 0.006328200048301369, 0.0054847999708727, 0.0067208000109530985, 0.006990699970629066, 0.0065753000089898705, 0.006649899994954467, 0.006155400013085455, 0.008208899991586804, 0.006756299990229309, 0.007434200029820204, 0.008465499966405332, 0.007480200030840933, 0.008698999998159707, 0.008757099974900484, 0.007363100012298673, 0.008876600011717528, 0.008608000003732741, 0.00909710000269115, 0.009285499982070178, 0.00880519999191165, 0.008811600040644407, 0.008280199952423573, 0.008985100022982806, 0.008102699997834861, 0.009123100026044995, 0.008343999972566962, 0.009261300030630082, 0.008192499983124435, 0.009780799970030785, 0.007976500026416034, 0.008413399977143854, 0.010385400033555925, 0.0082154999836348, 0.009085600031539798, 0.008358199964277446, 0.009193799982313067, 0.008193200046662241, 0.009432699996978045, 0.008245999983046204, 0.008984800020698458, 0.009880099969450384, 0.009249099995940924, 0.009236900019459426, 0.008322999987285584, 0.009456800005864352, 0.00867030001245439, 0.010681499959900975, 0.008904400048777461, 0.008336599974427372, 0.008952300006058067, 0.008347099996171892, 0.008885800023563206]",0.5437850952148438,1787905755.6495676,512,64,True,,200,labore elit Lorem ipsum eiusmod sit ut do et adipiscing dolor magna sed dolore aliqua. tempor incididunt amet consectetur incididunt et sit adipiscing consectetur eiusmod tempor ut labore do magna sed dolor dolore amet aliqua. elit ipsum Lorem dolore incididunt tempor et eiusmod aliqua. sit do ut sed adipiscing elit consectetur amet Lorem ipsum magna dolor labore Lorem do tempor et consectetur adipiscing amet aliqua. eiusmod sit magna dolore sed incididunt labore elit ut dolor ipsum ipsum dolor eiusmod Lorem sed aliqua. tempor sit labore consectetur amet incididunt adipiscing ut do elit magna dolore et eiusmod labore tempor dolor ut et dolore incididunt sit Lorem do elit amet consectetur sed magna aliqua. adipiscing ipsum consectetur tempor adipiscing ipsum incididunt ut sed dolor elit aliqua. magna Lorem et dolore eiusmod amet sit do labore tempor amet incididunt Lorem eiusmod sit dolor consectetur sed labore magna elit ipsum dolore do ut aliqua. adipiscing et do ipsum tempor elit incididunt consectetur labore dolor dolore eiusmod amet ut et aliqua. adipiscing sed magna sit Lorem et ut aliqua. incididunt Lorem dolore adipiscing sit labore do eiusmod sed consectetur ipsum tempor dolor magna amet elit eiusmod ipsum dolor adipiscing consectetur magna elit amet et ut sed incididunt tempor labore sit aliqua. dolore Lorem do tempor ipsum sit labore et adipiscing amet Lorem consectetur magna dolor do aliqua. sed dolore elit incididunt ut eiusmod tempor ut dolor elit dolore sed adipiscing consectetur amet labore et do magna ipsum aliqua. incididunt sit Lorem eiusmod aliqua. do tempor elit magna eiusmod ipsum ut sit labore amet sed dolore Lorem dolor consectetur adipiscing et incididunt aliqua. sit magna dolore elit incididunt tempor Lorem amet consectetur ut adipiscing ipsum labore eiusmod et do dolor sed magna eiusmod elit do Lorem labore tempor consectetur incididunt amet sit aliqua. dolor sed ipsum dolore et ut adipiscing labore Lorem sed ut magna sit dolor adipiscing d, stairs stairs stairs stairs stairs stairs stairs stairs stairs stairs stairs stairs stairs stairs stairs stairs stairs stairs stairs stairs stairs stairs stairs stairs stairs stairs stairs stairs stairs stairs stairs stairs stairs stairs stairs stairs stairs stairs stairs stairs stairs stairs stairs stairs stairs stairs stairs stairs stairs stairs stairs stairs stairs stairs stairs stairs stairs stairs stairs stairs stairs stairs stairs stairs,,
req-0006-63968e,synthetic,1787905746.7188818,1787905756.5096178,9.790735960006714,0.055600100022275,0.009313865078775773,"[0.004429799970239401, 0.004200900031719357, 0.004782099975273013, 0.004956400021910667, 0.004802999959792942, 0.005194700032006949, 0.004938400001265109, 0.005204299988690764, 0.005229900008998811, 0.005842300015501678, 0.005649800004903227, 0.006105099979322404, 0.005856600007973611, 0.006518899986986071, 0.006291199999395758, 0.006587599986232817, 0.00716059998376295, 0.0063952000346034765, 0.007733299979008734, 0.006286100018769503, 0.008458599972072989, 0.008147100044880062, 0.00863039999967441, 0.009076599963009357, 0.009527100017294288, 0.00755620002746582, 0.011337699950672686, 0.01116240001283586, 0.010900599998421967, 0.011805000016465783, 0.017856599995866418, 0.01268400001572445, 0.012844099954236299, 0.00956690002931282, 0.011439000023528934, 0.012262499949429184, 0.011014100047759712, 0.011721099959686399, 0.01483970001572743, 0.010867999983020127, 0.012468600005377084, 0.009931000007782131, 0.009857800032477826, 0.010859599977266043, 0.009482399967964739, 0.009675500041339546, 0.010044700000435114, 0.009014699957333505, 0.01062910002656281, 0.01510349998716265, 0.011755799991078675, 0.01098610000917688, 0.010053900012280792, 0.012049300014041364, 0.01041549997171387, 0.010455999989062548, 0.010514600027818233, 0.010556699999142438, 0.012977499980479479, 0.010857000015676022, 0.012425100023392588, 0.010535999957937747, 0.010259200003929436]",0.6436004638671875,1787905757.1532183,512,64,True,,200,adipiscing sed consectetur ipsum eiusmod magna tempor et aliqua. dolore elit incididunt ut labore sit amet Lorem do dolor et tempor incididunt sit magna ut labore sed dolore do aliqua. Lorem ipsum amet eiusmod adipiscing elit consectetur dolor tempor consectetur sed do magna aliqua. ipsum Lorem incididunt dolore et dolor sit labore adipiscing ut amet elit eiusmod dolor dolore Lorem adipiscing sit amet incididunt aliqua. sed ut magna eiusmod ipsum tempor elit do labore et consectetur aliqua. ipsum adipiscing amet sed dolore eiusmod et elit labore sit consectetur tempor magna do Lorem ut dolor incididunt eiusmod incididunt sed dolore consectetur dolor Lorem magna adipiscing sit labore ut do et ipsum aliqua. elit tempor amet incididunt Lorem ipsum labore tempor dolore consectetur adipiscing sit magna dolor amet et do elit sed eiusmod ut aliqua. dolor eiusmod ipsum adipiscing incididunt tempor dolore ut sed amet magna do sit elit et Lorem consectetur aliqua. labore et magna dolor ipsum tempor labore sed sit incididunt consectetur amet dolore elit do Lorem aliqua. adipiscing ut eiusmod dolor tempor elit do aliqua. sed dolore labore amet ipsum eiusmod Lorem ut sit consectetur incididunt et adipiscing magna tempor ut labore sed aliqua. adipiscing magna et consectetur sit incididunt eiusmod ipsum elit amet dolore Lorem do dolor adipiscing labore Lorem eiusmod et ut tempor dolore do ipsum sed consectetur aliqua. magna elit incididunt dolor sit amet amet dolore aliqua. elit sed consectetur ut Lorem tempor incididunt magna adipiscing ipsum do labore et eiusmod sit dolor tempor amet magna sed dolore et labore dolor eiusmod incididunt ipsum consectetur Lorem adipiscing sit do elit aliqua. ut eiusmod sed ipsum incididunt labore et dolore magna elit aliqua. ut Lorem adipiscing dolor tempor do sit amet consectetur eiusmod dolore amet ut incididunt aliqua. tempor dolor et magna labore elit sit sed consectetur adipiscing do Lorem ipsum dolore aliqua. magna elit amet incididunt do adi, stairs stairs stairs stairs stairs stairs stairs stairs stairs stairs stairs stairs stairs stairs stairs stairs stairs stairs stairs stairs stairs stairs stairs stairs stairs stairs stairs stairs stairs stairs stairs stairs stairs stairs stairs stairs stairs stairs stairs stairs stairs stairs stairs stairs stairs stairs stairs stairs stairs stairs stairs stairs stairs stairs stairs stairs stairs stairs stairs stairs stairs stairs stairs stairs,,
req-0007-ec66b4,synthetic,1787905746.7188818,1787905758.0774047,11.358522891998291,0.05195510003250092,0.008242557143112497,"[0.0044501000083982944, 0.004418399999849498, 0.004388700006529689, 0.005379499983973801, 0.00473669997882098, 0.0053527000127360225, 0.006615100021008402, 0.005538599973078817, 0.00581679999595508, 0.006080300023313612, 0.006548499979544431, 0.007520799990743399, 0.006939400045666844, 0.007098899979609996, 0.007355700014159083, 0.008365599962417036, 0.007998200017027557, 0.009564700012560934, 0.008398599980864674, 0.008092400035820901, 0.008122699975501746, 0.008311200013849884, 0.008356800011824816, 0.008343599969521165, 0.007184999994933605, 0.010515799978747964, 0.007779300038237125, 0.009152200014796108, 0.009148699988145381, 0.008753000001888722, 0.01018599997041747, 0.00883030000841245, 0.01319229998625815, 0.00913260004017502, 0.00807469995925203, 0.012980700004845858, 0.008829300000797957, 0.00838579999981448, 0.009112700005061924, 0.008913600002415478, 0.009186099981889129, 0.008284300041850656, 0.008950499992351979, 0.008017199987079948, 0.00973109999904409, 0.011300600017420948, 0.009071999986190349, 0.008903199981432408, 0.008227600017562509, 0.00895779998973012, 0.008450100023765117, 0.009487900009844452, 0.009035199997015297, 0.008655299956444651, 0.009718200017232448, 0.008509000006597489, 0.009696300025098026, 0.008671399962622672, 0.00843630003510043, 0.008415899996180087, 0.008383899985346943, 0.009120000002440065, 0.008105200016871095]",0.572514533996582,1787905758.6499193,511,64,True,,200,sit ut Lorem labore tempor ipsum incididunt dolore elit eiusmod consectetur et do amet aliqua. sed adipiscing dolor magna dolore elit do sit labore Lorem aliqua. adipiscing tempor ut consectetur magna eiusmod amet sed et dolor ipsum incididunt adipiscing elit dolore sit labore consectetur tempor incididunt ipsum aliqua. dolor magna ut eiusmod Lorem et sed do amet sed eiusmod ipsum incididunt sit elit ut amet dolor do magna et consectetur tempor aliqua. dolore labore Lorem adipiscing consectetur dolor labore ipsum adipiscing ut dolore eiusmod amet do incididunt elit tempor sed sit et magna aliqua. Lorem Lorem magna labore amet incididunt adipiscing consectetur eiusmod sit ut sed ipsum do aliqua. et tempor dolore dolor elit incididunt ipsum elit labore do ut adipiscing sed eiusmod amet aliqua. tempor consectetur sit dolore Lorem dolor magna et labore magna elit incididunt et amet ipsum dolor tempor sed adipiscing eiusmod sit Lorem aliqua. do dolore ut consectetur adipiscing eiusmod aliqua. dolor dolore magna sit Lorem ut et consectetur do ipsum labore amet incididunt sed elit tempor ut Lorem incididunt elit labore do sit eiusmod consectetur et tempor aliqua. dolore adipiscing ipsum magna amet sed dolor et elit labore sit dolor consectetur tempor adipiscing ipsum dolore incididunt aliqua. Lorem magna do ut eiusmod amet sed ipsum tempor ut magna labore consectetur aliqua. dolor et dolore eiusmod elit sed sit do Lorem incididunt amet adipiscing Lorem do eiusmod dolore adipiscing et incididunt sit amet elit consectetur labore ut aliqua. ipsum sed dolor magna tempor elit et Lorem dolor do magna adipiscing sed consectetur sit ipsum amet ut aliqua. labore tempor incididunt eiusmod dolore Lorem dolor sit do incididunt magna aliqua. tempor ut consectetur dolore sed adipiscing eiusmod labore ipsum amet et elit incididunt magna do labore tempor ipsum eiusmod et aliqua. adipiscing dolore ut elit amet Lorem consectetur dolor sed sit adipiscing aliqua. consectetur eiusmod incididun, factors factors factors factors factors factors factors factors factors factors factors factors factors factors factors factors factors factors factors factors factors factors factors factors factors factors factors factors factors factors factors factors factors factors factors factors factors factors factors factors factors factors factors factors factors factors factors factors factors factors factors factors factors factors factors factors factors factors factors factors factors factors factors factors,,
req-0008-66b76d,synthetic,1787905746.7188818,1787905759.4851735,12.766291618347168,0.055794799991417676,0.008288604761695578,"[0.0042492999928072095, 0.0045492000062949955, 0.004916400008369237, 0.004461299977265298, 0.004894700017757714, 0.005161300010513514, 0.004938099998980761, 0.0057616999838501215, 0.005710299999918789, 0.005419499997515231, 0.006382899999152869, 0.006886199989821762, 0.006153399997856468, 0.006321599998045713, 0.006201200012583286, 0.007437199994456023, 0.007238999998662621, 0.007208299997728318, 0.00710590003291145, 0.007136999978683889, 0.007695299980696291, 0.008238800044637173, 0.007189999974798411, 0.009669299994129688, 0.007786100031808019, 0.011401299969293177, 0.011087100021541119, 0.008487100014463067, 0.009495999955106527, 0.008607600000686944, 0.009943400043994188, 0.008199599978979677, 0.008324700000230223, 0.009062699973583221, 0.008322100038640201, 0.008287600008770823, 0.008893099962733686, 0.01055940001970157, 0.008039399981498718, 0.008969300019089133, 0.00873860000865534, 0.009121899958699942, 0.008371800009626895, 0.009211900003720075, 0.008821199997328222, 0.00945260003209114, 0.008460899989586323, 0.009267999965231866, 0.008070600044447929, 0.009270899987313896, 0.008145999978296459, 0.008567700046114624, 0.009266599954571575, 0.009679800015874207, 0.009718800021801144, 0.010410899994894862, 0.01261739997426048, 0.010489500011317432, 0.018086600000970066, 0.010215000016614795, 0.010245999961625785, 0.009278200042899698, 0.010276799963321537]",0.5792186260223389,1787905760.064392,510,64,True,,200,ipsum labore incididunt eiusmod do et consectetur sit adipiscing tempor Lorem magna amet dolore elit ut dolor aliqua. sed dolor eiusmod labore elit amet sed consectetur magna ipsum Lorem ut dolore et do aliqua. sit incididunt tempor adipiscing et ipsum labore magna adipiscing consectetur sed ut incididunt tempor elit dolor sit do dolore Lorem aliqua. eiusmod amet do sed amet dolor sit aliqua. Lorem ipsum eiusmod labore adipiscing ut consectetur incididunt dolore et elit magna tempor do consectetur eiusmod ipsum et sed tempor incididunt sit aliqua. adipiscing dolore magna dolor elit Lorem ut labore amet Lorem tempor amet et labore eiusmod dolore magna dolor do ut ipsum sed aliqua. adipiscing incididunt elit sit consectetur dolor consectetur do sit ut magna incididunt aliqua. ipsum amet et labore dolore sed eiusmod Lorem elit adipiscing tempor Lorem labore ut incididunt tempor aliqua. elit ipsum amet consectetur dolore sit eiusmod magna sed dolor et adipiscing do sit aliqua. sed do consectetur Lorem et adipiscing labore tempor eiusmod amet dolore elit incididunt magna dolor ipsum ut eiusmod aliqua. sed consectetur adipiscing magna do sit et labore ipsum amet ut dolor dolore incididunt tempor elit Lorem labore incididunt tempor dolore Lorem amet magna consectetur do ut sed dolor elit eiusmod sit ipsum adipiscing aliqua. et et dolor dolore do amet sed eiusmod Lorem ut magna tempor adipiscing incididunt sit ipsum elit aliqua. labore consectetur incididunt dolore dolor et Lorem ipsum amet elit sit labore adipiscing ut magna do tempor sed consectetur eiusmod aliqua. ut sed sit magna aliqua. consectetur Lorem dolor incididunt elit adipiscing dolore ipsum tempor labore et amet eiusmod do tempor labore eiusmod consectetur dolore do ipsum aliqua. elit incididunt sit dolor magna ut et amet sed Lorem adipiscing elit aliqua. et adipiscing labore ut ipsum eiusmod magna dolor sed sit Lorem tempor incididunt dolore amet consectetur do ut dolore amet eiusmod aliqua. adipiscing do sit, factors factors factors factors factors factors factors factors factors factors factors factors factors factors factors factors factors factors factors factors factors factors factors factors factors factors factors factors factors factors factors factors factors factors factors factors factors factors factors factors factors factors factors factors factors factors factors factors factors factors factors factors factors factors factors factors factors factors factors factors factors factors factors factors,,
req-0009-cc99ff,synthetic,1787905746.7188818,1787905760.954285,14.235403060913086,0.06697069999063388,0.008938484126701951,"[0.004239499976392835, 0.004786500008776784, 0.0046036000130698085, 0.004892400000244379, 0.0049442999879829586, 0.005636700021568686, 0.00535749999107793, 0.005098499997984618, 0.0054481999832205474, 0.006285300012677908, 0.0064545999630354345, 0.006559800007380545, 0.006213699991349131, 0.007234000018797815, 0.007654300017748028, 0.007818799989763647, 0.008281800022814423, 0.008448999957181513, 0.00761110003804788, 0.00918749999254942, 0.008729900000616908, 0.01036529999691993, 0.00887019996298477, 0.007547900022473186, 0.010266299999784678, 0.009947100013960153, 0.009798199986107647, 0.010567200020886958, 0.01365290000103414, 0.010345199960283935, 0.009649200015701354, 0.011400000017601997, 0.01030449999962002, 0.012059699976816773, 0.009715099993627518, 0.011151100043207407, 0.01146449998486787, 0.009866099979262799, 0.010318599990569055, 0.010586599993985146, 0.00985420000506565, 0.009156200045254081, 0.01002599997445941, 0.009868599998299032, 0.009584999992512167, 0.010948300012387335, 0.009110699989832938, 0.010052300000097603, 0.011399000009987503, 0.013117700000293553, 0.010669399984180927, 0.010250599996652454, 0.009747100004460663, 0.0102024000370875, 0.008777399954851717, 0.009400100039783865, 0.009408699988853186, 0.009266800014302135, 0.010111699986737221, 0.009783899993635714, 0.009908000007271767, 0.009388700011186302, 0.009728999983053654]",0.6314101219177246,1787905761.585695,512,64,True,,200,magna adipiscing do Lorem sed dolor labore et dolore tempor eiusmod elit ut sit consectetur aliqua. ipsum incididunt amet ipsum eiusmod elit consectetur magna et tempor labore do aliqua. Lorem sit incididunt amet ut adipiscing dolore sed dolor do sit incididunt labore magna tempor adipiscing eiusmod elit ipsum dolor amet Lorem consectetur dolore ut et aliqua. sed do Lorem consectetur incididunt sed ipsum aliqua. dolore magna elit labore sit dolor ut amet et eiusmod adipiscing tempor magna elit labore aliqua. et dolore adipiscing eiusmod ipsum tempor sed Lorem amet dolor ut consectetur incididunt sit do ipsum incididunt dolore magna amet et dolor Lorem eiusmod consectetur elit do tempor ut aliqua. sit sed adipiscing labore et ipsum dolore incididunt magna sed aliqua. Lorem consectetur sit do adipiscing elit tempor amet ut dolor eiusmod labore ipsum magna consectetur et tempor ut amet eiusmod do elit dolor labore sed dolore incididunt aliqua. adipiscing Lorem sit magna dolor consectetur aliqua. do incididunt et elit tempor amet sed ipsum eiusmod dolore adipiscing ut sit Lorem labore dolore et tempor aliqua. consectetur adipiscing sed labore dolor eiusmod elit ut incididunt sit Lorem amet magna do ipsum consectetur eiusmod magna amet incididunt Lorem sed dolor et ut aliqua. adipiscing sit labore do elit ipsum tempor dolore eiusmod labore amet do ut Lorem tempor ipsum elit sit adipiscing aliqua. dolor incididunt magna dolore et consectetur sed ut adipiscing Lorem eiusmod labore amet sed tempor aliqua. magna ipsum sit dolore incididunt consectetur do dolor et elit adipiscing amet Lorem elit labore ut et sit tempor sed consectetur ipsum dolore aliqua. do magna eiusmod incididunt dolor labore incididunt aliqua. sit tempor consectetur sed adipiscing Lorem et ut amet do magna dolor ipsum dolore elit eiusmod sed elit eiusmod ut sit labore dolore do aliqua. amet adipiscing magna consectetur incididunt et ipsum tempor dolor Lorem ipsum sed do dolor et adipiscing ut incididunt a, stairs stairs stairs stairs stairs stairs stairs stairs stairs stairs stairs stairs stairs stairs stairs stairs stairs stairs stairs stairs stairs stairs stairs stairs stairs stairs stairs stairs stairs stairs stairs stairs stairs stairs stairs stairs stairs stairs stairs stairs stairs stairs stairs stairs stairs stairs stairs stairs stairs stairs stairs stairs stairs stairs stairs stairs stairs stairs stairs stairs stairs stairs stairs stairs,,
req-0010-8e624a,synthetic,1787905746.7188818,1787905762.4435883,15.724706411361694,0.06282759999157861,0.009008561904978243,"[0.004295299993827939, 0.005557800002861768, 0.004969500005245209, 0.0045479999971576035, 0.004685599997173995, 0.00499889999628067, 0.005563099985010922, 0.006787299993447959, 0.005464900052174926, 0.005341899988707155, 0.005956500011961907, 0.00629369996022433, 0.0065753000089898705, 0.007100899994838983, 0.007108899997547269, 0.00718140002572909, 0.007889400003477931, 0.007502499967813492, 0.008552999992389232, 0.00942470005247742, 0.00885239994386211, 0.00880670000333339, 0.010492600034922361, 0.01057420001598075, 0.00977249996503815, 0.009462199988774955, 0.01064079999923706, 0.010447300039231777, 0.009434300009161234, 0.00975189998280257, 0.011760199966374785, 0.010892499994952232, 0.0091223000199534, 0.009321800025645643, 0.008502699958626181, 0.01005570002598688, 0.009632600005716085, 0.01039919996401295, 0.010307900025509298, 0.010926600021775812, 0.009760299988556653, 0.00965859997086227, 0.011689700011629611, 0.009659700037445873, 0.009864099964033812, 0.009558600024320185, 0.011655199981760234, 0.010352800018154085, 0.012232899956870824, 0.01006460003554821, 0.009747200005222112, 0.015796499967109412, 0.009924400015734136, 0.010056100029032677, 0.010133699979633093, 0.009387199999764562, 0.009847500012256205, 0.009698899986688048, 0.009869700006674975, 0.009389400016516447, 0.013317299948539585, 0.009713100036606193, 0.01120690000243485]",0.6316127777099609,1787905763.075201,511,64,True,,200,elit adipiscing tempor amet sed incididunt ipsum eiusmod do magna labore dolor sit Lorem dolore et ut consectetur aliqua. ut magna aliqua. Lorem adipiscing et incididunt sit ipsum consectetur amet dolore labore elit do tempor eiusmod dolor sed adipiscing et magna dolore tempor sed incididunt dolor do amet elit ipsum eiusmod Lorem sit consectetur aliqua. ut labore sit do eiusmod adipiscing tempor ut dolore ipsum incididunt elit aliqua. dolor labore Lorem amet magna consectetur sed et dolor amet et tempor ipsum dolore sed adipiscing magna Lorem consectetur incididunt aliqua. elit eiusmod do labore ut sit aliqua. adipiscing ipsum consectetur et dolor amet elit tempor sed do magna dolore eiusmod incididunt Lorem labore ut sit incididunt aliqua. consectetur elit do tempor labore magna sit dolore ipsum et dolor adipiscing amet eiusmod ut sed Lorem et sit ut tempor elit magna labore dolor ipsum incididunt adipiscing Lorem sed do aliqua. eiusmod amet dolore consectetur elit Lorem amet sit ipsum consectetur adipiscing dolore sed tempor do magna incididunt dolor et ut labore aliqua. eiusmod adipiscing eiusmod incididunt ipsum Lorem et dolore sit labore magna consectetur tempor dolor amet aliqua. elit ut do sed incididunt adipiscing aliqua. labore amet do dolore et dolor consectetur sit eiusmod Lorem ipsum magna elit sed tempor ut dolore eiusmod aliqua. incididunt do dolor amet elit sed sit ipsum magna et Lorem adipiscing labore consectetur tempor ut dolore adipiscing consectetur magna labore ut eiusmod tempor sit ipsum incididunt et Lorem dolor sed elit amet aliqua. do ut tempor sit dolor dolore Lorem elit sed amet labore do incididunt consectetur aliqua. ipsum et adipiscing magna eiusmod labore ut tempor elit dolore Lorem magna sed aliqua. consectetur ipsum eiusmod dolor sit amet et do adipiscing incididunt Lorem consectetur ut tempor ipsum sit sed aliqua. dolore dolor do labore elit eiusmod adipiscing et amet incididunt magna consectetur aliqua. amet labore elit incididunt , factors factors factors factors factors factors factors factors factors factors factors factors factors factors factors factors factors factors factors factors factors factors factors factors factors factors factors factors factors factors factors factors factors factors factors factors factors factors factors factors factors factors factors factors factors factors factors factors factors factors factors factors factors factors factors factors factors factors factors factors factors factors factors factors,,
req-0011-e540ab,synthetic,1787905746.7188818,1787905763.9753978,17.256515979766846,0.05169199994998053,0.009022626984265767,"[0.004363600048236549, 0.004536199965514243, 0.004849600023590028, 0.004565500013995916, 0.005038100003730506, 0.0055253999889828265, 0.005641299998387694, 0.006178000010550022, 0.006459299998823553, 0.005982199974823743, 0.00581980001879856, 0.006940399995073676, 0.007321399985812604, 0.007067999977152795, 0.007430700003169477, 0.0067832000204361975, 0.007458599982783198, 0.006676600023638457, 0.00905120000243187, 0.007998599961865693, 0.0102957000490278, 0.008208399987779558, 0.010204499994870275, 0.01157859998056665, 0.009117500041611493, 0.011247299960814416, 0.011164100025780499, 0.011663399985991418, 0.010624899994581938, 0.009514499979559332, 0.010456100048031658, 0.010015000007115304, 0.011069299944210798, 0.010297300003003329, 0.01034610002534464, 0.010055000020656735, 0.009739800007082522, 0.011235999991185963, 0.00997409998672083, 0.00953999999910593, 0.01407530001597479, 0.009764399961568415, 0.010089199990034103, 0.011626700055785477, 0.009868699999060482, 0.009208399977069348, 0.010359200008679181, 0.009802999964449555, 0.010245900019071996, 0.009561999992001802, 0.010386000038124621, 0.009456599946133792, 0.009761900000739843, 0.010700100043322891, 0.010210699983872473, 0.009405900025740266, 0.012213699985295534, 0.009394299995619804, 0.01019800000358373, 0.00964090001070872, 0.009606499981600791, 0.011321800004225224, 0.00949099997524172]",0.6214582920074463,1787905764.596856,512,64,True,,200,et dolor elit ipsum magna sed tempor do incididunt aliqua. dolore amet ut eiusmod Lorem consectetur sit labore adipiscing aliqua. dolor Lorem tempor sit ut magna eiusmod consectetur dolore amet sed elit ipsum labore incididunt adipiscing et do ipsum Lorem tempor adipiscing et elit sit dolore incididunt eiusmod do aliqua. sed consectetur ut magna amet labore dolor elit labore tempor dolore magna incididunt dolor aliqua. ipsum Lorem et adipiscing sit eiusmod ut do consectetur sed amet sit tempor amet ut Lorem dolore consectetur ipsum incididunt magna aliqua. sed adipiscing do labore eiusmod elit et dolor Lorem dolor adipiscing eiusmod et ipsum ut elit do amet consectetur dolore incididunt sit tempor magna aliqua. labore sed aliqua. labore sit eiusmod incididunt consectetur adipiscing tempor ipsum Lorem do et dolor amet magna sed ut dolore elit do magna sed Lorem amet dolore incididunt consectetur ipsum tempor eiusmod et dolor labore sit aliqua. elit adipiscing ut amet consectetur sed aliqua. labore sit Lorem do eiusmod ipsum dolore incididunt magna elit tempor dolor et adipiscing ut aliqua. tempor labore et consectetur Lorem sed ipsum ut sit incididunt eiusmod adipiscing amet magna dolore elit do dolor dolore aliqua. amet sit ut elit do dolor tempor adipiscing magna ipsum incididunt labore Lorem sed eiusmod et consectetur ut do et Lorem adipiscing amet elit dolore ipsum magna eiusmod consectetur sed dolor sit labore tempor incididunt aliqua. elit do aliqua. Lorem incididunt adipiscing labore ut sed dolor tempor eiusmod consectetur magna sit et dolore amet ipsum sit labore ipsum adipiscing eiusmod ut dolor sed incididunt dolore magna tempor Lorem consectetur amet elit do aliqua. et incididunt amet do eiusmod labore elit et dolore magna aliqua. sed dolor ut ipsum adipiscing tempor consectetur sit Lorem aliqua. dolor ut ipsum eiusmod incididunt labore elit tempor sed et consectetur adipiscing dolore Lorem do sit magna amet dolor magna do consectetur adipiscing sit eiusmo, factors factors factors factors factors factors factors factors factors factors factors factors factors factors factors factors factors factors factors factors factors factors factors factors factors factors factors factors factors factors factors factors factors factors factors factors factors factors factors factors factors factors factors factors factors factors factors factors factors factors factors factors factors factors factors factors factors factors factors factors factors factors factors factors,,
req-0012-50af5e,synthetic,1787905746.7188818,1787905765.435789,18.716907262802124,0.05399530002614483,0.008963498412557537,"[0.004289399948902428, 0.00437370000872761, 0.004710900015197694, 0.004443700017873198, 0.0048720999620854855, 0.005192100012209266, 0.005182299995794892, 0.005156200029887259, 0.0054215999552980065, 0.005902000004425645, 0.006064800021704286, 0.006914000026881695, 0.006723899976350367, 0.006462100020144135, 0.008306199975777417, 0.008052300021518022, 0.006743999954778701, 0.007972300052642822, 0.0073420999688096344, 0.006844000017736107, 0.007738000014796853, 0.007776199956424534, 0.008401500002946705, 0.012309800018556416, 0.007561400008853525, 0.009634299960453063, 0.009352200024295598, 0.009914199996273965, 0.011348400032147765, 0.012711899995338172, 0.0098094999557361, 0.010650200012605637, 0.009927299979608506, 0.009571900009177625, 0.0100158000132069, 0.010461000027135015, 0.012507999956142157, 0.00988240004517138, 0.009816599951591343, 0.014159500016830862, 0.010008100012782961, 0.009743099974002689, 0.010192200017627329, 0.009707999997772276, 0.011971100000664592, 0.010045900009572506, 0.013975300011225045, 0.00974740000674501, 0.010618100001011044, 0.009782299981452525, 0.00977260002400726, 0.010041899979114532, 0.010508799983654171, 0.010314200015272945, 0.010167800006456673, 0.009191599965561181, 0.01097420003497973, 0.009879799967166036, 0.009718100016470999, 0.009575999982189387, 0.014962400018703192, 0.009596000018063933, 0.009685700002592057]",0.6197311878204346,1787905766.0555203,510,64,True,,200,incididunt adipiscing sit sed tempor elit labore magna amet dolor ipsum et dolore do consectetur Lorem eiusmod aliqua. ut ipsum tempor do et sit amet aliqua. magna incididunt elit consectetur adipiscing ut Lorem dolore dolor sed eiusmod labore labore incididunt dolore ut consectetur Lorem sed amet tempor elit adipiscing do sit ipsum dolor et magna eiusmod aliqua. Lorem adipiscing dolor consectetur eiusmod dolore magna ut incididunt do aliqua. amet sed sit tempor et ipsum labore elit do dolor sit ipsum sed ut incididunt aliqua. elit adipiscing eiusmod amet tempor consectetur et labore Lorem dolore magna tempor ipsum elit dolor magna consectetur incididunt et sit sed labore adipiscing amet Lorem ut aliqua. do eiusmod dolore sed sit dolore eiusmod ipsum magna tempor dolor et do consectetur amet ut elit Lorem adipiscing incididunt aliqua. labore aliqua. dolore do eiusmod ut elit sit tempor ipsum magna consectetur dolor labore Lorem incididunt amet et adipiscing sed consectetur elit ut aliqua. dolor dolore do amet incididunt ipsum Lorem adipiscing tempor sed magna sit eiusmod labore et ipsum eiusmod tempor Lorem magna sit aliqua. dolor ut consectetur dolore sed adipiscing et elit amet incididunt labore do et aliqua. adipiscing labore eiusmod magna incididunt ut sit dolor Lorem dolore do sed amet elit consectetur ipsum tempor tempor incididunt do consectetur ipsum et ut labore dolore amet sit adipiscing eiusmod sed aliqua. magna Lorem elit dolor aliqua. ipsum labore consectetur amet dolore sed sit eiusmod magna Lorem dolor incididunt do adipiscing ut tempor elit et eiusmod adipiscing et dolor amet dolore magna ut elit incididunt sit tempor labore Lorem do consectetur ipsum sed aliqua. incididunt et elit sit ut dolore do adipiscing magna labore dolor tempor ipsum consectetur aliqua. amet sed eiusmod Lorem et incididunt ut labore tempor sit do elit sed amet dolor magna aliqua. Lorem adipiscing dolore ipsum consectetur eiusmod ut dolore tempor dolor labore elit eiusmod adipi, factors factors factors factors factors factors factors factors factors factors factors factors factors factors factors factors factors factors factors factors factors factors factors factors factors factors factors factors factors factors factors factors factors factors factors factors factors factors factors factors factors factors factors factors factors factors factors factors factors factors factors factors factors factors factors factors factors factors factors factors factors factors factors factors,,
req-0013-a249c8,synthetic,1787905746.7188818,1787905766.9534843,20.234602451324463,0.05175129999406636,0.008774338095145861,"[0.004243000003043562, 0.004467400023713708, 0.004303399997297674, 0.004754099994897842, 0.004807099991012365, 0.005071000021416694, 0.0054780999780632555, 0.00557530001970008, 0.007343799981754273, 0.0064759000088088214, 0.006195799971465021, 0.007035300019197166, 0.007166500028688461, 0.006843099952675402, 0.007659000053536147, 0.009314499970059842, 0.007609300024341792, 0.007752400008030236, 0.008721599995624274, 0.008708999957889318, 0.008278099994640797, 0.009760700049810112, 0.009186399984173477, 0.010740900004748255, 0.010879899957217276, 0.011097500042524189, 0.010409199981950223, 0.009522399981506169, 0.0095075000426732, 0.009678400005213916, 0.00957259995630011, 0.012323600007221103, 0.010036099993158132, 0.0106734000146389, 0.009639099997002631, 0.010985200002323836, 0.009144000010564923, 0.010850899969227612, 0.009488500014413148, 0.008919399988371879, 0.011934800015296787, 0.010133200034033507, 0.010480099997948855, 0.01030159997753799, 0.010192600020673126, 0.009994199965149164, 0.009349600004497916, 0.008664200024213642, 0.009127099998295307, 0.008393700001761317, 0.012765699997544289, 0.009154099971055984, 0.00930309999966994, 0.01258340000640601, 0.007561500009614974, 0.009608899999875575, 0.008715800009667873, 0.008417700009886175, 0.009549499955028296, 0.008857700042426586, 0.009673099964857101, 0.00843029998941347, 0.009372000000439584]",0.6059763431549072,1787905767.5594606,511,64,True,,200,adipiscing dolor do consectetur sed amet tempor ipsum dolore et elit incididunt sit labore ut magna eiusmod aliqua. Lorem ipsum dolor consectetur et ut dolore incididunt labore do sed adipiscing sit Lorem aliqua. amet eiusmod magna tempor elit dolor consectetur tempor sit ipsum aliqua. incididunt adipiscing dolore sed labore elit do magna eiusmod amet ut et Lorem dolore sit adipiscing labore Lorem aliqua. amet et do elit incididunt ut dolor magna ipsum sed tempor eiusmod consectetur incididunt sed eiusmod adipiscing sit do ut consectetur labore dolore ipsum Lorem amet et magna tempor dolor aliqua. elit magna adipiscing Lorem eiusmod dolor sit aliqua. incididunt labore elit consectetur sed ipsum amet tempor ut dolore do et eiusmod labore amet Lorem tempor sed adipiscing dolor incididunt consectetur magna et do dolore ut aliqua. ipsum elit sit incididunt aliqua. et sed magna adipiscing elit do eiusmod sit tempor labore ut amet dolor Lorem consectetur ipsum dolore aliqua. dolore tempor magna dolor elit eiusmod consectetur et Lorem incididunt sit labore do ut ipsum adipiscing amet sed tempor labore elit et incididunt do consectetur sit adipiscing ut ipsum dolor Lorem eiusmod amet magna aliqua. dolore sed adipiscing do eiusmod et amet tempor sit incididunt magna aliqua. consectetur ipsum sed dolor dolore elit Lorem ut labore tempor dolore ut adipiscing magna sed aliqua. incididunt do consectetur sit dolor eiusmod Lorem amet et elit ipsum labore et adipiscing ipsum Lorem eiusmod do incididunt ut sit labore consectetur dolore amet aliqua. sed elit magna tempor dolor do et incididunt amet dolore ut magna sed dolor eiusmod tempor elit labore ipsum sit Lorem adipiscing consectetur aliqua. dolor et amet tempor ipsum elit ut eiusmod sed incididunt do consectetur dolore labore sit Lorem adipiscing aliqua. magna incididunt labore elit et dolore ipsum amet sit aliqua. adipiscing do tempor sed Lorem magna dolor consectetur ut eiusmod dolore amet elit adipiscing labore do incididunt, factors factors factors factors factors factors factors factors factors factors factors factors factors factors factors factors factors factors factors factors factors factors factors factors factors factors factors factors factors factors factors factors factors factors factors factors factors factors factors factors factors factors factors factors factors factors factors factors factors factors factors factors factors factors factors factors factors factors factors factors factors factors factors factors,,
req-0014-7a3cde,synthetic,1787905746.7188818,1787905768.4095738,21.69069194793701,0.05414660001406446,0.008334500000013836,"[0.004627200018148869, 0.004020899999886751, 0.004495000001043081, 0.004633400007151067, 0.004845399991609156, 0.004877200000919402, 0.005154100013896823, 0.00590859999647364, 0.005411599995568395, 0.0058397999964654446, 0.006404699990525842, 0.006106299988459796, 0.006355600024107844, 0.0068153999745845795, 0.006198399991262704, 0.0075888000428676605, 0.007529700000304729, 0.008152599970344454, 0.007099099981132895, 0.007387800025753677, 0.007789700001012534, 0.007603899983223528, 0.007795100042130798, 0.008737999945878983, 0.008884100010618567, 0.008701300015673041, 0.011010800022631884, 0.010002799972426146, 0.008716600015759468, 0.008354499994311482, 0.009019699995405972, 0.00836809998145327, 0.00994610000634566, 0.009507400041911751, 0.008395599958021194, 0.012594000028911978, 0.008647300011944026, 0.008325399947352707, 0.008092000032775104, 0.008184099977370352, 0.009022300015203655, 0.008352799981366843, 0.009330600034445524, 0.008324199996422976, 0.009889499982818961, 0.008290100027807057, 0.009275999967940152, 0.008088900009170175, 0.012258099974133074, 0.008469400054309517, 0.008192199980840087, 0.008992200018838048, 0.008095099998172373, 0.009225299989338964, 0.008053099969401956, 0.011025400017388165, 0.010474100010469556, 0.012089399970136583, 0.014594700012821704, 0.012012000021059066, 0.01047350000590086, 0.011581300001125783, 0.010835199966095388]",0.5806877613067627,1787905768.9902616,510,64,True,,200,do et ipsum dolore ut adipiscing dolor consectetur amet eiusmod tempor elit sed aliqua. sit magna incididunt Lorem labore labore sit adipiscing amet consectetur magna dolor eiusmod Lorem tempor do sed dolore ut et elit aliqua. incididunt ipsum dolore eiusmod aliqua. consectetur labore dolor adipiscing ut ipsum tempor amet sed elit do sit magna Lorem et incididunt Lorem ipsum sed amet tempor do labore sit aliqua. et adipiscing dolore eiusmod ut dolor elit consectetur incididunt magna tempor sit elit consectetur et magna sed eiusmod incididunt amet ipsum labore dolor adipiscing aliqua. dolore Lorem do ut ipsum dolor amet labore elit consectetur incididunt Lorem eiusmod adipiscing magna sed aliqua. et ut tempor dolore do sit ipsum magna incididunt eiusmod dolore sit do elit et adipiscing tempor aliqua. amet labore ut consectetur sed dolor Lorem tempor sit sed magna do Lorem elit ut et dolor aliqua. dolore ipsum adipiscing amet consectetur labore eiusmod incididunt dolor incididunt elit ut sit dolore tempor eiusmod adipiscing amet Lorem consectetur do ipsum et sed magna labore aliqua. consectetur adipiscing dolore Lorem sit incididunt ipsum eiusmod aliqua. et sed dolor elit ut amet magna do tempor labore ipsum elit magna consectetur tempor amet labore et aliqua. ut dolor dolore sed adipiscing sit do Lorem eiusmod incididunt amet ipsum sed aliqua. adipiscing ut tempor sit dolore et eiusmod labore dolor consectetur incididunt do magna Lorem elit do sit Lorem tempor ipsum amet consectetur elit aliqua. magna labore incididunt dolore eiusmod sed dolor ut et adipiscing do adipiscing elit dolore ipsum Lorem eiusmod tempor aliqua. consectetur et magna labore dolor incididunt amet ut sed sit et sed ipsum incididunt consectetur labore Lorem sit aliqua. amet dolor eiusmod adipiscing do elit dolore magna tempor ut ut eiusmod dolor et elit do amet magna sed ipsum sit Lorem aliqua. tempor labore adipiscing dolore incididunt consectetur amet sed dolor ut adipiscing labore elit magna L, factors factors factors factors factors factors factors factors factors factors factors factors factors factors factors factors factors factors factors factors factors factors factors factors factors factors factors factors factors factors factors factors factors factors factors factors factors factors factors factors factors factors factors factors factors factors factors factors factors factors factors factors factors factors factors factors factors factors factors factors factors factors factors factors,,
req-0015-b54090,synthetic,1787905746.7188818,1787905769.9219842,23.203102350234985,0.06739849998848513,0.008451628571723603,"[0.00441520003369078, 0.004266000003553927, 0.004108299966901541, 0.0050339000299572945, 0.005265699990559369, 0.005711100006010383, 0.005174999998416752, 0.005754099984187633, 0.006362300016917288, 0.006673399999272078, 0.006535799999255687, 0.006412799993995577, 0.006651800009422004, 0.006978499994147569, 0.007948299986310303, 0.008309600001666695, 0.008449000015389174, 0.008677400008309633, 0.008214599976781756, 0.009387300000526011, 0.00859619997208938, 0.010780500015243888, 0.010094800032675266, 0.00965549994725734, 0.00880240002879873, 0.00807480001822114, 0.009825399960391223, 0.009764800022821873, 0.010500499978661537, 0.00967340002534911, 0.008459599979687482, 0.012814100016839802, 0.008900700020603836, 0.008275199972558767, 0.008839600021019578, 0.008523199998307973, 0.009081099997274578, 0.008410400012508035, 0.008945099951233715, 0.008213600027374923, 0.013089800020679832, 0.008986399974673986, 0.008426900021731853, 0.009842599974945188, 0.009147999982815236, 0.009721700043883175, 0.008815699955448508, 0.008248400001320988, 0.009192700032144785, 0.008274399966467172, 0.010755900002550334, 0.009171899990178645, 0.008722000056877732, 0.008537999994587153, 0.009125299984589219, 0.009872899972833693, 0.009342500008642673, 0.011372999986633658, 0.009299100027419627, 0.0089548000250943, 0.009327499952632934, 0.00840510003035888, 0.00925699999788776]",0.6011888980865479,1787905770.523173,511,64,True,,200,tempor sed magna Lorem aliqua. elit et sit consectetur dolore adipiscing amet eiusmod do dolor ut incididunt labore ipsum aliqua. adipiscing dolore magna eiusmod incididunt labore Lorem elit consectetur ipsum sed et sit tempor ut dolor amet do Lorem consectetur eiusmod ipsum aliqua. elit tempor et magna sed labore do sit incididunt ut dolor dolore amet adipiscing magna amet ut aliqua. dolor sed elit consectetur incididunt Lorem dolore et labore tempor adipiscing sit ipsum do eiusmod consectetur ut amet eiusmod dolore elit adipiscing aliqua. Lorem tempor do et dolor labore magna sed sit incididunt ipsum sed tempor dolore do eiusmod ut adipiscing amet aliqua. et labore magna dolor sit elit incididunt ipsum Lorem consectetur eiusmod incididunt sit aliqua. dolore et sed consectetur dolor adipiscing elit amet ut labore ipsum Lorem magna tempor do labore dolore magna amet sit ipsum Lorem et do dolor adipiscing elit incididunt aliqua. tempor eiusmod ut consectetur sed labore dolore tempor adipiscing elit sit consectetur Lorem eiusmod do incididunt sed dolor amet magna ipsum et ut aliqua. tempor sit ipsum ut magna sed eiusmod Lorem aliqua. incididunt et consectetur elit labore dolor amet adipiscing dolore do dolore dolor consectetur amet ut eiusmod magna et ipsum sit Lorem do labore tempor sed aliqua. elit incididunt adipiscing adipiscing et aliqua. ut dolor labore eiusmod tempor sed do incididunt consectetur elit dolore ipsum Lorem magna sit amet sed ipsum eiusmod ut aliqua. magna et amet dolore consectetur incididunt dolor tempor labore do adipiscing elit Lorem sit Lorem ipsum sed adipiscing amet tempor magna eiusmod consectetur et ut labore dolore elit dolor aliqua. sit incididunt do elit et Lorem labore ipsum incididunt eiusmod do consectetur tempor ut dolor magna amet dolore sit sed aliqua. adipiscing adipiscing tempor ut consectetur incididunt amet dolore magna ipsum Lorem aliqua. labore elit et eiusmod sed dolor sit do sit et do ipsum labore Lorem incididunt adipisci, factors factors factors factors factors factors factors factors factors factors factors factors factors factors factors factors factors factors factors factors factors factors factors factors factors factors factors factors factors factors factors factors factors factors factors factors factors factors factors factors factors factors factors factors factors factors factors factors factors factors factors factors factors factors factors factors factors factors factors factors factors factors factors factors,,
req-0016-b398f1,synthetic,1787905746.7188818,1787905771.3512342,24.632352352142334,0.054658600012771785,0.009030826983877294,"[0.004540199995972216, 0.004286799987312406, 0.004273700003977865, 0.004047100024763495, 0.003999999957159162, 0.004948000016156584, 0.005283600010443479, 0.005070200015325099, 0.004965099971741438, 0.006764399993699044, 0.005992799997329712, 0.005794299999251962, 0.007135900028515607, 0.006268199998885393, 0.007055499998386949, 0.006676700024399906, 0.00818859995342791, 0.007398999994620681, 0.007884400023613125, 0.006668300018645823, 0.007889700005762279, 0.0072395000024698675, 0.006987999950069934, 0.010886600008234382, 0.00944090000120923, 0.008469299995340407, 0.009028400003444403, 0.009924500016495585, 0.014122900029178709, 0.011427899997215718, 0.01535829994827509, 0.010955300007481128, 0.01049730001250282, 0.010867799981497228, 0.011120600043796003, 0.011009399953763932, 0.010597800021059811, 0.010662399989087135, 0.014664400019682944, 0.01070739998249337, 0.014530399988871068, 0.010294900042936206, 0.013280399958603084, 0.011699300026521087, 0.009499099978711456, 0.010574700019787997, 0.010575900028925389, 0.010429499961901456, 0.010161500016693026, 0.010909200005698949, 0.009256199991796166, 0.009291399968788028, 0.009612300025764853, 0.008897599996998906, 0.009804299974348396, 0.009389600018039346, 0.009914700000081211, 0.009559200028888881, 0.013128899969160557, 0.009488800016697496, 0.009154099971055984, 0.011394900036975741, 0.008993999974336475]",0.6250624656677246,1787905771.9762967,511,64,True,,200,Lorem ut labore sed adipiscing elit eiusmod do et aliqua. magna amet tempor dolore sit dolor incididunt ipsum consectetur amet incididunt aliqua. tempor sed magna et consectetur dolore eiusmod adipiscing elit labore do ipsum ut dolor sit Lorem labore do ut ipsum tempor incididunt eiusmod dolor Lorem magna dolore amet sed consectetur aliqua. adipiscing elit et sit dolore ipsum eiusmod sit Lorem amet dolor sed labore do incididunt et tempor magna aliqua. adipiscing consectetur elit ut do aliqua. sit incididunt dolore ipsum Lorem labore amet ut elit adipiscing magna dolor consectetur tempor eiusmod et sed dolor ipsum adipiscing aliqua. Lorem consectetur sed incididunt ut eiusmod elit labore tempor dolore do amet et magna sit consectetur Lorem ut et eiusmod dolore adipiscing magna sit aliqua. do sed tempor dolor amet ipsum labore incididunt elit ut elit sit magna dolor incididunt consectetur tempor sed do aliqua. labore et ipsum adipiscing dolore eiusmod Lorem amet et consectetur aliqua. dolor ut tempor Lorem dolore do amet labore incididunt sit elit magna eiusmod adipiscing sed ipsum tempor elit incididunt et do dolor dolore ipsum amet sed magna consectetur ut adipiscing aliqua. Lorem sit labore eiusmod consectetur sit tempor ipsum magna labore aliqua. et dolor Lorem eiusmod amet elit do ut incididunt dolore sed adipiscing amet do dolore eiusmod sed aliqua. Lorem elit adipiscing tempor sit magna consectetur ut et dolor ipsum incididunt labore dolor tempor magna consectetur ipsum do et Lorem amet eiusmod adipiscing incididunt elit labore dolore sed ut sit aliqua. incididunt ipsum aliqua. eiusmod et adipiscing do amet magna sed labore elit tempor sit dolore Lorem consectetur dolor ut adipiscing amet elit tempor magna consectetur ipsum sit incididunt sed do et dolore labore ut eiusmod aliqua. dolor Lorem labore dolore et tempor ipsum amet incididunt Lorem magna aliqua. ut adipiscing eiusmod dolor sed elit sit consectetur do do ut aliqua. consectetur sit eiusmod sed amet i, factors factors factors factors factors factors factors factors factors factors factors factors factors factors factors factors factors factors factors factors factors factors factors factors factors factors factors factors factors factors factors factors factors factors factors factors factors factors factors factors factors factors factors factors factors factors factors factors factors factors factors factors factors factors factors factors factors factors factors factors factors factors factors factors,,
req-0017-3f1854,synthetic,1787905746.7188818,1787905772.8872197,26.16833782196045,0.05180279997875914,0.008046063491963736,"[0.004579400003422052, 0.004150299995671958, 0.004495300003327429, 0.00449520000256598, 0.0045131000224500895, 0.004986499960068613, 0.005508800037205219, 0.006317199964541942, 0.005056600028183311, 0.005296999996062368, 0.005558900011237711, 0.0056462999782525, 0.006775300018489361, 0.0055599999614059925, 0.00677979999454692, 0.00689250003779307, 0.005944699980318546, 0.0070553999976255, 0.006931699987035245, 0.007734400045592338, 0.007578499964438379, 0.007204100023955107, 0.0072851000004448, 0.008820499991998076, 0.008202900004107505, 0.007142600021325052, 0.008875699946656823, 0.008878400025423616, 0.008304200018756092, 0.010081399988848716, 0.008225400000810623, 0.009350600012112409, 0.010898999986238778, 0.009496100014075637, 0.010340899985749274, 0.010016000014729798, 0.008019300003070384, 0.00930879998486489, 0.013061999983619899, 0.008932100026868284, 0.008367699978407472, 0.00787919998401776, 0.009087600046768785, 0.008709899964742362, 0.009143400005996227, 0.008647000009659678, 0.009421199967619032, 0.008939100021962076, 0.009939800016582012, 0.009509299998171628, 0.008546900004148483, 0.011166399985086173, 0.008825399971101433, 0.00876380002591759, 0.008532000007107854, 0.008973399992100894, 0.008963499974925071, 0.011100800009444356, 0.01072680001379922, 0.009331299981568009, 0.008858900051563978, 0.010719799960497767, 0.008446799998637289]",0.5599827766418457,1787905773.4472024,511,64,True,,200,magna elit Lorem sit do tempor eiusmod ut et incididunt amet adipiscing ipsum consectetur sed aliqua. dolor dolore labore amet consectetur dolor et elit sed incididunt tempor do sit Lorem ipsum adipiscing dolore magna eiusmod labore ut aliqua. ut dolore elit labore consectetur ipsum amet incididunt dolor sed sit et Lorem tempor do adipiscing eiusmod magna aliqua. adipiscing ipsum labore elit eiusmod dolore sed do sit dolor magna amet aliqua. Lorem ut tempor consectetur incididunt et tempor ipsum do aliqua. dolore amet adipiscing labore sit ut eiusmod et dolor consectetur incididunt sed Lorem elit magna do sit et ipsum incididunt Lorem sed dolore tempor elit eiusmod aliqua. adipiscing ut labore amet dolor magna consectetur dolor ut aliqua. sit incididunt consectetur amet ipsum do labore eiusmod elit adipiscing sed Lorem magna tempor et dolore aliqua. amet sit labore incididunt sed consectetur eiusmod elit ipsum tempor do dolore ut et Lorem adipiscing dolor magna elit adipiscing amet eiusmod incididunt labore Lorem dolor sit consectetur tempor aliqua. dolore sed do et ut ipsum magna dolore dolor sit ipsum magna eiusmod consectetur tempor incididunt do sed et amet elit adipiscing aliqua. labore Lorem ut dolor ipsum dolore ut aliqua. magna et consectetur sit elit incididunt tempor eiusmod Lorem do labore adipiscing sed amet sit dolor dolore elit adipiscing Lorem aliqua. do eiusmod consectetur magna ipsum sed et incididunt ut tempor labore amet labore Lorem dolore sit et aliqua. amet do elit dolor tempor sed consectetur magna ut adipiscing incididunt eiusmod ipsum labore et dolor magna Lorem dolore aliqua. sed adipiscing tempor consectetur incididunt amet eiusmod sit ipsum do ut elit adipiscing eiusmod dolor incididunt consectetur sit ipsum amet ut aliqua. tempor magna elit et Lorem do sed labore dolore eiusmod sed elit do et amet dolore consectetur aliqua. ipsum Lorem magna ut sit tempor dolor incididunt adipiscing labore magna eiusmod adipiscing labore sit et ipsum tem, factors factors factors factors factors factors factors factors factors factors factors factors factors factors factors factors factors factors factors factors factors factors factors factors factors factors factors factors factors factors factors factors factors factors factors factors factors factors factors factors factors factors factors factors factors factors factors factors factors factors factors factors factors factors factors factors factors factors factors factors factors factors factors factors,,
req-0018-9a2340,synthetic,1787905746.7188818,1787905774.2734041,27.554522275924683,0.0570323999854736,0.008770049205936846,"[0.0046508999657817185, 0.004073300049640238, 0.0039585999911651015, 0.004402999999001622, 0.0048117999685928226, 0.004799699992872775, 0.004706100036855787, 0.005264999985229224, 0.00499460002174601, 0.005245300009846687, 0.005475799960549921, 0.005038700008299202, 0.005598500021733344, 0.00825700000859797, 0.006184799945913255, 0.007247400004416704, 0.006908700044732541, 0.006851599959190935, 0.0072413000161759555, 0.007451699988450855, 0.007603100035339594, 0.007259999983943999, 0.009044700011145324, 0.008386900008190423, 0.007194399950094521, 0.008127100009005517, 0.009521100029814988, 0.008536299981642514, 0.009626400016713887, 0.00903630000539124, 0.01143660000525415, 0.014175299962516874, 0.01117130002239719, 0.013328799977898598, 0.009326300001703203, 0.011843500018585473, 0.01068090001353994, 0.010793699999339879, 0.009509299998171628, 0.009609200002159923, 0.010005099989939481, 0.010508399980608374, 0.013628699991386384, 0.010137400007806718, 0.010233699984382838, 0.010319599998183548, 0.010187300038523972, 0.010271499981172383, 0.011599900026340038, 0.009925699967425317, 0.010915199993178248, 0.010445000021718442, 0.010035799990873784, 0.010123000014573336, 0.010848900012206286, 0.010953299992252141, 0.009936799993738532, 0.010590200021397322, 0.010022199945524335, 0.011309500026982278, 0.010450500005390495, 0.009878700016997755, 0.010811699961777776]",0.6107289791107178,1787905774.884133,510,64,True,,200,ipsum dolor Lorem dolore eiusmod magna labore adipiscing ut do sit et consectetur elit aliqua. tempor amet incididunt sed aliqua. sit ipsum Lorem eiusmod incididunt consectetur magna sed et tempor dolore adipiscing do labore dolor elit ut amet do aliqua. et tempor elit ut ipsum dolor eiusmod magna amet incididunt sit sed Lorem adipiscing consectetur dolore labore sit incididunt tempor dolor magna do sed et consectetur ut dolore amet ipsum eiusmod Lorem adipiscing labore aliqua. elit eiusmod ipsum amet tempor incididunt consectetur sit et magna dolor sed Lorem ut elit do dolore aliqua. adipiscing labore aliqua. sed labore ut Lorem ipsum sit incididunt eiusmod dolore elit do amet dolor magna consectetur adipiscing et tempor ut dolore labore magna dolor et eiusmod adipiscing Lorem incididunt amet do ipsum sed consectetur sit aliqua. tempor elit tempor amet ut sed ipsum adipiscing Lorem dolore labore elit dolor consectetur aliqua. et eiusmod sit do incididunt magna do eiusmod amet labore adipiscing Lorem dolor ut consectetur et sit aliqua. sed incididunt dolore magna tempor elit ipsum labore sit dolor ut et eiusmod aliqua. amet tempor Lorem elit dolore ipsum sed magna adipiscing incididunt do consectetur ipsum et aliqua. elit labore adipiscing sed sit Lorem ut dolor do tempor incididunt eiusmod amet consectetur magna dolore sit labore aliqua. dolore Lorem et eiusmod ut sed ipsum dolor elit consectetur incididunt tempor adipiscing amet magna do tempor amet ut adipiscing dolore et consectetur Lorem sit do dolor sed magna ipsum labore incididunt elit eiusmod aliqua. elit do ut ipsum dolor amet consectetur sit adipiscing incididunt Lorem et dolore magna aliqua. tempor sed eiusmod labore labore magna et ipsum sed dolore eiusmod sit Lorem adipiscing amet incididunt tempor elit do ut aliqua. consectetur dolor labore dolore do Lorem incididunt tempor ut dolor sed ipsum consectetur aliqua. magna elit amet adipiscing et eiusmod sit incididunt labore consectetur sit sed dolor eius, factors factors factors factors factors factors factors factors factors factors factors factors factors factors factors factors factors factors factors factors factors factors factors factors factors factors factors factors factors factors factors factors factors factors factors factors factors factors factors factors factors factors factors factors factors factors factors factors factors factors factors factors factors factors factors factors factors factors factors factors factors factors factors factors,,
req-0019-708476,synthetic,1787905746.7188818,1787905775.7860038,29.067121982574463,0.058863300015218556,0.008461058730193014,"[0.004321000014897436, 0.004477099981158972, 0.004534000006970018, 0.004627700021956116, 0.004682399972807616, 0.004505200020503253, 0.004805499978829175, 0.005304299993440509, 0.005634800007101148, 0.006018000014591962, 0.006397299992386252, 0.00609380000969395, 0.006487199978437275, 0.0073173000128008425, 0.007091899984516203, 0.007872999995015562, 0.007003100006841123, 0.008805399993434548, 0.009493500052485615, 0.010155599971767515, 0.009840300015639514, 0.00888499995926395, 0.009859800047706813, 0.008907699957489967, 0.010145800013560802, 0.009429700032342225, 0.013162199989892542, 0.010579900001175702, 0.0095875000115484, 0.009448899945709854, 0.009769900003448129, 0.009385700046550483, 0.00945419998606667, 0.009734699968248606, 0.011375200003385544, 0.00992690003477037, 0.008589199976995587, 0.009253200027160347, 0.009326900006271899, 0.00904809997882694, 0.008742699981667101, 0.008992800023406744, 0.008372000011149794, 0.010530799976550043, 0.008318500011228025, 0.00985119998222217, 0.009361300035379827, 0.009511999960523099, 0.009598300035577267, 0.008260899980086833, 0.012223700003232807, 0.008626699971500784, 0.008509800012689084, 0.008960300008766353, 0.008378200000151992, 0.00978740002028644, 0.008142100006807595, 0.008801099960692227, 0.008115999982692301, 0.009020700003020465, 0.008282600028906018, 0.011450099991634488, 0.009868599998299032]",0.5933594703674316,1787905776.3793633,510,64,True,,200,et eiusmod Lorem incididunt aliqua. ipsum adipiscing sit sed tempor labore dolore do consectetur magna elit dolor amet ut ut dolor ipsum Lorem sit consectetur sed et elit tempor amet aliqua. adipiscing do eiusmod magna incididunt labore dolore tempor dolor sit sed magna eiusmod et dolore aliqua. elit ut Lorem amet ipsum consectetur labore adipiscing incididunt do amet dolore aliqua. ut sed do adipiscing et sit consectetur labore incididunt tempor Lorem dolor magna elit eiusmod ipsum sit ipsum do elit magna dolore incididunt tempor dolor et ut sed consectetur amet aliqua. adipiscing Lorem labore eiusmod Lorem aliqua. dolor sed elit tempor dolore labore eiusmod consectetur ipsum sit amet ut adipiscing do magna incididunt et adipiscing Lorem aliqua. consectetur sit et labore eiusmod incididunt elit do ipsum tempor dolor sed dolore ut magna amet do tempor amet elit eiusmod aliqua. labore adipiscing et sit sed incididunt ipsum Lorem dolor ut consectetur dolore magna sit elit do consectetur ipsum eiusmod dolore dolor tempor Lorem incididunt labore magna aliqua. sed adipiscing amet ut et Lorem ipsum tempor sed aliqua. amet elit ut labore consectetur et eiusmod do sit incididunt dolor magna dolore adipiscing consectetur sit Lorem et magna labore ipsum sed eiusmod adipiscing tempor dolore amet dolor aliqua. incididunt elit do ut aliqua. amet dolore Lorem magna adipiscing dolor consectetur ut do et sed sit labore incididunt tempor elit eiusmod ipsum do dolore labore magna eiusmod aliqua. Lorem tempor sed ipsum incididunt elit adipiscing dolor ut consectetur et amet sit ipsum dolore ut sit et do aliqua. magna consectetur incididunt labore tempor amet adipiscing dolor elit eiusmod Lorem sed elit consectetur Lorem amet ut tempor do magna dolore sed et eiusmod incididunt dolor labore sit ipsum aliqua. adipiscing dolor ipsum et labore tempor adipiscing incididunt eiusmod ut magna elit sit consectetur do Lorem amet sed aliqua. dolore Lorem ut adipiscing eiusmod et dolor elit incidi, factors factors factors factors factors factors factors factors factors factors factors factors factors factors factors factors factors factors factors factors factors factors factors factors factors factors factors factors factors factors factors factors factors factors factors factors factors factors factors factors factors factors factors factors factors factors factors factors factors factors factors factors factors factors factors factors factors factors factors factors factors factors factors factors,,
req-0020-be1fb3,synthetic,1787905746.7188818,1787905777.191971,30.47308921813965,0.051637700002174824,0.009723355555685148,"[0.004586399998515844, 0.00482860003830865, 0.004846199997700751, 0.005309599975589663, 0.0070816000225022435, 0.005293999973218888, 0.007384099997580051, 0.005801499995868653, 0.006748700048774481, 0.007993499981239438, 0.007126100012101233, 0.00925399997504428, 0.0075804999796673656, 0.008821299998089671, 0.009065100050065666, 0.009052999957930297, 0.008936300000641495, 0.01261140004498884, 0.011397700000088662, 0.009379800001624972, 0.00960359995951876, 0.009855500014964491, 0.009889499982818961, 0.009334300004411489, 0.011332100024446845, 0.010506599966902286, 0.013262199994642287, 0.011327700049150735, 0.010302199982106686, 0.010669699986465275, 0.011045199993532151, 0.00976390001596883, 0.0123417999711819, 0.01242030004505068, 0.010361599968746305, 0.010900799999944866, 0.010245900019071996, 0.010269899968989193, 0.011154700012411922, 0.01465920003829524, 0.010010399972088635, 0.010250199993606657, 0.01014299999224022, 0.009941100026480854, 0.009093399974517524, 0.012735099997371435, 0.011388899991288781, 0.010200400021858513, 0.009684399992693216, 0.010182199999690056, 0.010432799987029284, 0.010311300051398575, 0.009783299989067018, 0.010283399955369532, 0.012370800017379224, 0.010003600036725402, 0.010251499945297837, 0.011082300043199211, 0.010384299966972321, 0.010279000038281083, 0.009847000008448958, 0.011281999992206693, 0.010284899966791272]",0.6657214164733887,1787905777.8576925,512,64,True,,200,magna labore dolore dolor Lorem aliqua. et ut adipiscing incididunt tempor consectetur elit eiusmod sed ipsum do amet sit aliqua. consectetur incididunt elit tempor dolor Lorem et ipsum amet sed magna ut sit labore adipiscing eiusmod do dolore magna aliqua. amet consectetur sit tempor et adipiscing do sed dolor dolore Lorem eiusmod elit labore ut incididunt ipsum dolor adipiscing ut consectetur dolore sed eiusmod aliqua. elit sit incididunt labore magna amet tempor Lorem et do ipsum elit aliqua. dolor amet tempor sed ipsum et adipiscing do ut Lorem magna sit eiusmod consectetur dolore labore incididunt adipiscing sit sed incididunt tempor amet eiusmod labore ut dolor dolore et elit consectetur ipsum aliqua. Lorem do magna et Lorem dolore amet eiusmod consectetur sit elit aliqua. do ut sed magna labore ipsum incididunt adipiscing tempor dolor incididunt et dolor consectetur magna amet Lorem sed ipsum adipiscing do aliqua. eiusmod ut labore sit dolore tempor elit dolor sed incididunt magna Lorem eiusmod aliqua. ipsum tempor do et dolore ut sit labore adipiscing amet elit consectetur et adipiscing magna elit do sit aliqua. consectetur ipsum incididunt dolore tempor eiusmod amet Lorem dolor labore sed ut magna Lorem amet et tempor do adipiscing sed labore elit incididunt dolore aliqua. eiusmod dolor sit ipsum ut consectetur aliqua. sed dolor elit et dolore Lorem incididunt amet ipsum eiusmod consectetur do tempor magna labore sit adipiscing ut do ut incididunt sed ipsum labore Lorem dolor dolore tempor eiusmod magna consectetur aliqua. adipiscing sit et elit amet ipsum eiusmod tempor dolor labore et do adipiscing sed consectetur Lorem magna sit ut elit dolore aliqua. incididunt amet amet incididunt elit tempor dolore Lorem ipsum do sed eiusmod et sit dolor aliqua. consectetur ut labore adipiscing magna amet ipsum magna ut dolor do eiusmod sit labore adipiscing elit dolore aliqua. consectetur et sed tempor incididunt Lorem adipiscing tempor ut incididunt sed labore amet , factors factors factors factors factors factors factors factors factors factors factors factors factors factors factors factors factors factors factors factors factors factors factors factors factors factors factors factors factors factors factors factors factors factors factors factors factors factors factors factors factors factors factors factors factors factors factors factors factors factors factors factors factors factors factors factors factors factors factors factors factors factors factors factors,,
req-0021-fe708f,synthetic,1787905746.7188818,1787905778.7159498,31.99706792831421,0.05066189996432513,0.007961404762075594,"[0.004208300029858947, 0.004177599970716983, 0.004150599997956306, 0.004830099991522729, 0.004708799999207258, 0.004677799995988607, 0.004726500017568469, 0.0057333000004291534, 0.005575500021222979, 0.005200000014156103, 0.007437299995217472, 0.006179699965287, 0.005925300007220358, 0.005870499997399747, 0.00607750000199303, 0.00711030000820756, 0.0068940999917685986, 0.007813400006853044, 0.006848899996839464, 0.007696799992118031, 0.008547100005671382, 0.00671609997516498, 0.007712200051173568, 0.007541999977547675, 0.008766299986746162, 0.009545100037939847, 0.008615400001872331, 0.008072399999946356, 0.008429799985606223, 0.008125899999868125, 0.01027199998497963, 0.008618400024715811, 0.008662199950776994, 0.008803300035651773, 0.008408699999563396, 0.008935099991504103, 0.008346199989318848, 0.009068100014701486, 0.009395000000949949, 0.008115599979646504, 0.008928700000979006, 0.009241799998562783, 0.00822439999319613, 0.012884400028269738, 0.008956399979069829, 0.008247899997513741, 0.008867099997587502, 0.009062500030267984, 0.009244699962437153, 0.008273600018583238, 0.009010099980514497, 0.008441400015726686, 0.010456299991346896, 0.008201499993447214, 0.009224900044500828, 0.008850599988363683, 0.014145699969958514, 0.008889899996574968, 0.009124700038228184, 0.009791599994059652, 0.008555500011425465, 0.00840669998433441, 0.009998900000937283]",0.5534152984619141,1787905779.269365,511,64,True,,200,eiusmod sit do ut incididunt elit tempor dolore labore amet Lorem ipsum magna adipiscing sed dolor et consectetur aliqua. et adipiscing sit labore aliqua. Lorem elit magna incididunt eiusmod dolor sed do ipsum consectetur ut tempor dolore amet aliqua. tempor sit incididunt dolore amet labore dolor magna do Lorem consectetur sed ut et elit ipsum eiusmod adipiscing ipsum adipiscing aliqua. incididunt consectetur labore sed ut et do dolor elit Lorem sit dolore amet tempor eiusmod magna elit do tempor et eiusmod sed sit ipsum amet ut incididunt consectetur labore Lorem magna dolore adipiscing dolor aliqua. amet labore ut do et Lorem sit incididunt consectetur aliqua. tempor dolore adipiscing magna elit dolor ipsum eiusmod sed do dolore Lorem ut aliqua. amet et dolor sed consectetur elit sit adipiscing incididunt labore tempor eiusmod ipsum magna magna dolore tempor do et ut aliqua. eiusmod sit elit adipiscing amet Lorem dolor incididunt labore consectetur sed ipsum Lorem magna dolor eiusmod aliqua. sed sit amet consectetur ut do labore ipsum tempor elit adipiscing incididunt dolore et magna dolor labore aliqua. consectetur tempor incididunt sit sed adipiscing eiusmod ipsum amet et elit ut Lorem dolore do labore ut Lorem sit magna sed consectetur do ipsum dolor et tempor adipiscing incididunt eiusmod aliqua. elit amet dolore Lorem consectetur sit elit ut aliqua. dolore labore sed et dolor incididunt magna ipsum eiusmod amet adipiscing tempor do et magna ut consectetur aliqua. sit sed incididunt dolore eiusmod elit ipsum dolor do amet tempor adipiscing Lorem labore incididunt amet sed aliqua. ut magna et ipsum tempor adipiscing labore dolore eiusmod Lorem consectetur elit dolor sit do tempor dolor amet incididunt sed magna Lorem adipiscing elit eiusmod aliqua. do labore consectetur sit dolore ipsum et ut elit incididunt sed consectetur ipsum amet do dolor labore eiusmod adipiscing aliqua. sit et ut dolore Lorem magna tempor magna labore ipsum eiusmod amet Lorem dolor elit, factors factors factors factors factors factors factors factors factors factors factors factors factors factors factors factors factors factors factors factors factors factors factors factors factors factors factors factors factors factors factors factors factors factors factors factors factors factors factors factors factors factors factors factors factors factors factors factors factors factors factors factors factors factors factors factors factors factors factors factors factors factors factors factors,,
req-0022-746e7b,synthetic,1787905746.7188818,1787905780.0773423,33.358460426330566,0.060333099972922355,0.008865328571234371,"[0.004349599999841303, 0.00411879998864606, 0.004103800049051642, 0.004648699949029833, 0.004796200024429709, 0.004668899986427277, 0.004800499998964369, 0.005542200000490993, 0.0051389000145718455, 0.005778999999165535, 0.0061984999920241535, 0.006150000030174851, 0.005793599993921816, 0.006769199972040951, 0.007269900001119822, 0.010778500000014901, 0.007935200002975762, 0.008520200033672154, 0.006772699998691678, 0.008952099946327507, 0.0072679000440984964, 0.008486500009894371, 0.010453399969264865, 0.009437400032766163, 0.008349599957000464, 0.011785300041083246, 0.010907999996561557, 0.011700599978212267, 0.011069300002418458, 0.009707799996249378, 0.009918400028254837, 0.009866999986115843, 0.009605499973986298, 0.01066309999441728, 0.009709800011478364, 0.010418399993795902, 0.00966610002797097, 0.010083500004839152, 0.009814699995331466, 0.009925799968186766, 0.008849200035911053, 0.010893700004089624, 0.009207299968693405, 0.008721099991817027, 0.008970500028226525, 0.010508799983654171, 0.009830099996179342, 0.009507999988272786, 0.01095339999301359, 0.015438200032804161, 0.010667699971236289, 0.013159000023733824, 0.009682699979748577, 0.010943500034045428, 0.009533900010865182, 0.009420399961527437, 0.00942439999198541, 0.009623899997677654, 0.009523700049612671, 0.009812099975533783, 0.013544999994337559, 0.008770400017965585, 0.009604099963326007]",0.620086669921875,1787905780.697429,512,64,True,,200,eiusmod aliqua. labore sed ut elit adipiscing Lorem ipsum do tempor incididunt dolore consectetur et dolor sit amet magna dolore aliqua. elit consectetur incididunt do amet sit magna ut ipsum sed Lorem tempor eiusmod labore adipiscing dolor et dolore dolor ut magna elit tempor labore sed incididunt consectetur et sit eiusmod adipiscing do ipsum Lorem aliqua. amet Lorem ipsum dolore elit labore consectetur adipiscing dolor aliqua. eiusmod sed tempor amet do magna et sit incididunt ut consectetur aliqua. adipiscing dolore do labore incididunt et sed tempor ut ipsum elit amet Lorem eiusmod dolor sit magna incididunt tempor amet ut magna elit adipiscing do Lorem sit dolor aliqua. sed labore dolore eiusmod ipsum consectetur et dolore dolor adipiscing eiusmod do sed magna et incididunt Lorem sit tempor labore amet ut consectetur ipsum elit aliqua. do tempor Lorem amet sed eiusmod ipsum incididunt labore sit consectetur dolore elit et ut magna adipiscing dolor aliqua. et do dolore magna eiusmod labore Lorem sit tempor incididunt aliqua. elit consectetur adipiscing sed amet ut ipsum dolor eiusmod ipsum amet sed dolor do sit magna Lorem aliqua. ut dolore labore adipiscing consectetur et tempor elit incididunt labore et amet aliqua. dolor do incididunt elit sed tempor eiusmod Lorem adipiscing dolore sit magna ut consectetur ipsum aliqua. elit amet sed adipiscing ipsum consectetur ut dolor et labore magna dolore sit do eiusmod tempor Lorem incididunt elit Lorem tempor do magna eiusmod labore aliqua. amet et sit sed consectetur dolor ipsum adipiscing incididunt ut dolore sed magna consectetur ut elit amet et do ipsum sit aliqua. labore adipiscing incididunt dolor Lorem eiusmod tempor dolore consectetur incididunt Lorem do dolor magna labore sed et dolore ipsum aliqua. sit eiusmod adipiscing elit tempor ut amet incididunt consectetur sit eiusmod et adipiscing elit sed dolore tempor Lorem do labore amet magna ipsum aliqua. ut dolor dolor amet consectetur magna tempor eiusmod adip, factors factors factors factors factors factors factors factors factors factors factors factors factors factors factors factors factors factors factors factors factors factors factors factors factors factors factors factors factors factors factors factors factors factors factors factors factors factors factors factors factors factors factors factors factors factors factors factors factors factors factors factors factors factors factors factors factors factors factors factors factors factors factors factors,,
req-0023-c12e42,synthetic,1787905746.7188818,1787905781.5938442,34.8749623298645,0.04801249998854473,0.009220295238293826,"[0.004121700010728091, 0.004241199989337474, 0.004586800001561642, 0.005211399984546006, 0.004694000002928078, 0.004809800011571497, 0.005846199986990541, 0.0059831999824382365, 0.005933100008405745, 0.00731469999300316, 0.006975200027227402, 0.00786880002124235, 0.006708799977786839, 0.007485900016035885, 0.006965499953366816, 0.007213700038846582, 0.007661800016649067, 0.010085399961099029, 0.008851699996739626, 0.009399900038260967, 0.009920199983753264, 0.008219100011046976, 0.011025199957657605, 0.012126700021326542, 0.00994459999492392, 0.010349199990741909, 0.010738000040873885, 0.010664200002793223, 0.009733399958349764, 0.009584899991750717, 0.011257100035436451, 0.009944199991878122, 0.01502499997150153, 0.011638600029982626, 0.01286329998401925, 0.00994299998274073, 0.009346600039862096, 0.009831000003032386, 0.00944809999782592, 0.011500599968712777, 0.009587900014594197, 0.012018000008538365, 0.010487499996088445, 0.010205900005530566, 0.009880099969450384, 0.009705400036182255, 0.009054299967829138, 0.009626900020521134, 0.009505200025159866, 0.009999999951105565, 0.009713800041936338, 0.009401899995282292, 0.01471959997434169, 0.009752899990417063, 0.015264000045135617, 0.009653399989474565, 0.011447199969552457, 0.009400100039783865, 0.009788599971216172, 0.008924800029490143, 0.008729199995286763, 0.009903599973767996, 0.009046500024851412]",0.6302042007446289,1787905782.2240484,511,64,True,,200,dolor aliqua. ut Lorem dolore labore sed consectetur amet tempor eiusmod magna adipiscing elit incididunt ipsum do et sit aliqua. elit incididunt labore ipsum et adipiscing eiusmod sed sit consectetur do amet dolore ut tempor dolor Lorem magna aliqua. incididunt sit consectetur elit ut amet dolore dolor ipsum magna do labore eiusmod sed et Lorem adipiscing tempor ipsum sit amet et tempor magna sed dolor eiusmod aliqua. do elit labore incididunt dolore adipiscing ut Lorem consectetur consectetur dolor et ut amet adipiscing aliqua. magna labore elit sit do dolore eiusmod incididunt Lorem ipsum tempor sed sed et Lorem sit ut do aliqua. elit eiusmod incididunt magna amet dolore consectetur labore dolor tempor ipsum adipiscing et aliqua. do ut amet elit magna tempor ipsum Lorem consectetur sit labore eiusmod dolore adipiscing sed dolor incididunt amet aliqua. do incididunt sit labore dolor ut et adipiscing Lorem magna ipsum dolore elit sed consectetur tempor eiusmod amet dolor aliqua. magna sit Lorem labore adipiscing tempor do ut incididunt sed dolore ipsum et eiusmod consectetur elit dolore eiusmod ut incididunt do sed labore ipsum tempor dolor sit aliqua. consectetur elit et amet Lorem adipiscing magna adipiscing sed aliqua. dolor tempor incididunt ut magna elit eiusmod dolore labore do amet ipsum sit Lorem consectetur et ipsum dolore adipiscing et consectetur dolor magna labore amet do tempor Lorem sed elit eiusmod ut sit incididunt aliqua. ut magna sit elit dolore eiusmod do Lorem labore dolor incididunt amet consectetur sed et aliqua. adipiscing tempor ipsum et labore magna elit ut do consectetur aliqua. dolor dolore adipiscing sed sit tempor Lorem ipsum eiusmod incididunt amet ipsum sed et do eiusmod aliqua. amet tempor magna labore ut consectetur elit sit dolor Lorem adipiscing incididunt dolore incididunt do tempor elit aliqua. consectetur et amet adipiscing labore magna sed dolore sit ut eiusmod Lorem ipsum dolor eiusmod aliqua. tempor incididunt ipsum et sed c, factors factors factors factors factors factors factors factors factors factors factors factors factors factors factors factors factors factors factors factors factors factors factors factors factors factors factors factors factors factors factors factors factors factors factors factors factors factors factors factors factors factors factors factors factors factors factors factors factors factors factors factors factors factors factors factors factors factors factors factors factors factors factors factors,,
req-0024-06087c,synthetic,1787905746.7188818,1787905783.0430636,36.32418179512024,0.05403150001075119,0.008938566666089057,"[0.004489999962970614, 0.004335500008892268, 0.004017800034489483, 0.005147099960595369, 0.004365400003734976, 0.005100900016259402, 0.005094699969049543, 0.005008700012695044, 0.004746599995996803, 0.005805900029372424, 0.006203299970366061, 0.006056100013665855, 0.006506900012027472, 0.006396599987056106, 0.005976899992674589, 0.007806500012520701, 0.006956400000490248, 0.0074542000074870884, 0.008260799979325384, 0.007051400025375187, 0.007863199978601187, 0.007867100008297712, 0.007703599985688925, 0.010038300009910017, 0.010752799978945404, 0.012623000016901642, 0.01187520002713427, 0.012087799957953393, 0.011510100041050464, 0.010818899958394468, 0.010640399996191263, 0.009749500022735447, 0.016824499994982034, 0.010553200030699372, 0.010255099972710013, 0.009833800024352968, 0.012998799968045205, 0.012876900029368699, 0.01142180000897497, 0.012678799976129085, 0.010165399988181889, 0.01044680003542453, 0.010327299998607486, 0.01034019998041913, 0.010181399993598461, 0.010419300000648946, 0.010822899988852441, 0.010586599993985146, 0.008115100034046918, 0.011939399992115796, 0.009087899990845472, 0.00968519999878481, 0.008782499993685633, 0.009190600016154349, 0.009263099986128509, 0.008221100026275963, 0.00893239997094497, 0.008232399995904416, 0.013739900023210794, 0.008957499987445772, 0.008229400031268597, 0.0091087999753654, 0.010599999979604036]",0.6179630756378174,1787905783.6610267,511,64,True,,200,amet et sed adipiscing consectetur aliqua. Lorem do elit sit ut dolor magna incididunt tempor eiusmod labore dolore ipsum sed elit labore ut magna ipsum incididunt sit tempor Lorem dolor dolore consectetur do eiusmod adipiscing aliqua. amet et consectetur aliqua. amet dolor adipiscing do dolore magna sit et Lorem tempor ut incididunt sed elit eiusmod ipsum labore amet eiusmod consectetur ipsum aliqua. do Lorem dolore incididunt et labore magna dolor sit tempor sed ut elit adipiscing eiusmod incididunt dolore magna elit Lorem do consectetur aliqua. sit et tempor labore amet dolor ut adipiscing ipsum sed et magna tempor consectetur dolor adipiscing incididunt ut elit amet sit aliqua. ipsum sed labore dolore eiusmod Lorem do sed adipiscing ut incididunt amet dolore do consectetur magna sit labore et aliqua. Lorem ipsum elit dolor eiusmod tempor dolore eiusmod sit incididunt elit consectetur sed magna ipsum tempor amet et aliqua. labore Lorem do adipiscing dolor ut Lorem elit sit eiusmod sed do aliqua. consectetur labore magna adipiscing incididunt et ut tempor dolor dolore amet ipsum ipsum sit magna Lorem ut tempor incididunt adipiscing amet sed aliqua. dolore dolor et do elit consectetur eiusmod labore do consectetur magna elit ipsum amet Lorem sed ut sit dolore adipiscing et eiusmod aliqua. incididunt tempor dolor labore elit incididunt aliqua. adipiscing eiusmod sit et consectetur dolore Lorem do dolor ipsum ut magna tempor labore sed amet adipiscing magna tempor sed dolor dolore incididunt consectetur aliqua. ipsum et do Lorem eiusmod labore amet sit elit ut eiusmod Lorem dolor tempor magna aliqua. ipsum incididunt adipiscing consectetur elit do dolore labore amet ut sit sed et ipsum aliqua. consectetur Lorem labore ut tempor sed do adipiscing amet dolore sit dolor incididunt elit magna eiusmod et do incididunt sit amet tempor labore consectetur elit et sed Lorem eiusmod adipiscing aliqua. ut dolore dolor ipsum magna dolor elit tempor adipiscing consectetur sed dol, factors factors factors factors factors factors factors factors factors factors factors factors factors factors factors factors factors factors factors factors factors factors factors factors factors factors factors factors factors factors factors factors factors factors factors factors factors factors factors factors factors factors factors factors factors factors factors factors factors factors factors factors factors factors factors factors factors factors factors factors factors factors factors factors,,
req-0025-d8d29a,synthetic,1787905746.7188818,1787905784.5625103,37.84362840652466,0.05072090000612661,0.008446971428514059,"[0.004174300003796816, 0.004455399990547448, 0.004312700009904802, 0.0051018999656662345, 0.005107000004500151, 0.00501230004010722, 0.005155699967872351, 0.005752800032496452, 0.005980199959594756, 0.006030599994119257, 0.006168399995658547, 0.006352700002025813, 0.006544100004248321, 0.007381800038274378, 0.0069771999842487276, 0.007619199983309954, 0.007517400023061782, 0.00995639996835962, 0.008922000008169562, 0.007810200040694326, 0.010081599990371615, 0.008525799959897995, 0.00805840000975877, 0.009796000027563423, 0.01025849999859929, 0.009537399979308248, 0.009279599995352328, 0.012550499988719821, 0.009771400014869869, 0.009429300029296428, 0.01372259994968772, 0.009779400017578155, 0.00935340003343299, 0.010535299952607602, 0.009363600052893162, 0.00841399998171255, 0.009026799991261214, 0.010320600005798042, 0.008797499991487712, 0.008479000010993332, 0.008687299967277795, 0.008487500017508864, 0.010395399993285537, 0.009217599988915026, 0.00881870003649965, 0.008887599979061633, 0.01017870003124699, 0.009404899959918112, 0.008972899988293648, 0.00822460005292669, 0.008860200003255159, 0.008027599949855357, 0.009542900021187961, 0.009010399982798845, 0.008554300002288073, 0.012801600038073957, 0.00839929998619482, 0.008840099966619164, 0.008708600013051182, 0.008682699990458786, 0.00981570000294596, 0.008483600046020001, 0.009743999980855733]",0.5842959880828857,1787905785.1468062,511,64,True,,200,Lorem do ut consectetur sed dolor amet sit adipiscing aliqua. magna elit tempor ipsum incididunt et labore eiusmod dolore et sit sed elit Lorem tempor eiusmod incididunt magna ut aliqua. dolore dolor do consectetur ipsum labore amet adipiscing labore elit ut ipsum sed incididunt Lorem consectetur dolor tempor eiusmod aliqua. adipiscing do magna dolore amet et sit aliqua. sit amet ipsum magna labore eiusmod Lorem consectetur et elit adipiscing dolor ut tempor incididunt sed dolore do eiusmod consectetur aliqua. ut et adipiscing Lorem do dolor incididunt tempor sit ipsum dolore amet sed labore elit magna dolore consectetur ut elit magna dolor et ipsum incididunt tempor do sed sit aliqua. labore amet eiusmod Lorem adipiscing aliqua. Lorem consectetur labore ut elit ipsum dolor magna eiusmod tempor incididunt amet sed et adipiscing dolore sit do et dolore tempor sed do ipsum elit labore sit eiusmod incididunt adipiscing dolor ut amet consectetur aliqua. magna Lorem sed consectetur et magna ipsum labore dolore dolor elit ut sit aliqua. incididunt amet eiusmod adipiscing Lorem tempor do et elit consectetur aliqua. tempor magna adipiscing labore dolore amet sit sed ipsum incididunt dolor do eiusmod ut Lorem sit sed labore tempor Lorem dolore ut dolor magna ipsum et aliqua. adipiscing incididunt amet eiusmod elit consectetur do tempor amet dolore labore elit adipiscing aliqua. sed sit magna ut dolor et incididunt Lorem consectetur eiusmod do ipsum do elit consectetur sed dolore labore aliqua. ut incididunt ipsum eiusmod et adipiscing amet Lorem magna tempor dolor sit et incididunt labore sit elit do sed Lorem dolor eiusmod dolore tempor amet ipsum magna ut adipiscing aliqua. consectetur adipiscing ipsum eiusmod magna ut consectetur Lorem sed aliqua. elit dolore incididunt labore sit dolor do tempor et amet tempor do magna amet sit aliqua. adipiscing incididunt elit ipsum labore Lorem consectetur ut dolor sed eiusmod dolore et eiusmod adipiscing ipsum consectetur Lorem magna, factors factors factors factors factors factors factors factors factors factors factors factors factors factors factors factors factors factors factors factors factors factors factors factors factors factors factors factors factors factors factors factors factors factors factors factors factors factors factors factors factors factors factors factors factors factors factors factors factors factors factors factors factors factors factors factors factors factors factors factors factors factors factors factors,,
req-0026-ad0656,synthetic,1787905746.7188818,1787905785.9641995,39.245317697525024,0.05459899996640161,0.008717206349256374,"[0.004471799999009818, 0.00409370003035292, 0.004783799988217652, 0.004882299981545657, 0.00476490001892671, 0.004374999960418791, 0.005599700030870736, 0.005496600002516061, 0.005378599977120757, 0.006473399989772588, 0.005385000025853515, 0.0062830999959260225, 0.0062824999913573265, 0.0063934000208973885, 0.007896800001617521, 0.00597980001475662, 0.007230699993669987, 0.006995600007940084, 0.007205399975646287, 0.007527399982791394, 0.00797540001804009, 0.00837990001309663, 0.007366299978457391, 0.007245899992994964, 0.009166200004983693, 0.008496500027831644, 0.008996799995657057, 0.009687599958851933, 0.012154700001701713, 0.00825400004396215, 0.009248499991372228, 0.008843499992508441, 0.008107899979222566, 0.010475300019606948, 0.018412199977319688, 0.011180600035004318, 0.01102609996451065, 0.010451500013004988, 0.012259399984031916, 0.010329100012313575, 0.009710300015285611, 0.009626300015952438, 0.011491599958389997, 0.011543800006620586, 0.010257899994030595, 0.013432100007776171, 0.009991600003559142, 0.009633100009523332, 0.009995899978093803, 0.009678700007498264, 0.009567400033120066, 0.009426400007214397, 0.009353099972940981, 0.009701400005724281, 0.009172199992462993, 0.009692299994640052, 0.009563100000377744, 0.00947029999224469, 0.009750100027304143, 0.009218699997290969, 0.013856899982783943, 0.010381200001575053, 0.009112700005061924]",0.6052834987640381,1787905786.569483,510,64,True,,200,dolor aliqua. consectetur tempor ut incididunt sed magna Lorem elit ipsum labore amet adipiscing sit eiusmod dolore do et ut incididunt et magna dolor ipsum do eiusmod labore elit consectetur amet adipiscing dolore aliqua. sit tempor Lorem sed elit do sed eiusmod consectetur magna incididunt ut et amet aliqua. tempor dolor labore dolore adipiscing sit Lorem ipsum ut adipiscing amet consectetur elit sed dolore labore Lorem do sit incididunt aliqua. et eiusmod dolor magna ipsum tempor consectetur tempor elit adipiscing ipsum Lorem sit incididunt eiusmod et sed aliqua. dolor magna ut amet labore dolore do labore consectetur do tempor ut eiusmod ipsum Lorem aliqua. et dolore dolor magna sed amet adipiscing sit elit incididunt sit Lorem incididunt dolor eiusmod aliqua. dolore sed tempor elit do et adipiscing consectetur amet ipsum labore ut magna elit eiusmod dolore sed Lorem ut incididunt ipsum labore et aliqua. adipiscing do consectetur dolor amet sit tempor magna amet et incididunt eiusmod Lorem labore aliqua. sed do ut tempor ipsum consectetur sit magna adipiscing elit dolore dolor ut elit eiusmod aliqua. Lorem dolore incididunt sit consectetur magna et labore dolor amet adipiscing tempor do ipsum sed aliqua. ut amet adipiscing et labore dolor tempor magna do elit ipsum consectetur incididunt sit eiusmod Lorem sed dolore et ut dolor amet adipiscing ipsum Lorem labore sit dolore consectetur do aliqua. sed elit magna tempor incididunt eiusmod aliqua. et adipiscing Lorem elit incididunt tempor sit magna do ipsum labore dolor amet eiusmod ut consectetur dolore sed sed do incididunt eiusmod consectetur ipsum aliqua. ut magna tempor Lorem et dolor amet labore adipiscing dolore elit sit eiusmod Lorem sit dolor ipsum sed elit magna et dolore tempor incididunt ut adipiscing amet labore consectetur do aliqua. consectetur labore Lorem sit adipiscing elit do sed amet dolore incididunt dolor aliqua. ipsum et ut eiusmod magna tempor dolor do incididunt consectetur dolore sit magna, factors factors factors factors factors factors factors factors factors factors factors factors factors factors factors factors factors factors factors factors factors factors factors factors factors factors factors factors factors factors factors factors factors factors factors factors factors factors factors factors factors factors factors factors factors factors factors factors factors factors factors factors factors factors factors factors factors factors factors factors factors factors factors factors,,
req-0027-26988b,synthetic,1787905746.7188818,1787905787.4732673,40.754385471343994,0.05179240001598373,0.009023898412355237,"[0.004296800005249679, 0.004499699978623539, 0.004710200009867549, 0.0047435000305995345, 0.004690499976277351, 0.005437700019683689, 0.005689899960998446, 0.005826300010085106, 0.005572599999140948, 0.005936700035817921, 0.006136299984063953, 0.005807999987155199, 0.007542199979070574, 0.0064907000050880015, 0.006896700011566281, 0.00713390001328662, 0.0074542000074870884, 0.0074961999780498445, 0.00758879998466, 0.008487700019031763, 0.007250700029544532, 0.008516100002452731, 0.011922099976800382, 0.010353700025007129, 0.009951399988494813, 0.00923759996658191, 0.010745600040536374, 0.01024519995553419, 0.010257500049192458, 0.011381299991626292, 0.00943350000306964, 0.010099299950525165, 0.013360300043132156, 0.009172799997031689, 0.009789599978830665, 0.010061900014989078, 0.009815500001423061, 0.009763300011400133, 0.01326759997755289, 0.009858699981123209, 0.009602100006304681, 0.01093720004428178, 0.01023789995815605, 0.009490000025834888, 0.008909999975003302, 0.008202800003346056, 0.008997199998702854, 0.010543900018092245, 0.010722499981056899, 0.017400300013832748, 0.011832299991510808, 0.01186020002933219, 0.010630199976731092, 0.010440199985168874, 0.012406099995132536, 0.01188850001199171, 0.00904670002637431, 0.009100699971895665, 0.009567000030074269, 0.009648999955970794, 0.012684800021816045, 0.008471400011330843, 0.008962299965787679]",0.6215641498565674,1787905788.0948315,511,64,True,,200,amet tempor aliqua. adipiscing dolore et elit magna sit ut eiusmod labore sed do consectetur Lorem incididunt ipsum dolor amet sit ut eiusmod Lorem et dolore do consectetur ipsum adipiscing sed labore elit magna dolor tempor aliqua. incididunt magna ipsum elit eiusmod aliqua. sed sit ut et incididunt dolore do dolor Lorem labore tempor amet adipiscing consectetur aliqua. tempor eiusmod sed amet consectetur labore adipiscing incididunt et ut ipsum Lorem dolore elit sit dolor do magna tempor magna dolor sed labore elit consectetur amet ipsum dolore do Lorem sit ut aliqua. adipiscing et eiusmod incididunt aliqua. ipsum amet dolore labore adipiscing magna tempor Lorem elit sed dolor do ut et sit incididunt consectetur eiusmod eiusmod ipsum amet magna consectetur Lorem dolore ut aliqua. sit labore et adipiscing dolor incididunt sed elit tempor do adipiscing aliqua. consectetur dolor ipsum sit ut eiusmod tempor sed dolore elit do amet labore magna incididunt Lorem et do labore amet eiusmod Lorem incididunt et dolor adipiscing tempor dolore aliqua. elit sed magna ipsum consectetur ut sit adipiscing do dolore dolor magna sit ut elit incididunt ipsum Lorem amet et consectetur tempor sed eiusmod aliqua. labore adipiscing dolor eiusmod et tempor consectetur ut magna ipsum aliqua. incididunt elit do Lorem sed sit dolore labore amet sit dolore amet ut adipiscing Lorem aliqua. consectetur labore eiusmod et incididunt sed tempor do ipsum dolor elit magna amet sed ipsum sit labore aliqua. incididunt consectetur magna eiusmod dolore et tempor Lorem elit adipiscing dolor do ut consectetur incididunt dolor tempor et eiusmod sed do labore dolore ipsum amet ut adipiscing Lorem aliqua. magna elit sit magna eiusmod ut consectetur sit tempor amet dolor Lorem incididunt labore aliqua. elit ipsum adipiscing sed dolore et do eiusmod consectetur aliqua. sed dolor ipsum magna amet tempor Lorem ut dolore adipiscing elit et sit do labore incididunt aliqua. labore ipsum incididunt amet sed do adip, factors factors factors factors factors factors factors factors factors factors factors factors factors factors factors factors factors factors factors factors factors factors factors factors factors factors factors factors factors factors factors factors factors factors factors factors factors factors factors factors factors factors factors factors factors factors factors factors factors factors factors factors factors factors factors factors factors factors factors factors factors factors factors factors,,
req-0028-dc0020,synthetic,1787905746.7188818,1787905788.9176586,42.198776721954346,0.05045129999052733,0.009001473015699063,"[0.0049436999834142625, 0.004513800027780235, 0.0045609999797306955, 0.0052152000134810805, 0.0045748999691568315, 0.00537090003490448, 0.005839699995703995, 0.007001199992373586, 0.005844599974807352, 0.005772100004833192, 0.005759700026828796, 0.006435799994505942, 0.006429700006265193, 0.006176199996843934, 0.006415100011508912, 0.007569700013846159, 0.007450799981597811, 0.007099399983417243, 0.008292199985589832, 0.010053400008473545, 0.008056399994529784, 0.007718400040175766, 0.009380699950270355, 0.007712500053457916, 0.009022399957757443, 0.008935099991504103, 0.00846150005236268, 0.010244699951726943, 0.010465500003192574, 0.009210199990775436, 0.008907900017220527, 0.0098911999957636, 0.016178100020624697, 0.010811900021508336, 0.009445999981835485, 0.010619600012432784, 0.010199499956797808, 0.009832700015977025, 0.010936199978459626, 0.010339800035580993, 0.012831599975470454, 0.010550000006332994, 0.010587700002361089, 0.01055360003374517, 0.010335300001315773, 0.009895399969536811, 0.010394399985671043, 0.009635800030082464, 0.010040899971500039, 0.0152220000163652, 0.010848100006114691, 0.010238400020170957, 0.011022399994544685, 0.009959899995010346, 0.00945419998606667, 0.009896399977151304, 0.010906500043347478, 0.010853699990548193, 0.011086399958003312, 0.00981130002764985, 0.010346500028390437, 0.011270899965893477, 0.009661999996751547]",0.6191277503967285,1787905789.5367863,510,64,True,,200,dolor ipsum Lorem et amet tempor incididunt sed adipiscing magna labore do ut dolore aliqua. sit elit consectetur eiusmod dolore ipsum do sed amet aliqua. dolor eiusmod tempor Lorem et sit adipiscing incididunt ut labore elit magna consectetur amet labore aliqua. tempor Lorem incididunt dolor sed adipiscing do ut eiusmod sit et dolore ipsum consectetur elit magna eiusmod do consectetur et dolore sit sed ipsum amet adipiscing aliqua. tempor elit Lorem incididunt ut dolor magna labore elit sed sit ipsum labore dolore ut tempor magna et Lorem aliqua. incididunt amet consectetur dolor adipiscing eiusmod do adipiscing incididunt amet do dolore ut et labore tempor consectetur elit aliqua. eiusmod sit magna ipsum dolor sed Lorem amet adipiscing elit labore ipsum do dolore dolor consectetur eiusmod incididunt ut sed et sit Lorem aliqua. magna tempor incididunt ut dolore consectetur Lorem labore sed adipiscing amet tempor et ipsum elit magna aliqua. eiusmod sit do dolor dolore do et incididunt elit labore magna Lorem consectetur tempor dolor sit ipsum eiusmod amet aliqua. sed ut adipiscing dolor elit Lorem incididunt sit tempor dolore consectetur labore et ipsum aliqua. do eiusmod magna amet sed ut adipiscing elit Lorem magna dolor ipsum sit amet sed dolore et do incididunt adipiscing tempor consectetur labore ut aliqua. eiusmod incididunt sed magna sit consectetur dolor tempor dolore ut do amet elit Lorem aliqua. adipiscing et ipsum labore eiusmod Lorem sed tempor aliqua. elit consectetur sit amet do labore adipiscing ut dolor ipsum incididunt et dolore magna eiusmod ut sed amet eiusmod adipiscing incididunt aliqua. magna sit do ipsum Lorem elit tempor et labore dolore dolor consectetur tempor dolor elit adipiscing aliqua. et amet do sit magna ut labore eiusmod ipsum incididunt dolore Lorem sed consectetur ipsum magna aliqua. labore ut dolore tempor sit sed eiusmod et amet dolor adipiscing Lorem do incididunt consectetur elit dolor sed Lorem eiusmod aliqua. et elit ut adipi, factors factors factors factors factors factors factors factors factors factors factors factors factors factors factors factors factors factors factors factors factors factors factors factors factors factors factors factors factors factors factors factors factors factors factors factors factors factors factors factors factors factors factors factors factors factors factors factors factors factors factors factors factors factors factors factors factors factors factors factors factors factors factors factors,,
req-0029-d71a23,synthetic,1787905746.7188818,1787905790.4797332,43.76085138320923,0.055713400011882186,0.009045220635247432,"[0.004581400018651038, 0.004467300022952259, 0.005028799991123378, 0.005000300006940961, 0.0049986999947577715, 0.005245299951639026, 0.005210500035900623, 0.00561369996285066, 0.005758800019975752, 0.006066500034648925, 0.006665900000371039, 0.006361599953379482, 0.006852200021967292, 0.007389699982013553, 0.008055100042838603, 0.007394399959594011, 0.008315299986861646, 0.008774400048423558, 0.009657199960201979, 0.008391000039409846, 0.008536399982403964, 0.008673399977851659, 0.008974900003522635, 0.00889120000647381, 0.013766799995210022, 0.008996599994134158, 0.010154300020076334, 0.012920200009830296, 0.010123100015334785, 0.010253099957481027, 0.010246500023640692, 0.009146199969109148, 0.010148700035642833, 0.012148600013460964, 0.00957110000308603, 0.01006899995263666, 0.011173900042194873, 0.010069999960251153, 0.010276200016960502, 0.012974300014320761, 0.01000670000212267, 0.0148056999896653, 0.009414599975571036, 0.010691600036807358, 0.009710699960123748, 0.009414600033778697, 0.010163999977521598, 0.009611000015866011, 0.010980599967297167, 0.010378900042269379, 0.009721399983391166, 0.010925000009592623, 0.009695400018244982, 0.009706499986350536, 0.008534799970220774, 0.010173399990890175, 0.013766200048848987, 0.009489799966104329, 0.009930900007020682, 0.008618200023192912, 0.009615899994969368, 0.00907480000751093, 0.008475599985104054]",0.6268796920776367,1787905791.106613,510,64,True,,200,aliqua. consectetur labore ipsum incididunt amet eiusmod et sed sit Lorem dolor adipiscing do tempor ut magna dolore elit eiusmod Lorem tempor labore do elit sit consectetur amet ipsum sed et ut dolor aliqua. adipiscing incididunt dolore magna magna incididunt dolor aliqua. dolore sit labore Lorem et ut consectetur eiusmod adipiscing ipsum elit sed do tempor amet amet sed incididunt do ipsum et dolor eiusmod tempor aliqua. ut elit labore sit adipiscing Lorem dolore magna consectetur dolore ipsum adipiscing tempor labore ut do magna et dolor incididunt amet sit aliqua. sed consectetur elit eiusmod Lorem magna labore consectetur elit tempor sed ut adipiscing amet Lorem do aliqua. dolor eiusmod sit dolore et ipsum incididunt et adipiscing eiusmod ut dolore dolor sit elit do magna tempor aliqua. consectetur incididunt labore Lorem sed amet ipsum sed ut et adipiscing Lorem consectetur dolore amet elit dolor tempor sit magna ipsum eiusmod incididunt do aliqua. labore Lorem ut consectetur eiusmod labore dolore do et elit tempor aliqua. incididunt ipsum dolor sit adipiscing amet sed magna ut aliqua. et adipiscing labore incididunt magna do Lorem tempor elit ipsum sit dolor amet consectetur sed dolore eiusmod sit ut et adipiscing aliqua. ipsum dolore dolor do magna labore incididunt tempor eiusmod consectetur elit amet sed Lorem sed incididunt et labore eiusmod aliqua. ut Lorem tempor adipiscing amet elit consectetur dolore ipsum sit do dolor magna sit do Lorem tempor labore et amet magna adipiscing dolore ut elit consectetur ipsum incididunt dolor eiusmod aliqua. sed et do labore dolore dolor amet adipiscing tempor consectetur Lorem sed ipsum aliqua. incididunt ut magna eiusmod sit elit et magna dolore labore ut amet tempor incididunt sit do aliqua. Lorem ipsum dolor eiusmod elit sed consectetur adipiscing amet tempor Lorem ipsum et dolore aliqua. incididunt sit elit do consectetur dolor ut adipiscing eiusmod magna labore sed magna sed elit ut tempor dolor amet consectetur , factors factors factors factors factors factors factors factors factors factors factors factors factors factors factors factors factors factors factors factors factors factors factors factors factors factors factors factors factors factors factors factors factors factors factors factors factors factors factors factors factors factors factors factors factors factors factors factors factors factors factors factors factors factors factors factors factors factors factors factors factors factors factors factors,,
req-0030-11fe93,synthetic,1787905746.7188818,1787905791.9204342,45.201552391052246,0.0544264999916777,0.008967304762105442,"[0.004496100009419024, 0.004517699999269098, 0.00447589997202158, 0.004598400031682104, 0.004985599953215569, 0.004776600049808621, 0.004837599990423769, 0.004823600000236183, 0.005654199980199337, 0.00546559999929741, 0.006409300025552511, 0.0056906999670900404, 0.00556940003298223, 0.00783630000660196, 0.0065122999949380755, 0.006054600002244115, 0.007057999959215522, 0.0062692000064998865, 0.007822100014891475, 0.007056600006762892, 0.007865199993830174, 0.007843300001695752, 0.009172999998554587, 0.007942500000353903, 0.008381199964787811, 0.008646900008898228, 0.013510000018868595, 0.010629400028847158, 0.010650799958966672, 0.015342900005634874, 0.010536900022998452, 0.016305700002703816, 0.01109729998279363, 0.010722999984864146, 0.0105549999861978, 0.010662300046533346, 0.009387099999003112, 0.010737899981904775, 0.00929850002285093, 0.014079799992032349, 0.010581899958197027, 0.009179700049571693, 0.009235899953637272, 0.009591300040483475, 0.00931940000737086, 0.014750199974514544, 0.011016800010111183, 0.009705299977213144, 0.013327300024684519, 0.00936059997184202, 0.01072990003740415, 0.00979049998568371, 0.010952399985399097, 0.009824100008700043, 0.010805899975821376, 0.009772400022484362, 0.009679600014351308, 0.009786300011910498, 0.010784899990539998, 0.009543799969833344, 0.009763200010638684, 0.009667599981185049, 0.00949270004639402]",0.6206245422363281,1787905792.5410588,512,64,True,,200,do Lorem sit eiusmod elit dolor ut incididunt labore consectetur dolore sed amet ipsum et adipiscing aliqua. tempor magna aliqua. tempor ut dolor do sit sed et eiusmod ipsum magna elit consectetur incididunt adipiscing amet labore Lorem dolore et eiusmod consectetur Lorem tempor ipsum adipiscing sit elit sed magna dolore labore amet incididunt aliqua. do dolor ut dolor Lorem magna aliqua. ut sit adipiscing et do eiusmod tempor amet elit sed ipsum labore consectetur incididunt dolore consectetur tempor amet aliqua. dolore et ipsum sed Lorem adipiscing labore do ut eiusmod elit dolor sit magna incididunt ut do adipiscing tempor Lorem sit consectetur incididunt aliqua. amet labore eiusmod sed elit dolore dolor magna ipsum et ut et sit labore ipsum consectetur sed tempor magna adipiscing dolor dolore aliqua. elit incididunt eiusmod amet Lorem do ut eiusmod ipsum amet dolore consectetur Lorem magna do elit incididunt aliqua. adipiscing sed labore dolor et tempor sit ut consectetur adipiscing magna et amet incididunt do sed Lorem dolore eiusmod elit tempor ipsum sit aliqua. dolor labore sed aliqua. consectetur amet ut sit et magna elit incididunt Lorem labore eiusmod tempor dolore dolor ipsum do adipiscing aliqua. eiusmod Lorem amet ipsum elit adipiscing et dolor ut labore dolore incididunt sit sed consectetur magna do tempor ipsum elit Lorem magna dolore labore incididunt amet ut tempor dolor do aliqua. sed et adipiscing eiusmod consectetur sit dolor dolore sed do elit labore ipsum et Lorem adipiscing eiusmod incididunt amet consectetur aliqua. tempor magna ut sit do aliqua. tempor ut Lorem consectetur elit dolore amet magna labore sit ipsum adipiscing incididunt et sed dolor eiusmod dolor ipsum dolore Lorem adipiscing elit et labore incididunt eiusmod consectetur aliqua. sit ut amet sed do tempor magna aliqua. Lorem amet ut dolore ipsum magna adipiscing et consectetur dolor labore sit eiusmod incididunt do tempor sed elit tempor consectetur sit amet sed do incididunt do, factors factors factors factors factors factors factors factors factors factors factors factors factors factors factors factors factors factors factors factors factors factors factors factors factors factors factors factors factors factors factors factors factors factors factors factors factors factors factors factors factors factors factors factors factors factors factors factors factors factors factors factors factors factors factors factors factors factors factors factors factors factors factors factors,,
req-0031-65c62a,synthetic,1787905746.7188818,1787905793.4387767,46.719894886016846,0.051689599989913404,0.008586558730467148,"[0.0040280999965034425, 0.004447400046046823, 0.004627299960702658, 0.004528400022536516, 0.005230600014328957, 0.00493519997689873, 0.005376700020860881, 0.005615799978841096, 0.005978900007903576, 0.006007599993608892, 0.006261000002268702, 0.007068799983244389, 0.006680199992842972, 0.008805000048596412, 0.007157099957112223, 0.008584099996369332, 0.007772800046950579, 0.008315799990668893, 0.008988099987618625, 0.008497999981045723, 0.008775399997830391, 0.008855100022628903, 0.010224799974821508, 0.010174900002311915, 0.011225500027649105, 0.009684799995739013, 0.00975769996875897, 0.010438300028908998, 0.01058750000083819, 0.009952199994586408, 0.008996599994134158, 0.00994449999416247, 0.009834600030444562, 0.009313499962445349, 0.009786300011910498, 0.009698199981357902, 0.009361900039948523, 0.00964229996316135, 0.011471700039692223, 0.011506699956953526, 0.012282800045795739, 0.009623699996154755, 0.01061569998273626, 0.008471100009046495, 0.00870160001795739, 0.0094319999916479, 0.009430499980226159, 0.009366600017528981, 0.00847459997748956, 0.008967200003098696, 0.010619500011671335, 0.00848810002207756, 0.008951499999966472, 0.008213199966121465, 0.008976500015705824, 0.008370800002012402, 0.008863999973982573, 0.008406999986618757, 0.008932100026868284, 0.008561700000427663, 0.011465699994005263, 0.009341199998743832, 0.008256700006313622]",0.5939300060272217,1787905794.0327067,512,64,True,,200,labore eiusmod aliqua. ipsum sed do adipiscing amet Lorem sit tempor et dolore consectetur dolor ut incididunt magna elit eiusmod amet do labore et incididunt adipiscing magna Lorem consectetur sit dolore ut tempor dolor sed ipsum elit aliqua. do ut dolor Lorem amet et incididunt consectetur ipsum elit sed aliqua. magna tempor eiusmod labore sit adipiscing dolore dolore incididunt aliqua. dolor Lorem eiusmod tempor ipsum adipiscing et do consectetur amet magna labore elit sit sed ut ipsum aliqua. elit adipiscing incididunt ut sed labore consectetur dolore et tempor dolor eiusmod do Lorem sit amet magna Lorem labore incididunt adipiscing sed sit consectetur aliqua. do elit eiusmod ipsum amet magna tempor dolor ut et dolore consectetur sed amet aliqua. magna do ipsum ut dolor elit eiusmod dolore sit Lorem incididunt et adipiscing labore tempor amet aliqua. dolor ut dolore magna do consectetur sit Lorem sed incididunt elit eiusmod tempor ipsum adipiscing et labore sit ipsum Lorem eiusmod do elit adipiscing et dolor aliqua. tempor incididunt magna labore ut sed consectetur amet dolore eiusmod elit magna sit dolore labore dolor amet adipiscing ipsum ut Lorem do incididunt consectetur et tempor aliqua. sed dolor sed elit amet ut sit do dolore magna labore eiusmod ipsum aliqua. et incididunt consectetur adipiscing Lorem tempor tempor sit et consectetur elit eiusmod ut Lorem dolor amet dolore ipsum magna aliqua. incididunt sed do adipiscing labore sed elit Lorem dolore adipiscing sit labore ut eiusmod incididunt ipsum amet do et aliqua. dolor magna tempor consectetur eiusmod sed Lorem do et elit adipiscing consectetur labore incididunt magna amet aliqua. dolor ipsum ut dolore sit tempor dolor aliqua. et magna amet consectetur sit ut eiusmod elit labore ipsum adipiscing Lorem dolore do tempor sed incididunt ipsum dolore tempor adipiscing incididunt dolor consectetur sed eiusmod ut elit et Lorem magna amet labore aliqua. do sit aliqua. incididunt magna elit sit et sed amet do, factors factors factors factors factors factors factors factors factors factors factors factors factors factors factors factors factors factors factors factors factors factors factors factors factors factors factors factors factors factors factors factors factors factors factors factors factors factors factors factors factors factors factors factors factors factors factors factors factors factors factors factors factors factors factors factors factors factors factors factors factors factors factors factors,,
req-0032-2a4aec,synthetic,1787905746.7188818,1787905794.8665414,48.14765954017639,0.06598719995236024,0.009248679365208816,"[0.007254200056195259, 0.004210199986118823, 0.00443889998132363, 0.00507010001456365, 0.005128899996634573, 0.004976399999577552, 0.00535749999107793, 0.005268500011879951, 0.005728100019041449, 0.005673999956343323, 0.005483900022227317, 0.006205199984833598, 0.006896300008520484, 0.006949900009203702, 0.006417099968530238, 0.006883000023663044, 0.007061499985866249, 0.006606300012208521, 0.007492700009606779, 0.008043500012718141, 0.007897799951024354, 0.008155500050634146, 0.008078699989710003, 0.008293099992442876, 0.007860800018534064, 0.013611199974548072, 0.009607899992261082, 0.0135209999862127, 0.011142800038214773, 0.011304899991955608, 0.012003100011497736, 0.009641799959354103, 0.010228099999949336, 0.010057700041215867, 0.010635999962687492, 0.01593320001848042, 0.012502100027631968, 0.01262909994693473, 0.009396200010087341, 0.010083400004077703, 0.011053199996240437, 0.009773700032383204, 0.010511800006497651, 0.014119300001766533, 0.010887099953833967, 0.012083600042387843, 0.010133599978871644, 0.00976240000454709, 0.009822199994232506, 0.009895000024698675, 0.009493699995800853, 0.009441500005777925, 0.009490699972957373, 0.010007700009737164, 0.009351200016681105, 0.009630699991248548, 0.010570399987045676, 0.015153400017879903, 0.010690199967939407, 0.009983299998566508, 0.016595099994447082, 0.010150299989618361, 0.010336100007407367]",0.6499478816986084,1787905795.5164893,511,64,True,,200,do aliqua. ipsum sed consectetur sit adipiscing elit dolor dolore tempor eiusmod incididunt magna et ut labore Lorem amet dolore tempor aliqua. sit sed adipiscing amet labore ut dolor incididunt ipsum et Lorem magna consectetur eiusmod elit do aliqua. eiusmod Lorem tempor ut et magna sit labore elit dolor ipsum amet adipiscing consectetur do dolore sed incididunt amet do sed et Lorem aliqua. elit sit tempor adipiscing magna dolore labore dolor eiusmod consectetur ipsum ut incididunt elit Lorem labore incididunt ipsum dolor eiusmod consectetur ut tempor amet do sed adipiscing sit aliqua. dolore magna et elit ipsum ut amet incididunt aliqua. Lorem adipiscing labore sit dolor et dolore magna consectetur do sed eiusmod tempor dolor labore ipsum sit incididunt consectetur tempor amet dolore adipiscing do eiusmod ut sed aliqua. et magna Lorem elit do sed sit aliqua. eiusmod dolore labore magna ipsum elit ut incididunt dolor et consectetur tempor Lorem amet adipiscing elit ipsum Lorem magna eiusmod et dolore labore do amet sed incididunt tempor aliqua. adipiscing dolor ut consectetur sit labore magna ut amet adipiscing dolore do dolor et ipsum incididunt Lorem eiusmod consectetur elit sed sit tempor aliqua. eiusmod ipsum ut amet sed labore aliqua. tempor Lorem do adipiscing et sit incididunt elit dolore dolor magna consectetur eiusmod labore sit consectetur amet ut do ipsum elit et magna sed tempor aliqua. dolor incididunt adipiscing Lorem dolore amet ut elit magna et consectetur Lorem sit sed tempor eiusmod incididunt aliqua. dolor do adipiscing labore ipsum dolore adipiscing magna ut et dolor tempor Lorem aliqua. do sit amet dolore sed ipsum consectetur eiusmod labore incididunt elit adipiscing sit do sed dolore incididunt ipsum labore ut magna consectetur amet dolor elit et tempor aliqua. eiusmod Lorem elit Lorem magna eiusmod ut do dolore amet sed incididunt et aliqua. sit tempor ipsum labore adipiscing consectetur dolor aliqua. elit amet eiusmod ut dolor labore et sit, factors factors factors factors factors factors factors factors factors factors factors factors factors factors factors factors factors factors factors factors factors factors factors factors factors factors factors factors factors factors factors factors factors factors factors factors factors factors factors factors factors factors factors factors factors factors factors factors factors factors factors factors factors factors factors factors factors factors factors factors factors factors factors factors,,
req-0033-057f3c,synthetic,1787905746.7188818,1787905796.4109874,49.692105531692505,0.05985119997058064,0.008790912698873037,"[0.0043246999848634005, 0.0046749000321142375, 0.004494199994951487, 0.005032799963373691, 0.004837700049392879, 0.0051515999948605895, 0.005909100000280887, 0.005449799995403737, 0.0064910000073723495, 0.006172599969431758, 0.006118900026194751, 0.006625499983783811, 0.007735199993476272, 0.006534699990879744, 0.007395500026177615, 0.009918599971570075, 0.007504300039727241, 0.00815919996239245, 0.008522499992977828, 0.007490200048778206, 0.008211499953176826, 0.010568700032308698, 0.010674299963284284, 0.009774700039997697, 0.010819599963724613, 0.007895200047641993, 0.00982449995353818, 0.01081730000441894, 0.011386500031221658, 0.009618100011721253, 0.00922279997030273, 0.009927499981131405, 0.009501000051386654, 0.010733699949923903, 0.009749900025781244, 0.011661499971523881, 0.01006749999942258, 0.009105700009968132, 0.010384000022895634, 0.009585299994796515, 0.009865099971648306, 0.009688000020105392, 0.00981249997857958, 0.010218000039458275, 0.00841399998171255, 0.01018600002862513, 0.01071929995669052, 0.009830800001509488, 0.009891900001093745, 0.010593100043479353, 0.00932219997048378, 0.010023900016676635, 0.009489399963058531, 0.009329000022262335, 0.0099280999857001, 0.009786500013433397, 0.00978459999896586, 0.009919699979946017, 0.009807000053115189, 0.009987799974624068, 0.009670600004028529, 0.009470999997574836, 0.010016700020059943]",0.6166813373565674,1787905797.0276687,511,64,True,,200,et incididunt ipsum labore dolore sit do ut eiusmod aliqua. elit dolor tempor consectetur sed amet adipiscing magna Lorem ipsum magna ut sed Lorem consectetur et amet tempor labore incididunt adipiscing aliqua. eiusmod dolore do elit dolor sit do Lorem sit consectetur magna incididunt labore elit tempor adipiscing et dolore sed dolor amet ut eiusmod aliqua. ipsum eiusmod do et sit adipiscing consectetur ipsum dolor elit labore aliqua. ut incididunt tempor Lorem sed amet magna dolore incididunt ut amet aliqua. sit do dolore elit dolor labore et consectetur Lorem magna tempor sed adipiscing eiusmod ipsum adipiscing sit labore magna aliqua. ut consectetur sed elit do ipsum incididunt Lorem eiusmod dolore amet tempor dolor et ut eiusmod adipiscing labore et amet do ipsum consectetur dolore dolor magna sed elit tempor Lorem aliqua. incididunt sit labore eiusmod consectetur et elit amet ut sit Lorem magna tempor aliqua. adipiscing sed incididunt do ipsum dolore dolor dolor eiusmod sed adipiscing ipsum dolore elit aliqua. Lorem tempor ut do magna amet sit consectetur incididunt et labore incididunt et amet dolore labore tempor dolor consectetur do sed eiusmod ut sit Lorem ipsum magna aliqua. elit adipiscing sit tempor aliqua. adipiscing magna dolor ut consectetur incididunt sed labore do ipsum elit amet eiusmod dolore et Lorem Lorem dolor incididunt labore magna consectetur do dolore ipsum tempor adipiscing et aliqua. sed ut sit amet eiusmod elit eiusmod dolore elit et amet adipiscing do consectetur ipsum ut incididunt magna Lorem labore sit dolor sed tempor aliqua. elit eiusmod consectetur dolore incididunt et labore sed Lorem do adipiscing tempor amet dolor sit magna aliqua. ipsum ut labore adipiscing magna aliqua. Lorem incididunt et eiusmod sed amet ipsum do sit consectetur tempor ut elit dolore dolor ipsum do amet eiusmod sit sed et dolor elit consectetur tempor magna ut aliqua. Lorem dolore adipiscing labore incididunt incididunt et elit dolore sed aliqua. adipiscing, factors factors factors factors factors factors factors factors factors factors factors factors factors factors factors factors factors factors factors factors factors factors factors factors factors factors factors factors factors factors factors factors factors factors factors factors factors factors factors factors factors factors factors factors factors factors factors factors factors factors factors factors factors factors factors factors factors factors factors factors factors factors factors factors,,
req-0034-2d622b,synthetic,1787905746.7188818,1787905797.874073,51.15519118309021,0.06948330003069714,0.008783841270044269,"[0.005250699992757291, 0.005837199976667762, 0.005186300026252866, 0.0047512000310234725, 0.005124899966176599, 0.005588800006080419, 0.004749900021124631, 0.005513999960385263, 0.0049980999901890755, 0.0053610000177286565, 0.005539799982216209, 0.0059152000467292964, 0.005812399962451309, 0.006695799995213747, 0.007107600045856088, 0.00666859996272251, 0.006584700022358447, 0.007079700008034706, 0.007979099988006055, 0.007639100018423051, 0.00870449998183176, 0.006781200005207211, 0.009161699970718473, 0.008504700032062829, 0.009491499979048967, 0.008320600027218461, 0.00911619997350499, 0.008803200034890324, 0.00827319995732978, 0.011598900018725544, 0.008323499991092831, 0.008789799991063774, 0.00811620004242286, 0.008626399969216436, 0.008401200000662357, 0.008619100030045956, 0.008917299972381443, 0.008339399995747954, 0.009688400023151189, 0.008324700000230223, 0.00855169998249039, 0.00839929998619482, 0.0089354999945499, 0.008653900003992021, 0.008530699997209013, 0.009592099988367409, 0.01288570003816858, 0.011006199987605214, 0.010798299976158887, 0.01768620003713295, 0.011397399997804314, 0.016745699977036566, 0.012129000038839877, 0.010639199987053871, 0.011233799974434078, 0.011259799997787923, 0.010908199998084456, 0.01170030003413558, 0.01587120001204312, 0.010773299960419536, 0.01047360000666231, 0.010313700011465698, 0.010611400008201599]",0.6241202354431152,1787905798.4981933,511,64,True,,200,aliqua. ipsum do labore sit eiusmod dolor ut elit amet consectetur incididunt sed Lorem magna tempor dolore et adipiscing consectetur et tempor dolor adipiscing sed ipsum ut elit eiusmod magna Lorem incididunt do amet dolore sit aliqua. labore sed Lorem ipsum eiusmod do consectetur tempor magna et incididunt ut adipiscing dolor labore elit amet dolore aliqua. sit ipsum tempor elit adipiscing sit dolor aliqua. ut dolore Lorem eiusmod amet labore consectetur sed et incididunt do magna magna labore incididunt sed Lorem adipiscing eiusmod et elit aliqua. do consectetur ipsum amet sit tempor ut dolor dolore labore magna consectetur ipsum sit aliqua. do ut tempor incididunt Lorem eiusmod et dolore amet elit sed dolor adipiscing amet Lorem sed incididunt labore tempor aliqua. adipiscing sit do ipsum magna dolore eiusmod consectetur dolor elit et ut eiusmod tempor Lorem et do incididunt ut aliqua. labore sed amet elit consectetur dolor dolore ipsum adipiscing sit magna et dolor aliqua. ut magna do eiusmod sed ipsum amet labore incididunt elit dolore Lorem tempor sit adipiscing consectetur do et sit incididunt sed ipsum amet elit aliqua. dolore magna labore ut consectetur dolor eiusmod tempor adipiscing Lorem ut dolor Lorem et labore magna eiusmod aliqua. incididunt sit elit amet do ipsum sed dolore consectetur adipiscing tempor magna amet adipiscing do aliqua. eiusmod Lorem tempor consectetur ipsum et ut dolor labore dolore incididunt sed sit elit dolore adipiscing tempor ipsum ut labore aliqua. et amet eiusmod sit magna do sed Lorem consectetur dolor incididunt elit dolor sit et incididunt consectetur eiusmod elit sed tempor adipiscing aliqua. labore ut do amet magna Lorem dolore ipsum elit do Lorem consectetur amet adipiscing aliqua. ipsum eiusmod et magna dolore dolor incididunt tempor ut sed labore sit dolor do aliqua. consectetur et ipsum Lorem sed labore tempor amet elit magna adipiscing eiusmod ut sit dolore incididunt ut ipsum labore do dolor et incididunt magna tem, stairs stairs stairs stairs stairs stairs stairs stairs stairs stairs stairs stairs stairs stairs stairs stairs stairs stairs stairs stairs stairs stairs stairs stairs stairs stairs stairs stairs stairs stairs stairs stairs stairs stairs stairs stairs stairs stairs stairs stairs stairs stairs stairs stairs stairs stairs stairs stairs stairs stairs stairs stairs stairs stairs stairs stairs stairs stairs stairs stairs stairs stairs stairs stairs,,
req-0035-3882fa,synthetic,1787905746.7188818,1787905799.3914444,52.67256259918213,0.06887070002267137,0.00862556349186759,"[0.006464899983257055, 0.0044804000062868, 0.004398200020659715, 0.005096999986562878, 0.006758000003173947, 0.005435700004454702, 0.006742700003087521, 0.005376299959607422, 0.006611799995880574, 0.005933700012974441, 0.0062488000257872045, 0.006744299957063049, 0.007457400031853467, 0.007974600011948496, 0.007478599960450083, 0.007111100014299154, 0.007317100011277944, 0.00868660002015531, 0.009466899966355413, 0.009450100013054907, 0.010361799970269203, 0.008142400009091944, 0.009530599985737354, 0.0070100000011734664, 0.009658400027547032, 0.01155789999756962, 0.010216800030320883, 0.009328799962531775, 0.010325799987185746, 0.009364800003822893, 0.01022320002084598, 0.009395800007041544, 0.009434100007638335, 0.008305299968924373, 0.00897860003169626, 0.009286899992730469, 0.008338599989656359, 0.012714800017420202, 0.00954449997516349, 0.008960100007243454, 0.009202699991874397, 0.012428099988028407, 0.008673800039105117, 0.008655099954921752, 0.008435200026724488, 0.010470699984580278, 0.010393800039310008, 0.010330699966289103, 0.010783999983686954, 0.009612200025003403, 0.012438800011295825, 0.009136200009379536, 0.009008599969092757, 0.008994400035589933, 0.008238099981099367, 0.009077899972908199, 0.008853300008922815, 0.008799500006716698, 0.008155899995472282, 0.008881999994628131, 0.00877710001077503, 0.008985400025267154, 0.00916359998518601]",0.6146297454833984,1787905800.0060742,510,64,True,,200,incididunt magna dolore eiusmod ipsum consectetur dolor adipiscing et amet Lorem do tempor aliqua. elit labore sed ut sit et do sit Lorem incididunt elit ut eiusmod consectetur adipiscing tempor amet sed labore ipsum dolore aliqua. dolor magna sit incididunt dolore et consectetur Lorem do sed amet ipsum adipiscing aliqua. labore dolor eiusmod tempor elit magna ut eiusmod ut sit labore aliqua. sed do consectetur adipiscing dolor Lorem ipsum dolore et magna tempor elit amet incididunt magna tempor sed ut incididunt et dolor eiusmod dolore amet labore aliqua. sit do ipsum Lorem elit consectetur adipiscing amet labore aliqua. sit ipsum dolore dolor et sed do tempor consectetur Lorem magna ut adipiscing eiusmod elit incididunt ut do consectetur elit ipsum Lorem adipiscing tempor sit magna amet dolore aliqua. dolor sed incididunt labore eiusmod et et aliqua. dolore sed adipiscing sit tempor Lorem ipsum incididunt labore dolor amet elit consectetur eiusmod magna ut do et eiusmod amet Lorem dolor magna elit dolore labore do aliqua. sit tempor incididunt ut ipsum sed consectetur adipiscing sit eiusmod dolor do elit magna adipiscing aliqua. labore amet et sed tempor consectetur ipsum incididunt Lorem ut dolore do adipiscing dolor Lorem dolore incididunt labore tempor ut et ipsum magna eiusmod elit consectetur amet sit aliqua. sed adipiscing amet incididunt eiusmod sit ut Lorem dolore tempor elit aliqua. labore et magna do ipsum consectetur dolor sed ut dolor et ipsum magna sed Lorem eiusmod consectetur dolore labore sit incididunt do aliqua. amet tempor elit adipiscing ut ipsum incididunt labore Lorem eiusmod dolor tempor magna amet sed dolore elit adipiscing et do consectetur aliqua. sit amet aliqua. dolor incididunt et ipsum do consectetur ut dolore adipiscing eiusmod elit sit labore magna Lorem tempor sed magna ipsum incididunt aliqua. Lorem labore elit tempor dolor consectetur amet sit sed do et eiusmod dolore adipiscing ut ipsum incididunt sed elit tempor sit consectetur, factors factors factors factors factors factors factors factors factors factors factors factors factors factors factors factors factors factors factors factors factors factors factors factors factors factors factors factors factors factors factors factors factors factors factors factors factors factors factors factors factors factors factors factors factors factors factors factors factors factors factors factors factors factors factors factors factors factors factors factors factors factors factors factors,,
req-0036-0fdcb0,synthetic,1787905746.7188818,1787905800.84258,54.123698234558105,0.052717700018547475,0.008541063492422894,"[0.0047153999912552536, 0.0045900000259280205, 0.004594800004269928, 0.004565099952742457, 0.0047361000324599445, 0.0047079999931156635, 0.004763100005220622, 0.005459400010295212, 0.00540039996849373, 0.005008700012695044, 0.005986000003758818, 0.006584500020835549, 0.005971499951556325, 0.006560000008903444, 0.006632100034039468, 0.006707999971695244, 0.006882700021378696, 0.011028899985831231, 0.00802579999435693, 0.008435900032054633, 0.007465299975592643, 0.009330799977760762, 0.009053600020706654, 0.008525900018867105, 0.009502200002316386, 0.008973099989816546, 0.009016199968755245, 0.008499500050675124, 0.008941799984313548, 0.008577700005844235, 0.009656500013079494, 0.011507699964568019, 0.009201899985782802, 0.008855800027959049, 0.009673999971710145, 0.008161400037351996, 0.008570300007704645, 0.011318699980620295, 0.008736099989619106, 0.008250400016549975, 0.008997099997941405, 0.00835630000801757, 0.009425800002645701, 0.009215299971401691, 0.008458400028757751, 0.008638700004667044, 0.009509600000455976, 0.009013100003357977, 0.008530899998731911, 0.00877679995028302, 0.009016500029247254, 0.008958899998106062, 0.009344799967948347, 0.00857110001379624, 0.009325999999418855, 0.010741100006271154, 0.011428700003307313, 0.017831499979365617, 0.011620500008575618, 0.014996500045526773, 0.011348399973940104, 0.0117284000152722, 0.011077300005126745]",0.5920512676239014,1787905801.4346313,512,64,True,,200,incididunt dolor adipiscing ut dolore sit magna Lorem elit consectetur do et tempor eiusmod sed ipsum labore aliqua. amet dolor dolore eiusmod sed incididunt magna consectetur ipsum ut et labore aliqua. sit tempor Lorem amet elit do adipiscing et do dolor ipsum tempor ut adipiscing incididunt consectetur labore sed elit dolore sit eiusmod amet aliqua. magna Lorem adipiscing ut tempor magna Lorem eiusmod sed dolor consectetur et aliqua. sit labore incididunt dolore do amet elit ipsum dolor sit eiusmod ut dolore magna do et ipsum adipiscing sed amet consectetur Lorem aliqua. elit incididunt tempor labore sit magna consectetur elit ut dolor aliqua. do et sed adipiscing ipsum Lorem amet labore eiusmod tempor dolore incididunt eiusmod do labore et sed amet sit consectetur elit ut incididunt adipiscing Lorem tempor ipsum dolor aliqua. dolore magna Lorem adipiscing dolor elit eiusmod aliqua. sed magna incididunt ipsum tempor do labore dolore consectetur ut sit et amet adipiscing consectetur et dolor amet Lorem magna labore do ut sit tempor sed dolore eiusmod aliqua. incididunt elit ipsum et tempor incididunt elit aliqua. amet dolor sit consectetur adipiscing Lorem magna do labore eiusmod sed ut ipsum dolore elit sed amet aliqua. dolore do ipsum eiusmod et Lorem consectetur ut incididunt adipiscing magna sit dolor tempor labore dolore sed consectetur dolor amet eiusmod adipiscing ipsum et Lorem incididunt elit sit magna labore ut do tempor aliqua. sit labore dolor ipsum ut amet eiusmod do incididunt magna dolore sed elit et Lorem adipiscing tempor consectetur aliqua. dolore labore consectetur adipiscing eiusmod sit et amet dolor tempor ut aliqua. sed incididunt Lorem ipsum elit do magna do labore ut ipsum dolore sed incididunt amet aliqua. et eiusmod dolor adipiscing magna sit elit Lorem tempor consectetur ipsum amet sit Lorem sed dolore ut magna aliqua. do elit eiusmod incididunt labore et dolor adipiscing consectetur tempor dolor labore magna incididunt eiusmod sed elit u, factors factors factors factors factors factors factors factors factors factors factors factors factors factors factors factors factors factors factors factors factors factors factors factors factors factors factors factors factors factors factors factors factors factors factors factors factors factors factors factors factors factors factors factors factors factors factors factors factors factors factors factors factors factors factors factors factors factors factors factors factors factors factors factors,,
req-0037-0ff587,synthetic,1787905746.7188818,1787905802.3685305,55.649648666381836,0.05680799996480346,0.008059158729988017,"[0.0046820000279694796, 0.0044578000088222325, 0.004827599972486496, 0.004406900028698146, 0.004851599980611354, 0.004860099987126887, 0.005618800001684576, 0.005411399994045496, 0.005471999989822507, 0.005386200034990907, 0.005827399960253388, 0.006069399998523295, 0.005363400036003441, 0.006943000014871359, 0.006648699985817075, 0.006941800005733967, 0.0071566999540664256, 0.006836000015027821, 0.007987099990714341, 0.007363400014583021, 0.00805260002380237, 0.008135699958074838, 0.00817700003972277, 0.007193600002210587, 0.007818099984433502, 0.008629799995105714, 0.009320400014985353, 0.009480600012466311, 0.008280099951662123, 0.00960690004285425, 0.008280100009869784, 0.009382299962453544, 0.01246490003541112, 0.008437099982984364, 0.009287199995014817, 0.007992399972863495, 0.010115400014910847, 0.009625500009860843, 0.008556500019039959, 0.008580699970480055, 0.009876800002530217, 0.00831780000589788, 0.008146799984388053, 0.012024099996779114, 0.008099700033199042, 0.009332099987659603, 0.008259000023826957, 0.008808199956547469, 0.009207700029946864, 0.008657099970150739, 0.008325500006321818, 0.00871640001423657, 0.011821799969766289, 0.009063600038643926, 0.008578700013458729, 0.008166799962054938, 0.011239000014029443, 0.00826879998203367, 0.00997420004568994, 0.01288989995373413, 0.00787780003156513, 0.009201999986544251, 0.008344999980181456]",0.5661280155181885,1787905802.9346585,512,64,True,,200,adipiscing tempor Lorem eiusmod elit ipsum aliqua. ut labore sed et consectetur dolor amet do magna dolore sit incididunt et amet consectetur sed aliqua. incididunt magna elit eiusmod dolor ipsum ut Lorem do dolore tempor adipiscing sit labore adipiscing incididunt dolor ipsum tempor eiusmod amet elit labore dolore consectetur ut sed Lorem et sit magna aliqua. do sed magna tempor do amet dolore aliqua. ut labore ipsum elit eiusmod dolor incididunt et consectetur Lorem adipiscing sit ut eiusmod ipsum sed consectetur labore amet Lorem elit dolore sit incididunt aliqua. adipiscing tempor magna do et dolor sed dolor labore incididunt sit et elit Lorem eiusmod magna amet ipsum adipiscing do tempor aliqua. ut dolore consectetur ipsum aliqua. adipiscing dolore eiusmod incididunt et amet magna sed do tempor elit dolor labore sit Lorem ut consectetur incididunt elit et eiusmod amet do dolore aliqua. sit ut adipiscing ipsum consectetur magna labore dolor sed Lorem tempor dolor sit dolore sed elit ut et do adipiscing incididunt labore magna amet eiusmod tempor consectetur ipsum aliqua. Lorem aliqua. et ut labore dolore sed tempor Lorem incididunt do adipiscing magna sit ipsum eiusmod amet dolor elit consectetur do aliqua. eiusmod sit dolore amet consectetur ipsum labore et ut adipiscing elit dolor magna tempor incididunt Lorem sed adipiscing magna incididunt dolore elit tempor et sed dolor labore aliqua. amet eiusmod Lorem consectetur ipsum ut sit do do consectetur tempor elit ut eiusmod sit amet Lorem et dolor labore magna ipsum dolore incididunt aliqua. adipiscing sed aliqua. incididunt elit labore tempor sed adipiscing ipsum Lorem magna et dolor amet consectetur dolore do ut sit eiusmod ut sed magna labore consectetur do adipiscing eiusmod dolor sit Lorem et ipsum dolore aliqua. elit incididunt tempor amet consectetur tempor amet sit labore aliqua. sed et do ipsum adipiscing dolor incididunt elit eiusmod dolore magna ut Lorem tempor sit ipsum et sed magna elit dolore ut adi, factors factors factors factors factors factors factors factors factors factors factors factors factors factors factors factors factors factors factors factors factors factors factors factors factors factors factors factors factors factors factors factors factors factors factors factors factors factors factors factors factors factors factors factors factors factors factors factors factors factors factors factors factors factors factors factors factors factors factors factors factors factors factors factors,,
