request_id,workload_type,arrival_time,dispatch_time,queue_time,ttft,tpot,inter_token_latencies,total_latency,completion_time,input_tokens,output_tokens,success,error,status_code,prompt_text,output_text,server_queue_time,server_prefill_time
req-0000-834852,synthetic,1787906339.0966246,1787906339.9974492,0.9008245468139648,5.762618499982636,0.05054210476200318,"[0.0404098000144586, 0.028986999997869134, 0.0421401999774389, 0.034148600010666996, 0.03690669999923557, 0.03600439999718219, 0.031150099996011704, 0.04009490000316873, 0.03344319999450818, 0.03379240003414452, 0.03582659998210147, 0.032022800005506724, 0.033864299999549985, 0.0359541000216268, 0.035454099997878075, 0.03979279997292906, 0.028896400006487966, 0.03806380002060905, 0.03372879995731637, 0.03988320002099499, 0.03904330002842471, 0.03534379997290671, 0.03894250001758337, 0.041724000009708107, 0.032624199986457825, 0.04031459998805076, 0.03474769997410476, 0.037729700037743896, 0.034129599982406944, 0.039679599984083325, 0.03423380001913756, 0.04020789999049157, 0.038418499985709786, 0.03602220001630485, 0.04045780003070831, 0.038148999970871955, 0.03819170000497252, 0.03743849997408688, 0.0376240000477992, 0.03540539997629821, 0.03880889998981729, 0.03533169999718666, 0.02907970000524074, 0.0361269999993965, 0.03228230000240728, 0.03110610001021996, 0.04118659999221563, 0.03548419999424368, 0.028588199988007545, 0.029616500018164515, 0.03254779998678714, 0.031217200041282922, 0.029384099994786084, 0.033741499995812774, 0.036747600010130554, 0.033034699968993664, 0.03531390003627166, 0.02828539995243773, 0.03791710000950843, 0.032111699983943254, 0.04914150002878159, 0.984901699994225, 0.021205199998803437]",8.953187942504883,1787906348.950637,510,64,True,,200,et Lorem amet sit adipiscing aliqua. elit sed tempor consectetur eiusmod dolor labore incididunt ipsum dolore ut do magna amet incididunt sit sed tempor dolor aliqua. ipsum dolore do Lorem adipiscing magna et elit labore ut eiusmod consectetur labore magna dolore ut ipsum et incididunt aliqua. sed adipiscing sit dolor amet do tempor Lorem elit consectetur eiusmod consectetur elit adipiscing et incididunt Lorem amet tempor dolore aliqua. magna sed eiusmod ipsum dolor labore sit do ut aliqua. do labore ipsum et sit ut magna tempor eiusmod amet dolor dolore Lorem elit adipiscing sed consectetur incididunt tempor ipsum Lorem magna dolor elit adipiscing eiusmod incididunt do amet consectetur et labore sit sed aliqua. ut dolore labore incididunt consectetur ut do tempor dolor magna et aliqua. sit dolore adipiscing eiusmod ipsum amet Lorem sed elit do magna dolore dolor consectetur labore ut adipiscing ipsum sed elit Lorem eiusmod tempor amet et aliqua. incididunt sit amet tempor sit magna elit do labore consectetur dolore eiusmod Lorem ut dolor sed et aliqua. incididunt adipiscing ipsum adipiscing incididunt dolor eiusmod ut amet labore Lorem sed do aliqua. tempor ipsum consectetur dolore magna et elit sit Lorem tempor amet dolor ut do eiusmod incididunt sed sit adipiscing labore et ipsum elit magna aliqua. consectetur dolore magna dolore sed et labore elit do incididunt ut consectetur sit dolor tempor adipiscing aliqua. ipsum eiusmod amet Lorem sed et incididunt labore ut dolore ipsum tempor do amet adipiscing magna aliqua. eiusmod dolor elit Lorem sit consectetur ipsum dolore labore sit dolor eiusmod magna Lorem et adipiscing do incididunt sed consectetur tempor ut aliqua. amet elit do dolor sed labore Lorem adipiscing magna et sit consectetur amet tempor ipsum eiusmod dolore ut aliqua. elit incididunt Lorem dolor magna sit consectetur incididunt dolore eiusmod ipsum do amet sed aliqua. elit ut labore et adipiscing tempor et magna sit dolor eiusmod do ut labore consecte, factors factors factors factors factors factors factors factors factors factors factors factors factors factors factors factors factors factors factors factors factors factors factors factors factors factors factors factors factors factors factors factors factors factors factors factors factors factors factors factors factors factors factors factors factors factors factors factors factors factors factors factors factors factors factors factors factors factors factors factors factors factors factors factors,,
req-0001-3b4a2a,synthetic,1787906339.0966246,1787906340.8196888,1.7230641841888428,4.942302100011148,0.050563582539787544,"[0.04000019998056814, 0.04599499999312684, 0.036671900015790015, 0.03442209999775514, 0.03289119998225942, 0.05328759999247268, 0.022862100042402744, 0.033627099997829646, 0.02844689995981753, 0.03389459999743849, 0.03613160003442317, 0.03697459999239072, 0.035169499984476715, 0.04146690003108233, 0.03236149996519089, 0.0372444000095129, 0.03900460002478212, 0.03592759999446571, 0.03874429996358231, 0.03827710001496598, 0.034530900011304766, 0.04569689999334514, 0.03369329997804016, 0.034123500052373856, 0.04095779999624938, 0.036159199953544885, 0.025051800010260195, 0.03668740001739934, 0.03681479999795556, 0.036323699983768165, 0.03984869999112561, 0.047111199994105846, 0.04220620001433417, 0.035944400005973876, 0.039116600004490465, 0.03440559998853132, 0.03785210003843531, 0.03699689998757094, 0.03701789997285232, 0.0376673000282608, 0.04172239999752492, 0.03302979998989031, 0.029294800013303757, 0.03740119998110458, 0.03196679998654872, 0.030547400005161762, 0.029211800021585077, 0.036870700016152114, 0.0375654999515973, 0.03669170005014166, 0.0352026000036858, 0.02688809996470809, 0.023055700003169477, 0.03832460002740845, 0.03039969998644665, 0.03782510000746697, 0.03912589995888993, 0.039144800044596195, 0.03354989999206737, 0.03126289998181164, 0.034984500030986965, 0.9661385999643244, 0.023694200033787638]",8.13261890411377,1787906348.9523077,510,64,True,,200,ipsum eiusmod consectetur ut Lorem adipiscing do sed dolor et magna incididunt tempor elit dolore amet aliqua. labore sit magna eiusmod dolor Lorem dolore labore sed do tempor et amet sit incididunt ipsum adipiscing ut aliqua. elit consectetur dolore ipsum sit elit dolor magna et labore aliqua. eiusmod Lorem consectetur adipiscing amet ut tempor do incididunt sed adipiscing eiusmod dolor tempor elit et labore do magna aliqua. incididunt consectetur sed dolore Lorem ut amet ipsum sit magna consectetur ipsum ut do aliqua. labore tempor dolore sit Lorem sed adipiscing incididunt dolor elit eiusmod amet et amet ipsum aliqua. elit ut adipiscing dolor dolore do tempor magna labore Lorem eiusmod sit sed et consectetur incididunt dolore adipiscing elit magna incididunt do aliqua. Lorem sed consectetur amet tempor et ipsum labore ut dolor eiusmod sit Lorem et adipiscing amet incididunt consectetur eiusmod elit do aliqua. dolore magna sit ipsum ut labore tempor sed dolor sit dolor elit tempor Lorem aliqua. ut amet incididunt consectetur do magna et sed ipsum labore dolore eiusmod adipiscing ut dolore adipiscing dolor amet incididunt et consectetur labore Lorem eiusmod tempor sed aliqua. sit ipsum elit magna do ut eiusmod tempor elit aliqua. dolor Lorem sit adipiscing consectetur et labore magna incididunt dolore amet sed do ipsum labore tempor ipsum dolor consectetur adipiscing ut amet sed incididunt eiusmod et magna elit Lorem sit do aliqua. dolore labore Lorem aliqua. incididunt sed dolor elit amet sit consectetur adipiscing ipsum do et tempor ut dolore magna eiusmod consectetur dolore Lorem et elit incididunt ipsum dolor aliqua. sed tempor eiusmod do amet sit ut labore magna adipiscing eiusmod elit ut amet tempor ipsum adipiscing magna do labore consectetur sed dolore et dolor Lorem aliqua. sit incididunt consectetur eiusmod adipiscing dolore amet elit magna ut dolor sit Lorem labore et do tempor ipsum incididunt sed aliqua. Lorem magna tempor do dolor dolore amet aliqua. , factors factors factors factors factors factors factors factors factors factors factors factors factors factors factors factors factors factors factors factors factors factors factors factors factors factors factors factors factors factors factors factors factors factors factors factors factors factors factors factors factors factors factors factors factors factors factors factors factors factors factors factors factors factors factors factors factors factors factors factors factors factors factors factors,,
req-0002-140b1d,synthetic,1787906339.0966246,1787906341.6275392,2.530914545059204,4.129827200027648,0.0505797746027672,"[0.03576269996119663, 0.04019279999192804, 0.04049980000127107, 0.04197680001379922, 0.03359409997938201, 0.054554900038056076, 0.021810000005643815, 0.03910339996218681, 0.03493030002573505, 0.034947499982081354, 0.038135899987537414, 0.03491220000432804, 0.02790889999596402, 0.03271240001777187, 0.03658499999437481, 0.03666560002602637, 0.03425149997929111, 0.03721239999867976, 0.03442680003354326, 0.0356059999903664, 0.026879000011831522, 0.03656279999995604, 0.03582789999200031, 0.04114240000490099, 0.037286899983882904, 0.035107299976516515, 0.03872200002660975, 0.03550329996505752, 0.024697600048966706, 0.03644999995594844, 0.03672470001038164, 0.03377340000588447, 0.04100640001706779, 0.04138149996288121, 0.03408430004492402, 0.04010869999183342, 0.032498199958354235, 0.04323580005438998, 0.031838900002185255, 0.0376282999641262, 0.036181500006932765, 0.030329599976539612, 0.04170300002442673, 0.035580200026743114, 0.04299319995334372, 0.03032100002747029, 0.03099250001832843, 0.03550939995329827, 0.04076639999402687, 0.03641830000560731, 0.03954730002442375, 0.0325340999988839, 0.03937810001662001, 0.024617299961391836, 0.029419500031508505, 0.0341904999804683, 0.03088730003219098, 0.027087499969638884, 0.03950070001883432, 0.026863800012506545, 0.05001909995917231, 0.984358899993822, 0.021078200021293014]",7.322721004486084,1787906348.9502602,511,64,True,,200,dolore et tempor elit incididunt aliqua. ipsum sed sit dolor ut do consectetur adipiscing magna eiusmod amet labore Lorem ut ipsum sed tempor consectetur aliqua. sit Lorem eiusmod adipiscing labore dolor et incididunt magna dolore do amet elit elit eiusmod et dolor labore amet ipsum sit tempor consectetur Lorem adipiscing sed do incididunt aliqua. ut dolore magna dolor tempor adipiscing sit labore elit incididunt eiusmod ipsum ut sed do consectetur Lorem aliqua. amet magna dolore et do et eiusmod labore aliqua. sed incididunt sit adipiscing elit Lorem ut ipsum amet consectetur magna dolor dolore tempor dolor consectetur Lorem incididunt do aliqua. eiusmod amet tempor magna adipiscing ut ipsum sed labore et dolore sit elit ut Lorem adipiscing dolore ipsum eiusmod tempor sed incididunt elit aliqua. do labore consectetur magna dolor amet et sit do consectetur aliqua. labore amet eiusmod incididunt tempor dolor magna Lorem elit sed ut et dolore sit ipsum adipiscing et labore dolore incididunt sed tempor aliqua. eiusmod ut elit dolor adipiscing ipsum do amet sit magna consectetur Lorem magna do Lorem dolore ipsum labore ut dolor incididunt aliqua. consectetur sit tempor eiusmod elit adipiscing et sed amet sit eiusmod labore incididunt consectetur magna aliqua. tempor dolore ut dolor ipsum sed et do Lorem amet elit adipiscing amet et consectetur dolore elit ipsum aliqua. tempor magna eiusmod do adipiscing incididunt ut labore dolor sed Lorem sit dolore ipsum et amet sit sed elit consectetur do tempor adipiscing ut dolor labore magna aliqua. Lorem incididunt eiusmod Lorem dolor ipsum dolore labore sit incididunt tempor do ut consectetur elit adipiscing et magna eiusmod amet aliqua. sed ipsum labore aliqua. sed dolor et adipiscing eiusmod ut magna sit incididunt dolore Lorem consectetur elit amet tempor do sit sed Lorem do ipsum dolore amet elit magna adipiscing et labore eiusmod tempor ut dolor incididunt consectetur aliqua. consectetur labore elit sit ut do aliqua. eiusmo, factors factors factors factors factors factors factors factors factors factors factors factors factors factors factors factors factors factors factors factors factors factors factors factors factors factors factors factors factors factors factors factors factors factors factors factors factors factors factors factors factors factors factors factors factors factors factors factors factors factors factors factors factors factors factors factors factors factors factors factors factors factors factors factors,,
req-0003-62bc0d,synthetic,1787906339.0966246,1787906342.3723748,3.275750160217285,3.3871437999769114,0.05058113333310873,"[0.03832639998290688, 0.04278110002633184, 0.03342689998680726, 0.04359630000544712, 0.037177100020926446, 0.05061889998614788, 0.024939299968536943, 0.028034600021783262, 0.03842529997928068, 0.03174340003170073, 0.03221460001077503, 0.034087799955159426, 0.03523150004912168, 0.034159099974203855, 0.03658970003016293, 0.03852169995661825, 0.038962299993727356, 0.03636730002472177, 0.042626700014807284, 0.038374399999156594, 0.040713900001719594, 0.03786959999706596, 0.03653230000054464, 0.03581159998429939, 0.038147500017657876, 0.038106199994217604, 0.03366630000527948, 0.03689170000143349, 0.031128800008445978, 0.03573329997016117, 0.038228899997193366, 0.0383305000141263, 0.03590700001223013, 0.03718809998827055, 0.0376107000047341, 0.03536179999355227, 0.03979259997140616, 0.03480920003494248, 0.039248499961104244, 0.03544270002748817, 0.04062270000576973, 0.03726379998261109, 0.03815879998728633, 0.03922969999257475, 0.3821136000333354, 0.03789360000519082, 0.0405402000178583, 0.042850099969655275, 0.046238499984610826, 0.9860323000466451, 0.02132319996599108, 4.850002005696297e-05, 4.5599997974932194e-05, 4.3899985030293465e-05, 4.3199979700148106e-05, 4.310003714635968e-05, 0.0008760999771766365, 7.850001566112041e-05, 0.0002204999909736216, 6.410002242773771e-05, 5.6999968364834785e-05, 4.9900030717253685e-05, 4.88999648950994e-05]",6.578732252120972,1787906348.951107,512,64,True,,200,ipsum tempor incididunt sed sit elit labore dolor aliqua. ut et dolore do magna eiusmod consectetur amet adipiscing Lorem elit do eiusmod labore magna consectetur dolor aliqua. et Lorem adipiscing tempor ut ipsum incididunt sit dolore sed amet dolore eiusmod consectetur do elit ipsum et sit dolor incididunt tempor labore Lorem aliqua. adipiscing ut amet sed magna ut eiusmod consectetur sed incididunt dolore ipsum sit adipiscing dolor tempor labore et elit Lorem aliqua. amet magna do ipsum et elit tempor eiusmod incididunt ut labore consectetur dolore amet do adipiscing sed Lorem sit magna aliqua. dolor sit tempor aliqua. dolore elit magna consectetur labore ipsum eiusmod sed Lorem dolor amet incididunt do adipiscing ut et ipsum adipiscing magna amet do tempor incididunt dolor et labore eiusmod sed Lorem sit consectetur ut dolore elit aliqua. ut Lorem tempor eiusmod sit dolor labore dolore adipiscing sed amet magna et ipsum consectetur aliqua. incididunt elit do dolore incididunt tempor dolor labore adipiscing amet sed eiusmod elit ut Lorem sit aliqua. magna do et ipsum consectetur elit et eiusmod ut consectetur dolor sit labore adipiscing amet tempor aliqua. incididunt do magna ipsum dolore sed Lorem tempor magna dolore aliqua. consectetur do sed dolor labore adipiscing incididunt elit amet et Lorem eiusmod ipsum sit ut sed et amet consectetur ipsum elit dolore Lorem dolor ut sit adipiscing aliqua. labore do magna eiusmod tempor incididunt dolore ipsum aliqua. tempor dolor sit elit labore sed adipiscing magna et consectetur do Lorem eiusmod ut amet incididunt magna do eiusmod ut sed Lorem tempor amet dolor labore consectetur elit adipiscing dolore ipsum incididunt sit et aliqua. Lorem amet adipiscing eiusmod sit dolor tempor dolore et labore do aliqua. consectetur incididunt magna sed ut elit ipsum incididunt amet ut labore adipiscing et sed tempor consectetur sit magna eiusmod Lorem dolor aliqua. elit dolore ipsum do incididunt adipiscing aliqua. Lorem eiusmod do m, stairs stairs stairs stairs stairs stairs stairs stairs stairs stairs stairs stairs stairs stairs stairs stairs stairs stairs stairs stairs stairs stairs stairs stairs stairs stairs stairs stairs stairs stairs stairs stairs stairs stairs stairs stairs stairs stairs stairs stairs stairs stairs stairs stairs stairs stairs stairs stairs stairs stairs stairs stairs stairs stairs stairs stairs stairs stairs stairs stairs stairs stairs stairs stairs,,
req-0004-a5e28c,synthetic,1787906339.0966246,1787906343.145182,4.048557281494141,2.6596011000219733,0.04986996666642852,"[0.030994699976872653, 0.03483660001074895, 0.041420500027015805, 0.030967999948188663, 0.03183430002536625, 0.04284459998598322, 0.030956200032960624, 0.04101819999050349, 0.03725310001755133, 0.030816799961030483, 0.029172200011089444, 0.03477039997233078, 0.03266790002817288, 0.03852000000188127, 0.033202100021298975, 0.032551599957514554, 0.03281649999553338, 0.041011599998455495, 0.036638000048696995, 0.04012819996569306, 0.04287800000747666, 0.034464500029571354, 0.027173299982678145, 0.030801500019151717, 0.03747729997849092, 0.03875549999065697, 0.03320320002967492, 0.04002269997727126, 0.0335462000221014, 0.042543399962596595, 0.03509900002973154, 0.03672169998753816, 0.04353799996897578, 0.037877099995967, 0.038267700001597404, 0.03731100005097687, 0.038368199951946735, 0.033261200005654246, 0.03513580001890659, 0.03673009999329224, 0.042579300003126264, 0.03954869997687638, 0.03935720003210008, 0.026113900006748736, 0.034030399983748794, 0.0398937999852933, 0.03439750004326925, 0.038382999948225915, 0.031119300052523613, 0.03454510000301525, 0.033843599958345294, 0.039451299991924316, 0.033639100030995905, 0.035411199962254614, 0.023604200046975166, 0.03970889997435734, 0.04311630001757294, 0.04010099999140948, 0.03446519997669384, 0.03151050000451505, 0.9661479000351392, 0.023194899957161397, 4.870002157986164e-05]",5.806236505508423,1787906348.9514184,510,64,True,,200,ipsum do Lorem elit magna dolor incididunt sed aliqua. et ut consectetur eiusmod labore dolore amet adipiscing sit tempor Lorem labore ipsum adipiscing magna sed dolor do ut sit amet incididunt aliqua. dolore tempor eiusmod et consectetur elit et amet magna labore dolor ut Lorem sit adipiscing tempor do consectetur dolore elit aliqua. sed incididunt eiusmod ipsum ut magna incididunt do Lorem dolor consectetur sed adipiscing et aliqua. dolore elit sit amet ipsum eiusmod labore tempor tempor dolor aliqua. Lorem magna elit ut do dolore consectetur sit eiusmod adipiscing amet sed labore et incididunt ipsum ut do dolor incididunt consectetur amet ipsum eiusmod dolore Lorem labore elit magna adipiscing tempor sit et aliqua. sed consectetur dolor ipsum tempor labore sit adipiscing Lorem aliqua. magna elit do dolore eiusmod incididunt amet ut et sed adipiscing consectetur sed dolor incididunt eiusmod ipsum amet dolore do elit tempor labore ut magna Lorem et aliqua. sit sit do eiusmod labore Lorem dolor magna dolore adipiscing aliqua. et incididunt ut consectetur elit amet sed tempor ipsum elit consectetur ut dolore tempor incididunt sit adipiscing labore aliqua. dolor eiusmod amet sed do magna et ipsum Lorem adipiscing eiusmod et do amet incididunt consectetur magna labore ipsum aliqua. elit ut tempor sit sed dolore dolor Lorem sed ipsum eiusmod tempor sit incididunt elit aliqua. amet adipiscing ut dolore dolor do consectetur magna Lorem labore et tempor eiusmod et dolore consectetur ut dolor sed adipiscing elit aliqua. ipsum magna Lorem do labore incididunt sit amet ipsum elit Lorem et do dolor adipiscing magna sed amet dolore aliqua. eiusmod sit tempor ut labore incididunt consectetur tempor elit Lorem consectetur et do dolor magna eiusmod amet labore ut adipiscing sit dolore sed incididunt ipsum aliqua. ipsum Lorem elit incididunt tempor aliqua. dolore ut do magna sed et dolor consectetur adipiscing sit labore eiusmod amet sit sed aliqua. ipsum do et dolor labore elit do, factors factors factors factors factors factors factors factors factors factors factors factors factors factors factors factors factors factors factors factors factors factors factors factors factors factors factors factors factors factors factors factors factors factors factors factors factors factors factors factors factors factors factors factors factors factors factors factors factors factors factors factors factors factors factors factors factors factors factors factors factors factors factors factors,,
req-0005-c2937d,synthetic,1787906339.0966246,1787906343.922776,4.826151371002197,1.8329200000152923,0.03513279682513149,"[0.03964350000023842, 0.036678000004030764, 0.03913079999620095, 0.03803679998964071, 0.03324390004854649, 0.06104659999255091, 0.008297699969261885, 0.03950240003177896, 0.03506949997972697, 0.03829970001243055, 0.0364936999976635, 0.033336699998471886, 0.033395899983588606, 0.034926699998322874, 0.03699589997995645, 0.03177560004405677, 0.033621200011111796, 0.03199499996844679, 0.03829310002038255, 0.02806300000520423, 0.03555249999044463, 0.03595519997179508, 0.03698800003621727, 0.041195099998731166, 0.03518239996628836, 0.031459700025152415, 0.042030900018289685, 0.03855549998115748, 0.03094189998228103, 0.03902800002833828, 0.03360599995357916, 0.03502340003615245, 0.031037900014780462, 0.039482699998188764, 0.03446239995537326, 0.03301590000046417, 0.03370840003481135, 0.03529490000801161, 0.029077099985443056, 0.04015319998143241, 0.03603570000268519, 0.038497100002132356, 0.038020099978893995, 0.03387280000606552, 0.033885000040754676, 0.0336010999744758, 0.03672020003432408, 0.03520889999344945, 0.03912189998663962, 0.023073499964084476, 0.04078130004927516, 0.03663379995850846, 0.03793640004005283, 0.03223049995722249, 0.026675500033888966, 0.03566699998918921, 0.028589299996383488, 0.032384200021624565, 0.037367999961134046, 0.030231200042180717, 0.0402161999954842, 0.03274210001109168, 0.034277599945198745]",4.047966718673706,1787906347.9707427,512,64,True,,200,tempor dolor eiusmod aliqua. sit labore adipiscing dolore ut magna et elit Lorem incididunt ipsum amet do sed consectetur consectetur et labore magna tempor incididunt ut sit elit dolore Lorem sed aliqua. do adipiscing dolor ipsum eiusmod amet magna do adipiscing sed eiusmod elit aliqua. labore dolor sit ut ipsum Lorem et dolore incididunt amet tempor consectetur tempor adipiscing magna eiusmod et ut elit Lorem dolor dolore consectetur incididunt labore do sit amet ipsum sed aliqua. elit adipiscing ipsum ut incididunt tempor labore amet aliqua. magna eiusmod dolore do consectetur sed et sit dolor Lorem amet eiusmod sit ipsum labore aliqua. ut sed adipiscing consectetur tempor magna et do dolor Lorem incididunt dolore elit sit do Lorem tempor aliqua. amet sed consectetur incididunt ut adipiscing ipsum dolore dolor eiusmod magna elit labore et amet Lorem adipiscing elit ut ipsum magna sed aliqua. incididunt eiusmod do labore sit dolor consectetur et tempor dolore consectetur elit do tempor dolor incididunt Lorem magna dolore labore aliqua. eiusmod ipsum et sit sed amet ut adipiscing amet elit magna ut ipsum do dolore incididunt labore consectetur sed et adipiscing tempor aliqua. sit dolor Lorem eiusmod Lorem elit eiusmod dolore amet dolor incididunt et aliqua. sit adipiscing consectetur ipsum tempor sed magna labore do ut Lorem labore dolore magna incididunt ipsum et elit ut consectetur tempor do amet eiusmod sit aliqua. adipiscing sed dolor eiusmod dolor amet elit Lorem magna sed incididunt et ipsum tempor do sit dolore aliqua. adipiscing ut consectetur labore ipsum et amet dolore ut incididunt labore sit tempor consectetur Lorem do sed magna eiusmod aliqua. elit dolor adipiscing incididunt labore eiusmod sed aliqua. dolore et magna dolor do sit tempor Lorem ipsum amet adipiscing elit ut consectetur consectetur dolore ipsum do tempor et sit elit aliqua. ut magna eiusmod labore adipiscing dolor sed amet Lorem incididunt sit labore sed do amet et adipiscing ipsum aliqu, factors factors factors factors factors factors factors factors factors factors factors factors factors factors factors factors factors factors factors factors factors factors factors factors factors factors factors factors factors factors factors factors factors factors factors factors factors factors factors factors factors factors factors factors factors factors factors factors factors factors factors factors factors factors factors factors factors factors factors factors factors factors factors factors,,
req-0006-2024db,synthetic,1787906339.0966246,1787906344.709289,5.612664461135864,1.0461095999926329,0.05066389841256693,"[0.045386800018604845, 0.030115299974568188, 0.03993229998741299, 0.03169910004362464, 0.04245249996893108, 0.05882999999448657, 0.009999200003221631, 0.03434210002887994, 0.03945360000943765, 0.034642199985682964, 0.03372000000672415, 0.0400614999816753, 0.03758250002283603, 0.03323109995108098, 0.04032210004515946, 0.03670820000115782, 0.038101499958429486, 0.03572300000814721, 0.03566709998995066, 0.03886560001410544, 0.030168000026606023, 0.03796300000976771, 0.036772399966139346, 0.029203400015830994, 0.034233400016091764, 0.03609729994786903, 0.0354151000501588, 0.040460299991536885, 0.03364440001314506, 0.03672119998373091, 0.0383791999774985, 0.03840920003131032, 0.040403799968771636, 0.03649770002812147, 0.035516200005076826, 0.03538620000472292, 0.03803439997136593, 0.033342799986712635, 0.03951400000369176, 0.03540990001056343, 0.030785400012973696, 0.03818430000683293, 0.0394405999686569, 0.03688319999491796, 0.03203669999493286, 0.03623710002284497, 0.02408220001962036, 0.034733899985440075, 0.03889329999219626, 0.02911060000769794, 0.03452260000631213, 0.0363317999872379, 0.03648140002042055, 0.03787239996017888, 0.03014340001391247, 0.03792800003429875, 0.038383099948987365, 0.042980800033546984, 0.04187479999382049, 0.033405199996195734, 0.03482910001184791, 0.9647077000117861, 0.023570399964228272]",4.242726802825928,1787906348.9520159,510,64,True,,200,tempor ipsum eiusmod sit adipiscing aliqua. do ut sed labore incididunt amet et consectetur dolor Lorem dolore magna elit et aliqua. dolor Lorem sed incididunt labore do tempor dolore sit magna elit ut amet eiusmod consectetur ipsum adipiscing tempor ipsum elit ut Lorem sit incididunt adipiscing aliqua. dolor consectetur labore do et sed eiusmod amet dolore magna incididunt sit eiusmod magna aliqua. ut dolore sed tempor dolor labore elit adipiscing et Lorem ipsum amet do consectetur ipsum Lorem ut tempor magna labore aliqua. eiusmod sed sit et elit do adipiscing consectetur dolore dolor incididunt amet elit eiusmod incididunt amet et tempor ipsum aliqua. magna labore dolor adipiscing Lorem do sed dolore ut sit consectetur labore amet elit tempor aliqua. consectetur Lorem dolor do incididunt adipiscing ut sit magna ipsum et sed eiusmod dolore et eiusmod Lorem consectetur tempor dolor ut aliqua. magna sit dolore adipiscing do labore amet elit ipsum sed incididunt ipsum dolor incididunt dolore aliqua. eiusmod adipiscing consectetur tempor Lorem elit ut magna sit sed do amet et labore magna et sed ipsum tempor Lorem dolor consectetur adipiscing ut incididunt sit dolore aliqua. eiusmod amet labore elit do do Lorem tempor eiusmod adipiscing magna labore dolore consectetur sit sed ipsum dolor incididunt et ut aliqua. amet elit consectetur elit ut et incididunt do amet eiusmod dolore ipsum Lorem sed magna labore tempor dolor aliqua. adipiscing sit elit sed tempor ut et amet dolore Lorem aliqua. ipsum dolor sit magna eiusmod incididunt adipiscing labore do consectetur consectetur tempor magna et aliqua. dolor adipiscing sit incididunt eiusmod dolore Lorem amet sed ut do labore ipsum elit et elit ipsum do magna incididunt Lorem dolore sit amet labore sed consectetur ut adipiscing aliqua. eiusmod tempor dolor elit labore do magna dolor dolore ipsum sed adipiscing Lorem incididunt sit tempor et eiusmod amet aliqua. ut consectetur adipiscing et Lorem dolor consectetur ipsum temp, factors factors factors factors factors factors factors factors factors factors factors factors factors factors factors factors factors factors factors factors factors factors factors factors factors factors factors factors factors factors factors factors factors factors factors factors factors factors factors factors factors factors factors factors factors factors factors factors factors factors factors factors factors factors factors factors factors factors factors factors factors factors factors factors,,
req-0007-5261cd,synthetic,1787906339.0966246,1787906345.4613624,6.3647377490997314,0.3015402999590151,0.05054008254008959,"[0.03664020000724122, 0.04288030002498999, 0.031033099978230894, 0.04325280000921339, 0.03733530000317842, 0.050027000019326806, 0.023841499991249293, 0.03805689996806905, 0.02878610003972426, 0.037608099984936416, 0.032659799966495484, 0.03383840003516525, 0.03662269999040291, 0.03488470002776012, 0.032486299984157085, 0.039952099963556975, 0.036501599999610335, 0.037681100016925484, 0.0432705000275746, 0.03163859999040142, 0.04362239997135475, 0.03770280000753701, 0.041367100027855486, 0.0331554000149481, 0.03893629997037351, 0.03363880002871156, 0.040356499957852066, 0.03630090004298836, 0.0348915999638848, 0.031720700033474714, 0.0388760999776423, 0.036279299994930625, 0.04211420001229271, 0.0417928000097163, 0.03366919996915385, 0.04592200001934543, 0.032665800012182444, 0.03730089997407049, 0.036975600000005215, 0.03903310000896454, 0.0407246999675408, 0.036411200009752065, 0.026854900002945215, 0.03468879999127239, 0.03405010001733899, 0.042360000021290034, 0.02633399999467656, 0.03608689998509362, 0.036775499989744276, 0.03551270003663376, 0.029349899967201054, 0.03615010000066832, 0.032523700036108494, 0.03914680000161752, 0.033439099963288754, 0.03799119999166578, 0.038596500002313405, 0.03986540000187233, 0.035824700025841594, 0.040120999969076365, 0.962473499996122, 0.023378900019451976, 4.700000863522291e-05]",3.490355968475342,1787906348.9517183,510,64,True,,200,tempor consectetur ipsum eiusmod sit dolore Lorem do et sed amet elit labore dolor magna aliqua. adipiscing incididunt ut consectetur dolore do incididunt aliqua. ipsum elit sit Lorem sed amet magna ut labore eiusmod dolor tempor et adipiscing aliqua. consectetur dolor adipiscing ut Lorem tempor sed ipsum eiusmod amet dolore et elit do sit labore incididunt magna Lorem labore dolor adipiscing ut sed tempor do et incididunt elit eiusmod ipsum aliqua. sit amet dolore consectetur magna sed labore adipiscing incididunt aliqua. amet magna sit ipsum do consectetur ut et eiusmod tempor elit dolor Lorem dolore et ut sit consectetur tempor magna ipsum dolor elit aliqua. adipiscing amet Lorem incididunt eiusmod sed dolore do labore et do ut ipsum amet dolor tempor Lorem labore sit dolore aliqua. sed adipiscing consectetur elit eiusmod magna incididunt ipsum dolore dolor sit labore magna elit aliqua. eiusmod consectetur Lorem amet tempor do et adipiscing sed ut incididunt sit elit sed eiusmod dolore labore adipiscing magna Lorem incididunt tempor ut do et ipsum aliqua. dolor consectetur amet labore do sit eiusmod tempor elit consectetur ipsum adipiscing amet dolor sed dolore incididunt Lorem aliqua. magna et ut incididunt ipsum et magna adipiscing dolore dolor tempor do labore aliqua. eiusmod sit ut Lorem sed elit consectetur amet elit Lorem magna incididunt sit ut labore et amet adipiscing eiusmod do consectetur dolore ipsum aliqua. sed dolor tempor eiusmod ut dolore magna aliqua. adipiscing ipsum elit sed Lorem tempor do amet incididunt dolor consectetur labore sit et amet incididunt aliqua. et Lorem do labore sed eiusmod sit dolore tempor elit magna ipsum ut adipiscing dolor consectetur ut dolore dolor adipiscing elit aliqua. amet eiusmod ipsum labore magna consectetur sit et Lorem tempor sed do incididunt sed labore aliqua. Lorem sit amet eiusmod do dolor et ipsum incididunt ut tempor magna consectetur elit adipiscing dolore adipiscing ut aliqua. tempor dolor sit incididun, factors factors factors factors factors factors factors factors factors factors factors factors factors factors factors factors factors factors factors factors factors factors factors factors factors factors factors factors factors factors factors factors factors factors factors factors factors factors factors factors factors factors factors factors factors factors factors factors factors factors factors factors factors factors factors factors factors factors factors factors factors factors factors factors,,
req-0008-7d878d,synthetic,1787906339.0966246,1787906348.9181185,9.821493864059448,5.519345999986399,0.03801786190449512,"[0.07857999997213483, 0.10661640000762418, 0.031204700004309416, 0.033710199990309775, 0.03717770002549514, 0.0296051999903284, 0.03868569998303428, 0.03553019999526441, 0.03904910001438111, 0.03356469998834655, 0.03518659999826923, 0.031477300042752177, 0.031410700001288205, 0.031263899989426136, 0.03807100001722574, 0.02967809996334836, 0.026275600015651435, 0.0388643000042066, 0.0377582999644801, 0.03682680003112182, 0.038738499977625906, 0.043648899998515844, 0.03416999999899417, 0.03647110000019893, 0.03650480002397671, 0.040368499991018325, 0.03537910000886768, 0.03584849997423589, 0.032856900012120605, 0.04030819999752566, 0.036760899994987994, 0.03674990002764389, 0.03133159998105839, 0.0400068000308238, 0.031437499972525984, 0.033311399980448186, 0.03785640001296997, 0.03790350002236664, 0.04222219996154308, 0.03733650001231581, 0.03673640004126355, 0.03405459999339655, 0.037307599966879934, 0.042681200022343546, 0.0337005999754183, 0.034062999999150634, 0.03408290003426373, 0.04239620000589639, 0.03737380000529811, 0.03712409996660426, 0.03994879999663681, 0.03917930001625791, 0.04055839998181909, 0.03242100001079962, 0.04364019999047741, 0.043176400009542704, 0.034021199971903116, 0.03603530005784705, 0.030332299997098744, 0.03380109998397529, 0.04324989998713136, 0.03474039997672662, 0.03475290001370013]",7.916351318359375,1787906356.8344698,510,64,True,,200,dolor consectetur ipsum incididunt ut eiusmod adipiscing Lorem magna labore sit elit et amet do sed aliqua. dolore tempor eiusmod dolore dolor labore amet sed tempor Lorem incididunt ipsum magna sit aliqua. et consectetur do adipiscing elit ut adipiscing do et consectetur incididunt Lorem elit amet ut ipsum tempor eiusmod dolore dolor labore magna sed sit aliqua. adipiscing aliqua. ut magna tempor amet incididunt elit et dolor sit labore consectetur eiusmod do dolore sed ipsum Lorem dolor ut amet ipsum aliqua. consectetur Lorem tempor magna sed do elit adipiscing sit incididunt eiusmod et labore dolore magna Lorem sed do consectetur tempor labore sit dolor ut elit et eiusmod incididunt adipiscing amet dolore aliqua. ipsum Lorem dolore magna et consectetur sit sed adipiscing dolor tempor elit labore incididunt ut ipsum eiusmod amet do aliqua. magna adipiscing Lorem do dolore sit et dolor consectetur tempor ipsum aliqua. incididunt elit ut sed amet labore eiusmod Lorem do aliqua. sit et labore ut ipsum amet dolor elit sed tempor dolore adipiscing eiusmod consectetur magna incididunt et sed ut Lorem dolor dolore labore consectetur do amet aliqua. sit magna adipiscing eiusmod ipsum tempor elit incididunt eiusmod incididunt aliqua. dolore ut amet et magna adipiscing consectetur sed ipsum labore Lorem elit do tempor sit dolor consectetur ipsum elit tempor adipiscing sit aliqua. et sed ut dolor dolore eiusmod do magna labore Lorem amet incididunt sit et incididunt sed ut dolore eiusmod adipiscing ipsum tempor amet elit consectetur Lorem aliqua. do magna dolor labore adipiscing do dolore sed aliqua. ipsum dolor Lorem et tempor sit magna elit amet incididunt labore ut eiusmod consectetur amet eiusmod do elit incididunt et Lorem magna adipiscing sit tempor sed ipsum ut aliqua. consectetur dolor dolore labore Lorem adipiscing ut ipsum eiusmod sed amet dolor et magna aliqua. tempor labore dolore elit incididunt sit do consectetur labore Lorem tempor sed dolore eiusmod do dolor , stairs stairs stairs stairs stairs stairs stairs stairs stairs stairs stairs stairs stairs stairs stairs stairs stairs stairs stairs stairs stairs stairs stairs stairs stairs stairs stairs stairs stairs stairs stairs stairs stairs stairs stairs stairs stairs stairs stairs stairs stairs stairs stairs stairs stairs stairs stairs stairs stairs stairs stairs stairs stairs stairs stairs stairs stairs stairs stairs stairs stairs stairs stairs stairs,,
req-0009-237338,synthetic,1787906339.0966246,1787906349.791547,10.69492244720459,4.815976999991108,0.05111430952369812,"[0.03092869999818504, 0.03839570004492998, 0.0356055999873206, 0.041010099987033755, 0.037042099982500076, 0.03560020000441, 0.03925540001364425, 0.030558699974790215, 0.02944570005638525, 0.03115519997663796, 0.025318600004538894, 0.02348360000178218, 0.024642499978654087, 0.03741400002036244, 0.02774019999196753, 0.04216349998023361, 0.03769930003909394, 0.03498110000509769, 0.04147929995087907, 0.04159300000173971, 0.03600940003525466, 0.04009969998151064, 0.03863389999605715, 0.042673900024965405, 0.04088459996273741, 0.0433014000300318, 0.03513909998582676, 0.04172239999752492, 0.03589460003422573, 0.04249819996766746, 0.029130499984603375, 0.03513620002195239, 0.03937710000900552, 0.03676270000869408, 0.03802249999716878, 0.0331360999844037, 0.037827600026503205, 0.037203599989879876, 0.03285279998090118, 0.03684429998975247, 0.03446470003109425, 0.0326146999723278, 0.0413395999930799, 0.03743990004295483, 0.0382738999905996, 0.03830999997444451, 0.04031880002003163, 0.038297399994917214, 0.027843400021083653, 0.031486299994867295, 0.0314795000012964, 0.02481529995566234, 0.03138590004527941, 0.034790399949997663, 0.04106400004820898, 0.03795839997474104, 0.03717389999656007, 0.03802530001848936, 0.03770829999120906, 0.041696199972648174, 0.033768100023735315, 0.03451279998989776, 0.9967715999810025]",8.063485622406006,1787906357.8550327,511,64,True,,200,dolore ut aliqua. tempor et ipsum consectetur adipiscing magna do sit sed incididunt amet dolor elit eiusmod Lorem labore ipsum consectetur adipiscing elit eiusmod Lorem sed magna incididunt tempor ut labore sit et aliqua. amet dolor dolore do incididunt Lorem aliqua. do adipiscing ut labore consectetur et sed elit dolor dolore amet magna eiusmod sit tempor ipsum do dolore incididunt sed labore ut et dolor tempor amet magna ipsum aliqua. elit eiusmod consectetur adipiscing sit Lorem dolor et do labore sit aliqua. elit ut dolore sed tempor eiusmod consectetur Lorem incididunt ipsum magna amet adipiscing adipiscing do ipsum amet labore incididunt et tempor dolore Lorem consectetur eiusmod elit magna sed aliqua. ut dolor sit ut ipsum Lorem dolor incididunt elit do magna sed sit dolore aliqua. adipiscing consectetur eiusmod tempor labore amet et do consectetur adipiscing eiusmod magna sit sed et amet dolore ipsum labore elit dolor Lorem ut aliqua. tempor incididunt aliqua. ipsum et dolore Lorem sed ut do incididunt dolor labore amet sit adipiscing magna elit consectetur tempor eiusmod tempor sit elit ut aliqua. amet et dolor consectetur magna do ipsum labore adipiscing dolore sed eiusmod incididunt Lorem tempor amet sit consectetur aliqua. labore Lorem elit eiusmod incididunt dolor magna adipiscing dolore et ut do ipsum sed incididunt amet sed Lorem sit ipsum dolor dolore labore adipiscing do tempor magna consectetur ut elit eiusmod aliqua. et dolor et aliqua. adipiscing ut consectetur amet elit ipsum tempor magna dolore eiusmod incididunt sed Lorem do labore sit sit dolore ut adipiscing Lorem labore elit eiusmod do ipsum et dolor incididunt amet aliqua. magna sed tempor consectetur ipsum eiusmod ut Lorem labore tempor elit magna sed aliqua. sit adipiscing dolore amet consectetur do et dolor incididunt et Lorem sed aliqua. tempor adipiscing elit do labore consectetur eiusmod amet magna ut incididunt dolore sit ipsum dolor tempor labore dolor magna ut aliqua. consectetur, factors factors factors factors factors factors factors factors factors factors factors factors factors factors factors factors factors factors factors factors factors factors factors factors factors factors factors factors factors factors factors factors factors factors factors factors factors factors factors factors factors factors factors factors factors factors factors factors factors factors factors factors factors factors factors factors factors factors factors factors factors factors factors factors,,
req-0010-a1c6f3,synthetic,1787906339.0966246,1787906350.5423844,11.445759773254395,4.081189099990297,0.05121300952316868,"[0.03800030000275001, 0.04077039996627718, 0.03581950004445389, 0.03905199997825548, 0.03595230000792071, 0.039557999989483505, 0.03824139997595921, 0.03836920001776889, 0.02571200003148988, 0.024762799963355064, 0.039489899994805455, 0.03684940002858639, 0.03966700000455603, 0.04327779996674508, 0.036960900004487485, 0.02771940000820905, 0.037451100011821836, 0.035732299962546676, 0.02270890004001558, 0.0354873999604024, 0.03589780000038445, 0.035457200021483004, 0.03450369997881353, 0.039846900035627186, 0.03567870002007112, 0.0384051000000909, 0.03737159998854622, 0.03883410000707954, 0.033548599982168525, 0.03746429999591783, 0.039860300021246076, 0.041899000003468245, 0.03465869999490678, 0.04098140000132844, 0.04091029998380691, 0.03558319999137893, 0.02753259998280555, 0.028312800044659525, 0.039852999965660274, 0.02989280002657324, 0.04761710000457242, 0.03342489997157827, 0.0384728999924846, 0.03731420001713559, 0.03637220000382513, 0.031134899996686727, 0.03182189998915419, 0.02475149999372661, 0.038616000034380704, 0.029705399996601045, 0.035865699988789856, 0.032326399988960475, 0.03811149997636676, 0.03686580003704876, 0.044700699974782765, 0.03384150000056252, 0.038937200035434216, 0.04304019996197894, 0.027860700036399066, 0.03333740000380203, 0.027467999956570566, 1.0241784999961965, 0.022580899996683]",7.311977863311768,1787906357.8543622,510,64,True,,200,ut consectetur aliqua. et amet magna sed eiusmod do sit tempor adipiscing elit dolor labore dolore incididunt ipsum Lorem ut labore sit magna dolor do Lorem amet dolore elit adipiscing eiusmod aliqua. et ipsum consectetur sed incididunt tempor incididunt consectetur tempor labore ut dolor ipsum elit dolore adipiscing sit amet Lorem et do sed magna eiusmod aliqua. tempor magna et incididunt ut ipsum elit amet labore adipiscing consectetur sit dolore Lorem sed do eiusmod dolor aliqua. sit tempor magna ut do eiusmod elit amet dolore consectetur ipsum labore et incididunt aliqua. sed dolor adipiscing Lorem aliqua. dolore labore sed et magna tempor amet sit dolor elit eiusmod do ut adipiscing Lorem ipsum incididunt consectetur sit et labore incididunt do ipsum sed aliqua. consectetur eiusmod tempor dolor ut dolore amet elit Lorem adipiscing magna eiusmod Lorem aliqua. amet incididunt tempor sed magna adipiscing sit dolor dolore et do elit labore consectetur ipsum ut consectetur dolor amet ipsum sed eiusmod dolore sit ut Lorem magna incididunt aliqua. elit adipiscing labore do et tempor labore incididunt do ut ipsum sit amet magna tempor et eiusmod dolor dolore aliqua. sed Lorem elit adipiscing consectetur aliqua. sit incididunt eiusmod tempor elit dolore sed et magna Lorem ipsum dolor labore amet consectetur adipiscing do ut aliqua. adipiscing do eiusmod dolor incididunt elit amet et dolore tempor sit Lorem sed ut magna consectetur labore ipsum aliqua. adipiscing sed et incididunt labore amet Lorem dolor eiusmod ut magna tempor consectetur do sit elit dolore ipsum et ut labore tempor sit amet eiusmod do ipsum dolor adipiscing aliqua. sed incididunt dolore consectetur magna Lorem elit sit aliqua. eiusmod et ipsum dolore ut sed dolor labore amet incididunt consectetur tempor do elit Lorem adipiscing magna sit incididunt sed et do eiusmod dolore ipsum labore ut aliqua. elit tempor amet magna consectetur Lorem dolor adipiscing et adipiscing do incididunt Lorem dolor tempor m, factors factors factors factors factors factors factors factors factors factors factors factors factors factors factors factors factors factors factors factors factors factors factors factors factors factors factors factors factors factors factors factors factors factors factors factors factors factors factors factors factors factors factors factors factors factors factors factors factors factors factors factors factors factors factors factors factors factors factors factors factors factors factors factors,,
req-0011-731773,synthetic,1787906339.0966246,1787906351.2957892,12.199164628982544,3.3302249999833293,0.05113240793654104,"[0.030764500028453767, 0.04228210001019761, 0.028163500013761222, 0.03799909999361262, 0.02751799998804927, 0.0381686000037007, 0.02999359997920692, 0.03385000000707805, 0.2237502000061795, 0.03319049999117851, 0.03760660003172234, 0.03353139996761456, 0.04289949999656528, 0.03741470002569258, 0.03839599998900667, 0.04029560001799837, 0.03798379999352619, 0.036295500001870096, 0.037894300010520965, 0.03475279995473102, 0.03724289999809116, 0.03430530003970489, 0.03304369997931644, 0.04062420001719147, 0.040949499991256744, 0.032844899978954345, 0.036540300003252923, 0.0377837999840267, 0.03589040000224486, 0.03617640002630651, 0.027030099998228252, 0.03904900001361966, 0.04110249999212101, 0.03414060000795871, 0.03808510000817478, 0.03813949995674193, 0.04038910003146157, 0.036772099963855, 0.029105300025548786, 0.0392303999979049, 0.03912959998706356, 0.035972699988633394, 0.03817549999803305, 0.03743460000259802, 0.039815900032408535, 0.031546999991405755, 0.03620440000668168, 0.031942599976900965, 0.03745080000953749, 0.04076070000883192, 0.03541670000413433, 0.04383809998398647, 0.037741800013463944, 0.02941269997972995, 0.031572300009429455, 1.0218999999924563, 0.02153240004554391, 6.029999349266291e-05, 5.189998773857951e-05, 4.780001472681761e-05, 4.9099966417998075e-05, 4.5199994929134846e-05, 4.4199987314641476e-05]",6.5564539432525635,1787906357.8522432,510,64,True,,200,elit aliqua. magna et amet labore ut dolore ipsum eiusmod consectetur dolor tempor incididunt adipiscing sed do Lorem sit Lorem tempor et adipiscing eiusmod ipsum dolor aliqua. sed elit dolore do sit ut incididunt magna amet consectetur labore adipiscing dolore consectetur incididunt aliqua. Lorem tempor ipsum do ut sit elit dolor sed labore amet et eiusmod magna incididunt amet tempor adipiscing et ut consectetur do eiusmod aliqua. Lorem ipsum sed dolore labore sit dolor elit magna tempor incididunt magna eiusmod sed aliqua. Lorem elit ut adipiscing labore consectetur dolore et sit do ipsum dolor amet eiusmod ipsum tempor dolor et magna ut aliqua. consectetur sit sed elit do adipiscing amet Lorem incididunt labore dolore tempor sed elit eiusmod aliqua. adipiscing ipsum consectetur dolor Lorem ut magna labore dolore amet sit do et incididunt adipiscing incididunt elit tempor amet ipsum aliqua. dolor eiusmod sed magna dolore do labore sit et consectetur Lorem ut tempor sed eiusmod elit ipsum consectetur aliqua. adipiscing amet sit ut et magna Lorem incididunt dolore dolor labore do eiusmod incididunt et Lorem aliqua. sit consectetur ipsum sed labore dolor magna elit amet adipiscing ut tempor do dolore eiusmod incididunt Lorem tempor labore sed ut amet do elit adipiscing dolore consectetur sit ipsum et aliqua. magna dolor sit aliqua. ut elit dolor sed Lorem eiusmod do labore et incididunt magna tempor amet adipiscing dolore consectetur ipsum magna consectetur dolore incididunt amet tempor eiusmod sit Lorem sed elit aliqua. ipsum ut do adipiscing et labore dolor et ipsum eiusmod elit aliqua. sed consectetur magna amet dolor adipiscing incididunt tempor dolore ut Lorem labore do sit eiusmod elit dolore ut tempor do Lorem consectetur incididunt et labore sed adipiscing amet ipsum aliqua. sit dolor magna dolore Lorem labore sit consectetur ipsum eiusmod elit dolor tempor adipiscing ut et aliqua. sed incididunt amet magna do ipsum tempor consectetur sit do et labore dolore, factors factors factors factors factors factors factors factors factors factors factors factors factors factors factors factors factors factors factors factors factors factors factors factors factors factors factors factors factors factors factors factors factors factors factors factors factors factors factors factors factors factors factors factors factors factors factors factors factors factors factors factors factors factors factors factors factors factors factors factors factors factors factors factors,,
req-0012-58c34f,synthetic,1787906339.0966246,1787906352.1077828,13.011158227920532,2.359460300009232,0.05332922222211011,"[0.13483840000117198, 0.0326220000279136, 0.03734260000055656, 0.04318159999093041, 0.03722040000138804, 0.041189400013536215, 0.03705210000043735, 0.03306829999201, 0.040860500012058765, 0.0270734999794513, 0.02737700002035126, 0.03460139996604994, 0.02633720001904294, 0.031859699985943735, 0.029070899996440858, 0.030394200002774596, 0.036857300030533224, 0.040088299952913076, 0.03542620001826435, 0.03786410001339391, 0.030396100017242134, 0.028968899976462126, 0.036621299979742616, 0.03696029999991879, 0.03530650003813207, 0.03582349995849654, 0.03413520002504811, 0.0313808000064455, 0.04034130001673475, 0.02512179996119812, 0.03422969998791814, 0.032856600009836257, 0.041866499988827854, 0.03541010001208633, 0.03255120001267642, 0.03618629998527467, 0.035184600041247904, 0.041396499960683286, 0.036580200016032904, 0.03762529999949038, 0.04340209998190403, 0.04048790002707392, 0.04701839998597279, 0.031742500024847686, 0.03310669999336824, 0.03839880001032725, 0.03818709996994585, 0.035397599975112826, 0.04265050002140924, 0.03452280000783503, 0.04048079997301102, 0.03975450003053993, 0.03900729998713359, 0.03739379998296499, 0.028307200002018362, 0.03996320004807785, 0.04141229996457696, 0.03145780001068488, 0.030380000011064112, 0.04440660000545904, 0.04491009999765083, 0.03879479999886826, 1.0252903999644332]",5.745899677276611,1787906357.8536825,511,64,True,,200,adipiscing magna dolore eiusmod do amet consectetur et labore sit ut sed ipsum tempor aliqua. Lorem incididunt elit dolor elit ipsum sed labore dolor eiusmod incididunt dolore aliqua. ut et sit magna consectetur amet adipiscing do Lorem tempor ipsum consectetur et eiusmod aliqua. dolore Lorem labore amet tempor sed dolor adipiscing incididunt ut magna elit do sit do et ipsum dolor tempor dolore aliqua. incididunt elit sed Lorem amet labore sit consectetur magna ut eiusmod adipiscing et ut ipsum amet aliqua. dolore magna adipiscing incididunt labore consectetur Lorem tempor eiusmod do sit sed elit dolor elit et eiusmod dolor dolore tempor Lorem ipsum adipiscing incididunt ut amet do magna sed sit aliqua. consectetur labore do sed elit sit adipiscing Lorem dolor aliqua. ipsum amet magna et incididunt dolore eiusmod ut tempor consectetur labore amet incididunt labore do sit eiusmod aliqua. elit consectetur ipsum adipiscing magna tempor dolor dolore et sed ut Lorem amet et Lorem dolor elit consectetur eiusmod ut tempor aliqua. incididunt do ipsum labore adipiscing magna sit dolore sed sed dolor aliqua. elit sit eiusmod amet labore magna do et adipiscing ipsum dolore Lorem incididunt ut tempor consectetur ipsum tempor sed do labore amet incididunt consectetur ut elit adipiscing eiusmod aliqua. magna dolore et sit dolor Lorem aliqua. tempor dolore Lorem amet incididunt consectetur et labore elit adipiscing magna do dolor eiusmod sed ipsum sit ut ut aliqua. incididunt elit tempor dolore eiusmod consectetur amet adipiscing sit do ipsum et magna labore dolor Lorem sed ut adipiscing sit tempor magna Lorem ipsum do aliqua. dolor et incididunt dolore elit labore consectetur amet eiusmod sed adipiscing dolore elit consectetur amet sed Lorem do tempor aliqua. ut ipsum incididunt et eiusmod dolor labore sit magna dolor sit ipsum Lorem do amet elit magna eiusmod sed tempor labore incididunt consectetur dolore ut adipiscing et aliqua. consectetur dolore labore sed elit eiusmod et do, factors factors factors factors factors factors factors factors factors factors factors factors factors factors factors factors factors factors factors factors factors factors factors factors factors factors factors factors factors factors factors factors factors factors factors factors factors factors factors factors factors factors factors factors factors factors factors factors factors factors factors factors factors factors factors factors factors factors factors factors factors factors factors factors,,
req-0013-956d3a,synthetic,1787906339.0966246,1787906352.8689623,13.772337675094604,1.6943672000197694,0.0521745285710379,"[0.05621829995652661, 0.030859600054100156, 0.03668759996071458, 0.03614380001090467, 0.03868459997465834, 0.032687800005078316, 0.02200799999991432, 0.03743090003263205, 0.03666270000394434, 0.035236399970017374, 0.03518710000207648, 0.031875799992121756, 0.03967450000345707, 0.027071200020145625, 0.03463419998297468, 0.04377680004108697, 0.03937649994622916, 0.032627300010062754, 0.0388148000347428, 0.04065769998123869, 0.03730399999767542, 0.0394162000156939, 0.04363889998057857, 0.04120009997859597, 0.042269300029147416, 0.04019869997864589, 0.035897199995815754, 0.04315150005277246, 0.032753199979197234, 0.04420810000738129, 0.038292499957606196, 0.04189710004720837, 0.04203419998520985, 0.03463710000505671, 0.038119499979075044, 0.03845330001786351, 0.03891250002197921, 0.03977189998840913, 0.04755839996505529, 0.03740279999328777, 0.040633700031321496, 0.04222080000909045, 0.0382800999796018, 0.03307639999547973, 0.030467999982647598, 0.039850200002547354, 0.03319590003229678, 0.04174869996495545, 0.03751570003805682, 0.037043599993921816, 0.02870889997575432, 0.03750410000793636, 0.030914100003428757, 0.034577000013086945, 0.02857879997463897, 0.03712850000010803, 0.046083200024440885, 0.03958849998889491, 0.03380530001595616, 0.03607269999338314, 1.0138154000160284, 0.022706099960487336, 4.75000124424696e-05]",4.985732555389404,1787906357.8546948,511,64,True,,200,eiusmod ut ipsum amet sit labore et adipiscing Lorem magna tempor aliqua. sed dolor elit consectetur incididunt dolore do magna dolore amet elit labore ut dolor aliqua. do ipsum eiusmod sit tempor sed adipiscing et Lorem incididunt consectetur adipiscing et incididunt aliqua. labore sed do Lorem tempor eiusmod ut sit amet consectetur magna dolore dolor elit ipsum ipsum ut et Lorem incididunt amet dolor sit tempor magna eiusmod elit adipiscing sed consectetur labore do dolore aliqua. sed ipsum consectetur Lorem elit labore amet dolor do dolore incididunt eiusmod sit ut magna tempor aliqua. adipiscing et et amet sit incididunt ut magna aliqua. eiusmod tempor labore dolore Lorem sed ipsum do consectetur adipiscing dolor elit Lorem elit incididunt labore consectetur do dolor eiusmod magna ipsum et amet sit sed aliqua. adipiscing dolore tempor ut elit Lorem ipsum sed aliqua. adipiscing incididunt dolore dolor tempor ut consectetur magna labore et sit do eiusmod amet magna tempor sit elit sed eiusmod ut dolore dolor Lorem adipiscing amet ipsum aliqua. labore incididunt consectetur do et amet dolore tempor et dolor incididunt ipsum consectetur magna ut eiusmod sed labore do sit elit Lorem adipiscing aliqua. incididunt eiusmod dolor magna et sed adipiscing sit consectetur elit ut amet do Lorem dolore aliqua. labore ipsum tempor aliqua. et sit consectetur Lorem magna elit dolor amet sed eiusmod do dolore tempor ipsum ut labore incididunt adipiscing consectetur labore aliqua. dolor adipiscing do elit magna ipsum sed incididunt tempor ut et amet eiusmod sit dolore Lorem ut dolore tempor ipsum adipiscing sit magna dolor eiusmod elit do incididunt aliqua. consectetur Lorem labore amet et sed ut Lorem elit do magna dolor amet et tempor consectetur sed adipiscing ipsum sit dolore incididunt eiusmod aliqua. labore consectetur ipsum dolor et Lorem amet aliqua. tempor magna incididunt labore eiusmod sit sed adipiscing ut elit dolore do eiusmod ut do Lorem sed sit amet adipiscing dolo, factors factors factors factors factors factors factors factors factors factors factors factors factors factors factors factors factors factors factors factors factors factors factors factors factors factors factors factors factors factors factors factors factors factors factors factors factors factors factors factors factors factors factors factors factors factors factors factors factors factors factors factors factors factors factors factors factors factors factors factors factors factors factors factors,,
req-0014-02a93c,synthetic,1787906339.0966246,1787906353.6150186,14.518393993377686,0.9851434000302106,0.051548771428069955,"[0.03876469994429499, 0.04456550005124882, 0.02922289998969063, 0.036455800000112504, 0.03223969996906817, 0.0314370000269264, 0.030693400010932237, 0.03492599999299273, 0.038030399999115616, 0.035074899962637573, 0.027446100022643805, 0.03802590002305806, 0.038661799975670874, 0.03670980001334101, 0.029100799991283566, 0.03958570002578199, 0.03915419999975711, 0.04064159997506067, 0.03818440000759438, 0.03870400000596419, 0.039980200002901256, 0.035734099976252764, 0.030074800015427172, 0.030155399988871068, 0.042491399974096566, 0.03625890001421794, 0.03654850000748411, 0.04007160000037402, 0.042518400005064905, 0.038512300001457334, 0.03978729998925701, 0.031861199997365475, 0.036279099993407726, 0.03626210003858432, 0.03037150000454858, 0.03623359999619424, 0.03784720000112429, 0.03792919998522848, 0.029001999995671213, 0.04252959997393191, 0.04057870001997799, 0.03816009999718517, 0.040216099994722754, 0.03654210001695901, 0.029426399967633188, 0.03627160005271435, 0.03665229998296127, 0.04189140000380576, 0.04071939998539165, 0.03362800000468269, 0.0439460999914445, 0.035584500001277775, 0.04021960002137348, 0.04077379999216646, 0.038949200010392815, 0.03834539995295927, 0.029889000055845827, 0.040667799999937415, 0.032717599999159575, 0.03568889998132363, 1.0266201000194997, 0.021964199957437813, 4.730001091957092e-05]",4.237565517425537,1787906357.8525841,512,64,True,,200,eiusmod labore incididunt magna do adipiscing aliqua. dolore ut dolor sit amet tempor ipsum consectetur et sed Lorem elit labore sed aliqua. sit et tempor eiusmod magna consectetur adipiscing incididunt dolor amet elit dolore Lorem do ipsum ut incididunt magna et dolor amet adipiscing do ut tempor ipsum labore sit dolore aliqua. elit eiusmod sed Lorem consectetur Lorem consectetur do amet eiusmod ut et magna tempor elit labore dolor aliqua. dolore sed ipsum incididunt adipiscing sit ut magna dolore incididunt Lorem do sed adipiscing eiusmod tempor dolor consectetur aliqua. ipsum amet sit labore et elit sit aliqua. elit Lorem tempor ipsum consectetur et sed eiusmod amet ut incididunt labore dolore magna dolor adipiscing do incididunt adipiscing dolore sit aliqua. tempor labore elit magna consectetur dolor ut do Lorem et amet sed eiusmod ipsum elit magna aliqua. do adipiscing amet ut labore tempor consectetur sed dolore Lorem ipsum eiusmod et incididunt dolor sit elit et aliqua. Lorem dolor adipiscing consectetur magna incididunt eiusmod do ipsum tempor dolore ut labore amet sed sit adipiscing aliqua. Lorem magna incididunt ipsum ut sed elit sit dolor amet labore et do tempor dolore eiusmod consectetur aliqua. incididunt Lorem consectetur eiusmod elit dolor amet ut ipsum dolore do et sed labore tempor magna adipiscing sit incididunt adipiscing ut magna elit sed do dolor amet eiusmod ipsum Lorem labore consectetur sit aliqua. tempor dolore et elit labore adipiscing consectetur Lorem sed aliqua. sit incididunt amet do ipsum dolore eiusmod et magna dolor tempor ut eiusmod dolore sed labore do dolor consectetur Lorem sit et amet aliqua. ipsum ut magna elit adipiscing tempor incididunt elit dolor amet eiusmod do tempor ut et magna ipsum incididunt labore adipiscing consectetur sed dolore sit Lorem aliqua. eiusmod do ut magna amet adipiscing dolor sed tempor aliqua. ipsum sit Lorem elit labore consectetur dolore incididunt et et elit amet consectetur incididunt sit labore m, factors factors factors factors factors factors factors factors factors factors factors factors factors factors factors factors factors factors factors factors factors factors factors factors factors factors factors factors factors factors factors factors factors factors factors factors factors factors factors factors factors factors factors factors factors factors factors factors factors factors factors factors factors factors factors factors factors factors factors factors factors factors factors factors,,
req-0015-f01712,synthetic,1787906339.0966246,1787906354.3389537,15.242329120635986,0.3046154999756254,0.050891012698042366,"[0.033509999979287386, 0.03776070004096255, 0.03622519999044016, 0.041133199993055314, 0.03457890002755448, 0.04047429998172447, 0.0359910000115633, 0.026972099964041263, 0.03876230004243553, 0.02211719995830208, 0.024924400029703975, 0.0409539999673143, 0.0356873000273481, 0.040774699999019504, 0.03736650000791997, 0.04069069999968633, 0.04195169999729842, 0.034947299980558455, 0.045108399994205683, 0.035928099998272955, 0.03512030001729727, 0.047671400010585785, 0.032618099998217076, 0.04022849997272715, 0.03426230000331998, 0.038522600021678954, 0.03709950001211837, 0.04108159994939342, 0.039306200051214546, 0.04228449997026473, 0.0393915000022389, 0.03547810000600293, 0.03517799999099225, 0.0280542999971658, 0.04378780000843108, 0.02664639998693019, 0.03747229999862611, 0.039241200021933764, 0.03328669996699318, 0.035960700013674796, 0.04197680001379922, 0.04003299999749288, 0.03839539998443797, 0.035510600020643324, 0.04049679997842759, 0.03894420003052801, 0.036797799984924495, 0.041110799997113645, 0.037879300012718886, 0.04250879999017343, 0.03797320002922788, 0.04260190000059083, 0.03906129999086261, 0.033692299970425665, 0.04365960002178326, 0.036215399974025786, 0.02469839999685064, 0.04035050002858043, 1.023214899993036, 0.022304299985989928, 5.640002200379968e-05, 5.189998773857951e-05, 5.019997479394078e-05]",3.5150833129882812,1787906357.854037,511,64,True,,200,labore aliqua. dolore tempor Lorem sed adipiscing elit amet incididunt ut ipsum do dolor eiusmod consectetur et sit magna elit et magna sed do sit consectetur ut tempor ipsum aliqua. dolor labore incididunt dolore amet Lorem eiusmod adipiscing amet consectetur labore et dolor tempor sed incididunt ut aliqua. adipiscing magna dolore elit sit eiusmod ipsum Lorem do sed amet sit tempor labore Lorem consectetur do dolore ipsum eiusmod adipiscing aliqua. dolor elit magna incididunt et ut ut do aliqua. sit magna ipsum dolor sed dolore tempor elit eiusmod consectetur adipiscing Lorem amet incididunt et labore sit dolore eiusmod ipsum ut adipiscing dolor consectetur labore sed Lorem amet elit aliqua. magna et do tempor incididunt magna ipsum incididunt adipiscing aliqua. dolore et eiusmod consectetur sit amet sed elit Lorem tempor dolor ut do labore et sed Lorem tempor labore ut amet dolor adipiscing magna ipsum elit do eiusmod aliqua. consectetur incididunt sit dolore elit aliqua. et incididunt consectetur labore magna dolore do sit amet ut adipiscing eiusmod sed tempor ipsum dolor Lorem tempor et magna elit do sed ut sit labore dolore consectetur aliqua. dolor amet adipiscing incididunt Lorem ipsum eiusmod eiusmod ut ipsum adipiscing magna labore consectetur sed incididunt dolor aliqua. tempor Lorem sit elit amet et dolore do eiusmod adipiscing sed ipsum consectetur elit aliqua. magna dolor amet Lorem incididunt do sit labore ut dolore tempor et dolor sit tempor aliqua. labore sed amet dolore eiusmod do et elit Lorem consectetur adipiscing ut incididunt magna ipsum labore consectetur elit do eiusmod aliqua. sed Lorem dolore tempor ipsum sit incididunt ut dolor magna adipiscing et amet incididunt labore magna sed consectetur tempor et dolore eiusmod amet aliqua. Lorem adipiscing elit ipsum dolor sit do ut consectetur tempor eiusmod adipiscing amet ut labore magna sit dolore sed ipsum dolor et incididunt elit do Lorem aliqua. aliqua. incididunt consectetur sed dolor elit ut, factors factors factors factors factors factors factors factors factors factors factors factors factors factors factors factors factors factors factors factors factors factors factors factors factors factors factors factors factors factors factors factors factors factors factors factors factors factors factors factors factors factors factors factors factors factors factors factors factors factors factors factors factors factors factors factors factors factors factors factors factors factors factors factors,,
req-0016-a2a4c7,synthetic,1787906339.0966246,1787906357.8216667,18.72504210472107,5.282979500014335,0.038978679365264106,"[0.05798569996841252, 0.15788350004004315, 0.03370069997617975, 0.031764800020027906, 0.04359209997346625, 0.034541300032287836, 0.03843869996489957, 0.04352619999554008, 0.038773000007495284, 0.028235700039658695, 0.03501289995620027, 0.03475739998975769, 0.03322330000810325, 0.038383200007956475, 0.03551590000279248, 0.04107430001022294, 0.03723610000452027, 0.038440799980890006, 0.04022070002974942, 0.037891099986154586, 0.04359429999021813, 0.027554200030863285, 0.036110399989411235, 0.03180539997993037, 0.032649500004481524, 0.03632780001498759, 0.033413700002711266, 0.03958149999380112, 0.03320170001825318, 0.03543689998332411, 0.03621589997783303, 0.038596600003074855, 0.03877919999649748, 0.04116830002749339, 0.03930279996711761, 0.043413100007455796, 0.03742220002459362, 0.03408259997377172, 0.03919570002472028, 0.03643999999621883, 0.035929500008933246, 0.04191209998680279, 0.03627989999949932, 0.034566499991342425, 0.03593830001773313, 0.03564259997801855, 0.03182909998577088, 0.03869180002948269, 0.04232529998989776, 0.03365270001813769, 0.041662000003270805, 0.028063400008250028, 0.0364625999936834, 0.037088199984282255, 0.03614039998501539, 0.039337399997748435, 0.036248199990950525, 0.030200500041246414, 0.03114199999254197, 0.04694289999315515, 0.038085500011220574, 0.03580299997702241, 0.03722370002651587]",7.740686655044556,1787906365.5623534,511,64,True,,200,tempor labore do eiusmod et sit dolore dolor Lorem sed elit ut incididunt magna aliqua. ipsum consectetur adipiscing amet sit ut consectetur aliqua. magna labore Lorem ipsum sed et dolor do incididunt eiusmod dolore amet tempor elit adipiscing et incididunt dolor eiusmod magna sed ipsum sit labore ut amet do dolore adipiscing tempor aliqua. Lorem consectetur elit ut do consectetur dolor ipsum aliqua. incididunt amet elit Lorem adipiscing labore sit et magna tempor dolore eiusmod sed magna sed aliqua. dolor tempor et labore adipiscing amet sit Lorem eiusmod ut incididunt elit do dolore ipsum consectetur incididunt dolore ut aliqua. et elit eiusmod labore tempor sit do magna sed adipiscing ipsum amet dolor consectetur Lorem do labore elit amet eiusmod adipiscing ut aliqua. et Lorem sit dolor incididunt ipsum tempor sed consectetur dolore magna elit eiusmod adipiscing do dolore consectetur magna sed tempor aliqua. Lorem labore ipsum ut dolor sit amet incididunt et consectetur incididunt eiusmod do sit dolor elit ipsum ut aliqua. dolore amet Lorem labore magna et adipiscing sed tempor incididunt tempor amet Lorem adipiscing ut ipsum dolore sit eiusmod et consectetur magna aliqua. elit sed do dolor labore eiusmod sit et ut tempor elit amet Lorem labore magna aliqua. consectetur dolor adipiscing dolore incididunt ipsum do sed eiusmod incididunt sit Lorem adipiscing elit amet aliqua. et dolor tempor ipsum labore ut magna do consectetur dolore sed dolore sed consectetur elit incididunt Lorem do tempor et adipiscing ut dolor amet eiusmod labore ipsum sit magna aliqua. eiusmod sed amet labore do incididunt ut tempor Lorem magna consectetur dolor elit ipsum dolore adipiscing et aliqua. sit ipsum dolore adipiscing magna consectetur dolor tempor ut eiusmod et labore elit sit aliqua. amet incididunt Lorem do sed dolor sed magna Lorem consectetur amet et incididunt adipiscing tempor labore do ipsum eiusmod ut dolore sit aliqua. elit labore dolor ut aliqua. eiusmod et amet elit ips, factors factors factors factors factors factors factors factors factors factors factors factors factors factors factors factors factors factors factors factors factors factors factors factors factors factors factors factors factors factors factors factors factors factors factors factors factors factors factors factors factors factors factors factors factors factors factors factors factors factors factors factors factors factors factors factors factors factors factors factors factors factors factors factors,,
req-0017-c5f4f1,synthetic,1787906339.0966246,1787906358.588678,19.492053270339966,4.730448699963745,0.04934043174661282,"[0.043142100039403886, 0.025185199978295714, 0.03202659997623414, 0.03190770000219345, 0.0360103000421077, 0.030951299995649606, 0.040467699989676476, 0.038612700009252876, 0.03566499997396022, 0.040395100018940866, 0.03103979997104034, 0.037907799996901304, 0.03577810002025217, 0.03829519997816533, 0.040630600007716566, 0.03524490003474057, 0.04133809998165816, 0.036882399988826364, 0.03070790000492707, 0.029255400004331023, 0.03377320000436157, 0.031834600027650595, 0.03751239995472133, 0.03467310004634783, 0.037843999976757914, 0.036859399988316, 0.03468430001521483, 0.03185319999465719, 0.037495900003705174, 0.03918389999307692, 0.03758080000989139, 0.03931580000789836, 0.037806799984537065, 0.04114109999500215, 0.045463700022082776, 0.034601999970618635, 0.03820439998526126, 0.03342930000508204, 0.03744040004676208, 0.03997169999638572, 0.040506399993319064, 0.03622469998663291, 0.035709100018721074, 0.03917030000593513, 0.04018889996223152, 0.03449300001375377, 0.0396467000246048, 0.038990399974863976, 0.03905939997639507, 0.034648000029847026, 0.037267500010784715, 0.040162399993278086, 0.04505949997110292, 0.03443420003168285, 0.03592789999675006, 0.040038099978119135, 0.03944620001129806, 0.03940960002364591, 0.04004920000443235, 0.042986399959772825, 0.8803789000376128, 0.002485699951648712, 5.080003757029772e-05]",7.842732906341553,1787906366.4314108,511,64,True,,200,elit dolore ipsum do tempor aliqua. adipiscing labore dolor et Lorem sed amet sit incididunt magna consectetur eiusmod ut tempor sit dolor do consectetur dolore ipsum magna adipiscing eiusmod Lorem labore ut et incididunt aliqua. sed elit amet amet do elit incididunt dolor Lorem sed aliqua. consectetur eiusmod dolore ut et tempor ipsum magna labore sit adipiscing sed eiusmod sit adipiscing dolore consectetur amet dolor do ut aliqua. Lorem ipsum et magna labore incididunt tempor elit sit sed Lorem tempor ut incididunt ipsum magna labore consectetur dolor adipiscing eiusmod dolore et elit do amet aliqua. labore dolore Lorem ipsum sit tempor aliqua. eiusmod adipiscing et consectetur sed elit amet do ut magna incididunt dolor tempor dolore ut sed elit amet consectetur magna sit aliqua. labore do incididunt adipiscing dolor et ipsum eiusmod Lorem magna dolor sit do sed et eiusmod adipiscing labore tempor Lorem aliqua. consectetur elit ut amet dolore ipsum incididunt tempor dolor labore elit aliqua. magna eiusmod do incididunt amet adipiscing et consectetur ipsum sit ut dolore sed Lorem Lorem sit et ipsum elit tempor adipiscing amet sed aliqua. dolor magna labore do consectetur incididunt ut dolore eiusmod et do ut elit ipsum tempor dolor incididunt aliqua. labore sed dolore magna sit amet Lorem consectetur eiusmod adipiscing elit sed sit aliqua. ipsum ut Lorem adipiscing magna consectetur labore incididunt eiusmod do tempor dolore et amet dolor labore adipiscing elit aliqua. dolore sed ipsum incididunt sit ut et eiusmod Lorem dolor amet tempor consectetur do magna aliqua. tempor amet ipsum dolor do Lorem consectetur sed eiusmod incididunt et adipiscing labore sit dolore elit ut magna elit consectetur eiusmod adipiscing dolor et Lorem incididunt sit ut magna sed do aliqua. labore ipsum dolore tempor amet sit elit consectetur dolor amet Lorem adipiscing ut magna do ipsum dolore eiusmod tempor incididunt sed labore aliqua. et labore dolor dolore sed adipiscing ut magna do i, factors factors factors factors factors factors factors factors factors factors factors factors factors factors factors factors factors factors factors factors factors factors factors factors factors factors factors factors factors factors factors factors factors factors factors factors factors factors factors factors factors factors factors factors factors factors factors factors factors factors factors factors factors factors factors factors factors factors factors factors factors factors factors factors,,
req-0018-ac9038,synthetic,1787906339.0966246,1787906359.3476696,20.251044988632202,3.9687184000504203,0.04938894444392876,"[0.030676199996378273, 0.03476249997038394, 0.03392860002350062, 0.032170899969059974, 0.04139950004173443, 0.03954079997492954, 0.034480799979064614, 0.03598380001494661, 0.031775299983564764, 0.04719830001704395, 0.03910819999873638, 0.032776599982753396, 0.04229390004184097, 0.03618379996623844, 0.035424400004558265, 0.04202689998783171, 0.04165840003406629, 0.03876429999945685, 0.03550270001869649, 0.033595999993849546, 0.038347399968188256, 0.03573880001204088, 0.04016360000241548, 0.033395899983588606, 0.03785520000383258, 0.03958079998847097, 0.031016500026453286, 0.03777659998741001, 0.024441100016701967, 0.03819280001334846, 0.03924589999951422, 0.031791399989742786, 0.033177000004798174, 0.039100099995266646, 0.04245269997045398, 0.03674630000023171, 0.038547700038179755, 0.034255499951541424, 0.03650919999927282, 0.03995850001228973, 0.029156100004911423, 0.03515579999657348, 0.036928099987562746, 0.03169319999869913, 0.034295600024051964, 0.034624500025529414, 0.02672089997213334, 0.03440750000299886, 0.041290000022854656, 0.03888569999253377, 0.03638050000881776, 0.03931469999952242, 0.03964719997020438, 0.03475960000650957, 0.03885780001292005, 0.030937800009269267, 0.0362267000018619, 0.03691460000118241, 0.04192629997851327, 0.03767609997885302, 0.04302139999344945, 0.8824356000404805, 0.0027028999757021666]",7.084089517593384,1787906366.431759,510,64,True,,200,sed Lorem eiusmod amet consectetur labore aliqua. adipiscing ut dolore incididunt dolor magna tempor elit et sit do ipsum sit do labore ipsum dolor Lorem ut adipiscing elit incididunt consectetur amet tempor et sed aliqua. dolore eiusmod magna labore aliqua. ipsum tempor consectetur sed Lorem do eiusmod magna et sit adipiscing dolore incididunt dolor amet ut elit ut sit tempor adipiscing do Lorem magna sed consectetur amet aliqua. labore elit dolore incididunt dolor ipsum eiusmod et sed consectetur incididunt labore magna sit aliqua. eiusmod dolor ipsum ut do elit dolore tempor Lorem adipiscing amet et et consectetur tempor Lorem labore magna dolore ipsum sed ut elit eiusmod amet adipiscing sit do aliqua. incididunt dolor magna ut aliqua. elit et Lorem dolor sed ipsum eiusmod incididunt adipiscing do dolore sit labore amet tempor consectetur tempor consectetur ut amet adipiscing et magna elit sit eiusmod do ipsum Lorem dolore incididunt labore aliqua. dolor sed magna et ipsum tempor dolore sed ut amet do elit Lorem consectetur adipiscing aliqua. labore eiusmod sit incididunt dolor labore tempor consectetur aliqua. incididunt adipiscing ut dolore elit sit do sed dolor et magna Lorem ipsum amet eiusmod ipsum amet eiusmod incididunt sed et aliqua. sit elit labore adipiscing Lorem ut dolore magna consectetur tempor do dolor tempor dolore consectetur do magna eiusmod Lorem dolor aliqua. sit amet sed adipiscing ut et incididunt ipsum labore elit sed labore ut magna et elit consectetur adipiscing sit amet ipsum do eiusmod tempor aliqua. dolore dolor Lorem incididunt adipiscing labore Lorem amet tempor dolor aliqua. elit dolore consectetur ipsum sed sit incididunt magna eiusmod ut et do sit magna dolor eiusmod tempor do elit amet et aliqua. Lorem sed incididunt dolore labore ipsum ut adipiscing consectetur incididunt sit adipiscing magna elit sed do dolor Lorem ut dolore eiusmod et tempor consectetur amet aliqua. labore ipsum incididunt sit eiusmod Lorem ipsum magna et dolo, factors factors factors factors factors factors factors factors factors factors factors factors factors factors factors factors factors factors factors factors factors factors factors factors factors factors factors factors factors factors factors factors factors factors factors factors factors factors factors factors factors factors factors factors factors factors factors factors factors factors factors factors factors factors factors factors factors factors factors factors factors factors factors factors,,
req-0019-be8d69,synthetic,1787906339.0966246,1787906360.0887377,20.99211311340332,3.2274342000018805,0.049401933332860824,"[0.03336850000778213, 0.0366490000160411, 0.03698049997910857, 0.03679420001571998, 0.040368299989495426, 0.031227100000251085, 0.04165789997205138, 0.03622200002428144, 0.0402472999994643, 0.03453730000182986, 0.027690699964296073, 0.03568920004181564, 0.03109599999152124, 0.03434519999427721, 0.0326451999717392, 0.03304300003219396, 0.04354240000247955, 0.034720600000582635, 0.03308229998219758, 0.03454650001367554, 0.047063799982424825, 0.03453480004100129, 0.03432139998767525, 0.03845529997488484, 0.03786440001567826, 0.036499299982097, 0.03809819999150932, 0.032686499995179474, 0.035190300026442856, 0.0388385999831371, 0.03994950000196695, 0.03742569999303669, 0.036596600024495274, 0.030776400002650917, 0.03969850001158193, 0.03906719997758046, 0.03912069997750223, 0.038401200028602034, 0.030348100000992417, 0.04188949998933822, 0.03734680003253743, 0.036489799967966974, 0.042333299992606044, 0.03695740003604442, 0.034013699973002076, 0.0411920000333339, 0.03840179997496307, 0.03512259997660294, 0.03837100003147498, 0.03730179998092353, 0.041093200037721545, 0.036901399958878756, 0.03664170001866296, 0.035537099989596754, 0.03361729998141527, 0.03602780000073835, 0.03576440003234893, 0.03818869998212904, 0.03645329998107627, 0.03851460001897067, 0.036691699991934, 0.8710594000294805, 0.003021799959242344]",6.343643426895142,1787906366.4323812,510,64,True,,200,Lorem aliqua. magna ut sed do consectetur eiusmod dolor ipsum incididunt dolore tempor sit et adipiscing labore elit amet sed ut Lorem ipsum sit dolor incididunt amet do et eiusmod labore magna aliqua. tempor adipiscing elit consectetur dolore incididunt et ipsum sit labore elit ut adipiscing consectetur amet tempor magna dolore eiusmod do aliqua. sed dolor Lorem eiusmod Lorem consectetur do ut adipiscing et elit labore tempor aliqua. sit incididunt sed amet ipsum dolor dolore magna elit amet sed do dolor ipsum magna sit aliqua. adipiscing ut labore consectetur tempor et Lorem dolore eiusmod incididunt consectetur incididunt elit eiusmod aliqua. adipiscing sit ut do labore magna sed ipsum amet Lorem et dolor dolore tempor dolore ut sed dolor eiusmod adipiscing incididunt labore ipsum sit do magna et elit consectetur Lorem aliqua. tempor amet do ut amet Lorem et ipsum elit aliqua. magna dolore sed eiusmod adipiscing dolor tempor consectetur labore sit incididunt amet dolore eiusmod Lorem aliqua. ipsum labore tempor consectetur sit incididunt elit sed adipiscing et do dolor ut magna amet ut et eiusmod dolore incididunt adipiscing elit tempor sed sit dolor Lorem magna ipsum aliqua. labore consectetur do Lorem dolor ut amet elit do incididunt labore sed eiusmod dolore magna consectetur aliqua. ipsum sit tempor et adipiscing elit labore consectetur et incididunt sit Lorem amet dolore dolor magna sed ipsum ut tempor aliqua. eiusmod do adipiscing sed magna amet do et tempor dolore elit ipsum sit eiusmod consectetur ut aliqua. dolor incididunt labore Lorem adipiscing sit ut ipsum tempor consectetur et magna aliqua. incididunt Lorem labore elit amet eiusmod dolore adipiscing sed do dolor sit consectetur labore dolore tempor incididunt Lorem magna et aliqua. amet do ut eiusmod sed dolor adipiscing ipsum elit adipiscing sed magna ut tempor incididunt sit aliqua. dolor elit amet do ipsum Lorem labore dolore et eiusmod consectetur labore amet incididunt aliqua. elit eiusmod dolo, factors factors factors factors factors factors factors factors factors factors factors factors factors factors factors factors factors factors factors factors factors factors factors factors factors factors factors factors factors factors factors factors factors factors factors factors factors factors factors factors factors factors factors factors factors factors factors factors factors factors factors factors factors factors factors factors factors factors factors factors factors factors factors factors,,
req-0020-fc38fe,synthetic,1787906339.0966246,1787906360.838495,21.741870403289795,2.483031400013715,0.04929678730152932,"[0.03548769996268675, 0.04035900003509596, 0.039750800002366304, 0.03690929996082559, 0.04376959998626262, 0.04124190000584349, 0.039884100027848035, 0.03851699997903779, 0.03542219998780638, 0.041899200004991144, 0.036627400026191026, 0.029787199979182333, 0.03582799999276176, 0.036112000001594424, 0.03587830002652481, 0.032166299992240965, 0.03837169997859746, 0.0401854999945499, 0.03437620005570352, 0.03550909995101392, 0.03871620004065335, 0.03538399998797104, 0.03703529998892918, 0.03741520002949983, 0.03682409995235503, 0.03625810000812635, 0.043671199993696064, 0.040172800014261156, 0.03568269999232143, 0.028933399997185916, 0.027873100014403462, 0.03832499997224659, 0.037519300007261336, 0.042136000003665686, 0.03592330001993105, 0.03690369997639209, 0.035225900006480515, 0.03743409999879077, 0.03694190003443509, 0.045531599957030267, 0.036274900019634515, 0.03804040001705289, 0.043576099968049675, 0.030760699999518692, 0.03685620002215728, 0.033486299973446876, 0.032463000039570034, 0.034766600001603365, 0.03679669997654855, 0.040077999990899116, 0.037889900035224855, 0.03880059998482466, 0.0380641000228934, 0.037366799951996654, 0.028678300033789128, 0.027979000005871058, 0.040372899966314435, 0.0360845000250265, 0.04118539998307824, 0.034725200035609305, 0.887121899984777, 0.0022849999950267375, 5.570001667365432e-05]",5.5925798416137695,1787906366.4310749,510,64,True,,200,labore magna ut dolore aliqua. consectetur tempor amet do Lorem dolor incididunt adipiscing sed ipsum et elit sit eiusmod ipsum et Lorem sed do amet ut sit adipiscing dolore incididunt elit labore eiusmod tempor consectetur aliqua. dolor magna magna et dolore do adipiscing elit incididunt dolor Lorem labore amet ut consectetur eiusmod ipsum sed tempor sit aliqua. incididunt tempor magna eiusmod adipiscing ut consectetur sit labore ipsum dolore dolor sed aliqua. amet elit et do Lorem dolor aliqua. amet ipsum et consectetur tempor labore do elit eiusmod sit dolore incididunt adipiscing magna sed ut Lorem do sit Lorem sed dolore et amet labore eiusmod ipsum adipiscing magna aliqua. dolor consectetur tempor ut incididunt elit Lorem et labore dolor consectetur adipiscing sed ipsum elit dolore eiusmod amet tempor aliqua. ut do incididunt magna sit tempor adipiscing amet Lorem sit sed labore eiusmod magna ut incididunt et dolore do dolor ipsum elit aliqua. consectetur eiusmod amet ut dolore do tempor magna labore dolor incididunt elit et sed ipsum sit adipiscing Lorem consectetur aliqua. tempor sit do adipiscing ut consectetur magna incididunt elit dolor eiusmod amet ipsum labore Lorem dolore et aliqua. sed sit dolor aliqua. magna amet sed do elit Lorem consectetur adipiscing dolore tempor ut eiusmod labore ipsum et incididunt eiusmod labore Lorem et incididunt aliqua. adipiscing tempor sed do consectetur dolor ut elit dolore magna ipsum sit amet ipsum ut et tempor eiusmod labore incididunt consectetur magna dolore sed do elit amet aliqua. adipiscing sit dolor Lorem ipsum labore Lorem incididunt magna aliqua. dolore elit tempor sit et dolor amet do ut sed adipiscing eiusmod consectetur incididunt labore tempor sed sit amet aliqua. elit Lorem consectetur dolor magna et ut do adipiscing ipsum eiusmod dolore ipsum labore elit dolore do sit ut adipiscing amet tempor dolor sed incididunt consectetur magna Lorem aliqua. et eiusmod sed ipsum sit ut tempor dolor eiusmod aliqua. ma, factors factors factors factors factors factors factors factors factors factors factors factors factors factors factors factors factors factors factors factors factors factors factors factors factors factors factors factors factors factors factors factors factors factors factors factors factors factors factors factors factors factors factors factors factors factors factors factors factors factors factors factors factors factors factors factors factors factors factors factors factors factors factors factors,,
req-0021-95113e,synthetic,1787906339.0966246,1787906361.6069765,22.51035189628601,1.707203300029505,0.049437833332737526,"[0.029944899957627058, 0.03951700002653524, 0.04643519996898249, 0.036855500016827136, 0.03540539997629821, 0.040875300008337945, 0.03895310004008934, 0.02905709994956851, 0.041762700013350695, 0.03963050001766533, 0.03743570001097396, 0.0391731999698095, 0.033074900042265654, 0.03992209996795282, 0.034633200033567846, 0.0312563999905251, 0.039402399968821555, 0.037543000013101846, 0.03937489999225363, 0.04376339999726042, 0.04065270000137389, 0.03526099998271093, 0.037921200040727854, 0.026208399969618767, 0.029982800013385713, 0.0328070999821648, 0.040218900016043335, 0.034114599984604865, 0.036491400038357824, 0.03511679999064654, 0.034204799972940236, 0.04039189999457449, 0.039020200027152896, 0.03642860002582893, 0.04049809998832643, 0.03575959999579936, 0.035711899981833994, 0.03982830001041293, 0.037802200007718056, 0.04267270001582801, 0.037620099959895015, 0.03423410002142191, 0.034557699982542545, 0.04055909998714924, 0.028866600012406707, 0.036283700028434396, 0.036907300003804266, 0.035946799966041, 0.04079350002575666, 0.039650099992286414, 0.04039749997900799, 0.023331900010816753, 0.04017769999336451, 0.037984700000379235, 0.03720299998531118, 0.03434110002126545, 0.029080700012855232, 0.04092050000326708, 0.029302400012966245, 0.040839799970854074, 0.03353880002396181, 0.8737835999927483, 0.003153699974063784]",4.825748920440674,1787906366.4327254,511,64,True,,200,sit dolor incididunt consectetur do adipiscing magna aliqua. dolore elit Lorem ipsum eiusmod et sed ut tempor labore amet Lorem sit adipiscing sed dolore eiusmod ut elit incididunt do amet ipsum et magna consectetur labore dolor tempor aliqua. et eiusmod Lorem aliqua. labore ut dolore consectetur sit adipiscing elit magna do tempor dolor incididunt amet sed ipsum tempor dolor consectetur labore amet ut magna Lorem sed incididunt adipiscing dolore ipsum aliqua. elit eiusmod sit do et sed amet consectetur eiusmod dolore adipiscing magna labore tempor sit do Lorem ut dolor elit incididunt aliqua. et ipsum elit ipsum amet magna consectetur adipiscing eiusmod dolore tempor Lorem aliqua. ut do et incididunt labore sed dolor sit amet ut adipiscing magna dolor dolore labore tempor sit eiusmod do elit sed consectetur ipsum et incididunt aliqua. Lorem ut sit amet adipiscing dolor ipsum magna consectetur incididunt do Lorem et eiusmod tempor dolore elit labore aliqua. sed Lorem labore adipiscing dolore et incididunt sit consectetur dolor elit sed tempor ipsum magna aliqua. eiusmod amet ut do sit consectetur aliqua. eiusmod elit sed magna incididunt dolore adipiscing Lorem amet labore tempor ipsum do ut dolor et et Lorem elit eiusmod sit sed incididunt dolor magna dolore aliqua. consectetur ut do amet labore adipiscing ipsum tempor tempor magna aliqua. et Lorem do labore dolor sed eiusmod incididunt dolore elit amet sit ut ipsum adipiscing consectetur sit dolor dolore sed consectetur labore do ipsum magna amet Lorem ut eiusmod elit aliqua. tempor adipiscing incididunt et ut Lorem sit eiusmod et amet dolor sed labore ipsum aliqua. tempor consectetur adipiscing magna do incididunt elit dolore dolore consectetur aliqua. ut incididunt dolor do Lorem magna et tempor elit ipsum sit labore adipiscing eiusmod sed amet amet sit labore aliqua. dolore do consectetur ipsum magna adipiscing elit et tempor dolor incididunt ut sed eiusmod Lorem incididunt ipsum dolor ut eiusmod sit adipiscing, factors factors factors factors factors factors factors factors factors factors factors factors factors factors factors factors factors factors factors factors factors factors factors factors factors factors factors factors factors factors factors factors factors factors factors factors factors factors factors factors factors factors factors factors factors factors factors factors factors factors factors factors factors factors factors factors factors factors factors factors factors factors factors factors,,
req-0022-64c37a,synthetic,1787906339.0966246,1787906362.2967033,23.20007872581482,1.039259699988179,0.04908346666655104,"[0.03736889996798709, 0.03558670001802966, 0.03523420001147315, 0.03459260001545772, 0.0386651000007987, 0.03858409996610135, 0.039709400036372244, 0.03963979997206479, 0.04317590000573546, 0.042550800018943846, 0.03453489998355508, 0.03535010002087802, 0.03625529998680577, 0.038889599964022636, 0.038885600049979985, 0.04170999996131286, 0.04133840004215017, 0.03610219998518005, 0.03604109998559579, 0.034381099976599216, 0.037614300032146275, 0.034924899984616786, 0.03650829999241978, 0.03268549998756498, 0.036277700040955096, 0.03764299995964393, 0.03739020001376048, 0.04121970001142472, 0.03592120000394061, 0.02830619999440387, 0.03342049999628216, 0.039100099995266646, 0.03128240001387894, 0.0413958000135608, 0.035250899964012206, 0.03757069999119267, 0.032959300035145134, 0.03852719999849796, 0.04527509998297319, 0.03653189999749884, 0.03591850004158914, 0.033170599956065416, 0.03402200003620237, 0.03294079995248467, 0.03518050001002848, 0.030234100006055087, 0.036312100011855364, 0.025852799997664988, 0.03591069998219609, 0.036879500024951994, 0.031047299969941378, 0.03219800000078976, 0.037600800045765936, 0.04176059999736026, 0.04102429997874424, 0.03554409998469055, 0.04396680003264919, 0.04031159996520728, 0.042604300018865615, 0.033096699975430965, 0.8853907000157051, 0.0028429999947547913, 4.7900015488266945e-05]",4.135365009307861,1787906366.4320683,510,64,True,,200,labore sit incididunt magna aliqua. do sed elit dolore ipsum ut eiusmod Lorem tempor consectetur et dolor amet adipiscing magna tempor do elit incididunt dolor adipiscing sit labore amet aliqua. dolore Lorem ut et ipsum sed consectetur eiusmod tempor labore Lorem et ipsum incididunt do consectetur dolore aliqua. sed magna adipiscing ut elit sit eiusmod dolor amet et dolor dolore elit consectetur Lorem incididunt ipsum do adipiscing labore aliqua. sed tempor amet ut sit eiusmod magna sit consectetur tempor Lorem adipiscing dolore elit labore et ut aliqua. dolor sed eiusmod amet incididunt do ipsum magna tempor dolor consectetur incididunt ut et elit dolore Lorem labore sed amet do eiusmod adipiscing magna ipsum aliqua. sit dolor adipiscing et ipsum eiusmod elit aliqua. sit tempor Lorem amet labore magna dolore sed do consectetur ut incididunt Lorem incididunt magna consectetur do adipiscing sit amet dolor labore elit ut sed eiusmod ipsum dolore tempor aliqua. et sed elit aliqua. incididunt dolore ipsum adipiscing Lorem consectetur et dolor amet ut eiusmod tempor do labore sit magna dolore Lorem sed aliqua. magna incididunt sit dolor elit do consectetur ut et tempor adipiscing eiusmod labore ipsum amet sit aliqua. magna tempor ipsum adipiscing eiusmod consectetur dolore labore dolor do incididunt et Lorem amet elit ut sed dolore ipsum do incididunt Lorem ut elit consectetur labore sed aliqua. sit et adipiscing dolor tempor amet magna eiusmod consectetur elit dolore ipsum sit eiusmod tempor labore ut sed incididunt dolor adipiscing magna Lorem do et aliqua. amet labore dolore adipiscing sit sed eiusmod dolor consectetur ut et incididunt ipsum magna aliqua. tempor amet do elit Lorem et incididunt dolor elit sed adipiscing magna ut amet dolore eiusmod sit ipsum consectetur tempor aliqua. labore Lorem do sit et eiusmod incididunt adipiscing amet Lorem dolore magna elit do aliqua. ut labore ipsum tempor sed consectetur dolor sed ut labore dolore do aliqua. ipsum incididunt, factors factors factors factors factors factors factors factors factors factors factors factors factors factors factors factors factors factors factors factors factors factors factors factors factors factors factors factors factors factors factors factors factors factors factors factors factors factors factors factors factors factors factors factors factors factors factors factors factors factors factors factors factors factors factors factors factors factors factors factors factors factors factors factors,,
req-0023-01efcd,synthetic,1787906339.0966246,1787906363.0281332,23.931508541107178,0.29272049997234717,0.04930085079404452,"[0.03796640003565699, 0.03778810001676902, 0.03705039998749271, 0.0383731999900192, 0.03207229997497052, 0.03795270004775375, 0.03460329998051748, 0.0359403999755159, 0.03907470003468916, 0.04155429999809712, 0.0354506999719888, 0.03849639999680221, 0.038005700043868273, 0.033663299982436, 0.03640609997091815, 0.04626450000796467, 0.02909249998629093, 0.03661940002348274, 0.03616760001750663, 0.043512400006875396, 0.03111059998627752, 0.02982639998663217, 0.03376030002254993, 0.03088859998388216, 0.03633350000018254, 0.03587369999149814, 0.03834400000050664, 0.031009300029836595, 0.03767239995067939, 0.038445300015155226, 0.04065520002041012, 0.03754370001843199, 0.04200799996033311, 0.03871260001324117, 0.0321863999706693, 0.034569700015708804, 0.0366543999989517, 0.03334920003544539, 0.03340759995626286, 0.039316700014751405, 0.03220299998065457, 0.0413593000266701, 0.036161000025458634, 0.03865309996763244, 0.036304300010669976, 0.03630789997987449, 0.03730540000833571, 0.04011629999149591, 0.030522799992468208, 0.03401300002587959, 0.03767669998342171, 0.028754800034221262, 0.030522199987899512, 0.040321299980860204, 0.03888740000547841, 0.030034299998078495, 0.03433029999723658, 0.03995740000391379, 0.03397940000286326, 0.034753500018268824, 0.03999600000679493, 0.8939626999781467, 0.002109499997459352]",3.4025890827178955,1787906366.4307222,511,64,True,,200,aliqua. do et dolore ipsum sit labore dolor amet magna elit Lorem eiusmod adipiscing ut sed tempor consectetur incididunt ut sit Lorem tempor sed dolor eiusmod aliqua. do ipsum adipiscing et elit amet incididunt labore dolore consectetur magna eiusmod elit ipsum adipiscing incididunt aliqua. Lorem sed amet dolore et do dolor tempor sit consectetur labore magna ut dolore Lorem amet labore adipiscing eiusmod ut ipsum sit et dolor sed tempor elit magna consectetur aliqua. do incididunt consectetur et adipiscing labore do dolore elit sed ut Lorem amet magna tempor sit eiusmod ipsum dolor aliqua. incididunt tempor labore dolor amet sit sed et adipiscing do elit dolore magna aliqua. ut consectetur ipsum eiusmod Lorem incididunt magna eiusmod Lorem dolor et dolore consectetur ipsum aliqua. ut adipiscing incididunt sed elit do tempor sit amet labore ipsum Lorem eiusmod ut consectetur aliqua. dolor tempor sit sed do et amet magna labore incididunt elit dolore adipiscing eiusmod magna labore tempor incididunt aliqua. sed adipiscing sit dolore ipsum et amet Lorem elit consectetur dolor ut do incididunt dolore consectetur adipiscing labore dolor ipsum sed tempor sit et eiusmod magna elit amet aliqua. do Lorem ut dolor dolore adipiscing consectetur ipsum incididunt aliqua. magna do ut et elit tempor sit eiusmod amet Lorem sed labore do amet aliqua. eiusmod elit ipsum incididunt dolor adipiscing dolore tempor ut et sed sit labore Lorem consectetur magna consectetur labore elit aliqua. Lorem sed et do eiusmod sit ut magna dolore dolor tempor adipiscing incididunt amet ipsum dolor tempor eiusmod dolore consectetur sit adipiscing sed et aliqua. elit magna labore ipsum amet incididunt do ut Lorem elit amet dolor aliqua. ipsum labore Lorem et ut tempor adipiscing dolore eiusmod sed magna incididunt sit consectetur do elit aliqua. tempor consectetur ut dolore adipiscing ipsum amet magna sed do dolor sit labore incididunt eiusmod et Lorem et amet do elit dolore incididunt eiusmod aliqua, factors factors factors factors factors factors factors factors factors factors factors factors factors factors factors factors factors factors factors factors factors factors factors factors factors factors factors factors factors factors factors factors factors factors factors factors factors factors factors factors factors factors factors factors factors factors factors factors factors factors factors factors factors factors factors factors factors factors factors factors factors factors factors factors,,
req-0024-ec2ef3,synthetic,1787906339.0966246,1787906366.4221168,27.32549214363098,5.411218499997631,0.05179854444438769,"[0.026559699967037886, 0.03077730000950396, 0.03224959998624399, 0.02872850000858307, 0.03412870003376156, 0.03513059997931123, 0.03356269997311756, 0.03381019999505952, 0.03791000001365319, 0.03453790000639856, 0.03676619997713715, 0.039445400005206466, 0.04803540004650131, 0.03717009996762499, 0.04397840000456199, 0.037817400007043034, 0.03443060000427067, 0.044148300017695874, 0.03826939995633438, 0.03692899999441579, 0.038291400007437915, 0.05046779999975115, 0.03290150000248104, 0.0367796000209637, 0.033733699994627386, 0.03605589998187497, 0.035812799993436784, 0.03556470002513379, 0.039989300013985485, 0.03589820000343025, 0.032510099990759045, 0.03533639997476712, 0.04239940003026277, 0.030705299985129386, 0.03209049999713898, 0.03592430002754554, 0.03954559995327145, 0.041140700050164014, 0.0318882999708876, 0.04250430001411587, 0.03626799996709451, 0.03701329999603331, 0.030977100017480552, 0.03635820001363754, 0.035245299979578704, 0.03316230000928044, 0.035942899994552135, 0.03791170002659783, 0.031114399957004935, 0.036627400026191026, 0.045804399996995926, 0.0314679000293836, 0.03690479998476803, 0.042838299996219575, 0.0274331999826245, 0.036722299992106855, 0.037233600043691695, 0.037453999975696206, 0.045105799974408, 0.03493880003225058, 0.04158560000360012, 0.04135399998631328, 0.9899198000202887]",8.73070764541626,1787906375.1528244,510,64,True,,200,eiusmod tempor elit sit et incididunt ipsum do aliqua. Lorem dolore consectetur amet dolor sed labore adipiscing magna ut et sed do dolore amet adipiscing ipsum magna eiusmod incididunt labore ut tempor consectetur sit dolor elit aliqua. Lorem dolor et tempor ut aliqua. adipiscing sed magna incididunt Lorem consectetur do labore ipsum dolore amet sit elit eiusmod Lorem sed et dolore amet adipiscing consectetur tempor magna ipsum labore eiusmod dolor do incididunt aliqua. elit sit ut sed ipsum sit dolor elit do tempor dolore labore Lorem incididunt consectetur ut adipiscing magna et aliqua. amet eiusmod incididunt amet Lorem sit ipsum elit dolore consectetur sed ut labore adipiscing tempor do eiusmod magna et dolor aliqua. sed ut consectetur tempor sit elit labore Lorem dolor ipsum magna aliqua. incididunt dolore adipiscing et eiusmod do amet dolore magna ut amet eiusmod elit labore aliqua. consectetur sed tempor dolor ipsum et do sit Lorem incididunt adipiscing ut ipsum sit tempor sed et labore incididunt adipiscing eiusmod aliqua. consectetur elit Lorem dolore do dolor magna amet adipiscing aliqua. eiusmod sit et do elit Lorem consectetur magna dolore incididunt dolor amet ut sed labore ipsum tempor consectetur incididunt eiusmod dolore adipiscing amet dolor tempor elit sed Lorem magna et labore aliqua. sit ipsum ut do incididunt magna et tempor consectetur amet sit elit adipiscing ipsum do ut dolore eiusmod sed dolor labore aliqua. Lorem Lorem labore aliqua. incididunt elit sit magna do dolore et eiusmod consectetur tempor adipiscing ipsum sed amet ut dolor consectetur labore elit dolore magna Lorem ipsum amet incididunt aliqua. sed tempor adipiscing et eiusmod do dolor ut sit sit Lorem elit sed ipsum do et dolore dolor tempor amet labore incididunt adipiscing eiusmod ut aliqua. consectetur magna aliqua. ipsum labore et ut elit incididunt magna sed amet sit tempor Lorem adipiscing dolore eiusmod consectetur do dolor dolore adipiscing sed amet elit dolor labore eiu, factors factors factors factors factors factors factors factors factors factors factors factors factors factors factors factors factors factors factors factors factors factors factors factors factors factors factors factors factors factors factors factors factors factors factors factors factors factors factors factors factors factors factors factors factors factors factors factors factors factors factors factors factors factors factors factors factors factors factors factors factors factors factors factors,,
req-0025-63e6e6,synthetic,1787906339.0966246,1787906367.1227715,28.02614688873291,4.866485900012776,0.05018690793630889,"[0.040612899989355356, 0.0329943000106141, 0.03800129995215684, 0.034688300045672804, 0.030483599985018373, 0.03617310000117868, 0.03333189996192232, 0.04914350004401058, 0.03363249998074025, 0.029791500011924654, 0.03879139997297898, 0.04079170001205057, 0.03864620003150776, 0.04242469999007881, 0.03505070001119748, 0.038442299992311746, 0.04270029999315739, 0.0369640999706462, 0.04182149999542162, 0.02851640002336353, 0.03408630000194535, 0.04058460000669584, 0.03810189996147528, 0.04252030001953244, 0.034532400022726506, 0.034362300008069724, 0.03902119997655973, 0.030830400006379932, 0.03944780002348125, 0.03675429994473234, 0.03765960002783686, 0.04243949998635799, 0.04112990002613515, 0.02912979997927323, 0.04052079998655245, 0.04038090002723038, 0.040557999978773296, 0.03604289999930188, 0.03758649999508634, 0.038962499995250255, 0.03886600001715124, 0.03855920000933111, 0.03158150002127513, 0.03903299994999543, 0.04532110004220158, 0.04174009995767847, 0.03841250005643815, 0.04514740000013262, 0.03872789995511994, 0.025403300009202212, 0.039101700007449836, 0.03793900000164285, 0.03968490002444014, 0.03911819995846599, 0.029194700007792562, 0.03455219999887049, 0.04289570002583787, 0.966719199961517, 0.05191700003342703, 5.779997445642948e-05, 5.15999854542315e-05, 4.980002995580435e-05, 4.730001091957092e-05]",8.032939672470093,1787906375.1557112,512,64,True,,200,consectetur aliqua. eiusmod Lorem do et tempor adipiscing sed elit labore magna sit ipsum dolor dolore incididunt ut amet aliqua. elit adipiscing ut sed magna ipsum amet dolore Lorem et do eiusmod sit labore tempor dolor incididunt consectetur elit et ut amet sed sit adipiscing Lorem labore eiusmod dolore do consectetur ipsum incididunt dolor aliqua. magna tempor ipsum sit amet magna Lorem elit aliqua. et incididunt dolor ut labore tempor adipiscing do sed eiusmod consectetur dolore eiusmod ipsum labore consectetur aliqua. tempor magna dolor adipiscing Lorem elit sit incididunt ut dolore et sed amet do magna do ipsum consectetur elit sed tempor adipiscing dolor incididunt ut Lorem sit dolore et amet labore eiusmod aliqua. elit sed et ut labore eiusmod adipiscing aliqua. magna dolore consectetur sit incididunt do dolor ipsum Lorem amet tempor consectetur eiusmod sit dolor labore adipiscing et elit dolore sed incididunt Lorem ut magna do ipsum aliqua. tempor amet et consectetur Lorem sit incididunt elit do tempor adipiscing dolore dolor amet sed aliqua. labore magna eiusmod ut ipsum sed labore consectetur eiusmod elit adipiscing incididunt aliqua. ipsum Lorem ut do dolore magna dolor sit amet tempor et sed ipsum tempor incididunt labore dolor magna amet et dolore ut adipiscing Lorem elit sit eiusmod do aliqua. consectetur labore tempor ipsum sed eiusmod magna adipiscing sit amet Lorem elit aliqua. ut do consectetur dolor incididunt et dolore adipiscing do incididunt amet ut elit Lorem dolor et consectetur dolore labore magna ipsum sit aliqua. tempor sed eiusmod incididunt sed do dolor ut labore adipiscing Lorem tempor magna dolore consectetur sit aliqua. elit et amet ipsum eiusmod adipiscing tempor ipsum labore consectetur sed Lorem incididunt elit magna dolor ut amet aliqua. dolore et eiusmod do sit eiusmod dolore ipsum tempor sed labore aliqua. do ut adipiscing Lorem amet elit consectetur incididunt magna et sit dolor ipsum consectetur sit amet aliqua. incididunt te, factors factors factors factors factors factors factors factors factors factors factors factors factors factors factors factors factors factors factors factors factors factors factors factors factors factors factors factors factors factors factors factors factors factors factors factors factors factors factors factors factors factors factors factors factors factors factors factors factors factors factors factors factors factors factors factors factors factors factors factors factors factors factors factors,,
req-0026-e47391,synthetic,1787906339.0966246,1787906367.836118,28.739493370056152,3.999036099994555,0.036585363491977906,"[0.025505399971734732, 0.03552760003367439, 0.03254519996698946, 0.03295359999174252, 0.03596000000834465, 0.03879690001485869, 0.03979730000719428, 0.03696870000567287, 0.03656159999081865, 0.03711570001905784, 0.03963029995793477, 0.03629610000643879, 0.022871900000609457, 0.03935879998607561, 0.04132980003487319, 0.03296410001348704, 0.03925779997371137, 0.04701620002742857, 0.031877399946097285, 0.03127390000736341, 0.03634380002040416, 0.043989599973428994, 0.03665940003702417, 0.033772599999792874, 0.03086639998946339, 0.03443419997347519, 0.038805600022897124, 0.03881479997653514, 0.03762280003866181, 0.04221420001704246, 0.042433800001163036, 0.03724589996272698, 0.03655130002880469, 0.044004399969708174, 0.03340840002056211, 0.038396499992813915, 0.04379169997991994, 0.03984460001811385, 0.03223999997135252, 0.04063699999824166, 0.03621820005355403, 0.023916299978736788, 0.04017069999827072, 0.04021509998710826, 0.038980500015895814, 0.03803439997136593, 0.027788000006694347, 0.0340485000051558, 0.03244819998508319, 0.043152700003702193, 0.030180000001564622, 0.04017530003329739, 0.03702379995957017, 0.03521470003761351, 0.0349788999883458, 0.03699549997691065, 0.03812870004912838, 0.03559889999451116, 0.03184129996225238, 0.043067999999038875, 0.037448500050231814, 0.035022999974898994, 0.038543400005437434]",6.305461645126343,1787906374.1415796,512,64,True,,200,et amet ipsum do sed dolore sit consectetur ut dolor elit tempor labore eiusmod aliqua. incididunt Lorem magna adipiscing sed do eiusmod incididunt ipsum dolor sit adipiscing amet Lorem et labore magna ut aliqua. tempor elit consectetur dolore elit magna aliqua. do dolor dolore ipsum Lorem ut eiusmod labore consectetur amet adipiscing tempor sed sit et incididunt labore tempor ipsum consectetur aliqua. adipiscing amet sit eiusmod magna dolore incididunt Lorem ut et sed elit dolor do dolor sed tempor sit dolore aliqua. elit incididunt et labore do amet ipsum eiusmod ut adipiscing magna Lorem consectetur et eiusmod elit sit amet consectetur dolore magna adipiscing tempor do ut dolor Lorem sed ipsum incididunt aliqua. labore ut aliqua. magna do dolor eiusmod sed sit tempor incididunt labore adipiscing ipsum elit amet Lorem et consectetur dolore sed labore ut elit magna incididunt dolore eiusmod Lorem dolor consectetur do aliqua. ipsum sit et adipiscing amet tempor sed labore adipiscing aliqua. et dolor amet ut sit magna ipsum do elit Lorem dolore eiusmod incididunt consectetur tempor incididunt sit adipiscing magna eiusmod Lorem ipsum tempor do dolore consectetur labore ut aliqua. et amet elit sed dolor magna dolor et do sit Lorem elit ipsum incididunt sed adipiscing consectetur amet labore aliqua. dolore tempor eiusmod ut tempor aliqua. amet incididunt dolor ipsum magna adipiscing sed ut eiusmod Lorem elit et dolore labore consectetur sit do incididunt elit tempor magna et adipiscing eiusmod do consectetur ipsum sit Lorem labore ut dolor sed amet aliqua. dolore aliqua. adipiscing sed magna amet elit do incididunt dolore ut consectetur dolor ipsum eiusmod labore et Lorem tempor sit dolor dolore ut labore amet magna adipiscing sit do et consectetur elit ipsum aliqua. sed eiusmod incididunt tempor Lorem magna dolor dolore sed adipiscing aliqua. labore ipsum elit amet Lorem sit tempor consectetur et eiusmod ut incididunt do dolor labore elit adipiscing amet dolore sit ips, factors factors factors factors factors factors factors factors factors factors factors factors factors factors factors factors factors factors factors factors factors factors factors factors factors factors factors factors factors factors factors factors factors factors factors factors factors factors factors factors factors factors factors factors factors factors factors factors factors factors factors factors factors factors factors factors factors factors factors factors factors factors factors factors,,
req-0027-74ec6e,synthetic,1787906339.0966246,1787906368.6097012,29.513076543807983,3.244820299965795,0.05181545238121457,"[0.038503399991896003, 0.0378772999974899, 0.03108570002950728, 0.0375853999867104, 0.030901100020855665, 0.044173199974466115, 0.037028799997642636, 0.03611699998145923, 0.03863560000900179, 0.03897829999914393, 0.03502520004985854, 0.0250123999430798, 0.04310120001900941, 0.027134600037243217, 0.03480429999763146, 0.03206909995060414, 0.0321745999972336, 0.04264250001870096, 0.03492549998918548, 0.03687609999906272, 0.03799230000004172, 0.03594710002653301, 0.03331869997782633, 0.04207259998656809, 0.04544080002233386, 0.04461219999939203, 0.03450780001003295, 0.038952199975028634, 0.038107600004877895, 0.04028670000843704, 0.04118470003595576, 0.040172799956053495, 0.028877400036435574, 0.03651359997456893, 0.03438710002228618, 0.03829799999948591, 0.04631389997666702, 0.046179600001778454, 0.035003700002562255, 0.03860520001035184, 0.027420900005381554, 0.03962230001343414, 0.03936799999792129, 0.03510019998066127, 0.04145720001542941, 0.038824899995233864, 0.03808420000132173, 0.04183060000650585, 0.03348559996811673, 0.030483199981972575, 0.03311120002763346, 0.03079950000392273, 0.04254130000481382, 0.03631009999662638, 0.035533799964468926, 0.03182190004736185, 0.03643579996423796, 0.037938599998597056, 0.033560600015334785, 0.037806899985298514, 0.036113200010731816, 0.9934333999990486, 0.021864800015464425]",6.543768882751465,1787906375.15347,510,64,True,,200,incididunt eiusmod et sit Lorem aliqua. do consectetur amet ut dolor adipiscing tempor sed dolore ipsum magna elit labore ipsum ut consectetur dolor aliqua. sed eiusmod incididunt do Lorem elit dolore labore tempor magna amet sit et adipiscing aliqua. amet dolore sit dolor tempor ut do eiusmod labore consectetur et ipsum magna adipiscing Lorem incididunt sed elit dolore Lorem magna sed dolor aliqua. do eiusmod ipsum adipiscing elit et consectetur ut labore incididunt tempor amet sit do ut et incididunt Lorem sed dolor adipiscing dolore consectetur tempor aliqua. ipsum magna labore amet elit eiusmod sit sed incididunt dolore do amet Lorem dolor elit sit tempor ut et labore ipsum eiusmod magna adipiscing aliqua. consectetur Lorem magna aliqua. dolore consectetur dolor labore ipsum eiusmod do adipiscing incididunt amet elit sit sed ut et tempor Lorem et incididunt aliqua. consectetur labore sit magna do amet elit tempor adipiscing dolore eiusmod sed ut ipsum dolor dolor consectetur eiusmod sit do Lorem et amet aliqua. labore elit sed incididunt ut magna ipsum adipiscing dolore tempor amet dolore ut elit sit adipiscing Lorem dolor consectetur sed magna ipsum do incididunt labore aliqua. et eiusmod tempor consectetur dolor aliqua. Lorem eiusmod do tempor et magna incididunt labore adipiscing amet ut elit sed dolore ipsum sit et amet do adipiscing aliqua. magna ipsum Lorem sed labore eiusmod tempor consectetur incididunt dolor sit ut dolore elit elit aliqua. eiusmod Lorem dolor sed adipiscing labore sit et magna ut ipsum tempor amet consectetur do incididunt dolore amet aliqua. et sit tempor do labore dolore ipsum sed eiusmod consectetur incididunt magna adipiscing dolor Lorem elit ut dolor et eiusmod dolore sit ipsum consectetur adipiscing sed amet elit do magna labore aliqua. incididunt ut tempor Lorem eiusmod dolore amet consectetur adipiscing sed labore ipsum sit magna incididunt tempor ut elit et do aliqua. Lorem dolor ipsum incididunt elit tempor amet et ut sed dolo, stairs stairs stairs stairs stairs stairs stairs stairs stairs stairs stairs stairs stairs stairs stairs stairs stairs stairs stairs stairs stairs stairs stairs stairs stairs stairs stairs stairs stairs stairs stairs stairs stairs stairs stairs stairs stairs stairs stairs stairs stairs stairs stairs stairs stairs stairs stairs stairs stairs stairs stairs stairs stairs stairs stairs stairs stairs stairs stairs stairs stairs stairs stairs stairs,,
req-0028-49e6b1,synthetic,1787906339.0966246,1787906369.3747988,30.27817416191101,2.4565577000030316,0.05183329047553892,"[0.02703489997657016, 0.03509429999394342, 0.03446980001172051, 0.03495130001101643, 0.03988179995212704, 0.030223900044802576, 0.027709699992556125, 0.035283399978652596, 0.03184830001555383, 0.03432019997853786, 0.04088500002399087, 0.03508270002203062, 0.04641879996052012, 0.03627460001735017, 0.041322699980810285, 0.034942900005262345, 0.03371280001010746, 0.03804730001138523, 0.03451729996595532, 0.039903400000184774, 0.037448200047947466, 0.04167339997366071, 0.03713840001728386, 0.03973489999771118, 0.03952200000640005, 0.039122599991969764, 0.03997350001009181, 0.04036009998526424, 0.034856799989938736, 0.029473099973984063, 0.035045400029048324, 0.04075280000688508, 0.04406729998299852, 0.03702540002996102, 0.0401168999960646, 0.024103700008708984, 0.034366699983365834, 0.03605749999405816, 0.03547649999381974, 0.03434349998133257, 0.03755470004398376, 0.03779239999130368, 0.03870999999344349, 0.029640099965035915, 0.04032500000903383, 0.032849500013981014, 0.04062149999663234, 0.040063099993858486, 0.030864600033964962, 0.031921999994665384, 0.03643839998403564, 0.04283599997870624, 0.03709090000484139, 0.0349611000274308, 0.036586200003512204, 0.03412450000178069, 0.04146549996221438, 0.04023990000132471, 0.03458660002797842, 0.039537500008009374, 0.042014500009827316, 0.040128499967977405, 0.9925609999918379]",5.778364658355713,1787906375.1531634,512,64,True,,200,et elit magna adipiscing labore tempor sit eiusmod ut dolore aliqua. consectetur amet dolor Lorem incididunt ipsum do sed et adipiscing tempor incididunt amet sit aliqua. elit sed magna consectetur dolor do ipsum eiusmod ut Lorem dolore labore incididunt et do consectetur ut magna labore sed eiusmod dolore Lorem dolor aliqua. sit adipiscing tempor amet elit ipsum eiusmod ipsum aliqua. ut sed Lorem do sit amet consectetur adipiscing dolore magna dolor tempor labore et elit incididunt consectetur dolore ut et sed do elit eiusmod aliqua. Lorem sit dolor ipsum incididunt tempor magna adipiscing amet labore aliqua. adipiscing Lorem labore ipsum eiusmod amet dolor do ut tempor et dolore magna consectetur sed elit sit incididunt dolor Lorem do tempor magna labore sed amet eiusmod incididunt aliqua. ut et adipiscing sit elit dolore ipsum consectetur do Lorem elit adipiscing incididunt labore dolore amet sed ut magna sit aliqua. dolor eiusmod ipsum et consectetur tempor dolor elit eiusmod adipiscing labore ipsum Lorem dolore sed aliqua. consectetur sit magna et ut do amet tempor incididunt adipiscing et ut eiusmod dolor do elit amet magna Lorem ipsum aliqua. tempor labore dolore consectetur sed sit incididunt dolor sit adipiscing eiusmod consectetur Lorem amet ut dolore labore et incididunt sed do ipsum magna aliqua. tempor elit ut sit incididunt adipiscing sed Lorem amet magna elit et dolore ipsum tempor eiusmod do labore dolor aliqua. consectetur sed labore ipsum eiusmod sit Lorem adipiscing magna consectetur do aliqua. dolore elit incididunt ut tempor amet dolor et dolore dolor consectetur incididunt elit ut aliqua. do sit tempor amet eiusmod labore Lorem et ipsum sed adipiscing magna ut incididunt amet aliqua. sit ipsum Lorem elit do tempor sed dolor dolore et eiusmod magna labore adipiscing consectetur tempor dolore magna elit adipiscing dolor consectetur amet do aliqua. labore Lorem ut eiusmod ipsum et sed incididunt sit do dolore ut ipsum labore consectetur adipiscing, stairs stairs stairs stairs stairs stairs stairs stairs stairs stairs stairs stairs stairs stairs stairs stairs stairs stairs stairs stairs stairs stairs stairs stairs stairs stairs stairs stairs stairs stairs stairs stairs stairs stairs stairs stairs stairs stairs stairs stairs stairs stairs stairs stairs stairs stairs stairs stairs stairs stairs stairs stairs stairs stairs stairs stairs stairs stairs stairs stairs stairs stairs stairs stairs,,
req-0029-2ad22e,synthetic,1787906339.0966246,1787906370.1415937,31.044969081878662,1.6973231000010855,0.05174294761880966,"[0.03303379996214062, 0.03101170004811138, 0.033853799977805465, 0.029894999985117465, 0.0355138000450097, 0.03280119999544695, 0.03719229996204376, 0.037110600038431585, 0.03914389997953549, 0.038655999989714473, 0.03760919999331236, 0.05950880004093051, 0.039918299997225404, 0.044551099999807775, 0.03610989998560399, 0.03728629997931421, 0.028355400019790977, 0.024540600017644465, 0.035496999975293875, 0.03638030000729486, 0.036418800009414554, 0.035948799981269985, 0.03782650001812726, 0.03996209998149425, 0.03390789998229593, 0.037781900027766824, 0.0341348999645561, 0.03275940002640709, 0.038367100001778454, 0.029939499974716455, 0.04098710004473105, 0.032920299971010536, 0.036223000031895936, 0.035191599978134036, 0.036433200002647936, 0.033960699976887554, 0.04571919998852536, 0.040971800044644624, 0.04050959995947778, 0.035267300030682236, 0.031987999973353, 0.039823600032832474, 0.05346640001516789, 0.032812299963552505, 0.03257789998315275, 0.037312200001906604, 0.037295800051651895, 0.04197239998029545, 0.03990450000856072, 0.032553199969697744, 0.029546600009780377, 0.035480600025039166, 0.04472049995092675, 0.040469300001859665, 0.037285200029145926, 0.0377157999901101, 0.03946880000876263, 0.0358610000112094, 0.039218599966261536, 0.037497200013604015, 0.032052099995780736, 0.03293660003691912, 0.974647399969399]",5.013797760009766,1787906375.1553915,511,64,True,,200,aliqua. magna dolor incididunt sed Lorem elit et labore eiusmod dolore sit consectetur tempor ut amet ipsum adipiscing do Lorem amet sit eiusmod adipiscing consectetur ut incididunt labore elit et aliqua. do dolore dolor ipsum magna sed tempor labore dolor magna aliqua. ut Lorem consectetur do amet sit ipsum incididunt eiusmod elit dolore adipiscing sed et tempor sit incididunt eiusmod labore Lorem sed ipsum do dolor consectetur tempor magna adipiscing ut et aliqua. elit dolore amet aliqua. tempor labore sit dolore magna adipiscing et sed Lorem eiusmod incididunt do amet consectetur ipsum elit dolor ut Lorem tempor labore sed magna adipiscing et consectetur dolor amet do sit ipsum ut incididunt aliqua. dolore eiusmod elit adipiscing labore eiusmod elit Lorem et do magna ipsum incididunt sed dolore aliqua. sit tempor consectetur amet dolor ut eiusmod elit aliqua. labore sed incididunt Lorem amet consectetur sit magna adipiscing tempor dolore ipsum et ut do dolor do incididunt ut dolore adipiscing magna labore amet elit sed consectetur aliqua. tempor Lorem dolor ipsum et eiusmod sit do tempor Lorem ipsum magna et sit consectetur dolor aliqua. adipiscing elit ut eiusmod labore sed amet incididunt dolore labore dolor tempor magna do incididunt dolore consectetur ut adipiscing amet sit aliqua. et Lorem ipsum sed elit eiusmod magna sed eiusmod adipiscing amet aliqua. labore tempor consectetur Lorem ut dolor et do dolore sit ipsum incididunt elit adipiscing amet Lorem elit magna incididunt et consectetur dolor eiusmod ut ipsum sed aliqua. dolore labore tempor sit do do ipsum dolor consectetur sed dolore incididunt magna sit ut eiusmod et labore adipiscing Lorem amet aliqua. tempor elit sed ipsum amet consectetur adipiscing dolor ut et do magna dolore sit elit aliqua. Lorem eiusmod labore tempor incididunt elit aliqua. ipsum dolor tempor ut consectetur labore magna et incididunt Lorem eiusmod amet do dolore sit adipiscing sed elit et consectetur sed do sit ipsum incididunt , stairs stairs stairs stairs stairs stairs stairs stairs stairs stairs stairs stairs stairs stairs stairs stairs stairs stairs stairs stairs stairs stairs stairs stairs stairs stairs stairs stairs stairs stairs stairs stairs stairs stairs stairs stairs stairs stairs stairs stairs stairs stairs stairs stairs stairs stairs stairs stairs stairs stairs stairs stairs stairs stairs stairs stairs stairs stairs stairs stairs stairs stairs stairs stairs,,
req-0030-54b75b,synthetic,1787906339.0966246,1787906370.91996,31.82333540916443,0.9187634999980219,0.05209565238051471,"[0.033039000001735985, 0.03189869999187067, 0.035662800015415996, 0.025973399984650314, 0.02572949999012053, 0.031031700025778264, 0.03798550000647083, 0.040531199949327856, 0.033102700021117926, 0.04010969999944791, 0.03857480001170188, 0.03857189998961985, 0.034301400010008365, 0.04306850000284612, 0.03903889999492094, 0.03380570001900196, 0.036608099995646626, 0.04547049995744601, 0.03225790004944429, 0.04261809994932264, 0.04019339999649674, 0.038768300029914826, 0.037295899994205683, 0.043125700030941516, 0.04186859994661063, 0.04307160002645105, 0.03851009998470545, 0.041296900017187, 0.03861899999901652, 0.03885239997180179, 0.04322270001284778, 0.03906360000837594, 0.04032590001588687, 0.032880600017961115, 0.043531899980735034, 0.03733209997881204, 0.030853200005367398, 0.03904599999077618, 0.039906100020743906, 0.03627270000288263, 0.03809689998161048, 0.03355069999815896, 0.03627010004129261, 0.0380752999917604, 0.03624549997039139, 0.02988990000449121, 0.03915129997767508, 0.04176020005252212, 0.03201769996667281, 0.041987699980381876, 0.04146269999910146, 0.03876570001011714, 0.03795780002838001, 0.035680899978615344, 0.03031639999244362, 0.03793250001035631, 0.036753599997609854, 0.033882100018672645, 0.04130549996625632, 0.038156500027980655, 0.03718829998979345, 0.9799856999889016, 0.022176400001626462]",4.235109090805054,1787906375.155069,510,64,True,,200,dolor consectetur sed et ut incididunt sit magna aliqua. amet ipsum adipiscing dolore elit do eiusmod labore Lorem tempor magna sit Lorem sed elit eiusmod et amet incididunt labore dolor adipiscing tempor do ipsum aliqua. consectetur dolore ut magna sit dolor labore dolore Lorem elit consectetur eiusmod do tempor ipsum sed incididunt aliqua. amet et ut adipiscing elit incididunt amet tempor adipiscing ut dolor et magna aliqua. consectetur Lorem do labore ipsum eiusmod sed sit dolore Lorem eiusmod sit consectetur incididunt do labore dolore et ut amet aliqua. elit tempor dolor magna ipsum sed adipiscing amet et dolor sed adipiscing consectetur incididunt dolore elit sit do ut magna tempor eiusmod Lorem aliqua. labore ipsum do ut et dolor consectetur sit ipsum dolore aliqua. Lorem magna sed elit amet labore incididunt tempor eiusmod adipiscing do dolore consectetur magna elit ipsum Lorem et sit aliqua. tempor sed amet incididunt labore adipiscing eiusmod dolor ut incididunt ut sed Lorem magna labore tempor amet sit dolor dolore adipiscing elit et aliqua. eiusmod consectetur do ipsum elit dolor do sed aliqua. dolore magna labore et amet adipiscing consectetur sit eiusmod Lorem tempor ipsum ut incididunt incididunt elit Lorem dolore do et sed consectetur dolor eiusmod amet labore ipsum sit tempor magna aliqua. ut adipiscing labore tempor amet sit ut sed dolor adipiscing et incididunt magna Lorem dolore consectetur aliqua. do elit eiusmod ipsum adipiscing dolore elit ipsum labore ut aliqua. dolor consectetur sed amet tempor incididunt magna eiusmod Lorem et sit do do magna elit tempor labore et sed incididunt Lorem aliqua. consectetur eiusmod adipiscing dolore sit ipsum ut amet dolor labore adipiscing magna incididunt dolor tempor aliqua. sit eiusmod dolore do sed consectetur amet ipsum et ut elit Lorem elit aliqua. et incididunt dolor labore magna tempor do ut consectetur amet eiusmod sed dolore Lorem adipiscing ipsum sit ut ipsum aliqua. magna adipiscing sit amet do do, factors factors factors factors factors factors factors factors factors factors factors factors factors factors factors factors factors factors factors factors factors factors factors factors factors factors factors factors factors factors factors factors factors factors factors factors factors factors factors factors factors factors factors factors factors factors factors factors factors factors factors factors factors factors factors factors factors factors factors factors factors factors factors factors,,
req-0031-f4a51b,synthetic,1787906339.0966246,1787906371.676179,32.579554319381714,0.16158270003506914,0.05175522380944578,"[0.03290539997396991, 0.03669089998584241, 0.03285570000298321, 0.03822670003864914, 0.03843099996447563, 0.034371100016869605, 0.03567880002083257, 0.03713789995526895, 0.038512200000695884, 0.03910059999907389, 0.03851300000678748, 0.044690500013530254, 0.036657200020272285, 0.0408608999568969, 0.041002900048624724, 0.03711559996008873, 0.04223130003083497, 0.04812339995987713, 0.03158640000037849, 0.03396279999287799, 0.04589240002678707, 0.0343404000159353, 0.03836509998654947, 0.0468871999764815, 0.0424563999986276, 0.04105800000252202, 0.03227970004081726, 0.0412891999585554, 0.030811900040134788, 0.0371826000045985, 0.03713149996474385, 0.034107399987988174, 0.0353220000397414, 0.02666009997483343, 0.034716500027570873, 0.032357399992179126, 0.042891799996141344, 0.04237639997154474, 0.03764130000490695, 0.03407100000185892, 0.0325167000410147, 0.03749949997290969, 0.02493980003055185, 0.0378152999910526, 0.027539499977137893, 0.02605530002620071, 0.034553200006484985, 0.04177959996741265, 0.0435997000313364, 0.026137499953620136, 0.03216170001542196, 0.04120370000600815, 0.037624399992637336, 0.04421379999257624, 0.035196300013922155, 0.03575430001365021, 0.03248519997578114, 0.03614510002080351, 0.03886420000344515, 0.0373556999838911, 0.031096399994567037, 0.03199350001523271, 0.9875561000080779]",3.4785208702087402,1787906375.1546998,512,64,True,,200,sit adipiscing do ut et eiusmod amet magna ipsum elit aliqua. consectetur sed dolore dolor incididunt labore Lorem tempor sit dolore Lorem aliqua. labore tempor amet adipiscing et do eiusmod incididunt consectetur dolor elit magna sed ipsum ut sed magna ipsum aliqua. incididunt dolore labore dolor eiusmod do ut Lorem sit consectetur tempor adipiscing amet elit et ipsum labore et dolor tempor elit adipiscing amet sit aliqua. dolore do consectetur eiusmod Lorem magna ut incididunt sed Lorem sed consectetur do sit magna aliqua. dolor elit adipiscing ipsum ut amet incididunt eiusmod labore dolore et tempor elit eiusmod amet magna sit ipsum sed et adipiscing labore incididunt dolore dolor ut tempor aliqua. do consectetur Lorem ut tempor et elit labore consectetur ipsum incididunt adipiscing sed dolor do magna aliqua. Lorem amet eiusmod sit dolore ut labore amet dolore et aliqua. sed Lorem do tempor dolor ipsum consectetur incididunt eiusmod magna elit adipiscing sit elit ut dolor amet Lorem adipiscing magna tempor sit sed do eiusmod et aliqua. dolore labore ipsum incididunt consectetur amet magna incididunt tempor do sit et ipsum ut aliqua. Lorem eiusmod dolore labore dolor sed elit consectetur adipiscing sed et amet sit elit aliqua. Lorem tempor ipsum consectetur do adipiscing incididunt eiusmod dolor dolore labore magna ut dolor tempor consectetur eiusmod elit do magna adipiscing aliqua. ipsum et Lorem labore amet sed dolore incididunt ut sit et consectetur amet labore adipiscing eiusmod ut dolore magna dolor incididunt sit do aliqua. tempor sed elit ipsum Lorem elit Lorem adipiscing do sit eiusmod amet tempor ipsum consectetur magna incididunt labore aliqua. dolor sed ut dolore et labore ipsum dolor aliqua. incididunt consectetur elit sed Lorem do et sit adipiscing tempor amet magna eiusmod dolore ut ipsum ut dolor elit et incididunt eiusmod sit tempor labore consectetur Lorem do amet dolore sed magna adipiscing aliqua. aliqua. tempor amet sed labore do ipsum sit dolo, factors factors factors factors factors factors factors factors factors factors factors factors factors factors factors factors factors factors factors factors factors factors factors factors factors factors factors factors factors factors factors factors factors factors factors factors factors factors factors factors factors factors factors factors factors factors factors factors factors factors factors factors factors factors factors factors factors factors factors factors factors factors factors factors,,
req-0032-44c704,synthetic,1787906339.0966246,1787906375.0926387,35.99601411819458,4.111113199964166,0.027257028571699583,"[0.020745799993164837, 0.028385400015395135, 0.02857000002404675, 0.02348169998731464, 0.024348300008568913, 0.026607699983287603, 0.026624699996318668, 0.027823999989777803, 0.031698200036771595, 0.03376169997500256, 0.026996599975973368, 0.023207300051581115, 0.030297799967229366, 0.03642080002464354, 0.02565229998435825, 0.022767600021325052, 0.03058159997453913, 0.021667700028046966, 0.030374799971468747, 0.03212689998326823, 0.03246950003085658, 0.019929600006435066, 0.02368039998691529, 0.026352900022175163, 0.028890599962323904, 0.023270900011993945, 0.02279590000398457, 0.03376229997957125, 0.032818300009239465, 0.02366730000358075, 0.03144719998817891, 0.02176350000081584, 0.03150019998429343, 0.02457990002585575, 0.026938199996948242, 0.033816899987868965, 0.029598900000564754, 0.031368600029964, 0.02706870000110939, 0.023367299989331514, 0.029830100014805794, 0.02909999998519197, 0.028655099973548204, 0.025897400046233088, 0.030376299982890487, 0.03517479996662587, 0.024490100040566176, 0.024945999961346388, 0.033717700047418475, 0.03176569996867329, 0.03364259999943897, 0.031560300034470856, 0.0304733999655582, 0.024650599982123822, 0.020918200025334954, 0.02857279998715967, 0.022992399986833334, 0.024752199999056756, 0.03044830000726506, 0.018879900046158582, 0.024847099964972585, 0.011952400032896549, 0.01832139998441562]",5.829848527908325,1787906380.9224873,510,64,True,,200,sed tempor incididunt eiusmod ipsum Lorem adipiscing labore amet aliqua. dolore do elit dolor magna ut consectetur sit et ut eiusmod consectetur ipsum Lorem incididunt et dolore aliqua. tempor elit amet dolor adipiscing labore sit magna do sed amet et magna eiusmod sed aliqua. consectetur incididunt elit labore adipiscing dolor sit ipsum ut dolore do Lorem tempor amet Lorem ipsum adipiscing ut do aliqua. eiusmod tempor sit elit consectetur magna dolor sed labore et dolore incididunt ut tempor dolor incididunt consectetur do magna eiusmod labore sed dolore ipsum sit Lorem elit adipiscing aliqua. amet et Lorem amet et adipiscing incididunt do ut eiusmod consectetur sed dolore sit dolor ipsum tempor magna labore aliqua. elit eiusmod labore Lorem dolor et sit tempor adipiscing sed consectetur ipsum incididunt dolore do aliqua. elit amet ut magna amet magna consectetur dolor ut ipsum sed do dolore aliqua. Lorem tempor adipiscing labore et sit elit incididunt eiusmod elit dolor consectetur et aliqua. adipiscing eiusmod tempor labore amet incididunt Lorem sit ut dolore ipsum sed do magna sit adipiscing tempor elit amet dolore eiusmod labore ut incididunt et ipsum consectetur do magna aliqua. dolor Lorem sed tempor aliqua. incididunt et dolore eiusmod magna labore adipiscing sed Lorem ipsum elit consectetur dolor amet do sit ut Lorem amet dolore eiusmod adipiscing consectetur elit tempor dolor sed labore do incididunt ipsum sit magna et aliqua. ut Lorem do incididunt ut tempor sit eiusmod aliqua. magna dolore dolor labore et elit ipsum sed adipiscing amet consectetur dolor amet ut do consectetur ipsum adipiscing labore sit Lorem et aliqua. dolore incididunt magna elit tempor sed eiusmod eiusmod labore consectetur aliqua. incididunt sit elit sed adipiscing tempor ipsum ut et Lorem amet magna dolore do dolor dolor elit aliqua. amet dolore adipiscing et ut consectetur eiusmod do tempor magna labore Lorem incididunt ipsum sit sed labore consectetur dolore sed elit eiusmod et ad, factors factors factors factors factors factors factors factors factors factors factors factors factors factors factors factors factors factors factors factors factors factors factors factors factors factors factors factors factors factors factors factors factors factors factors factors factors factors factors factors factors factors factors factors factors factors factors factors factors factors factors factors factors factors factors factors factors factors factors factors factors factors factors factors,,
req-0033-237c1b,synthetic,1787906339.0966246,1787906375.9533155,36.856690883636475,3.1747360000154004,0.02896478412754183,"[0.029518800030928105, 0.0235232999548316, 0.020144200010690838, 0.028031099995132536, 0.023397300043143332, 0.15693419997114688, 0.03297860000748187, 0.026279599987901747, 0.025188300001900643, 0.03016530000604689, 0.03496979997726157, 0.03138970001600683, 0.022623200027737767, 0.028156599961221218, 0.03193200001260266, 0.022601499978918582, 0.024821800005156547, 0.02612660004524514, 0.0298777999705635, 0.031056699983309954, 0.03273440001066774, 0.02596669999184087, 0.03189929999643937, 0.033810900000389665, 0.03681100002722815, 0.030675599991809577, 0.0298973000026308, 0.0232139999861829, 0.03166959999362007, 0.03404470003442839, 0.023690000001806766, 0.02728689997456968, 0.021254200022667646, 0.03411259996937588, 0.0275266999960877, 0.023985200037714094, 0.031191799964290112, 0.02510730002541095, 0.033179599966388196, 0.03060110000660643, 0.020842700032517314, 0.03388459997950122, 0.03179189999355003, 0.028883300023153424, 0.03233879996696487, 0.020127900002989918, 0.0333223000052385, 0.026740900008007884, 0.030217899999115616, 0.030188900011125952, 0.02866040001390502, 0.035582799988333136, 0.030650599976070225, 0.025656300014816225, 0.023620099993422627, 0.02093930001137778, 0.01698680000845343, 0.023165299964603037, 0.0127521000104025, 0.017953300033695996, 0.011127499979920685, 0.009972299973014742, 0.011000100057572126]",5.000627040863037,1787906380.9539425,511,64,True,,200,eiusmod sit Lorem ut et magna tempor adipiscing elit sed incididunt do ipsum aliqua. dolore consectetur labore dolor amet ipsum dolor ut amet sit et magna aliqua. consectetur do tempor labore adipiscing Lorem sed incididunt dolore eiusmod elit adipiscing do dolore aliqua. sit ipsum eiusmod ut consectetur incididunt Lorem dolor tempor labore amet sed elit magna et et adipiscing incididunt do eiusmod magna sit labore elit tempor aliqua. dolor ipsum amet sed ut dolore consectetur Lorem magna labore Lorem elit dolore incididunt consectetur sed ut dolor amet do et sit tempor eiusmod aliqua. ipsum adipiscing dolor et adipiscing amet consectetur incididunt sed Lorem do sit ipsum tempor elit labore ut magna dolore aliqua. eiusmod Lorem et elit amet labore eiusmod adipiscing ipsum aliqua. do dolor sit incididunt magna consectetur tempor ut sed dolore do adipiscing eiusmod sed aliqua. incididunt ipsum Lorem amet consectetur sit dolore magna ut et tempor elit dolor labore do ipsum amet sit adipiscing magna dolor et aliqua. dolore tempor sed consectetur eiusmod elit ut Lorem incididunt labore incididunt dolor dolore elit sit aliqua. labore consectetur sed magna Lorem ut adipiscing tempor do eiusmod amet ipsum et ut ipsum do amet adipiscing incididunt tempor labore elit sit magna sed dolor et consectetur aliqua. eiusmod Lorem dolore Lorem do dolore amet magna sit tempor ipsum dolor sed et aliqua. labore consectetur eiusmod incididunt ut elit adipiscing dolore sed eiusmod magna incididunt dolor Lorem labore ipsum tempor ut adipiscing elit consectetur sit aliqua. do amet et ipsum incididunt sit Lorem elit labore do ut aliqua. adipiscing amet magna eiusmod tempor dolor sed consectetur dolore et incididunt et labore elit adipiscing Lorem consectetur sed amet eiusmod ipsum tempor dolor do aliqua. magna sit dolore ut amet incididunt dolore Lorem et consectetur labore sit ut dolor ipsum adipiscing eiusmod do tempor aliqua. elit sed magna ut dolor tempor incididunt magna et sit elit ips, factors factors factors factors factors factors factors factors factors factors factors factors factors factors factors factors factors factors factors factors factors factors factors factors factors factors factors factors factors factors factors factors factors factors factors factors factors factors factors factors factors factors factors factors factors factors factors factors factors factors factors factors factors factors factors factors factors factors factors factors factors factors factors factors,,
req-0034-41be1a,synthetic,1787906339.0966246,1787906376.7074826,37.61085796356201,2.446354900021106,0.02691680476224671,"[0.02114419999998063, 0.022310399974230677, 0.023443800047971308, 0.026491299970075488, 0.03006919997278601, 0.03053740004543215, 0.027426899992860854, 0.03030159999616444, 0.026035299990326166, 0.020369999983813614, 0.027656199992634356, 0.025189800013322383, 0.025220600015018135, 0.031050399993546307, 0.024443300033453852, 0.028742499998770654, 0.02897419995861128, 0.026795600017067045, 0.024512699979823083, 0.02936960000079125, 0.023681299993768334, 0.028369200008455664, 0.02943779999623075, 0.032610800000838935, 0.023669600021094084, 0.03481659997487441, 0.025342000008095056, 0.027805900026578456, 0.03088119998574257, 0.024678100016899407, 0.03331999998772517, 0.02475579996826127, 0.021358500001952052, 0.029757400043308735, 0.02119010000023991, 0.028759799955878407, 0.028140700014773756, 0.02976820000912994, 0.0191612999769859, 0.03128310001920909, 0.02288649999536574, 0.029062699992209673, 0.030628500040620565, 0.021993600006680936, 0.021559899963904172, 0.02706599998055026, 0.027881800022441894, 0.03561800002353266, 0.020652799983508885, 0.022954899992328137, 0.030965799989644438, 0.030692500004079193, 0.025138900033198297, 0.03291389998048544, 0.02194830001099035, 0.019712399982381612, 0.029542499978560954, 0.03091530001256615, 0.032622800034005195, 0.02242100000148639, 0.023827700002584606, 0.034076199983246624, 0.021804300020448864]",4.143845796585083,1787906380.8513284,511,64,True,,200,consectetur et amet incididunt dolor magna labore elit dolore adipiscing Lorem ut ipsum tempor eiusmod aliqua. do sit sed dolor aliqua. sit ut incididunt do Lorem amet eiusmod tempor elit sed dolore labore et ipsum adipiscing magna consectetur dolor incididunt sed ipsum labore do amet dolore aliqua. Lorem sit tempor eiusmod et ut adipiscing magna elit consectetur adipiscing consectetur ipsum incididunt do magna dolore eiusmod elit Lorem sit amet sed aliqua. labore et ut tempor dolor et aliqua. amet ut elit do eiusmod dolor labore consectetur magna sed tempor incididunt adipiscing dolore Lorem sit ipsum labore et amet incididunt eiusmod do elit adipiscing magna sed tempor Lorem aliqua. sit dolor ipsum ut dolore consectetur Lorem sed ut do tempor elit dolore amet labore consectetur adipiscing incididunt ipsum sit magna eiusmod et aliqua. dolor tempor incididunt Lorem elit dolor dolore magna sit adipiscing labore amet ipsum do et ut consectetur aliqua. eiusmod sed labore magna et sit incididunt aliqua. Lorem adipiscing consectetur elit eiusmod do ut amet ipsum dolore dolor sed tempor dolore eiusmod adipiscing amet incididunt Lorem sed sit tempor dolor elit aliqua. do consectetur magna labore ut ipsum et Lorem sed amet et eiusmod dolore ut ipsum adipiscing tempor dolor sit incididunt labore magna consectetur do elit aliqua. amet ut labore do incididunt dolore dolor eiusmod adipiscing consectetur et aliqua. elit tempor Lorem sed ipsum magna sit eiusmod sit tempor ipsum ut dolore do adipiscing aliqua. labore Lorem incididunt dolor sed elit amet magna et consectetur ut incididunt eiusmod magna labore aliqua. dolore et amet ipsum Lorem sed do adipiscing elit dolor sit consectetur tempor labore eiusmod adipiscing sit et Lorem elit magna aliqua. do consectetur amet dolore incididunt sed tempor ipsum ut dolor labore tempor eiusmod adipiscing ut ipsum Lorem consectetur elit sed sit et amet aliqua. dolor incididunt dolore do magna incididunt dolor aliqua. dolore labore amet cons, stairs stairs stairs stairs stairs stairs stairs stairs stairs stairs stairs stairs stairs stairs stairs stairs stairs stairs stairs stairs stairs stairs stairs stairs stairs stairs stairs stairs stairs stairs stairs stairs stairs stairs stairs stairs stairs stairs stairs stairs stairs stairs stairs stairs stairs stairs stairs stairs stairs stairs stairs stairs stairs stairs stairs stairs stairs stairs stairs stairs stairs stairs stairs stairs,,
req-0035-b50ad6,synthetic,1787906339.0966246,1787906377.4613783,38.36475372314453,1.6790356999845244,0.027679869841362927,"[0.023967000015545636, 0.024380199960432947, 0.03403270000126213, 0.02567940001608804, 0.025263799994718283, 0.021125400031451136, 0.02627339999889955, 0.015716299996711314, 0.016962099994998425, 0.027456299983896315, 0.027253200008999556, 0.034446400008164346, 0.029786499973852187, 0.021081999992020428, 0.028754700033459812, 0.030308899993542582, 0.028804700006730855, 0.029868200013879687, 0.031380799948237836, 0.033205300045665354, 0.028066399972885847, 0.02090080000925809, 0.022133000020403415, 0.027630699973087758, 0.0321690000128001, 0.02617859997553751, 0.03425890003563836, 0.03264170000329614, 0.022742100001778454, 0.03046899999026209, 0.0334086999646388, 0.028882800019346178, 0.02604490000521764, 0.02457660000072792, 0.03130889998283237, 0.02292060002218932, 0.029020599962677807, 0.030917100026272237, 0.03155860002152622, 0.023022999987006187, 0.03053290001116693, 0.03091629996197298, 0.020447999995667487, 0.028253700002096593, 0.03209290001541376, 0.02750309999100864, 0.03402110002934933, 0.03277849999722093, 0.024295999959576875, 0.025851400045212358, 0.032062599959317595, 0.030498400039505213, 0.02812689996790141, 0.03022020001662895, 0.03009999997448176, 0.029204500024206936, 0.023986399988643825, 0.033261100004892796, 0.023067899979650974, 0.033154400007333606, 0.031406300025992095, 0.016166699992027134, 0.02128320001065731]",3.425795078277588,1787906380.8871734,511,64,True,,200,dolore amet ut tempor Lorem dolor eiusmod sit labore sed do incididunt consectetur aliqua. magna et elit ipsum adipiscing magna adipiscing incididunt do tempor sit et ipsum sed elit dolore Lorem amet aliqua. eiusmod consectetur ut labore dolor consectetur incididunt tempor Lorem eiusmod do sed adipiscing magna labore dolor ut ipsum aliqua. amet elit et sit dolore magna sit adipiscing aliqua. consectetur dolore ut labore dolor amet ipsum et tempor Lorem incididunt do sed eiusmod elit dolor consectetur Lorem aliqua. labore do adipiscing amet eiusmod elit tempor sit magna ipsum sed incididunt dolore et ut amet ut tempor do Lorem adipiscing sed et ipsum sit dolore dolor labore magna aliqua. incididunt elit consectetur eiusmod tempor sed eiusmod adipiscing labore ipsum aliqua. et do Lorem consectetur magna sit incididunt dolor elit amet ut dolore incididunt adipiscing tempor amet sit ipsum aliqua. magna dolor elit dolore labore Lorem sed do et consectetur eiusmod ut eiusmod consectetur tempor dolor ut ipsum amet incididunt adipiscing sit magna Lorem et dolore sed do elit aliqua. labore magna labore incididunt do Lorem tempor et eiusmod aliqua. ipsum dolore elit amet ut adipiscing sit dolor consectetur sed et incididunt adipiscing sed ut elit dolor labore amet tempor magna do consectetur eiusmod Lorem aliqua. dolore ipsum sit elit incididunt eiusmod consectetur sed sit adipiscing dolore et do Lorem ipsum amet tempor ut aliqua. dolor labore magna magna sit consectetur amet dolore aliqua. elit incididunt Lorem dolor adipiscing do ut et labore tempor sed eiusmod ipsum consectetur adipiscing incididunt eiusmod do magna amet sed ut ipsum elit dolor dolore labore tempor Lorem aliqua. et sit elit aliqua. ipsum sit consectetur amet dolore et magna Lorem dolor labore tempor eiusmod sed incididunt adipiscing do ut ipsum magna dolore adipiscing elit do ut amet tempor consectetur incididunt aliqua. dolor et sed sit eiusmod Lorem labore adipiscing Lorem sit incididunt labore et ipsum , factors factors factors factors factors factors factors factors factors factors factors factors factors factors factors factors factors factors factors factors factors factors factors factors factors factors factors factors factors factors factors factors factors factors factors factors factors factors factors factors factors factors factors factors factors factors factors factors factors factors factors factors factors factors factors factors factors factors factors factors factors factors factors factors,,
req-0036-cf16b3,synthetic,1787906339.0966246,1787906378.206912,39.11028742790222,0.946682800014969,0.02673333174537956,"[0.019911799987312406, 0.025177799980156124, 0.03176530002383515, 0.02017350000096485, 0.025598499982152134, 0.020149199990555644, 0.02151890000095591, 0.028311300033237785, 0.01781180000398308, 0.019205699965823442, 0.026671200001146644, 0.026577899989206344, 0.024788200040347874, 0.02385840000351891, 0.026572999951895326, 0.034093900001607835, 0.035593200009316206, 0.02832410001428798, 0.029085699992720038, 0.025613299978431314, 0.028287400025874376, 0.030703899974469095, 0.0336712000425905, 0.027884299983270466, 0.024150800018105656, 0.03433910000603646, 0.026716899999883026, 0.02640679996693507, 0.032926700019743294, 0.025274999963585287, 0.027051800047047436, 0.02813719998812303, 0.024115299980621785, 0.019535700033884495, 0.03148429997963831, 0.025156599993351847, 0.029607600008603185, 0.030190000019501895, 0.021423599973786622, 0.02281990001210943, 0.02371739997761324, 0.028607700020074844, 0.028302399965468794, 0.030029700021259487, 0.022867200023029, 0.02190980000887066, 0.026104099990334362, 0.019510399957653135, 0.036119099997449666, 0.030926600040402263, 0.029788799991365522, 0.02149359998293221, 0.02885709999827668, 0.03696590004255995, 0.023466399987228215, 0.028163300012238324, 0.02389669994590804, 0.02870620001340285, 0.023457900038920343, 0.030631299945525825, 0.03492550004739314, 0.026622299978043884, 0.018443699984345585]",2.63254714012146,1787906380.8394592,511,64,True,,200,eiusmod sit ut magna amet elit ipsum do et dolor adipiscing consectetur tempor aliqua. labore dolore incididunt sed Lorem sed labore elit incididunt adipiscing Lorem ut sit tempor ipsum dolore eiusmod magna aliqua. et dolor amet consectetur do dolore do ipsum dolor amet magna adipiscing labore tempor Lorem ut sed consectetur incididunt aliqua. sit et eiusmod elit labore sit dolore aliqua. ipsum eiusmod Lorem incididunt magna consectetur sed dolor amet do ut adipiscing et tempor elit aliqua. et Lorem labore magna consectetur elit amet incididunt ipsum dolor ut sed tempor dolore sit do adipiscing eiusmod dolore aliqua. incididunt amet ipsum ut magna Lorem tempor eiusmod adipiscing elit dolor do sed sit et consectetur labore magna incididunt amet aliqua. do tempor elit adipiscing consectetur eiusmod dolor ipsum ut sit sed et dolore labore Lorem labore sit Lorem tempor sed ipsum do amet elit et magna consectetur eiusmod ut incididunt aliqua. adipiscing dolore dolor labore eiusmod aliqua. do sit et Lorem sed amet dolor ipsum tempor incididunt elit dolore adipiscing ut magna consectetur aliqua. ut amet ipsum Lorem sed adipiscing et eiusmod elit incididunt magna dolore do tempor dolor consectetur labore sit Lorem et aliqua. sit elit ut magna adipiscing dolor tempor eiusmod incididunt ipsum dolore consectetur amet sed do labore amet ut Lorem adipiscing dolore et elit magna labore sit tempor aliqua. consectetur sed eiusmod do ipsum incididunt dolor ipsum Lorem dolor elit incididunt magna dolore ut labore sed do consectetur amet adipiscing aliqua. eiusmod sit tempor et ipsum dolor Lorem sit dolore eiusmod et tempor elit amet magna consectetur ut incididunt adipiscing aliqua. labore do sed et sed magna tempor eiusmod Lorem ut incididunt sit do elit amet adipiscing aliqua. dolore labore ipsum dolor consectetur sed amet tempor magna et elit ut dolore ipsum Lorem adipiscing dolor do aliqua. consectetur labore sit eiusmod incididunt Lorem labore aliqua. ut eiusmod dolor elit do do, stairs stairs stairs stairs stairs stairs stairs stairs stairs stairs stairs stairs stairs stairs stairs stairs stairs stairs stairs stairs stairs stairs stairs stairs stairs stairs stairs stairs stairs stairs stairs stairs stairs stairs stairs stairs stairs stairs stairs stairs stairs stairs stairs stairs stairs stairs stairs stairs stairs stairs stairs stairs stairs stairs stairs stairs stairs stairs stairs stairs stairs stairs stairs stairs,,
req-0037-ed3a05,synthetic,1787906339.0966246,1787906379.0371444,39.9405198097229,0.11099499999545515,0.02759639365092245,"[0.02584090002346784, 0.025077099970076233, 0.02599940000800416, 0.028960100025869906, 0.025551099970471114, 0.026645600039046258, 0.02605980000225827, 0.023412999988067895, 0.02403600001707673, 0.03261019999627024, 0.025866599986329675, 0.026404100004583597, 0.026513799966778606, 0.022312200046144426, 0.03065879998030141, 0.03485200001159683, 0.0344829999958165, 0.029333300015423447, 0.02774899994255975, 0.03303210000740364, 0.03387129999464378, 0.02962929999921471, 0.030114200024399906, 0.02426440000999719, 0.03234979999251664, 0.02407749998383224, 0.023993500042706728, 0.02840670000296086, 0.024806699948385358, 0.032827000017277896, 0.02480810001725331, 0.03163029998540878, 0.028154100000392646, 0.025313600024674088, 0.022495699988212436, 0.027835999964736402, 0.026023900019936264, 0.030002899991814047, 0.031087399984244257, 0.020803900028113276, 0.027168600005097687, 0.023537700006272644, 0.027851599967107177, 0.02740500000072643, 0.024859400000423193, 0.027501100033987314, 0.023811699997168034, 0.02331279998179525, 0.018621299997903407, 0.023843200004193932, 0.03201179997995496, 0.028923300036694854, 0.03569469996728003, 0.02322740003000945, 0.032043399987742305, 0.02783939999062568, 0.030594100011512637, 0.03495140001177788, 0.032213700003921986, 0.028359699994325638, 0.03016109997406602, 0.022737600025720894, 0.024008399981539696]",1.8511905670166016,1787906380.888335,510,64,True,,200,tempor amet aliqua. et do Lorem magna ut labore dolore consectetur adipiscing sit elit incididunt eiusmod sed dolor ipsum magna tempor adipiscing eiusmod elit sed consectetur ipsum Lorem dolor do aliqua. et ut sit incididunt labore amet dolore labore adipiscing consectetur elit sed ut tempor incididunt dolor ipsum Lorem aliqua. eiusmod amet et do sit magna dolore ut eiusmod incididunt aliqua. ipsum labore amet sed et consectetur dolore adipiscing Lorem elit magna dolor tempor sit do dolore ipsum adipiscing dolor Lorem do aliqua. incididunt amet consectetur ut eiusmod labore et elit tempor sit magna sed dolore dolor sit incididunt eiusmod adipiscing sed et aliqua. magna ipsum consectetur elit ut do amet labore Lorem tempor Lorem elit labore dolor magna ipsum tempor sed ut et do aliqua. dolore consectetur incididunt eiusmod amet adipiscing sit ipsum ut magna sit aliqua. amet dolor labore Lorem consectetur elit sed dolore et tempor eiusmod incididunt adipiscing do labore do eiusmod elit amet tempor dolore magna sed ipsum dolor ut adipiscing sit et Lorem aliqua. incididunt consectetur sed labore do tempor ut amet Lorem ipsum dolor eiusmod adipiscing sit aliqua. magna et incididunt dolore elit consectetur do consectetur tempor ipsum magna amet Lorem ut adipiscing sit eiusmod dolor et dolore elit incididunt aliqua. labore sed aliqua. sit dolor magna do incididunt labore ipsum elit eiusmod amet ut et consectetur dolore sed tempor Lorem adipiscing adipiscing dolor amet labore magna ut elit eiusmod do ipsum dolore et Lorem incididunt consectetur tempor sit aliqua. sed amet consectetur ipsum tempor dolor do labore et eiusmod ut dolore incididunt sit sed elit magna aliqua. adipiscing Lorem magna tempor Lorem incididunt aliqua. do et dolore amet adipiscing sit ipsum labore consectetur dolor sed eiusmod ut elit elit do incididunt ut et dolor eiusmod Lorem sit adipiscing amet tempor sed dolore consectetur aliqua. magna ipsum labore magna eiusmod Lorem dolore aliqua. ipsum ut cons, factors factors factors factors factors factors factors factors factors factors factors factors factors factors factors factors factors factors factors factors factors factors factors factors factors factors factors factors factors factors factors factors factors factors factors factors factors factors factors factors factors factors factors factors factors factors factors factors factors factors factors factors factors factors factors factors factors factors factors factors factors factors factors factors,,
