request_id,workload_type,arrival_time,dispatch_time,queue_time,ttft,tpot,inter_token_latencies,total_latency,completion_time,input_tokens,output_tokens,success,error,status_code,prompt_text,output_text,server_queue_time,server_prefill_time
req-0000-a4d719,synthetic,1787903618.6184154,1787903618.9959142,0.3774988651275635,0.04779629997210577,0.005126106349514827,"[0.00420329999178648, 0.004811100021470338, 0.0041049999999813735, 0.004122500016819686, 0.004860999993979931, 0.004926200024783611, 0.004987899970728904, 0.004891399992629886, 0.005578099982813001, 0.0051871000323444605, 0.004817100008949637, 0.0056724000023677945, 0.004792699997778982, 0.005416599975433201, 0.005411899997852743, 0.004889500036370009, 0.004750299965962768, 0.0060477000079117715, 0.004850499972235411, 0.005279900040477514, 0.005605599959380925, 0.005058800044935197, 0.005077899957541376, 0.005603700003121048, 0.005129600001964718, 0.0051518999971449375, 0.0052127999952062964, 0.004835900035686791, 0.0051642999751493335, 0.005064800032414496, 0.004895599966403097, 0.004878700012341142, 0.005517599987797439, 0.005557700002100319, 0.004950400034431368, 0.005200699961278588, 0.005107700009830296, 0.004807699995581061, 0.005046500009484589, 0.004810400016140193, 0.005491899966727942, 0.0050960000371560454, 0.004829199984669685, 0.0047848999965935946, 0.005414700019173324, 0.005185099958907813, 0.005161000008229166, 0.005090699996799231, 0.004774300032295287, 0.004774299974087626, 0.0052838000119663775, 0.004952399991452694, 0.004766700032632798, 0.00658129999646917, 0.006383100000675768, 0.005129400000441819, 0.00550859997747466, 0.005238000012468547, 0.00477359996875748, 0.005322300014086068, 0.004759799980092794, 0.005126800038851798, 0.006236299988813698]",0.3719935417175293,1787903619.3679078,511,64,True,,200,tempor dolore et Lorem amet ut sed do incididunt ipsum aliqua. consectetur elit magna eiusmod sit dolor adipiscing labore aliqua. do ut adipiscing dolore eiusmod tempor incididunt labore elit sit magna sed consectetur et ipsum dolor amet Lorem eiusmod dolor amet sed sit consectetur do ut incididunt aliqua. dolore ipsum magna adipiscing Lorem et tempor elit labore Lorem tempor adipiscing consectetur labore elit incididunt eiusmod sit do magna et dolor dolore ut aliqua. amet sed ipsum sed eiusmod do aliqua. incididunt tempor et consectetur ipsum dolore labore magna amet Lorem dolor ut elit adipiscing sit aliqua. et sit labore magna Lorem dolore elit ut adipiscing ipsum eiusmod tempor dolor consectetur sed amet do incididunt labore et dolore magna eiusmod dolor ipsum sit consectetur elit incididunt aliqua. adipiscing sed amet ut do Lorem tempor magna incididunt et labore aliqua. sit dolore ipsum tempor consectetur ut eiusmod amet do adipiscing elit Lorem sed dolor elit dolore sit sed et eiusmod labore incididunt magna tempor consectetur dolor adipiscing amet ipsum Lorem aliqua. do ut do eiusmod incididunt sit et labore amet Lorem dolore dolor aliqua. ipsum ut tempor consectetur elit magna sed adipiscing eiusmod do elit ipsum sed labore aliqua. sit magna adipiscing dolor amet consectetur et ut incididunt tempor dolore Lorem aliqua. ut et elit eiusmod labore dolore consectetur sit do sed magna tempor incididunt Lorem adipiscing amet ipsum dolor magna consectetur ut et sit Lorem aliqua. incididunt sed dolore tempor dolor ipsum adipiscing do elit amet labore eiusmod magna dolore incididunt et adipiscing ut Lorem ipsum labore aliqua. sed consectetur eiusmod elit dolor amet tempor do sit sed amet eiusmod tempor sit aliqua. et ut adipiscing magna Lorem elit ipsum incididunt consectetur dolore labore do dolor incididunt dolore ut et Lorem magna eiusmod dolor elit ipsum labore sit aliqua. tempor adipiscing consectetur sed amet do aliqua. elit do labore ut dolore incididunt magn, factors factors factors factors factors factors factors factors factors factors factors factors factors factors factors factors factors factors factors factors factors factors factors factors factors factors factors factors factors factors factors factors factors factors factors factors factors factors factors factors factors factors factors factors factors factors factors factors factors factors factors factors factors factors factors factors factors factors factors factors factors factors factors factors,,
req-0001-6ca053,synthetic,1787903618.6184154,1787903620.036011,1.417595624923706,0.05419400002574548,0.005155495237669952,"[0.004221600014716387, 0.004072699986863881, 0.0042770999716594815, 0.004555599996820092, 0.004746600054204464, 0.00493519997689873, 0.004923500004224479, 0.005237300007138401, 0.00596189999487251, 0.005551700014621019, 0.005008499952964485, 0.00558270001783967, 0.005074299988336861, 0.0050666999886743724, 0.005172100034542382, 0.004903599969111383, 0.005393500032369047, 0.004954200005158782, 0.0056093999883159995, 0.004989899985957891, 0.0049220999935641885, 0.00523310003336519, 0.005372599989641458, 0.00476929999422282, 0.00489669997477904, 0.005174200050532818, 0.005005399987567216, 0.0059840999892912805, 0.005040900025051087, 0.00481809995835647, 0.004627700021956116, 0.00494120002258569, 0.004810099955648184, 0.00472200004151091, 0.0044728999491781, 0.00496060005389154, 0.0048590999795123935, 0.005114800005685538, 0.005361599964089692, 0.0052278999937698245, 0.0052640000358223915, 0.005518499994650483, 0.004937999998219311, 0.005131100013386458, 0.005360899958759546, 0.006131000001914799, 0.005405300005804747, 0.004870700009632856, 0.004904300032649189, 0.005209999973885715, 0.00514409999595955, 0.005968399986159056, 0.005737500032410026, 0.005036799993831664, 0.005714599974453449, 0.004815299995243549, 0.0048940000124275684, 0.005386800039559603, 0.0050903999945148826, 0.005115699954330921, 0.0056863000500015914, 0.006587599986232817, 0.006332399963866919]",0.38027000427246094,1787903620.416281,511,64,True,,200,sed labore sit amet dolore magna eiusmod do ipsum et ut dolor tempor aliqua. consectetur incididunt elit adipiscing Lorem amet consectetur elit magna aliqua. labore dolor adipiscing do sed Lorem dolore incididunt sit et ut tempor ipsum eiusmod et Lorem elit adipiscing sed amet incididunt tempor sit dolore ipsum ut dolor do aliqua. labore eiusmod consectetur magna eiusmod consectetur ipsum dolore labore Lorem adipiscing dolor ut incididunt aliqua. et elit sit do amet magna tempor sed magna incididunt tempor aliqua. elit amet Lorem adipiscing ut dolor do consectetur dolore et sit sed eiusmod ipsum labore amet tempor Lorem adipiscing aliqua. incididunt dolore elit et labore eiusmod consectetur sit do ut sed ipsum magna dolor consectetur et aliqua. adipiscing magna do incididunt dolor amet ut eiusmod ipsum sit sed tempor labore Lorem elit dolore elit amet ipsum dolore eiusmod Lorem magna labore consectetur sit et ut tempor adipiscing sed incididunt do aliqua. dolor tempor eiusmod do Lorem sed ut et labore aliqua. adipiscing consectetur dolore magna amet dolor sit ipsum elit incididunt et amet eiusmod dolor Lorem dolore sit consectetur magna labore elit adipiscing tempor ut incididunt sed ipsum do aliqua. magna adipiscing sed sit ut dolor tempor labore elit et Lorem aliqua. consectetur do eiusmod dolore amet incididunt ipsum dolore ipsum magna elit do eiusmod Lorem tempor et amet incididunt dolor consectetur adipiscing ut sed labore aliqua. sit et sit dolore tempor magna consectetur adipiscing ipsum dolor ut aliqua. amet sed Lorem labore do incididunt elit eiusmod do tempor consectetur dolor Lorem sed eiusmod dolore ipsum ut elit incididunt et labore amet adipiscing magna aliqua. sit consectetur elit do adipiscing incididunt et dolore sed amet labore dolor ipsum sit magna eiusmod Lorem tempor aliqua. ut tempor aliqua. adipiscing elit labore et do dolore sit incididunt eiusmod ut consectetur ipsum sed dolor magna amet Lorem incididunt dolor do adipiscing et ut consectetur, stairs stairs stairs stairs stairs stairs stairs stairs stairs stairs stairs stairs stairs stairs stairs stairs stairs stairs stairs stairs stairs stairs stairs stairs stairs stairs stairs stairs stairs stairs stairs stairs stairs stairs stairs stairs stairs stairs stairs stairs stairs stairs stairs stairs stairs stairs stairs stairs stairs stairs stairs stairs stairs stairs stairs stairs stairs stairs stairs stairs stairs stairs stairs stairs,,
req-0002-a9ca14,synthetic,1787903618.6184154,1787903621.104184,2.4857685565948486,0.05234190000919625,0.005752920635074141,"[0.004262400034349412, 0.004176699963863939, 0.004469500039704144, 0.004610499949194491, 0.004441099998075515, 0.005088900041300803, 0.005946299992501736, 0.005340499978046864, 0.0059421000187285244, 0.006228899990674108, 0.0071579000214114785, 0.0067206000094302, 0.005829299974720925, 0.006570000026840717, 0.005930499988608062, 0.007564699975773692, 0.006605600006878376, 0.005676399974618107, 0.006399700010661036, 0.006025900016538799, 0.006164600024931133, 0.006298899999819696, 0.005876599985640496, 0.005912699969485402, 0.006246900011319667, 0.005570999986957759, 0.006181200034916401, 0.00576779997209087, 0.005959500034805387, 0.006098399986512959, 0.005728899966925383, 0.005218200036324561, 0.0056989999720826745, 0.005668500030878931, 0.005739899992477149, 0.006476000009570271, 0.00541380001232028, 0.005215599958319217, 0.005566100007854402, 0.0054429000010713935, 0.006306299997959286, 0.005316200025845319, 0.005811000009998679, 0.005934599961619824, 0.005710299999918789, 0.006326800037641078, 0.005779200000688434, 0.006786199985072017, 0.0060335000162012875, 0.005223699961788952, 0.005607000028248876, 0.0059160999953746796, 0.004687500011641532, 0.005647299985866994, 0.005834999959915876, 0.005759900028351694, 0.005374800006393343, 0.005617299990262836, 0.005750400014221668, 0.005174099991563708, 0.005419900000561029, 0.0055722999968566, 0.0056105999974533916]",0.4162013530731201,1787903621.5203853,512,64,True,,200,ut magna elit dolore et adipiscing ipsum eiusmod dolor labore consectetur do incididunt sed amet Lorem sit tempor aliqua. adipiscing do magna ipsum eiusmod tempor ut dolor et labore elit dolore consectetur aliqua. sit Lorem amet incididunt sed adipiscing dolor tempor dolore magna ipsum elit do sed eiusmod sit ut et labore aliqua. Lorem amet incididunt consectetur ut tempor do aliqua. incididunt sit dolor amet sed adipiscing eiusmod ipsum elit et labore Lorem dolore magna consectetur amet ut dolor aliqua. do et elit sed incididunt adipiscing magna consectetur eiusmod ipsum Lorem tempor sit dolore labore consectetur eiusmod sed dolor incididunt Lorem magna do amet dolore ut sit adipiscing ipsum elit et tempor labore aliqua. tempor Lorem elit dolore incididunt eiusmod magna sit sed consectetur do adipiscing labore ut ipsum et dolor aliqua. amet incididunt labore sed ut elit consectetur aliqua. Lorem et magna amet ipsum dolore tempor eiusmod dolor adipiscing sit do elit dolor incididunt do dolore ut tempor et magna Lorem eiusmod amet adipiscing ipsum consectetur sed sit labore aliqua. sit amet et magna eiusmod ipsum aliqua. tempor adipiscing sed elit dolor do labore incididunt ut consectetur Lorem dolore aliqua. magna Lorem eiusmod dolore adipiscing labore amet tempor elit ut ipsum sed dolor sit do et consectetur incididunt elit incididunt eiusmod Lorem labore ipsum sed ut magna adipiscing amet sit et dolore tempor dolor consectetur do aliqua. dolore tempor incididunt eiusmod dolor do aliqua. magna sed consectetur labore ut Lorem ipsum elit amet adipiscing sit et tempor et labore sed adipiscing eiusmod do dolor amet sit ipsum aliqua. ut elit Lorem consectetur incididunt magna dolore elit ipsum amet sit incididunt et sed eiusmod adipiscing aliqua. ut dolore dolor do Lorem magna tempor consectetur labore consectetur incididunt dolore aliqua. magna sit amet Lorem ut labore do tempor sed elit adipiscing et ipsum dolor eiusmod et adipiscing incididunt dolore eiusmod amet lab, factors factors factors factors factors factors factors factors factors factors factors factors factors factors factors factors factors factors factors factors factors factors factors factors factors factors factors factors factors factors factors factors factors factors factors factors factors factors factors factors factors factors factors factors factors factors factors factors factors factors factors factors factors factors factors factors factors factors factors factors factors factors factors factors,,
req-0003-4d3b2e,synthetic,1787903618.6184154,1787903622.2180352,3.5996198654174805,0.058386099990457296,0.005777276190374756,"[0.004497500020079315, 0.004246799973770976, 0.004084200016222894, 0.00516329996753484, 0.004759600036777556, 0.004798399982973933, 0.005645999975968152, 0.00486260000616312, 0.00633980002021417, 0.006760800024494529, 0.006036599981598556, 0.005959899979643524, 0.006256000022403896, 0.00561669998569414, 0.006107499997597188, 0.0060876000206917524, 0.005513500014785677, 0.00594709999859333, 0.006301899964455515, 0.005392300023231655, 0.005748499999754131, 0.005591599969193339, 0.005694899999070913, 0.0062772000092081726, 0.005798500031232834, 0.005913499975576997, 0.005974899977445602, 0.006100700004026294, 0.006626200047321618, 0.005971399950794876, 0.005629300023429096, 0.005414100014604628, 0.005444200010970235, 0.005793799995444715, 0.0066852999734692276, 0.005876799987163395, 0.005918100010603666, 0.005818400008138269, 0.005501999985426664, 0.008079799998085946, 0.005559600016567856, 0.006356799975037575, 0.005934200016781688, 0.005619500007014722, 0.005668699974194169, 0.005879600008483976, 0.006632900040131062, 0.005702399997971952, 0.005722599977161735, 0.0056721000000834465, 0.005721300025470555, 0.006377299956511706, 0.005634900007862598, 0.005277200019918382, 0.007081400020979345, 0.005965799966361374, 0.005564999999478459, 0.0052072000107727945, 0.0052214000024832785, 0.005387999990489334, 0.005561100027989596, 0.0057338999467901886, 0.0062482000212185085]",0.4237513542175293,1787903622.6417866,512,64,True,,200,labore do ut tempor dolor sed eiusmod adipiscing consectetur elit sit ipsum amet incididunt magna aliqua. dolore Lorem et elit ut labore tempor amet sit eiusmod et ipsum magna do incididunt adipiscing Lorem dolore sed dolor aliqua. consectetur consectetur dolore elit aliqua. ut eiusmod dolor Lorem magna amet ipsum et sed incididunt adipiscing sit tempor do labore consectetur dolore sit et tempor incididunt sed ipsum do adipiscing elit aliqua. magna amet eiusmod labore Lorem ut dolor dolore et labore Lorem tempor do incididunt consectetur adipiscing sit ut eiusmod elit magna dolor aliqua. ipsum amet sed eiusmod elit ipsum tempor sit labore dolor do ut incididunt et Lorem dolore magna adipiscing consectetur sed aliqua. amet sit Lorem magna sed dolore amet et tempor consectetur dolor eiusmod do labore elit adipiscing ut incididunt aliqua. ipsum aliqua. sed Lorem dolore do elit tempor labore eiusmod magna consectetur adipiscing ipsum incididunt sit amet dolor et ut et magna sed amet eiusmod Lorem do dolor consectetur labore ut sit elit aliqua. ipsum incididunt adipiscing tempor dolore aliqua. dolore incididunt et sit Lorem ipsum amet ut tempor eiusmod do dolor consectetur sed labore adipiscing magna elit eiusmod ipsum ut elit dolor magna Lorem aliqua. dolore consectetur adipiscing et tempor labore amet sed incididunt sit do amet consectetur dolore sit magna do aliqua. adipiscing sed dolor eiusmod labore ipsum elit incididunt Lorem tempor et ut tempor eiusmod dolor amet consectetur elit aliqua. sit magna labore et adipiscing do Lorem incididunt sed ipsum ut dolore dolor do Lorem sit et incididunt magna aliqua. ut consectetur elit labore ipsum amet tempor eiusmod sed adipiscing dolore Lorem et dolore ut sit sed incididunt adipiscing magna aliqua. eiusmod amet tempor do consectetur ipsum labore elit dolor incididunt elit dolore sed do consectetur sit ut aliqua. et eiusmod Lorem adipiscing magna tempor dolor amet ipsum labore Lorem incididunt tempor eiusmod adipiscing ipsum, factors factors factors factors factors factors factors factors factors factors factors factors factors factors factors factors factors factors factors factors factors factors factors factors factors factors factors factors factors factors factors factors factors factors factors factors factors factors factors factors factors factors factors factors factors factors factors factors factors factors factors factors factors factors factors factors factors factors factors factors factors factors factors factors,,
req-0004-238931,synthetic,1787903618.6184154,1787903623.404311,4.785895586013794,0.05090039997594431,0.005374671428442179,"[0.004434800008311868, 0.004225599986966699, 0.004359200014732778, 0.004604000016115606, 0.005031700013205409, 0.0051234999555163085, 0.005010400025639683, 0.006182999990414828, 0.005155500024557114, 0.005994700011797249, 0.0059293999802321196, 0.0050549000152386725, 0.00497959996573627, 0.006064900022465736, 0.004888999974355102, 0.005260500009171665, 0.005574300012085587, 0.005039300012867898, 0.004975999996531755, 0.005757999955676496, 0.005266000051051378, 0.005230399954598397, 0.005427700001746416, 0.005064800032414496, 0.005225399974733591, 0.0052198999910615385, 0.005155900027602911, 0.005141599976923317, 0.005525300046429038, 0.005438499967567623, 0.005031400010921061, 0.005375500011723489, 0.005313200003001839, 0.00472490000538528, 0.005527899949811399, 0.0047506000264547765, 0.004688600020017475, 0.0059346999623812735, 0.004876199993304908, 0.004846800002269447, 0.005303000041749328, 0.005072499974630773, 0.004818500019609928, 0.005043899989686906, 0.005926700017880648, 0.004781999974511564, 0.004894100013189018, 0.005727000010665506, 0.00506399996811524, 0.005306200007908046, 0.006527199991978705, 0.00741850002668798, 0.005817099998239428, 0.006109000009018928, 0.0058932999963872135, 0.006202899967320263, 0.006063900014851242, 0.005844599974807352, 0.0065128999995067716, 0.006320800050161779, 0.005850299960002303, 0.005164800037164241, 0.005527499946765602]",0.39078545570373535,1787903623.7950964,510,64,True,,200,sit incididunt consectetur aliqua. tempor labore magna dolore Lorem eiusmod amet ipsum sed adipiscing dolor do et ut elit et dolor magna amet sit eiusmod Lorem ipsum aliqua. do sed consectetur adipiscing incididunt labore dolore elit ut tempor amet eiusmod ut sed aliqua. dolore dolor elit consectetur labore et tempor adipiscing sit Lorem do magna ipsum incididunt ipsum ut eiusmod magna et aliqua. sed amet dolore Lorem tempor consectetur sit adipiscing elit do labore incididunt dolor elit amet aliqua. ut eiusmod sit adipiscing incididunt et Lorem do consectetur sed dolor ipsum dolore tempor labore magna aliqua. ut incididunt sit elit consectetur et labore amet tempor do Lorem adipiscing dolore sed ipsum magna eiusmod dolor et sed adipiscing ipsum incididunt sit dolore consectetur magna eiusmod amet Lorem aliqua. ut dolor elit do tempor labore eiusmod magna consectetur aliqua. dolore elit sit adipiscing do tempor sed Lorem et ipsum amet ut labore dolor incididunt amet aliqua. tempor et elit magna incididunt labore consectetur adipiscing dolor eiusmod dolore ipsum ut sed do Lorem sit incididunt et amet do ipsum sed sit ut magna Lorem dolore labore dolor adipiscing consectetur aliqua. elit eiusmod tempor magna dolore ipsum adipiscing amet consectetur sed do eiusmod aliqua. labore incididunt elit Lorem sit tempor et ut dolor labore magna et consectetur adipiscing aliqua. Lorem ipsum tempor sed do incididunt ut elit amet dolor sit dolore eiusmod ipsum et ut do consectetur eiusmod labore sed dolore tempor sit Lorem elit aliqua. dolor adipiscing amet incididunt magna dolor incididunt dolore eiusmod ut sed labore magna tempor Lorem ipsum et aliqua. adipiscing do consectetur sit elit amet consectetur elit incididunt ipsum Lorem et eiusmod sed sit adipiscing amet tempor labore dolore ut do aliqua. magna dolor elit magna adipiscing consectetur labore Lorem ut sit sed do incididunt amet eiusmod tempor ipsum et aliqua. dolor dolore amet sit magna incididunt adipiscing aliqua. con, factors factors factors factors factors factors factors factors factors factors factors factors factors factors factors factors factors factors factors factors factors factors factors factors factors factors factors factors factors factors factors factors factors factors factors factors factors factors factors factors factors factors factors factors factors factors factors factors factors factors factors factors factors factors factors factors factors factors factors factors factors factors factors factors,,
req-0005-f08db9,synthetic,1787903618.6184154,1787903624.5886502,5.9702348709106445,0.05497630004538223,0.005769809523213004,"[0.004448699997738004, 0.004187999991700053, 0.0044649000046774745, 0.004205899953376502, 0.004519800015259534, 0.004969900008291006, 0.004943499981891364, 0.005031900014728308, 0.006556899985298514, 0.005550000001676381, 0.007010700006503612, 0.007627599989064038, 0.006254500010982156, 0.006493700027931482, 0.006011699966620654, 0.006261900009121746, 0.006286800024099648, 0.005759299965575337, 0.0059554000035859644, 0.00583159999223426, 0.005478300037793815, 0.005868999985978007, 0.005728800024371594, 0.005971999955363572, 0.00681240000994876, 0.005919500021263957, 0.006317299965303391, 0.005983900045976043, 0.005916299996897578, 0.0058722999528981745, 0.006675900018308312, 0.006210400024428964, 0.005727300012949854, 0.007551099988631904, 0.005546599975787103, 0.005673700012266636, 0.005682200018782169, 0.005479399987962097, 0.005890299973543733, 0.006389599991962314, 0.0059501000214368105, 0.0060541999991983175, 0.00564779998967424, 0.005609899992123246, 0.0066939000389538705, 0.0056309999781660736, 0.005570199980866164, 0.005481200001668185, 0.005398500012233853, 0.005199100007303059, 0.005147000018041581, 0.005113299994263798, 0.005229000002145767, 0.004734699963591993, 0.005395800049882382, 0.004891799995675683, 0.006181699980515987, 0.0055973000125959516, 0.005913599976338446, 0.00649390002945438, 0.005685499985702336, 0.006827000004705042, 0.005982499977108091]",0.4198029041290283,1787903625.0084531,510,64,True,,200,et tempor do elit labore Lorem dolore consectetur eiusmod magna ut aliqua. ipsum sit adipiscing sed incididunt dolor amet labore adipiscing eiusmod tempor dolore Lorem do sed consectetur et sit magna aliqua. incididunt amet ipsum ut dolor elit magna sit dolore incididunt dolor sed consectetur tempor Lorem ut elit adipiscing et aliqua. amet ipsum eiusmod labore do aliqua. consectetur elit Lorem dolor eiusmod ipsum dolore sit amet do tempor ut et incididunt magna sed labore adipiscing labore consectetur amet dolor et Lorem tempor dolore sed ipsum magna eiusmod adipiscing incididunt ut elit aliqua. sit do incididunt Lorem et elit ut consectetur sed sit dolor magna eiusmod do dolore tempor labore adipiscing aliqua. ipsum amet consectetur ut sit tempor amet magna sed do Lorem incididunt aliqua. eiusmod adipiscing ipsum dolor et labore elit dolore eiusmod ut ipsum elit amet labore et sit do dolor consectetur sed incididunt Lorem dolore magna tempor aliqua. adipiscing eiusmod labore aliqua. sit sed amet elit Lorem consectetur dolore do incididunt tempor ut dolor et magna adipiscing ipsum labore ipsum sed dolore dolor Lorem adipiscing et do elit magna consectetur ut eiusmod incididunt tempor aliqua. amet sit Lorem adipiscing magna do tempor consectetur sed eiusmod aliqua. dolor incididunt labore et dolore amet ipsum ut elit sit sed eiusmod do ipsum tempor sit elit amet consectetur dolore Lorem dolor magna et labore adipiscing ut aliqua. incididunt elit amet Lorem dolor consectetur dolore sed ipsum ut incididunt eiusmod et tempor sit do magna adipiscing aliqua. labore ipsum adipiscing aliqua. ut tempor amet consectetur do magna sed dolore elit dolor eiusmod et sit Lorem incididunt labore magna labore aliqua. incididunt elit sed dolore adipiscing eiusmod amet consectetur ipsum et do tempor sit ut dolor Lorem eiusmod elit do amet sit Lorem consectetur et sed adipiscing tempor ut labore incididunt dolore ipsum aliqua. dolor magna elit dolor labore do magna consectetur incididun, factors factors factors factors factors factors factors factors factors factors factors factors factors factors factors factors factors factors factors factors factors factors factors factors factors factors factors factors factors factors factors factors factors factors factors factors factors factors factors factors factors factors factors factors factors factors factors factors factors factors factors factors factors factors factors factors factors factors factors factors factors factors factors factors,,
req-0006-52eb73,synthetic,1787903618.6184154,1787903625.8187084,7.200293064117432,0.05515010003000498,0.005400131745744378,"[0.004367799963802099, 0.004170500033069402, 0.004482199961785227, 0.005161400011274964, 0.005275100003927946, 0.0065902000060305, 0.006855199986603111, 0.006270900019444525, 0.006356899975799024, 0.005914300039876252, 0.005784799985121936, 0.006423899962101132, 0.006059300038032234, 0.0066759999608621, 0.00535310001578182, 0.005441599991172552, 0.006012100027874112, 0.005398700013756752, 0.005980399961117655, 0.005653700034599751, 0.005495499994140118, 0.0064082000171765685, 0.005039899959228933, 0.005289599997922778, 0.005808399990200996, 0.005383400013670325, 0.005085900018457323, 0.005778899998404086, 0.005586699990089983, 0.005084400007035583, 0.005325899983290583, 0.005178600025828928, 0.005069600010756403, 0.00557669997215271, 0.004771800013259053, 0.005124300019815564, 0.0056868999963626266, 0.005150499986484647, 0.005058899987488985, 0.0057468999875709414, 0.005314100009854883, 0.005366500001400709, 0.005498100013937801, 0.0049483999609947205, 0.004805800039321184, 0.005491599964443594, 0.004735000024084002, 0.0049795000231824815, 0.005468999966979027, 0.004929899994749576, 0.004862100002355874, 0.005481600004713982, 0.0049912999966181815, 0.005004999984521419, 0.005148400028701872, 0.005458500003442168, 0.004965999978594482, 0.00540339999133721, 0.004897100036032498, 0.0049165000091306865, 0.00537229998735711, 0.005259500001557171, 0.005029599997214973]",0.3966825008392334,1787903626.215391,510,64,True,,200,eiusmod ut consectetur dolor tempor do adipiscing incididunt amet magna et sit ipsum Lorem aliqua. dolore labore elit sed sit adipiscing incididunt Lorem aliqua. sed tempor ipsum dolor do eiusmod dolore consectetur amet ut et labore elit magna et consectetur sed Lorem dolor ut do adipiscing ipsum eiusmod tempor elit labore sit incididunt magna dolore amet aliqua. amet dolore dolor ut magna sed Lorem aliqua. do sit et adipiscing tempor labore eiusmod elit incididunt ipsum consectetur tempor et adipiscing aliqua. sed incididunt dolor dolore eiusmod ut sit magna Lorem consectetur labore ipsum amet elit do amet ipsum sit Lorem tempor et aliqua. consectetur eiusmod dolore dolor labore adipiscing ut elit incididunt do sed magna eiusmod dolor aliqua. elit tempor amet et adipiscing dolore incididunt ut consectetur do labore Lorem sed magna ipsum sit magna do labore sit Lorem consectetur dolore eiusmod sed aliqua. incididunt ut et adipiscing dolor ipsum elit amet tempor eiusmod amet ut et consectetur dolore labore aliqua. elit dolor magna sed ipsum tempor sit adipiscing Lorem do incididunt amet ipsum elit consectetur sed do labore et dolore dolor Lorem eiusmod magna tempor sit ut adipiscing incididunt aliqua. consectetur tempor elit labore incididunt Lorem sed magna sit amet eiusmod et ut ipsum dolor do aliqua. dolore adipiscing do magna et sed Lorem dolor ipsum sit labore elit ut adipiscing consectetur amet incididunt tempor eiusmod dolore aliqua. et dolore elit adipiscing consectetur sit ipsum dolor aliqua. ut Lorem labore sed tempor eiusmod amet do magna incididunt dolor labore do tempor amet magna et ipsum consectetur eiusmod ut adipiscing Lorem elit dolore sit incididunt aliqua. sed labore amet incididunt do adipiscing sit ipsum magna tempor dolor consectetur Lorem aliqua. dolore et eiusmod sed ut elit do amet sit sed incididunt dolore Lorem et magna ipsum aliqua. eiusmod dolor consectetur elit tempor ut labore adipiscing sed do aliqua. tempor sit et labore incididunt e, stairs stairs stairs stairs stairs stairs stairs stairs stairs stairs stairs stairs stairs stairs stairs stairs stairs stairs stairs stairs stairs stairs stairs stairs stairs stairs stairs stairs stairs stairs stairs stairs stairs stairs stairs stairs stairs stairs stairs stairs stairs stairs stairs stairs stairs stairs stairs stairs stairs stairs stairs stairs stairs stairs stairs stairs stairs stairs stairs stairs stairs stairs stairs stairs,,
req-0007-e076a4,synthetic,1787903618.6184154,1787903627.0020902,8.38367486000061,0.05568619997939095,0.0052678476194925015,"[0.004250300000421703, 0.004116100026294589, 0.004640099999960512, 0.00441230001160875, 0.004723599995486438, 0.004904499975964427, 0.005178500025067478, 0.005098099994938821, 0.005387499986682087, 0.005772200005594641, 0.005104199983179569, 0.006549699988681823, 0.005442699999548495, 0.005075199995189905, 0.005488299997523427, 0.006469900021329522, 0.005044999998062849, 0.005096199980471283, 0.004938500002026558, 0.005270600027870387, 0.006766900012735277, 0.005447099974844605, 0.005168100004084408, 0.005297600000631064, 0.005247300025075674, 0.005035699985455722, 0.0056108999997377396, 0.005142899986822158, 0.004982699989341199, 0.005545800027903169, 0.00523879996035248, 0.005203000036999583, 0.006645799963735044, 0.005098200053907931, 0.004874899983406067, 0.00477519998094067, 0.004959499987307936, 0.004982100042980164, 0.005363099975511432, 0.005153300007805228, 0.005192200012970716, 0.004633500007912517, 0.0048785999533720315, 0.005087600031401962, 0.005275300005450845, 0.005449499993119389, 0.005429400014691055, 0.006175099988467991, 0.005043799988925457, 0.005112499988172203, 0.005565300001762807, 0.005120899993926287, 0.005140100023709238, 0.0057339000049978495, 0.005514699965715408, 0.005237300007138401, 0.005628900020383298, 0.005131000012625009, 0.005100899958051741, 0.005463700043037534, 0.00520919996779412, 0.005449499993119389, 0.00579910003580153]",0.3888554573059082,1787903627.3909457,512,64,True,,200,dolor aliqua. sit dolore do Lorem magna consectetur adipiscing labore ipsum sed eiusmod amet tempor et ut elit incididunt incididunt ipsum dolore elit labore sed sit et magna aliqua. adipiscing eiusmod Lorem tempor do consectetur amet ut dolor labore magna incididunt sit aliqua. Lorem eiusmod dolore dolor adipiscing amet ut ipsum tempor elit do sed et consectetur magna do adipiscing et ipsum incididunt sed amet Lorem ut consectetur dolore tempor sit eiusmod elit labore aliqua. dolor et sed dolor ipsum incididunt ut aliqua. magna eiusmod tempor dolore elit Lorem amet do labore adipiscing sit consectetur dolore magna incididunt labore aliqua. Lorem ut do elit et adipiscing consectetur eiusmod ipsum amet dolor sed tempor sit elit eiusmod amet tempor sit consectetur aliqua. ut et ipsum dolor Lorem magna do sed labore dolore adipiscing incididunt magna amet elit incididunt do eiusmod sed aliqua. ipsum tempor sit adipiscing Lorem et dolor labore ut dolore consectetur et sit dolor labore consectetur aliqua. amet incididunt tempor dolore ut sed adipiscing ipsum elit Lorem magna do eiusmod eiusmod do et incididunt labore tempor sed aliqua. dolore ut ipsum amet elit magna Lorem dolor sit consectetur adipiscing magna eiusmod incididunt dolor consectetur do aliqua. dolore ipsum ut et amet adipiscing tempor Lorem elit labore sit sed eiusmod aliqua. sit ut Lorem dolor incididunt et consectetur adipiscing amet elit do dolore magna labore ipsum tempor sed ut magna Lorem sit amet et elit sed dolor aliqua. dolore adipiscing incididunt eiusmod ipsum labore tempor consectetur do amet dolore labore consectetur eiusmod do dolor tempor sit sed Lorem elit ipsum aliqua. adipiscing et magna ut incididunt sit dolor consectetur labore magna ut elit incididunt sed tempor amet eiusmod dolore do aliqua. et adipiscing Lorem ipsum adipiscing Lorem amet eiusmod incididunt consectetur dolore magna aliqua. elit et ut sed do labore ipsum sit tempor dolor incididunt labore sit ipsum dolor elit do dolore, factors factors factors factors factors factors factors factors factors factors factors factors factors factors factors factors factors factors factors factors factors factors factors factors factors factors factors factors factors factors factors factors factors factors factors factors factors factors factors factors factors factors factors factors factors factors factors factors factors factors factors factors factors factors factors factors factors factors factors factors factors factors factors factors,,
req-0008-42be3a,synthetic,1787903618.6184154,1787903628.1752036,9.556788206100464,0.05460309999762103,0.00578562063460667,"[0.004326099995523691, 0.004345200024545193, 0.004579000000376254, 0.0047339999582618475, 0.0048896000371314585, 0.004813099978491664, 0.006147300009615719, 0.005907299986574799, 0.006091499992180616, 0.006405699998140335, 0.0057298000319860876, 0.005748199997469783, 0.005986900010611862, 0.00549529999261722, 0.007387799967546016, 0.00595020002219826, 0.00568790000397712, 0.006342899985611439, 0.005274199997074902, 0.00589229998877272, 0.006262200011406094, 0.005328600003849715, 0.005607499973848462, 0.006128100038040429, 0.005522799969185144, 0.005988200020510703, 0.005903100012801588, 0.005495399993378669, 0.005638299975544214, 0.007231800002045929, 0.006066200032364577, 0.006092199997510761, 0.0056087999837473035, 0.006174499983899295, 0.005326799990143627, 0.006241500028409064, 0.006109900015871972, 0.006039500003680587, 0.005257799988612533, 0.005301999975927174, 0.00607170001603663, 0.005294099973980337, 0.005693200044333935, 0.005708999990019947, 0.0058397999964654446, 0.005980300018563867, 0.005621299962513149, 0.006167999992612749, 0.006514500011689961, 0.005624999990686774, 0.00565390003612265, 0.006196299975272268, 0.006130599998869002, 0.005800999992061406, 0.005793899996206164, 0.005591200024355203, 0.006458999996539205, 0.006384800013620406, 0.005627400008961558, 0.005355699977371842, 0.00653969997074455, 0.00545980001334101, 0.005924400000367314]",0.4203624725341797,1787903628.595566,510,64,True,,200,Lorem tempor sed amet elit consectetur ipsum incididunt ut sit magna dolor do labore dolore aliqua. et eiusmod adipiscing sed dolore tempor ut elit sit labore ipsum eiusmod amet et magna consectetur Lorem adipiscing aliqua. dolor incididunt do dolore aliqua. tempor ipsum amet incididunt sit elit Lorem dolor magna sed consectetur eiusmod ut do labore adipiscing et ut sit tempor et aliqua. sed eiusmod ipsum labore adipiscing dolor Lorem elit consectetur magna do incididunt dolore amet sit dolor ipsum Lorem dolore et incididunt sed aliqua. adipiscing labore magna consectetur elit tempor eiusmod ut do amet labore dolore et ipsum sit aliqua. consectetur incididunt dolor sed ut adipiscing tempor eiusmod do magna elit Lorem amet dolore magna elit sed adipiscing aliqua. do dolor ipsum ut labore Lorem amet incididunt tempor et consectetur sit eiusmod dolore et do magna amet dolor incididunt elit aliqua. adipiscing consectetur ut labore sed tempor eiusmod ipsum Lorem sit consectetur incididunt do tempor elit dolore dolor et amet eiusmod adipiscing ipsum aliqua. ut Lorem labore magna sed sit tempor sed dolor eiusmod magna labore ipsum do elit consectetur Lorem dolore aliqua. incididunt ut et amet adipiscing sit ipsum do amet dolor eiusmod et Lorem consectetur aliqua. tempor sit elit adipiscing labore magna incididunt dolore ut sed ut incididunt sit adipiscing do amet et labore dolor consectetur Lorem dolore tempor sed elit eiusmod ipsum magna aliqua. eiusmod do ut adipiscing aliqua. magna amet dolore consectetur Lorem labore et dolor ipsum sit elit sed incididunt tempor ut eiusmod adipiscing magna do labore tempor et dolore sed dolor incididunt sit aliqua. ipsum Lorem amet elit consectetur incididunt sit elit Lorem eiusmod adipiscing magna ut dolore do sed ipsum labore amet dolor et consectetur tempor aliqua. do incididunt sed adipiscing aliqua. tempor eiusmod dolore ipsum elit labore dolor consectetur amet et ut sit magna Lorem aliqua. et amet sed ut labore magna incididunt a, factors factors factors factors factors factors factors factors factors factors factors factors factors factors factors factors factors factors factors factors factors factors factors factors factors factors factors factors factors factors factors factors factors factors factors factors factors factors factors factors factors factors factors factors factors factors factors factors factors factors factors factors factors factors factors factors factors factors factors factors factors factors factors factors,,
req-0009-e2746d,synthetic,1787903618.6184154,1787903629.4652858,10.846870422363281,0.055184400000143796,0.00573389841306452,"[0.0046598000335507095, 0.004309799987822771, 0.004382900020573288, 0.0046452999813482165, 0.004452900029718876, 0.005140699970070273, 0.0055905000190250576, 0.00537809997331351, 0.0057224000338464975, 0.005749699950683862, 0.004903300025034696, 0.0051444999990053475, 0.005973800027277321, 0.0050817999872379005, 0.005513799958862364, 0.00687470001867041, 0.005974300031084567, 0.006124199950136244, 0.0058552000555209816, 0.008071099990047514, 0.007962699979543686, 0.0060876000206917524, 0.006718799995724112, 0.006001300003845245, 0.007251399976667017, 0.006792699976358563, 0.005969300051219761, 0.005580500001087785, 0.006140499957837164, 0.006282699992880225, 0.005296400049701333, 0.005919499963056296, 0.0051297000027261674, 0.006373699987307191, 0.006009200005792081, 0.00587009999435395, 0.005666700017172843, 0.005869999993592501, 0.005457799998112023, 0.005999199987854809, 0.00551610003458336, 0.005809800000861287, 0.005498600017745048, 0.005592599976807833, 0.005660399969201535, 0.005552000016905367, 0.005208300019148737, 0.00566269998671487, 0.005151999997906387, 0.005890300031751394, 0.00617079995572567, 0.0058327000006102026, 0.005764000001363456, 0.005901700002141297, 0.005310700042173266, 0.0055513999541290104, 0.005689600016921759, 0.005773000011686236, 0.005417199980001897, 0.005553200026042759, 0.0055673999595455825, 0.005697500018868595, 0.005535000003874302]",0.41787004470825195,1787903629.8831558,512,64,True,,200,magna dolore tempor adipiscing ipsum amet aliqua. Lorem elit sed sit consectetur dolor eiusmod incididunt ut labore do et eiusmod tempor adipiscing dolore incididunt dolor magna ipsum sit sed do ut elit labore et amet Lorem aliqua. consectetur dolor labore elit tempor dolore sed ut Lorem magna et aliqua. amet sit do incididunt ipsum consectetur eiusmod adipiscing sit consectetur eiusmod aliqua. do dolor dolore amet ipsum labore elit et tempor incididunt adipiscing sed Lorem magna ut elit et amet incididunt eiusmod dolore ut adipiscing labore magna tempor ipsum sit consectetur do dolor Lorem sed aliqua. dolor Lorem elit tempor magna ipsum adipiscing incididunt labore do dolore sed et sit ut consectetur eiusmod aliqua. amet tempor Lorem dolore do ipsum elit adipiscing amet incididunt consectetur eiusmod magna et labore dolor ut sed aliqua. sit tempor sit ut Lorem eiusmod incididunt ipsum do labore dolore et amet magna adipiscing aliqua. sed dolor consectetur elit consectetur sed eiusmod tempor adipiscing amet labore magna sit aliqua. incididunt Lorem dolor ut et ipsum do elit dolore dolore ipsum ut adipiscing labore incididunt do et elit aliqua. amet Lorem tempor sit dolor sed magna eiusmod consectetur sed sit magna aliqua. Lorem incididunt et adipiscing dolore labore ipsum tempor elit consectetur amet eiusmod do dolor ut magna labore do eiusmod ut et sed amet aliqua. adipiscing elit dolor incididunt dolore ipsum Lorem consectetur sit tempor tempor et magna ipsum aliqua. ut sit consectetur adipiscing dolore sed eiusmod elit Lorem dolor do labore amet incididunt magna incididunt do consectetur sed tempor ipsum ut dolor eiusmod dolore aliqua. Lorem et adipiscing amet sit elit labore incididunt dolor amet consectetur labore eiusmod sed et sit adipiscing aliqua. tempor dolore do Lorem ipsum ut elit magna Lorem tempor incididunt ut dolore aliqua. sit labore et consectetur elit do amet eiusmod dolor adipiscing sed ipsum magna elit sit sed ut consectetur magna incididunt Lor, factors factors factors factors factors factors factors factors factors factors factors factors factors factors factors factors factors factors factors factors factors factors factors factors factors factors factors factors factors factors factors factors factors factors factors factors factors factors factors factors factors factors factors factors factors factors factors factors factors factors factors factors factors factors factors factors factors factors factors factors factors factors factors factors,,
req-0010-122660,synthetic,1787903618.6184154,1787903630.7266343,12.108218908309937,0.054688100004568696,0.00578362380971186,"[0.0047280999715439975, 0.004192200023680925, 0.004599799984134734, 0.004975999996531755, 0.004937399993650615, 0.005065800040028989, 0.0057125999592244625, 0.005912700027693063, 0.007717899978160858, 0.00607900001341477, 0.0059093000018037856, 0.00574420002521947, 0.0063850999576970935, 0.005897900031413883, 0.0065113999880850315, 0.005962700000964105, 0.005758800019975752, 0.006173599977046251, 0.005716599989682436, 0.005728500022087246, 0.006248199963010848, 0.0058865000028163195, 0.006063400011043996, 0.0054240000317804515, 0.005935499968472868, 0.0050407000235281885, 0.005127699987497181, 0.005075499997474253, 0.005286799976602197, 0.0053050999995321035, 0.006209800019860268, 0.005634800007101148, 0.005293799971695989, 0.00623160001123324, 0.0059300000430084765, 0.0055398999829776585, 0.005640199990011752, 0.005329800012987107, 0.004966399981640279, 0.0061651000287383795, 0.005758499959483743, 0.006175100046675652, 0.005602099990937859, 0.005889199965167791, 0.009108300029765815, 0.006071000010706484, 0.007485399954020977, 0.005682300019543618, 0.007191399985458702, 0.006031299999449402, 0.005993600003421307, 0.005522600025869906, 0.005321300006471574, 0.00544039998203516, 0.005728500022087246, 0.00568329996895045, 0.005798000027425587, 0.005376999964937568, 0.005543800012674183, 0.005216500023379922, 0.005746799986809492, 0.0058194000157527626, 0.006138099997770041]",0.42040514945983887,1787903631.1470394,510,64,True,,200,eiusmod tempor do ut incididunt elit labore dolor amet ipsum dolore adipiscing sit consectetur magna et aliqua. sed Lorem ipsum tempor sed et dolor Lorem consectetur ut do elit amet eiusmod adipiscing incididunt aliqua. magna labore sit dolore sit aliqua. Lorem et magna elit tempor amet dolor adipiscing sed ut dolore ipsum eiusmod labore consectetur do incididunt do dolore labore eiusmod ut incididunt elit aliqua. amet sit Lorem magna ipsum adipiscing dolor sed tempor et consectetur magna do aliqua. Lorem dolor et amet labore dolore tempor incididunt adipiscing sit consectetur ipsum ut eiusmod elit sed ut sit incididunt et aliqua. do dolor dolore ipsum elit Lorem amet consectetur magna eiusmod labore adipiscing sed tempor adipiscing dolor ut magna do sit labore amet et tempor aliqua. incididunt dolore ipsum elit Lorem sed eiusmod consectetur dolor ipsum elit magna consectetur dolore ut adipiscing labore amet incididunt do aliqua. eiusmod et sed Lorem tempor sit et ut eiusmod incididunt aliqua. amet sit dolor magna elit Lorem consectetur tempor dolore adipiscing ipsum labore sed do sed dolore dolor tempor magna et sit incididunt ipsum amet elit adipiscing Lorem eiusmod aliqua. labore consectetur ut do aliqua. consectetur sed magna et amet ut elit incididunt labore sit dolor tempor Lorem dolore adipiscing ipsum do eiusmod ipsum incididunt dolore Lorem labore et dolor tempor adipiscing magna elit eiusmod amet do sit aliqua. sed consectetur ut dolore sit amet consectetur do Lorem labore ipsum eiusmod incididunt elit et adipiscing ut dolor tempor sed magna aliqua. amet magna dolor Lorem do tempor adipiscing labore et aliqua. ut consectetur eiusmod elit ipsum incididunt sed dolore sit amet incididunt eiusmod sed tempor dolor ut consectetur do Lorem labore dolore sit ipsum adipiscing aliqua. et elit magna sed eiusmod dolore do tempor sit elit consectetur et labore incididunt ipsum dolor aliqua. Lorem adipiscing ut amet magna consectetur eiusmod adipiscing incididunt dolore, factors factors factors factors factors factors factors factors factors factors factors factors factors factors factors factors factors factors factors factors factors factors factors factors factors factors factors factors factors factors factors factors factors factors factors factors factors factors factors factors factors factors factors factors factors factors factors factors factors factors factors factors factors factors factors factors factors factors factors factors factors factors factors factors,,
req-0011-78416b,synthetic,1787903618.6184154,1787903631.8888533,13.270437955856323,0.05475519999163225,0.005718230158977565,"[0.004500499984715134, 0.0043197000049985945, 0.0044804000062868, 0.004243800009135157, 0.004217399982735515, 0.004899999999906868, 0.004944500047713518, 0.004981599980965257, 0.006108100002165884, 0.005810300004668534, 0.005427500000223517, 0.006546699965838343, 0.005877999996300787, 0.005968300043605268, 0.005797199963126332, 0.005895500013139099, 0.006518299982417375, 0.006293100013863295, 0.005689200013875961, 0.006328099989332259, 0.0060819999780505896, 0.006374700053129345, 0.005749599949922413, 0.00565669999923557, 0.006091700051911175, 0.005531799979507923, 0.005767099966760725, 0.006070400006137788, 0.005542400002013892, 0.006328699993900955, 0.005285500024911016, 0.00653840001905337, 0.005911399959586561, 0.005865300016012043, 0.005780100007541478, 0.006214299995917827, 0.005828200024552643, 0.006476299953646958, 0.005858900025486946, 0.005841000005602837, 0.005944799981079996, 0.006078200007323176, 0.005894700007047504, 0.005721499968785793, 0.0060202000313438475, 0.005930199986323714, 0.005593799985945225, 0.005814500036649406, 0.005106099997647107, 0.005587999999988824, 0.005662499985191971, 0.004945900000166148, 0.006195100024342537, 0.005311999993864447, 0.006029199983458966, 0.005629600025713444, 0.005719799955841154, 0.005590900022070855, 0.005731999990530312, 0.006417100026737899, 0.006092199997510761, 0.0056297999690286815, 0.005957700021099299]",0.41631078720092773,1787903632.305164,512,64,True,,200,magna consectetur ipsum tempor adipiscing incididunt et amet ut labore sed dolor Lorem do dolore aliqua. eiusmod sit elit magna dolor sed elit sit aliqua. consectetur amet et do incididunt adipiscing ut eiusmod labore tempor Lorem dolore ipsum incididunt consectetur adipiscing eiusmod magna do Lorem dolor labore amet ipsum tempor ut dolore aliqua. et sit sed elit elit incididunt et amet aliqua. ipsum magna sit sed dolor tempor ut eiusmod consectetur do labore adipiscing dolore Lorem incididunt magna amet dolore ipsum adipiscing Lorem tempor sit dolor do eiusmod sed labore elit aliqua. et consectetur ut dolore labore dolor amet do eiusmod Lorem magna incididunt adipiscing consectetur sed tempor elit ut et sit ipsum aliqua. ipsum et dolore labore eiusmod do adipiscing magna amet elit incididunt Lorem sed tempor consectetur aliqua. dolor sit ut amet eiusmod ut ipsum sed Lorem dolore do sit adipiscing magna tempor dolor aliqua. elit consectetur incididunt et labore eiusmod magna dolore adipiscing sit incididunt elit labore do consectetur sed et ut aliqua. ipsum tempor dolor amet Lorem dolore incididunt amet eiusmod sed adipiscing elit aliqua. tempor et do Lorem magna consectetur labore ipsum sit ut dolor et dolor ut sit Lorem aliqua. do sed tempor eiusmod adipiscing ipsum magna incididunt labore amet dolore elit consectetur dolor magna Lorem eiusmod consectetur tempor incididunt ipsum aliqua. dolore sit et do adipiscing elit amet labore sed ut ut eiusmod incididunt dolore tempor ipsum et consectetur sed dolor do aliqua. sit Lorem magna labore amet elit adipiscing consectetur sed dolore aliqua. dolor ut magna elit tempor labore incididunt Lorem do et amet ipsum eiusmod sit adipiscing eiusmod do et dolor ut amet ipsum magna aliqua. sed consectetur sit elit labore adipiscing tempor dolore Lorem incididunt et tempor do dolor aliqua. labore magna eiusmod dolore sed ipsum ut Lorem elit amet consectetur adipiscing sit incididunt tempor do aliqua. dolore et ut labore ipsum sit , factors factors factors factors factors factors factors factors factors factors factors factors factors factors factors factors factors factors factors factors factors factors factors factors factors factors factors factors factors factors factors factors factors factors factors factors factors factors factors factors factors factors factors factors factors factors factors factors factors factors factors factors factors factors factors factors factors factors factors factors factors factors factors factors,,
req-0012-6407a9,synthetic,1787903618.6184154,1787903633.064854,14.446438550949097,0.051351600035559386,0.005510157142351899,"[0.0037121999775990844, 0.004207700025290251, 0.003999799955636263, 0.005122500006109476, 0.004802800016477704, 0.00461970001924783, 0.005202299973461777, 0.0052770000183954835, 0.005022900004405528, 0.005094699969049543, 0.0051182000315748155, 0.0052977000013925135, 0.005681300011929125, 0.005436199950054288, 0.005066500045359135, 0.005580800003372133, 0.005434699996840209, 0.005126699979882687, 0.00571009999839589, 0.005231800023466349, 0.005170599964912981, 0.0057551999925635755, 0.005187500035390258, 0.005123399954754859, 0.005707800039090216, 0.005208499962463975, 0.006123600003775209, 0.0058599000331014395, 0.005468000017572194, 0.005597899958956987, 0.004825500014703721, 0.005331000022124499, 0.0055463999742642045, 0.005556799995247275, 0.0051392000168561935, 0.005506499961484224, 0.0053332000388763845, 0.005201599968131632, 0.005835500021930784, 0.005062400014139712, 0.005161400011274964, 0.005231099959928542, 0.004832600010558963, 0.005220099992584437, 0.0068577000056393445, 0.005736100021749735, 0.006756699993275106, 0.006840299989562482, 0.007247700006701052, 0.006149100023321807, 0.00597229995764792, 0.006204800039995462, 0.006459899945184588, 0.005892200046218932, 0.006197699985932559, 0.005758500017691404, 0.00643299997318536, 0.005601599987130612, 0.005539500038139522, 0.005905199970584363, 0.006032800010871142, 0.005815499986056238, 0.006007999996654689]",0.3997611999511719,1787903633.464615,511,64,True,,200,et dolor magna ipsum ut aliqua. Lorem elit labore tempor eiusmod amet sed incididunt consectetur dolore sit adipiscing do amet sit eiusmod do ut dolor adipiscing et Lorem sed ipsum labore incididunt consectetur magna elit dolore aliqua. tempor incididunt amet sit labore ut sed ipsum adipiscing eiusmod magna aliqua. do dolore dolor elit consectetur tempor et Lorem dolor sed labore adipiscing do dolore et ipsum amet incididunt sit magna Lorem elit consectetur eiusmod aliqua. ut tempor sed magna ipsum ut sit tempor amet adipiscing dolor labore et dolore consectetur eiusmod do Lorem elit incididunt aliqua. magna sed Lorem ut elit eiusmod dolore do ipsum adipiscing consectetur aliqua. dolor amet sit tempor et incididunt labore dolore adipiscing consectetur aliqua. eiusmod dolor et incididunt Lorem magna amet do tempor ipsum sit ut labore sed elit dolor eiusmod amet elit incididunt labore et ut aliqua. Lorem do sed adipiscing magna tempor sit consectetur ipsum dolore et magna Lorem sit dolore aliqua. do consectetur incididunt tempor sed labore elit eiusmod ipsum ut amet adipiscing dolor amet elit dolore tempor magna do aliqua. adipiscing incididunt sit consectetur sed Lorem dolor ipsum et eiusmod labore ut incididunt et sed Lorem dolor consectetur eiusmod dolore adipiscing tempor labore elit do ut magna amet sit ipsum aliqua. sed magna amet elit adipiscing consectetur et incididunt aliqua. sit ut Lorem ipsum do dolor tempor eiusmod dolore labore dolore magna et elit consectetur ipsum eiusmod aliqua. tempor Lorem adipiscing labore sed dolor do ut incididunt amet sit amet dolore elit et sed eiusmod tempor ut sit aliqua. do consectetur dolor Lorem ipsum magna incididunt adipiscing labore Lorem labore aliqua. dolore eiusmod sed elit adipiscing dolor tempor ut amet et magna sit ipsum consectetur do incididunt amet ut sit elit eiusmod labore incididunt consectetur aliqua. ipsum dolor magna Lorem sed adipiscing et dolore tempor do consectetur Lorem labore sit aliqua. et tempor u, stairs stairs stairs stairs stairs stairs stairs stairs stairs stairs stairs stairs stairs stairs stairs stairs stairs stairs stairs stairs stairs stairs stairs stairs stairs stairs stairs stairs stairs stairs stairs stairs stairs stairs stairs stairs stairs stairs stairs stairs stairs stairs stairs stairs stairs stairs stairs stairs stairs stairs stairs stairs stairs stairs stairs stairs stairs stairs stairs stairs stairs stairs stairs stairs,,
req-0013-5ccc44,synthetic,1787903618.6184154,1787903634.189164,15.570748567581177,0.05985859996872023,0.005692820634788996,"[0.0042554999818094075, 0.004164700047113001, 0.004208399972412735, 0.004877600003965199, 0.004753199988044798, 0.004464700003154576, 0.005924700002651662, 0.005353200016543269, 0.0053054000018164515, 0.005264999985229224, 0.004991699999663979, 0.005031000007875264, 0.005487099988386035, 0.0045980000286363065, 0.005132699967361987, 0.005726600007619709, 0.004882499983068556, 0.0056535000330768526, 0.005279599979985505, 0.004956200020387769, 0.004884599999058992, 0.005263299972284585, 0.004965200030710548, 0.005200899962801486, 0.005707100033760071, 0.005188399984035641, 0.006223600008524954, 0.006260299996938556, 0.007321599987335503, 0.005607400031294674, 0.006013199978042394, 0.005772100004833192, 0.006235899985767901, 0.0056798000005073845, 0.005830000038258731, 0.005965999967884272, 0.006392400013282895, 0.006603799993172288, 0.0074275999795645475, 0.005876800045371056, 0.005972099956125021, 0.005642400006763637, 0.00558420002926141, 0.006064699962735176, 0.0057839000364765525, 0.005724499991629273, 0.005573600006755441, 0.005921599979046732, 0.005239800026174635, 0.006270899961236864, 0.006282699992880225, 0.005248500034213066, 0.0056647000019438565, 0.008046699978876859, 0.006721500016283244, 0.006218699971213937, 0.0056517000193707645, 0.00594409997574985, 0.007392200001049787, 0.005945400043856353, 0.006242999981623143, 0.006123600003775209, 0.006655899982433766]",0.41985416412353516,1787903634.609018,511,64,True,,200,ut ipsum consectetur eiusmod dolore aliqua. labore sed adipiscing amet et incididunt elit dolor tempor sit Lorem do magna amet do dolor ut dolore eiusmod incididunt aliqua. consectetur sed labore magna tempor elit adipiscing ipsum sit et Lorem sit do aliqua. sed dolore eiusmod dolor ut ipsum et labore adipiscing amet Lorem elit magna consectetur tempor incididunt incididunt do sed eiusmod amet elit tempor ipsum Lorem sit dolore magna aliqua. dolor consectetur adipiscing ut et labore sit tempor magna elit eiusmod aliqua. ut dolore consectetur incididunt ipsum labore amet dolor sed et adipiscing do Lorem sed dolor et dolore Lorem magna consectetur aliqua. eiusmod elit tempor labore sit do ut ipsum incididunt adipiscing amet labore sit dolore incididunt ut et amet adipiscing sed tempor dolor Lorem ipsum aliqua. do magna consectetur eiusmod elit adipiscing ut sit tempor do incididunt elit Lorem eiusmod dolore ipsum labore consectetur magna amet sed aliqua. dolor et sit do ipsum consectetur adipiscing eiusmod sed elit magna incididunt amet et dolor Lorem labore aliqua. tempor dolore ut sed et do elit amet ut aliqua. dolore incididunt labore sit dolor magna ipsum tempor adipiscing consectetur eiusmod Lorem Lorem tempor incididunt do eiusmod sit dolor ut magna ipsum aliqua. dolore et sed elit labore consectetur adipiscing amet ut adipiscing amet sed consectetur magna dolor ipsum et aliqua. Lorem dolore eiusmod do incididunt sit labore elit tempor incididunt magna ipsum elit ut dolor dolore adipiscing sed Lorem do aliqua. sit eiusmod labore consectetur tempor et amet dolor sed magna adipiscing eiusmod sit do amet et aliqua. ipsum incididunt labore ut tempor Lorem elit consectetur dolore elit adipiscing et incididunt ipsum sit do dolore aliqua. tempor amet ut dolor sed labore Lorem eiusmod consectetur magna magna sed consectetur aliqua. adipiscing incididunt do tempor eiusmod ipsum ut sit dolor dolore Lorem elit et labore amet labore et eiusmod dolor consectetur amet ut temp, factors factors factors factors factors factors factors factors factors factors factors factors factors factors factors factors factors factors factors factors factors factors factors factors factors factors factors factors factors factors factors factors factors factors factors factors factors factors factors factors factors factors factors factors factors factors factors factors factors factors factors factors factors factors factors factors factors factors factors factors factors factors factors factors,,
req-0014-41a332,synthetic,1787903618.6184154,1787903635.359643,16.741227626800537,0.05187240004306659,0.005168928570734958,"[0.004404299950692803, 0.00449820002540946, 0.004387900000438094, 0.004391199967358261, 0.004749800020363182, 0.005615100031718612, 0.005376999964937568, 0.004964200023096055, 0.005962399998679757, 0.004751299973577261, 0.005008300009649247, 0.005272799986414611, 0.004912800039164722, 0.00509079999756068, 0.0053718999843113124, 0.004725500009953976, 0.00505959999281913, 0.007579199969768524, 0.0049455999978818, 0.00502270000288263, 0.005373400053940713, 0.005049999977927655, 0.00518859998555854, 0.005320600001141429, 0.004935799981467426, 0.004946900007780641, 0.005955100001301616, 0.005338400020264089, 0.004934299970045686, 0.0052584000513888896, 0.005333199980668724, 0.004728199972305447, 0.005324400030076504, 0.005024300015065819, 0.005111299979034811, 0.005604300007689744, 0.005406800017226487, 0.004984699946362525, 0.005921900039538741, 0.00520189997041598, 0.0047216000384651124, 0.004978999961167574, 0.005260500009171665, 0.005439800035674125, 0.005128699995111674, 0.004908100003376603, 0.005283099948428571, 0.004805700038559735, 0.005356999987270683, 0.005094400024972856, 0.004922799998894334, 0.005246599961537868, 0.005461400025524199, 0.005459200008772314, 0.005117199965752661, 0.005846599990036339, 0.0049591000424697995, 0.004721999983303249, 0.005341699987184256, 0.005229800008237362, 0.0049144999939017, 0.005023100005928427, 0.005387499986682087]",0.3788604736328125,1787903635.7385035,512,64,True,,200,amet eiusmod aliqua. do Lorem sit incididunt dolore tempor ipsum labore sed dolor ut et adipiscing magna consectetur elit dolore sed eiusmod ipsum Lorem consectetur do tempor et adipiscing elit amet magna incididunt labore dolor ut sit aliqua. amet sit sed Lorem tempor dolor et do incididunt aliqua. ut magna dolore labore adipiscing eiusmod ipsum elit consectetur sit labore et dolore ut Lorem sed ipsum dolor consectetur aliqua. eiusmod incididunt adipiscing elit amet magna tempor do amet Lorem aliqua. ipsum adipiscing eiusmod et incididunt dolore ut do sit sed magna dolor consectetur tempor elit labore adipiscing ut labore do amet aliqua. ipsum eiusmod elit Lorem consectetur tempor magna sit sed incididunt dolor dolore et sed dolore ipsum incididunt sit aliqua. labore elit magna adipiscing amet ut tempor do Lorem et dolor eiusmod consectetur amet elit ipsum aliqua. do dolor et adipiscing consectetur labore incididunt tempor dolore magna sit Lorem eiusmod ut sed sed eiusmod incididunt sit et dolor elit ipsum do adipiscing aliqua. amet ut consectetur labore dolore Lorem tempor magna incididunt eiusmod dolor elit amet magna sed labore dolore consectetur ipsum adipiscing sit Lorem aliqua. ut et tempor do tempor eiusmod dolor adipiscing ipsum do sed aliqua. amet magna consectetur et sit labore incididunt dolore Lorem elit ut magna ut dolor do labore consectetur ipsum aliqua. adipiscing dolore sit amet tempor elit et incididunt Lorem sed eiusmod do incididunt tempor dolore eiusmod sit aliqua. labore Lorem dolor et consectetur ipsum sed elit magna adipiscing ut amet do consectetur Lorem labore sit aliqua. dolor ut amet sed ipsum dolore adipiscing eiusmod et elit incididunt tempor magna tempor labore dolore magna ipsum eiusmod ut adipiscing sit consectetur Lorem et sed amet incididunt elit aliqua. dolor do magna tempor Lorem labore ut dolore dolor do incididunt elit sed aliqua. eiusmod consectetur adipiscing et ipsum sit amet elit eiusmod ipsum dolore labore sed et do Lorem, stairs stairs stairs stairs stairs stairs stairs stairs stairs stairs stairs stairs stairs stairs stairs stairs stairs stairs stairs stairs stairs stairs stairs stairs stairs stairs stairs stairs stairs stairs stairs stairs stairs stairs stairs stairs stairs stairs stairs stairs stairs stairs stairs stairs stairs stairs stairs stairs stairs stairs stairs stairs stairs stairs stairs stairs stairs stairs stairs stairs stairs stairs stairs stairs,,
req-0015-ac3dda,synthetic,1787903618.6184154,1787903636.4932845,17.874869108200073,0.056772599986288697,0.005266242857379396,"[0.004549400007817894, 0.004015000013168901, 0.00397369998972863, 0.00481069996021688, 0.004736200033221394, 0.004541700007393956, 0.005372099985834211, 0.004925700020976365, 0.004893199948128313, 0.005378700036089867, 0.005212399992160499, 0.005329900013748556, 0.005577199975959957, 0.005487599992193282, 0.005171000026166439, 0.005643800017423928, 0.0051861999672837555, 0.0056871999986469746, 0.00503739999840036, 0.004718700016383082, 0.005199400009587407, 0.004955999960657209, 0.004939000005833805, 0.00520489999325946, 0.005198500002734363, 0.004785099998116493, 0.005171300028450787, 0.005054400011431426, 0.005799699982162565, 0.005416999978478998, 0.005260800011456013, 0.004412500013131648, 0.004903799970634282, 0.005053200002294034, 0.005487800051923841, 0.004850999976042658, 0.005177500017452985, 0.005171899974811822, 0.005029699997976422, 0.00486570002976805, 0.004909099952783436, 0.004740300006233156, 0.005058100039605051, 0.005610699998214841, 0.0049919000011868775, 0.0049575999728403986, 0.005439300031866878, 0.004997599986381829, 0.005342499993275851, 0.006032700010109693, 0.006593399972189218, 0.006311100034508854, 0.006088899972382933, 0.005446300026960671, 0.005463799985591322, 0.0051457000081427395, 0.005451300006825477, 0.005624999990686774, 0.00727030000416562, 0.006214900000486523, 0.006098099984228611, 0.00583899999037385, 0.0059587000287137926]",0.389758825302124,1787903636.8830433,512,64,True,,200,sed dolor dolore magna ipsum adipiscing et eiusmod elit ut aliqua. labore Lorem incididunt amet tempor sit do consectetur ipsum amet consectetur sit tempor magna sed et eiusmod do labore adipiscing aliqua. incididunt elit dolor dolore ut Lorem tempor do Lorem dolore adipiscing et labore eiusmod incididunt aliqua. sed magna sit ut amet ipsum elit consectetur dolor consectetur dolor tempor magna eiusmod ut do amet adipiscing sit sed ipsum incididunt aliqua. Lorem dolore labore et elit adipiscing sit dolore do elit ut sed labore ipsum aliqua. Lorem consectetur incididunt tempor dolor eiusmod amet et magna dolor ipsum amet sed et sit eiusmod labore elit tempor do adipiscing aliqua. consectetur dolore incididunt ut magna Lorem dolor elit labore ut Lorem do sed dolore magna sit eiusmod aliqua. adipiscing amet tempor et consectetur ipsum incididunt ipsum incididunt consectetur ut Lorem amet dolore dolor sed et sit magna tempor elit do aliqua. labore adipiscing eiusmod ut tempor et elit dolore do amet sit aliqua. consectetur labore incididunt magna adipiscing ipsum dolor Lorem eiusmod sed incididunt elit Lorem eiusmod do et magna ipsum tempor sit labore adipiscing amet aliqua. consectetur dolor sed ut dolore magna consectetur sit incididunt dolore ut elit eiusmod dolor ipsum sed Lorem aliqua. labore adipiscing do et amet tempor et magna ut consectetur Lorem do ipsum dolore adipiscing labore elit incididunt amet dolor aliqua. eiusmod sed sit tempor sed ipsum magna aliqua. et elit adipiscing sit tempor dolore eiusmod do amet incididunt Lorem ut consectetur labore dolor amet sed dolore eiusmod sit magna ut dolor incididunt Lorem adipiscing et aliqua. elit ipsum do labore consectetur tempor adipiscing do incididunt Lorem aliqua. consectetur tempor labore et elit sit magna amet ipsum ut dolore dolor eiusmod sed Lorem aliqua. et adipiscing ipsum amet eiusmod dolor consectetur magna labore tempor sit sed dolore incididunt elit ut do adipiscing sit Lorem ipsum ut incididunt tempor , factors factors factors factors factors factors factors factors factors factors factors factors factors factors factors factors factors factors factors factors factors factors factors factors factors factors factors factors factors factors factors factors factors factors factors factors factors factors factors factors factors factors factors factors factors factors factors factors factors factors factors factors factors factors factors factors factors factors factors factors factors factors factors factors,,
req-0016-888380,synthetic,1787903618.6184154,1787903637.6515086,19.033093214035034,0.04878889996325597,0.005616946032248615,"[0.00408179999794811, 0.004175800015218556, 0.00431589997606352, 0.004544400027953088, 0.00515300000552088, 0.005080799979623407, 0.005813000025227666, 0.0054079999681562185, 0.005113899998832494, 0.0049223999958485365, 0.004947800014633685, 0.004847700009122491, 0.005654399981722236, 0.004974699986632913, 0.004992100002709776, 0.005437700019683689, 0.005321200005710125, 0.005710700002964586, 0.0057283000205643475, 0.005180299980565906, 0.006442299985792488, 0.0061843000003136694, 0.006688800000119954, 0.006661800027359277, 0.0062695000087842345, 0.00605969998287037, 0.005767099966760725, 0.005426200048532337, 0.00617819995386526, 0.006640000035986304, 0.005983699986245483, 0.006242599978577346, 0.006971199996769428, 0.005840099998749793, 0.004858100030105561, 0.005257399985566735, 0.005958600027952343, 0.0057634999975562096, 0.005105799995362759, 0.0062135999905876815, 0.0060956000234000385, 0.005805999971926212, 0.005830399983096868, 0.005535700009204447, 0.005907899991143495, 0.005995600018650293, 0.005561299971304834, 0.0066835000179708, 0.005535700009204447, 0.005320900003425777, 0.005464399990160018, 0.005803000007290393, 0.005943799973465502, 0.005320600001141429, 0.005380000045988709, 0.005904699966777116, 0.005201100022532046, 0.0056093999883159995, 0.00631460000295192, 0.006237199995666742, 0.0056730000069364905, 0.00545970001257956, 0.005367100005969405]",0.403949499130249,1787903638.055458,510,64,True,,200,magna labore incididunt dolore Lorem sed elit tempor aliqua. amet dolor et eiusmod adipiscing ipsum sit ut consectetur do ut ipsum Lorem dolore sed amet eiusmod consectetur sit do et aliqua. magna tempor incididunt elit dolor labore adipiscing incididunt magna sed consectetur sit dolore eiusmod dolor et do tempor ipsum aliqua. elit ut Lorem amet adipiscing labore aliqua. dolore magna elit Lorem ipsum consectetur do incididunt et sit ut sed tempor labore adipiscing dolor amet eiusmod adipiscing elit aliqua. ut do et labore dolore tempor sed eiusmod amet magna consectetur Lorem sit ipsum dolor incididunt consectetur do incididunt Lorem et elit sit eiusmod tempor sed ut magna ipsum amet labore adipiscing aliqua. dolore dolor dolor sit ipsum et do adipiscing dolore incididunt Lorem ut sed amet elit magna eiusmod consectetur labore tempor aliqua. et magna labore adipiscing dolore Lorem eiusmod amet ipsum do sed ut incididunt elit tempor sit consectetur aliqua. dolor aliqua. ipsum dolor eiusmod Lorem tempor dolore consectetur sed labore elit adipiscing et amet sit incididunt magna ut do ut ipsum magna incididunt et adipiscing dolor labore consectetur aliqua. tempor Lorem sed dolore amet eiusmod do sit elit incididunt ut amet sit magna sed elit aliqua. tempor labore Lorem eiusmod adipiscing dolor consectetur ipsum et dolore do et aliqua. eiusmod incididunt consectetur sed dolor ut labore elit do dolore tempor Lorem amet sit magna adipiscing ipsum sed sit labore dolore tempor elit eiusmod dolor Lorem adipiscing do ut consectetur amet incididunt et aliqua. magna ipsum incididunt dolore elit et dolor amet labore adipiscing sed sit ut consectetur tempor eiusmod do Lorem ipsum aliqua. magna ipsum aliqua. incididunt sed sit ut tempor labore do magna Lorem dolore eiusmod adipiscing consectetur et elit amet dolor magna ut consectetur ipsum dolor Lorem amet sed sit adipiscing tempor et incididunt labore aliqua. eiusmod do elit dolore aliqua. ut ipsum Lorem adipiscing do eiusmod inc, factors factors factors factors factors factors factors factors factors factors factors factors factors factors factors factors factors factors factors factors factors factors factors factors factors factors factors factors factors factors factors factors factors factors factors factors factors factors factors factors factors factors factors factors factors factors factors factors factors factors factors factors factors factors factors factors factors factors factors factors factors factors factors factors,,
req-0017-3a6ea8,synthetic,1787903618.6184154,1787903638.8284638,20.21004843711853,0.06274859997211024,0.005854880952808473,"[0.004663300001993775, 0.004657800018321723, 0.004678199999034405, 0.005248699977528304, 0.0055954999988898635, 0.005401300033554435, 0.006099199992604554, 0.006749299995135516, 0.006425299972761422, 0.0056863000500015914, 0.005821399972774088, 0.006471600034274161, 0.00587009999435395, 0.00640929996734485, 0.0066980000119656324, 0.0059973999741487205, 0.006447800027672201, 0.006517199974041432, 0.006040200009010732, 0.005985199997667223, 0.006151999987196177, 0.007235500030219555, 0.005481200001668185, 0.006076199992094189, 0.006017200008500367, 0.005531499977223575, 0.005626300000585616, 0.005340200033970177, 0.005827399960253388, 0.005887300008907914, 0.005952700041234493, 0.00610259996028617, 0.006196300033479929, 0.00561669998569414, 0.005545000021811575, 0.0053381999605335295, 0.005522200022824109, 0.006047300004865974, 0.005493299977388233, 0.006263800023589283, 0.006832699989899993, 0.006609199976082891, 0.005855900002643466, 0.0059563000104390085, 0.005607100029010326, 0.00550709996605292, 0.005617199989501387, 0.006074100034311414, 0.005566900013945997, 0.0057666999637149274, 0.005612700013443828, 0.0056733000092208385, 0.005468099960125983, 0.00623620004625991, 0.006001600006129593, 0.005919399962294847, 0.006672499992419034, 0.005479999992530793, 0.005600000033155084, 0.0046947000082582235, 0.005349699989892542, 0.005866799969226122, 0.006173300032969564]",0.4329202175140381,1787903639.261384,511,64,True,,200,eiusmod do aliqua. dolor Lorem et magna sed ut amet tempor sit incididunt consectetur ipsum labore adipiscing elit dolore sed aliqua. tempor Lorem adipiscing eiusmod et incididunt ipsum labore do sit consectetur ut dolor magna elit dolore amet magna do dolor incididunt labore sit ipsum tempor Lorem adipiscing eiusmod et dolore sed aliqua. elit amet ut consectetur aliqua. dolor incididunt tempor ut do dolore adipiscing magna sit consectetur elit labore ipsum eiusmod amet Lorem sed et adipiscing et dolore ipsum eiusmod labore magna amet elit dolor sed tempor do consectetur aliqua. incididunt ut sit Lorem incididunt eiusmod tempor sit consectetur et dolor Lorem sed amet ut do labore elit dolore magna ipsum adipiscing aliqua. adipiscing dolor do amet tempor eiusmod sit sed Lorem incididunt labore consectetur aliqua. ipsum elit dolore ut et magna amet dolore et eiusmod sit dolor adipiscing consectetur ipsum Lorem magna elit sed tempor labore aliqua. do incididunt ut do ut ipsum elit labore sed consectetur et Lorem tempor adipiscing aliqua. dolor dolore eiusmod magna amet incididunt sit magna incididunt do aliqua. et eiusmod ipsum dolore ut adipiscing elit sed sit consectetur labore dolor tempor Lorem amet eiusmod tempor sed amet incididunt elit ipsum magna Lorem ut et do dolor sit labore consectetur aliqua. adipiscing dolore consectetur aliqua. adipiscing eiusmod do elit labore incididunt ut dolor dolore amet sit ipsum et sed Lorem tempor magna Lorem ipsum ut elit sit incididunt et dolor eiusmod labore tempor consectetur amet dolore sed do magna adipiscing aliqua. eiusmod incididunt tempor aliqua. ipsum dolore sit adipiscing dolor do Lorem ut sed et consectetur elit amet magna labore ut dolor labore do consectetur Lorem tempor aliqua. et adipiscing elit sit dolore sed magna ipsum incididunt amet eiusmod eiusmod consectetur sit Lorem dolor incididunt adipiscing labore elit ipsum dolore et ut sed aliqua. do tempor magna amet consectetur eiusmod adipiscing Lorem dolore temp, factors factors factors factors factors factors factors factors factors factors factors factors factors factors factors factors factors factors factors factors factors factors factors factors factors factors factors factors factors factors factors factors factors factors factors factors factors factors factors factors factors factors factors factors factors factors factors factors factors factors factors factors factors factors factors factors factors factors factors factors factors factors factors factors,,
req-0018-20e48a,synthetic,1787903618.6184154,1787903639.9937956,21.375380277633667,0.05646110000088811,0.0055782714283966,"[0.0044720000005327165, 0.004685299994889647, 0.0046098000020720065, 0.00540929997805506, 0.005463300039991736, 0.005081299983430654, 0.006180399970617145, 0.005641600000672042, 0.006557200045790523, 0.0057487000012770295, 0.005706799973268062, 0.005918200011365116, 0.006159299984574318, 0.0052217000047676265, 0.006879499997012317, 0.005363999982364476, 0.005667300021741539, 0.005955200002063066, 0.005709299992304295, 0.005483200016897172, 0.005545899970456958, 0.005734300008043647, 0.006091899995226413, 0.005392700026277453, 0.005455699982121587, 0.005425799987278879, 0.005234500044025481, 0.005195799982175231, 0.0057749999687075615, 0.0055671000154688954, 0.006279600027482957, 0.005701799993403256, 0.005380599992349744, 0.006066099973395467, 0.004787700017914176, 0.0055121000041253865, 0.0056306999758817255, 0.005415900028310716, 0.005754199984949082, 0.005835400021169335, 0.0057755999732762575, 0.005486300040502101, 0.005576799972914159, 0.005466900009196252, 0.00601090001873672, 0.005298399948514998, 0.00530560000333935, 0.005143300048075616, 0.005322299955878407, 0.005306900013238192, 0.005584500031545758, 0.005407899967394769, 0.0055127000086940825, 0.005521900020539761, 0.005540299986023456, 0.005238400015514344, 0.005761299980804324, 0.0064409999758936465, 0.005413600010797381, 0.0054789999849163, 0.005622200027573854, 0.005481000000145286, 0.006038099993020296]",0.40899205207824707,1787903640.4027877,510,64,True,,200,ipsum ut elit sit labore eiusmod Lorem magna tempor amet et aliqua. sed dolore do consectetur incididunt adipiscing dolor incididunt dolor ipsum labore adipiscing magna tempor aliqua. ut Lorem sed eiusmod elit sit amet do et dolore consectetur dolor sed do consectetur elit ut tempor ipsum et Lorem eiusmod dolore aliqua. magna amet adipiscing incididunt sit labore eiusmod Lorem do labore adipiscing aliqua. et amet sed ipsum magna incididunt dolore consectetur dolor ut tempor elit sit sit magna consectetur labore sed adipiscing do dolor et amet ipsum elit aliqua. Lorem ut tempor dolore incididunt eiusmod aliqua. magna ut sed adipiscing incididunt ipsum et do consectetur eiusmod labore amet dolor dolore Lorem elit sit tempor et ipsum amet do aliqua. tempor magna dolore dolor elit sed sit ut adipiscing eiusmod incididunt consectetur Lorem labore sit magna elit eiusmod amet ipsum dolore consectetur incididunt aliqua. dolor do labore Lorem tempor et sed ut adipiscing dolore incididunt dolor adipiscing ipsum do labore tempor sed ut elit magna amet consectetur et Lorem sit eiusmod aliqua. sit aliqua. et ut dolore incididunt adipiscing eiusmod magna sed tempor consectetur ipsum Lorem do dolor elit labore amet Lorem ut eiusmod et dolor incididunt consectetur dolore labore elit adipiscing aliqua. do amet sit magna sed ipsum tempor aliqua. eiusmod incididunt magna ut et sit consectetur sed dolor elit do Lorem labore tempor amet dolore ipsum adipiscing dolore amet dolor consectetur labore et tempor adipiscing do sit eiusmod ipsum ut incididunt magna Lorem sed elit aliqua. do elit ut incididunt ipsum labore eiusmod sed dolor amet tempor adipiscing consectetur dolore sit magna aliqua. Lorem et dolor eiusmod adipiscing amet ipsum dolore aliqua. labore elit Lorem et sit tempor ut magna do consectetur incididunt sed dolore elit eiusmod ipsum ut do labore aliqua. sed adipiscing tempor magna amet et incididunt dolor Lorem sit consectetur sed ipsum consectetur adipiscing do tempor dolor, stairs stairs stairs stairs stairs stairs stairs stairs stairs stairs stairs stairs stairs stairs stairs stairs stairs stairs stairs stairs stairs stairs stairs stairs stairs stairs stairs stairs stairs stairs stairs stairs stairs stairs stairs stairs stairs stairs stairs stairs stairs stairs stairs stairs stairs stairs stairs stairs stairs stairs stairs stairs stairs stairs stairs stairs stairs stairs stairs stairs stairs stairs stairs stairs,,
req-0019-0343d0,synthetic,1787903618.6184154,1787903641.1792724,22.56085705757141,0.06376269995234907,0.0052876793650082415,"[0.004556800005957484, 0.004469700041227043, 0.004869299998972565, 0.0047688999911770225, 0.004678800003603101, 0.005424199975095689, 0.0050685000023804605, 0.0049801000277511775, 0.005543799954466522, 0.005274900002405047, 0.004997700045350939, 0.005643899959977716, 0.005100600013975054, 0.004885800008196384, 0.00524640001822263, 0.0048850999446585774, 0.005202400032430887, 0.005738699983339757, 0.005178800027351826, 0.0055896000121720135, 0.005741699947975576, 0.005285100021865219, 0.005134099978022277, 0.005851000023540109, 0.0051515999948605895, 0.0049989999970421195, 0.005076900008134544, 0.004954700008966029, 0.005562599981203675, 0.005177700018975884, 0.0049986999947577715, 0.004971700021997094, 0.005530499969609082, 0.00542420003330335, 0.0052535999566316605, 0.005203999986406416, 0.005108700017444789, 0.005270400026347488, 0.0056164999841712415, 0.006316700018942356, 0.005412900005467236, 0.005320800002664328, 0.005165399983525276, 0.005367400008253753, 0.005211199983023107, 0.005084200005512685, 0.005605900019872934, 0.005284999962896109, 0.004919700033497065, 0.005427600000984967, 0.004752499982714653, 0.004998799995519221, 0.005906099977437407, 0.00530710001476109, 0.005004499980714172, 0.005651000014040619, 0.005068099999334663, 0.0052693000179715455, 0.006201100011821836, 0.0051083999569527805, 0.00554130005184561, 0.007278299948666245, 0.005503799999132752]",0.39818859100341797,1787903641.577461,510,64,True,,200,magna Lorem amet ut eiusmod labore sed ipsum et aliqua. elit sit incididunt consectetur tempor dolor do adipiscing dolore ut sit labore magna eiusmod tempor do aliqua. consectetur ipsum dolore adipiscing Lorem incididunt sed amet dolor et elit consectetur dolor amet labore tempor elit sed magna dolore ut ipsum et aliqua. sit do adipiscing eiusmod incididunt Lorem ipsum tempor Lorem amet aliqua. adipiscing dolore incididunt labore sit ut elit do dolor eiusmod et magna consectetur sed dolore ipsum tempor aliqua. magna elit adipiscing consectetur Lorem ut amet dolor eiusmod sed et do incididunt labore sit magna consectetur do elit dolor sed aliqua. dolore tempor adipiscing labore ut Lorem incididunt et sit ipsum amet eiusmod et dolor eiusmod incididunt Lorem sit tempor sed aliqua. adipiscing dolore labore magna amet consectetur ut do ipsum elit magna tempor amet Lorem elit dolor sed dolore sit aliqua. labore et ut do incididunt adipiscing consectetur eiusmod ipsum labore ut elit sit eiusmod sed do tempor Lorem ipsum dolore et amet dolor magna aliqua. incididunt adipiscing consectetur Lorem aliqua. ipsum magna elit tempor sit sed ut et consectetur amet dolor eiusmod incididunt adipiscing do dolore labore sit sed eiusmod dolor aliqua. ut dolore amet ipsum et Lorem tempor incididunt magna do adipiscing elit labore consectetur eiusmod ipsum labore elit consectetur incididunt tempor magna adipiscing sed dolor do ut Lorem amet et aliqua. dolore sit amet dolor labore dolore ut magna et ipsum do consectetur aliqua. sed tempor elit eiusmod adipiscing sit incididunt Lorem adipiscing elit magna consectetur tempor et sed eiusmod dolore amet ipsum do dolor sit Lorem aliqua. labore incididunt ut Lorem adipiscing dolor tempor ipsum dolore magna sed aliqua. incididunt consectetur eiusmod do labore sit ut elit et amet ipsum et elit consectetur Lorem aliqua. labore amet eiusmod sit incididunt magna adipiscing sed do dolore tempor ut dolor adipiscing aliqua. do incididunt labore consecte, factors factors factors factors factors factors factors factors factors factors factors factors factors factors factors factors factors factors factors factors factors factors factors factors factors factors factors factors factors factors factors factors factors factors factors factors factors factors factors factors factors factors factors factors factors factors factors factors factors factors factors factors factors factors factors factors factors factors factors factors factors factors factors factors,,
req-0020-fb70ac,synthetic,1787903618.6184154,1787903642.3115249,23.6931095123291,0.04930299997795373,0.005776584127156567,"[0.004298300016671419, 0.00423000002047047, 0.004170299973338842, 0.004397000011522323, 0.006103199964854866, 0.004763800010550767, 0.004827000026125461, 0.005500799976289272, 0.006336699996609241, 0.0066158000263385475, 0.005819300014991313, 0.0065128999995067716, 0.0059822999755851924, 0.005504900007508695, 0.006489299994427711, 0.006778399983886629, 0.005546300031710416, 0.00562569999601692, 0.005833800008986145, 0.005401699978392571, 0.005938099988270551, 0.006237900000996888, 0.006631000025663525, 0.006007399992085993, 0.0059222999843768775, 0.0055970000103116035, 0.0059290999779477715, 0.005206100002396852, 0.007263000006787479, 0.005392400023993105, 0.005452000012155622, 0.006204499979503453, 0.0059427000232972205, 0.0058509999653324485, 0.005589800013694912, 0.005205499997828156, 0.005567600019276142, 0.005626500002108514, 0.005418499989900738, 0.005768299975898117, 0.005748900002799928, 0.005598500021733344, 0.005724399990867823, 0.005494899989571422, 0.00546259997645393, 0.006223900010809302, 0.005383500014431775, 0.007134400017093867, 0.0067520999582484365, 0.005822600040119141, 0.006756799994036555, 0.006424699968192726, 0.006132300011813641, 0.005568400025367737, 0.005404800001997501, 0.005652899970300496, 0.0057830000296235085, 0.005648799997288734, 0.005445299961138517, 0.006008800002746284, 0.006434200040530413, 0.006004099966958165, 0.005826700013130903]",0.4146862030029297,1787903642.726211,511,64,True,,200,elit dolore sit labore et incididunt tempor do consectetur eiusmod magna adipiscing Lorem aliqua. amet ut dolor sed ipsum labore sit et magna consectetur adipiscing amet ipsum sed dolor ut tempor eiusmod dolore Lorem aliqua. elit incididunt do do sit eiusmod et ut tempor amet magna Lorem elit adipiscing consectetur labore incididunt ipsum sed aliqua. dolore dolor dolor amet labore et ipsum consectetur elit ut magna sit eiusmod adipiscing do Lorem tempor dolore sed incididunt aliqua. magna tempor Lorem labore aliqua. ut ipsum dolore et adipiscing sed consectetur incididunt amet sit elit dolor eiusmod do dolor incididunt labore do sit adipiscing tempor consectetur Lorem sed magna amet ipsum dolore et aliqua. ut elit eiusmod amet et labore consectetur aliqua. sit ipsum ut tempor magna elit adipiscing Lorem incididunt sed do dolor eiusmod dolore aliqua. magna eiusmod ut et incididunt consectetur labore sed adipiscing ipsum sit dolor Lorem dolore do tempor elit amet elit ut dolore aliqua. adipiscing labore sit do incididunt consectetur Lorem ipsum amet et sed dolor tempor magna eiusmod adipiscing consectetur sit dolor sed aliqua. tempor incididunt magna labore elit Lorem do dolore ipsum ut et amet eiusmod adipiscing tempor labore do incididunt amet sit dolore ut dolor aliqua. Lorem ipsum consectetur magna elit sed eiusmod et dolore sit consectetur amet Lorem elit dolor eiusmod aliqua. incididunt et adipiscing magna ut do labore sed tempor ipsum ut do consectetur aliqua. et sit amet elit eiusmod incididunt ipsum dolore magna dolor adipiscing sed labore Lorem tempor et magna ut incididunt consectetur labore tempor eiusmod dolore amet Lorem adipiscing elit dolor sit do aliqua. ipsum sed incididunt eiusmod et adipiscing Lorem aliqua. sit amet consectetur sed labore tempor do ut ipsum dolore elit dolor magna labore magna incididunt et consectetur ut sit Lorem ipsum dolore aliqua. tempor dolor elit amet adipiscing sed do eiusmod ut do tempor elit et dolor consectetur dolore am, factors factors factors factors factors factors factors factors factors factors factors factors factors factors factors factors factors factors factors factors factors factors factors factors factors factors factors factors factors factors factors factors factors factors factors factors factors factors factors factors factors factors factors factors factors factors factors factors factors factors factors factors factors factors factors factors factors factors factors factors factors factors factors factors,,
req-0021-71843e,synthetic,1787903618.6184154,1787903643.488537,24.870121717453003,0.05169509997358546,0.005291290475898201,"[0.004442600009497255, 0.004368000023532659, 0.00400019995868206, 0.004781300027389079, 0.00496190000558272, 0.00491289998171851, 0.004722799989394844, 0.006442000041715801, 0.004520999966189265, 0.005034300033003092, 0.005546599975787103, 0.005105299991555512, 0.004865900031290948, 0.005645799974445254, 0.004936099983751774, 0.005145000002812594, 0.004934800032060593, 0.005161999957635999, 0.004915199999231845, 0.005279500037431717, 0.005247499968390912, 0.005175500002223998, 0.00561819999711588, 0.004967499990016222, 0.004896900034509599, 0.006972000002861023, 0.004791899991687387, 0.004792599997017533, 0.00523599999723956, 0.004698199976701289, 0.0048774000024423, 0.006138900003861636, 0.00589980004588142, 0.00488929997663945, 0.0057477999944239855, 0.004725300008431077, 0.005799999984446913, 0.005501100036781281, 0.0050678999978117645, 0.005180899985134602, 0.004933000018354505, 0.0050805999781005085, 0.005060600000433624, 0.005405700008850545, 0.004924400011077523, 0.005182499997317791, 0.005356399982701987, 0.004891799995675683, 0.005032400018535554, 0.0052239999640733, 0.005100800015497953, 0.0047571000177413225, 0.005834699957631528, 0.005519400001503527, 0.006796300003770739, 0.006399800011422485, 0.006129199988208711, 0.005713600025046617, 0.00576929998351261, 0.005830999987665564, 0.006448900036048144, 0.006185900012496859, 0.005825999949593097]",0.38623714447021484,1787903643.8747742,512,64,True,,200,incididunt ipsum elit do eiusmod sit aliqua. ut dolor tempor labore et amet adipiscing dolore consectetur Lorem magna sed et dolor magna sed ipsum tempor labore eiusmod adipiscing amet dolore elit consectetur sit Lorem do aliqua. ut incididunt Lorem incididunt sit et ipsum tempor dolore elit aliqua. labore adipiscing magna dolor eiusmod amet sed do ut consectetur adipiscing elit do dolore labore ipsum tempor eiusmod consectetur et ut Lorem aliqua. incididunt sed sit amet magna dolor et labore Lorem eiusmod elit incididunt aliqua. consectetur ipsum amet sed dolor ut tempor dolore magna adipiscing sit do consectetur sit amet elit et ut incididunt do sed magna eiusmod dolore tempor adipiscing aliqua. ipsum labore Lorem dolor tempor et sit adipiscing eiusmod sed labore dolore magna do incididunt consectetur ipsum aliqua. Lorem amet dolor elit ut consectetur et amet Lorem incididunt tempor do dolore ipsum labore magna eiusmod adipiscing sed ut dolor aliqua. elit sit elit labore consectetur ipsum Lorem do amet sit magna dolore adipiscing et dolor tempor sed eiusmod incididunt aliqua. ut amet dolor adipiscing tempor ipsum ut eiusmod dolore magna Lorem elit sit aliqua. labore incididunt consectetur do et sed magna amet adipiscing consectetur ut do ipsum Lorem labore aliqua. elit sed et sit eiusmod dolore tempor incididunt dolor ipsum eiusmod sed labore magna et elit sit dolor incididunt aliqua. tempor dolore amet do Lorem adipiscing ut consectetur Lorem adipiscing labore eiusmod elit dolor tempor incididunt sed et amet aliqua. consectetur ipsum do sit ut dolore magna Lorem dolore consectetur aliqua. eiusmod ipsum incididunt sed tempor amet sit do dolor labore magna adipiscing elit et ut do ut tempor Lorem incididunt ipsum sit sed aliqua. dolore et elit labore amet dolor eiusmod adipiscing magna consectetur sed ipsum adipiscing Lorem sit dolore aliqua. tempor incididunt magna eiusmod consectetur ut et dolor labore elit do amet aliqua. tempor dolore do labore sed consectetur , factors factors factors factors factors factors factors factors factors factors factors factors factors factors factors factors factors factors factors factors factors factors factors factors factors factors factors factors factors factors factors factors factors factors factors factors factors factors factors factors factors factors factors factors factors factors factors factors factors factors factors factors factors factors factors factors factors factors factors factors factors factors factors factors,,
req-0022-67485e,synthetic,1787903618.6184154,1787903644.6420357,26.02362036705017,0.05446059996029362,0.005493252381076297,"[0.004467900027520955, 0.004309299984015524, 0.004340599989518523, 0.004398500022944063, 0.0048581999726593494, 0.004601599997840822, 0.004727700026705861, 0.005973600025754422, 0.005125399969983846, 0.005363599979318678, 0.005308200023137033, 0.004805499978829175, 0.005147800024133176, 0.005120799993164837, 0.005882600031327456, 0.005611100001260638, 0.00503589998697862, 0.004838599998038262, 0.004644199972972274, 0.004821699985768646, 0.005134000035468489, 0.004894500016234815, 0.004692799993790686, 0.005119099980220199, 0.006717799988109618, 0.0062183000263758, 0.005920599971432239, 0.005944100033957511, 0.007085199991706759, 0.005933400010690093, 0.0059852999984286726, 0.006220899987965822, 0.006062500004190952, 0.005618099996354431, 0.005347899976186454, 0.005299500015098602, 0.005292500020004809, 0.005357099988032132, 0.005105899996124208, 0.005645399971399456, 0.005370600032620132, 0.005632799991872162, 0.005791999981738627, 0.006478500028606504, 0.005896599963307381, 0.00598720001289621, 0.007132800004910678, 0.004159800009801984, 0.005319599993526936, 0.0055318999802693725, 0.006397000048309565, 0.00551289995200932, 0.005613100016489625, 0.005194100027438253, 0.0051166999619454145, 0.005797100020572543, 0.00661829998716712, 0.0058314999914728105, 0.006023599999025464, 0.005506900022737682, 0.00531300000147894, 0.005834000010509044, 0.0070371999754570425]",0.4018702507019043,1787903645.043906,510,64,True,,200,labore magna sed eiusmod adipiscing tempor sit ut ipsum Lorem incididunt amet dolore dolor et consectetur do aliqua. elit eiusmod dolor ut incididunt magna do amet dolore sit ipsum Lorem adipiscing labore sed et aliqua. elit consectetur tempor consectetur amet elit tempor aliqua. adipiscing magna do dolor ipsum incididunt dolore eiusmod sit Lorem et labore ut sed amet Lorem consectetur adipiscing elit dolore labore sed aliqua. dolor sit magna tempor ipsum eiusmod et incididunt do ut do sit adipiscing incididunt ut magna amet elit tempor labore et eiusmod consectetur dolor sed dolore aliqua. ipsum Lorem aliqua. et dolor labore amet magna ipsum ut eiusmod elit sit sed adipiscing tempor dolore incididunt do consectetur Lorem adipiscing magna incididunt aliqua. sit et dolor amet do eiusmod sed ut labore Lorem elit ipsum consectetur tempor dolore sit tempor labore dolore adipiscing sed ut amet ipsum dolor magna aliqua. consectetur eiusmod do incididunt et elit Lorem Lorem amet do adipiscing dolor et dolore sed incididunt magna sit ipsum ut tempor consectetur labore eiusmod elit aliqua. ut labore incididunt et sit elit magna ipsum dolor amet tempor eiusmod Lorem adipiscing sed do aliqua. dolore consectetur eiusmod et amet ipsum sit adipiscing Lorem tempor elit incididunt labore aliqua. consectetur dolore dolor sed do ut magna tempor magna consectetur amet incididunt dolore aliqua. elit Lorem labore sed adipiscing eiusmod do sit ut dolor et ipsum dolore adipiscing labore incididunt ut do et amet ipsum eiusmod magna Lorem tempor sit dolor aliqua. elit sed consectetur sit ut ipsum dolore dolor sed labore et amet do eiusmod Lorem consectetur tempor incididunt aliqua. adipiscing elit magna et labore dolor magna dolore elit eiusmod amet adipiscing incididunt tempor aliqua. Lorem consectetur sed ipsum do ut sit consectetur Lorem adipiscing incididunt sed ut ipsum do elit tempor dolore magna labore sit eiusmod amet aliqua. dolor et incididunt sed et amet tempor magna labore aliqu, stairs stairs stairs stairs stairs stairs stairs stairs stairs stairs stairs stairs stairs stairs stairs stairs stairs stairs stairs stairs stairs stairs stairs stairs stairs stairs stairs stairs stairs stairs stairs stairs stairs stairs stairs stairs stairs stairs stairs stairs stairs stairs stairs stairs stairs stairs stairs stairs stairs stairs stairs stairs stairs stairs stairs stairs stairs stairs stairs stairs stairs stairs stairs stairs,,
req-0023-140e78,synthetic,1787903618.6184154,1787903645.8037667,27.185351371765137,0.061143299972172827,0.005622260317775524,"[0.004934500029776245, 0.00447579997126013, 0.004682400031015277, 0.005899099982343614, 0.005203099979553372, 0.006071100011467934, 0.006047000002581626, 0.005553600029088557, 0.006377299956511706, 0.005809499998576939, 0.005797900026664138, 0.005534800002351403, 0.005250699992757291, 0.005682700022589415, 0.005666299955919385, 0.0058031000080518425, 0.005657100002281368, 0.005608699982985854, 0.006006700044963509, 0.005597899958956987, 0.005372100044041872, 0.007032900000922382, 0.005279599979985505, 0.005339499970432371, 0.005892000044696033, 0.005651899962686002, 0.005705300020053983, 0.00619460002053529, 0.005262399965431541, 0.0053397000301629305, 0.005475599959027022, 0.005232500028796494, 0.005380099988542497, 0.005404499999713153, 0.005351700005121529, 0.005406800017226487, 0.005666100012604147, 0.005460699961986393, 0.005835200019646436, 0.005463199981022626, 0.005322900018654764, 0.005721199966501445, 0.005208900023717433, 0.007450099976267666, 0.004065200046170503, 0.005854799994267523, 0.0056711999932304025, 0.005738599982578307, 0.005813400028273463, 0.006487199978437275, 0.005708799988497049, 0.006157300027552992, 0.005478199978824705, 0.006388399982824922, 0.005843000020831823, 0.005516999983228743, 0.005156400031410158, 0.005780800012871623, 0.00552339997375384, 0.00573690002784133, 0.005475799960549921, 0.005317800038028508, 0.005379399983212352]",0.4165832996368408,1787903646.22035,511,64,True,,200,amet adipiscing dolore magna sed consectetur Lorem tempor do ut sit incididunt et dolor eiusmod elit labore ipsum aliqua. ut eiusmod magna aliqua. consectetur sit dolore labore amet do incididunt tempor sed ipsum Lorem dolor adipiscing et elit et consectetur sit do incididunt dolor adipiscing Lorem magna amet ut tempor aliqua. dolore sed elit eiusmod ipsum labore eiusmod Lorem sit dolore consectetur aliqua. do amet labore et incididunt magna tempor ipsum adipiscing sed ut elit dolor sed adipiscing ipsum dolore incididunt dolor elit ut amet magna labore Lorem tempor consectetur do et sit eiusmod aliqua. aliqua. adipiscing do ipsum sed amet ut dolor dolore labore sit Lorem magna et elit tempor consectetur eiusmod incididunt adipiscing aliqua. sed Lorem do sit dolor amet ut dolore elit magna tempor incididunt consectetur ipsum et labore eiusmod tempor dolor et elit eiusmod ut Lorem consectetur amet do sed magna labore ipsum incididunt aliqua. sit adipiscing dolore et labore sed eiusmod adipiscing sit incididunt do ipsum magna consectetur aliqua. dolor elit amet Lorem ut dolore tempor dolor adipiscing ut tempor Lorem ipsum consectetur dolore incididunt elit sed eiusmod labore amet magna aliqua. do et sit aliqua. incididunt dolor consectetur labore et ut elit ipsum magna tempor sit eiusmod adipiscing sed do dolore amet Lorem ipsum magna elit incididunt do dolore labore amet sed eiusmod tempor dolor ut et sit consectetur aliqua. adipiscing Lorem elit ipsum consectetur ut et incididunt labore dolor sit eiusmod sed adipiscing tempor magna dolore do amet Lorem aliqua. amet eiusmod sed elit adipiscing labore Lorem aliqua. do sit consectetur magna incididunt ipsum ut tempor et dolor dolore magna consectetur adipiscing ut eiusmod Lorem do dolor sed labore elit tempor dolore amet aliqua. et ipsum incididunt sit dolore amet adipiscing et aliqua. labore ipsum dolor sed elit eiusmod sit tempor incididunt magna do consectetur ut Lorem labore incididunt Lorem consectetur ipsum eiusmo, stairs stairs stairs stairs stairs stairs stairs stairs stairs stairs stairs stairs stairs stairs stairs stairs stairs stairs stairs stairs stairs stairs stairs stairs stairs stairs stairs stairs stairs stairs stairs stairs stairs stairs stairs stairs stairs stairs stairs stairs stairs stairs stairs stairs stairs stairs stairs stairs stairs stairs stairs stairs stairs stairs stairs stairs stairs stairs stairs stairs stairs stairs stairs stairs,,
req-0024-f4aaa2,synthetic,1787903618.6184154,1787903647.019092,28.400676727294922,0.05519439995987341,0.005644717460705174,"[0.003965600044466555, 0.004313799960073084, 0.004141899989917874, 0.0047500000218860805, 0.00460340001154691, 0.0046536999871023, 0.005675700027495623, 0.0050760000012815, 0.005058799986727536, 0.005093500018119812, 0.0053183999843895435, 0.004986599960830063, 0.005572100053541362, 0.005074899992905557, 0.004806199984159321, 0.005494299985002726, 0.005275400006212294, 0.0054775000317022204, 0.005416599975433201, 0.0060403000097721815, 0.005939299997407943, 0.00590119999833405, 0.005105199990794063, 0.005505800014361739, 0.005713299964554608, 0.005606000020634383, 0.005708999990019947, 0.00591750000603497, 0.005836500029545277, 0.0074139999924227595, 0.0079799999948591, 0.006410999980289489, 0.006021899986080825, 0.005759800027590245, 0.006123600003775209, 0.0058095999993383884, 0.005583399964962155, 0.006328900053631514, 0.0057107999455183744, 0.005798300029709935, 0.006089499976951629, 0.005606000020634383, 0.005870599998161197, 0.007456100021954626, 0.00580789998639375, 0.005504300002939999, 0.005975399981252849, 0.0059093000018037856, 0.005771299998741597, 0.0056650000042282045, 0.006043699977453798, 0.0056656000087969005, 0.0059226000448688865, 0.006619599997065961, 0.005801099992822856, 0.0059154999908059835, 0.006210100022144616, 0.00513219996355474, 0.005606000020634383, 0.005401099973823875, 0.005569000029936433, 0.005568099964875728, 0.005537400022149086]",0.41205716133117676,1787903647.4311492,510,64,True,,200,consectetur tempor aliqua. elit do sed dolor et incididunt eiusmod labore ut adipiscing magna amet dolore Lorem sit ipsum elit adipiscing amet labore magna dolore incididunt tempor do dolor sed eiusmod Lorem ipsum et consectetur sit ut aliqua. tempor sed dolor ut dolore aliqua. Lorem amet ipsum elit labore et eiusmod magna consectetur incididunt do adipiscing sit incididunt labore consectetur aliqua. tempor adipiscing elit sit et do sed ut ipsum magna amet dolor dolore eiusmod Lorem incididunt sed ut adipiscing et eiusmod ipsum amet do consectetur elit labore dolor dolore tempor magna Lorem sit aliqua. consectetur amet et ipsum eiusmod Lorem sed aliqua. dolore elit labore adipiscing do magna ut incididunt tempor sit dolor aliqua. magna dolor Lorem et do adipiscing eiusmod sed elit amet ut ipsum tempor incididunt consectetur sit dolore labore amet ipsum tempor elit ut adipiscing do magna eiusmod dolore aliqua. consectetur et Lorem dolor sit incididunt labore sed incididunt dolore ut et elit ipsum sed consectetur adipiscing amet Lorem dolor magna tempor sit labore aliqua. do eiusmod consectetur amet ut labore tempor aliqua. elit incididunt dolore dolor ipsum magna Lorem do sit sed adipiscing et eiusmod eiusmod sit sed ipsum ut et Lorem aliqua. labore dolore incididunt do amet tempor elit dolor magna consectetur adipiscing adipiscing ut labore consectetur amet sit incididunt eiusmod dolore sed et do tempor elit aliqua. dolor ipsum magna Lorem incididunt labore sed aliqua. dolore elit tempor ut adipiscing eiusmod do et Lorem sit consectetur dolor ipsum magna amet dolor magna consectetur labore incididunt sed sit ut Lorem eiusmod do amet dolore tempor adipiscing aliqua. ipsum et elit elit do aliqua. ut et sit magna incididunt dolore ipsum adipiscing dolor tempor sed eiusmod labore amet consectetur Lorem et elit magna dolore eiusmod Lorem aliqua. do tempor adipiscing ut dolor consectetur labore incididunt sed ipsum amet sit aliqua. do magna ut eiusmod labore elit incididu, factors factors factors factors factors factors factors factors factors factors factors factors factors factors factors factors factors factors factors factors factors factors factors factors factors factors factors factors factors factors factors factors factors factors factors factors factors factors factors factors factors factors factors factors factors factors factors factors factors factors factors factors factors factors factors factors factors factors factors factors factors factors factors factors,,
req-0025-2cc51a,synthetic,1787903618.6184154,1787903648.183519,29.56510353088379,0.06819119997089729,0.005651600000130693,"[0.004613600031007081, 0.004576499981340021, 0.005081400042399764, 0.004738699994049966, 0.005162699962966144, 0.005413700011558831, 0.00541669997619465, 0.005755700054578483, 0.005942499963566661, 0.0061648000264540315, 0.005548999994061887, 0.00578559999121353, 0.0057539999834261835, 0.005398000008426607, 0.006107499997597188, 0.00540640001418069, 0.005645099969115108, 0.005456300044897944, 0.006611799995880574, 0.005670699989423156, 0.005561699974350631, 0.005460900021716952, 0.006092800002079457, 0.0054419999942183495, 0.005584699974860996, 0.005774500023107976, 0.005867999978363514, 0.006005500035826117, 0.005606199963949621, 0.005611900007352233, 0.005540999991353601, 0.006639900035224855, 0.0059070999850519, 0.00550109997857362, 0.00632810004753992, 0.0053789999801665545, 0.005423200025688857, 0.005562999984249473, 0.005711800011340529, 0.005982999980915338, 0.005608699982985854, 0.005382500006817281, 0.007994999992661178, 0.004950700036715716, 0.005418799992185086, 0.005267200001981109, 0.0061647999682463706, 0.005354400025680661, 0.005564799997955561, 0.0055460999719798565, 0.005188100039958954, 0.005347199970856309, 0.005967200035229325, 0.006363199965562671, 0.006420499994419515, 0.005389600002672523, 0.005774500023107976, 0.0056668000179342926, 0.005264299979899079, 0.00590559997363016, 0.005357699992600828, 0.005287500040140003, 0.0056294999667443335]",0.4255385398864746,1787903648.6090574,510,64,True,,200,sit ut ipsum et eiusmod adipiscing magna do amet sed consectetur labore Lorem aliqua. dolor tempor dolore incididunt elit et sit eiusmod ut tempor ipsum sed magna consectetur amet dolore elit incididunt do aliqua. labore Lorem adipiscing dolor elit dolore incididunt sit ut et labore aliqua. ipsum sed consectetur do adipiscing magna amet Lorem eiusmod dolor tempor incididunt dolor ut sed elit dolore tempor consectetur sit do Lorem labore adipiscing aliqua. et ipsum eiusmod amet magna ipsum sed et consectetur incididunt tempor elit labore magna eiusmod sit Lorem amet adipiscing aliqua. dolore ut do dolor ut sed labore incididunt do sit aliqua. dolore tempor consectetur magna eiusmod dolor ipsum adipiscing et elit Lorem amet eiusmod sit magna do elit adipiscing ipsum dolore aliqua. labore Lorem consectetur ut tempor dolor incididunt et amet sed amet dolore consectetur elit ipsum sit sed incididunt magna et eiusmod labore dolor aliqua. do adipiscing Lorem tempor ut aliqua. adipiscing dolor sed do tempor magna eiusmod Lorem amet ut consectetur ipsum elit et labore incididunt dolore sit Lorem dolor labore amet adipiscing eiusmod ipsum elit consectetur aliqua. tempor magna ut sit do sed incididunt et dolore dolore aliqua. do eiusmod incididunt tempor amet elit sit dolor consectetur sed magna ut et labore Lorem adipiscing ipsum eiusmod sed adipiscing magna do aliqua. consectetur dolore ut sit tempor ipsum amet elit incididunt et Lorem dolor labore Lorem aliqua. incididunt labore et ut consectetur eiusmod sed sit dolore tempor magna adipiscing dolor amet ipsum do elit elit aliqua. sed magna amet ut tempor consectetur incididunt do dolor adipiscing sit et eiusmod labore ipsum dolore Lorem labore et sit Lorem ipsum eiusmod consectetur magna elit ut incididunt sed dolor amet adipiscing dolore aliqua. do tempor incididunt labore tempor consectetur magna adipiscing dolore et Lorem dolor sed sit elit ut ipsum do aliqua. eiusmod amet amet sed adipiscing dolore ipsum et labore dolor, factors factors factors factors factors factors factors factors factors factors factors factors factors factors factors factors factors factors factors factors factors factors factors factors factors factors factors factors factors factors factors factors factors factors factors factors factors factors factors factors factors factors factors factors factors factors factors factors factors factors factors factors factors factors factors factors factors factors factors factors factors factors factors factors,,
req-0026-702515,synthetic,1787903618.6184154,1787903649.3693316,30.750916242599487,0.06884559994796291,0.005274274603589364,"[0.0042647000518627465, 0.00408319995040074, 0.004281400004401803, 0.004589900025166571, 0.004581700020935386, 0.004780699964612722, 0.005395399988628924, 0.005224600026849657, 0.004850199969951063, 0.005989300028886646, 0.0054991000215522945, 0.004982099984772503, 0.005676599976141006, 0.005125800031237304, 0.004919499973766506, 0.005718600004911423, 0.005004399979952723, 0.004919600032735616, 0.005722799978684634, 0.005455800041090697, 0.005444399954285473, 0.0056711999932304025, 0.005397600005380809, 0.005277200019918382, 0.0054564999882131815, 0.005167499999515712, 0.005211999989114702, 0.005904900026507676, 0.005337800015695393, 0.004943899984937161, 0.005660599970724434, 0.005230400012806058, 0.0048656000290066, 0.006192800006829202, 0.005818899953737855, 0.005515600030776113, 0.005460300017148256, 0.00492929999018088, 0.005261999962385744, 0.005349300045054406, 0.005199999955948442, 0.005086800025310367, 0.005568399967160076, 0.004957200028002262, 0.005183000001125038, 0.0051663999911397696, 0.0048819000367075205, 0.0059834999847225845, 0.004954000003635883, 0.005485399975441396, 0.005475200014188886, 0.004842999973334372, 0.004803000018000603, 0.0067826000158675015, 0.005365899996832013, 0.005128799995873123, 0.005339499970432371, 0.005051300046034157, 0.005051099986303598, 0.005724699993152171, 0.005165899987332523, 0.005241699982434511, 0.006676800025161356]",0.4023628234863281,1787903649.7716944,510,64,True,,200,Lorem magna dolor incididunt elit amet do et ut consectetur sit eiusmod adipiscing tempor labore ipsum sed dolore aliqua. labore amet ut incididunt Lorem sit do tempor sed magna dolor dolore adipiscing consectetur eiusmod ipsum elit et aliqua. amet sed do consectetur dolor elit eiusmod ut et dolore magna Lorem labore adipiscing ipsum tempor incididunt sit aliqua. et amet consectetur labore sed aliqua. tempor ut adipiscing dolor sit dolore Lorem magna do ipsum incididunt elit eiusmod magna elit dolore do eiusmod sit aliqua. consectetur ipsum dolor amet Lorem adipiscing labore incididunt tempor sed ut et consectetur ut do tempor elit Lorem dolore ipsum incididunt adipiscing labore amet aliqua. sed dolor et eiusmod magna sit labore adipiscing do incididunt magna Lorem consectetur dolor et ut elit tempor sed ipsum sit dolore eiusmod aliqua. amet labore aliqua. ipsum dolore magna elit dolor Lorem ut consectetur eiusmod incididunt tempor adipiscing sed do et sit amet aliqua. et dolor dolore tempor labore sit amet ipsum do consectetur adipiscing eiusmod ut magna incididunt elit sed Lorem tempor et incididunt labore do ut sed ipsum magna consectetur eiusmod elit amet dolor sit dolore Lorem adipiscing aliqua. eiusmod sed amet labore incididunt dolor Lorem elit do ipsum adipiscing dolore sit consectetur ut aliqua. tempor magna et sit elit do ipsum magna aliqua. amet eiusmod incididunt sed ut Lorem labore tempor dolor consectetur dolore adipiscing et elit sed eiusmod ut do aliqua. Lorem dolore amet incididunt magna consectetur labore dolor sit ipsum tempor et adipiscing magna tempor dolore Lorem ut consectetur aliqua. eiusmod et labore amet ipsum sed do elit dolor sit adipiscing incididunt amet labore tempor aliqua. consectetur sit incididunt do et Lorem elit ut adipiscing magna ipsum eiusmod dolore dolor sed tempor Lorem et amet ut sed dolor consectetur incididunt elit adipiscing ipsum do sit aliqua. dolore magna eiusmod labore dolor ipsum sed incididunt amet consectetur et l, factors factors factors factors factors factors factors factors factors factors factors factors factors factors factors factors factors factors factors factors factors factors factors factors factors factors factors factors factors factors factors factors factors factors factors factors factors factors factors factors factors factors factors factors factors factors factors factors factors factors factors factors factors factors factors factors factors factors factors factors factors factors factors factors,,
req-0027-418c3f,synthetic,1787903618.6184154,1787903650.5255425,31.907127141952515,0.10370209999382496,0.005461471428769449,"[0.004520900023635477, 0.004438699979800731, 0.004545599978882819, 0.0041461000218987465, 0.004122700018342584, 0.0039502999861724675, 0.005166199989616871, 0.005554199975449592, 0.006078900012653321, 0.0057548999902792275, 0.004366200009826571, 0.005323000019416213, 0.005744299967773259, 0.0050271000363864005, 0.005162999965250492, 0.006970800051931292, 0.005529399961233139, 0.00529980001738295, 0.005420600005891174, 0.005357299989555031, 0.0053585999994538724, 0.005120999994687736, 0.005085000011604279, 0.0057286000228486955, 0.00663749995874241, 0.005285700026433915, 0.006044599984306842, 0.0050063999951817095, 0.0054089000332169235, 0.004685199994128197, 0.004926699970383197, 0.005198600003495812, 0.005268500011879951, 0.00526999996509403, 0.00485390005633235, 0.005737799976486713, 0.004975299991201609, 0.005728100019041449, 0.005823399988003075, 0.0058330000028945506, 0.00568050000583753, 0.006479099974967539, 0.0058824000298045576, 0.005889599968213588, 0.005764500005170703, 0.005856300005689263, 0.005701499991118908, 0.007339700008742511, 0.0055342999985441566, 0.005648299993481487, 0.00601240003015846, 0.0071894999709911644, 0.005999899993184954, 0.006014100043103099, 0.004793799947947264, 0.0057064000284299254, 0.005964200012385845, 0.005405900010373443, 0.0052541999612003565, 0.0057567000039853156, 0.005133500031661242, 0.005213600001297891, 0.005395499989390373]",0.44901299476623535,1787903650.9745555,512,64,True,,200,ipsum magna adipiscing incididunt amet aliqua. dolor et tempor do sit consectetur Lorem elit eiusmod labore sed ut dolore magna eiusmod dolore amet tempor do incididunt sed dolor et sit labore adipiscing aliqua. Lorem ut elit ipsum consectetur sed sit do amet magna aliqua. incididunt adipiscing eiusmod ut et dolore labore dolor Lorem tempor elit consectetur ipsum et elit sed incididunt ipsum adipiscing amet magna sit Lorem dolore tempor eiusmod labore aliqua. do consectetur dolor ut tempor dolore elit et Lorem ipsum do dolor incididunt consectetur eiusmod adipiscing ut aliqua. sed amet magna labore sit sed labore ipsum adipiscing do et elit tempor Lorem ut magna consectetur sit incididunt dolor amet eiusmod aliqua. dolore Lorem adipiscing sed amet magna aliqua. ut consectetur elit labore eiusmod dolor dolore ipsum incididunt do sit tempor et elit incididunt amet do dolore dolor sit Lorem sed magna eiusmod et consectetur adipiscing tempor labore ipsum ut aliqua. adipiscing elit ut amet sed Lorem dolor incididunt aliqua. do eiusmod dolore ipsum labore et sit consectetur tempor magna Lorem adipiscing consectetur do labore dolor aliqua. et ut eiusmod dolore sed ipsum amet sit incididunt magna elit tempor adipiscing labore do ut ipsum sit eiusmod incididunt aliqua. amet et dolor consectetur sed elit magna Lorem tempor dolore amet consectetur dolor sit incididunt magna et adipiscing eiusmod sed aliqua. ipsum labore elit ut dolore Lorem tempor do incididunt Lorem ipsum adipiscing consectetur aliqua. dolor sit amet magna labore elit et do eiusmod dolore sed ut tempor ipsum dolore magna ut amet tempor aliqua. incididunt et sit Lorem consectetur adipiscing do eiusmod labore dolor sed elit do magna eiusmod adipiscing ipsum aliqua. elit sit dolore sed incididunt consectetur amet dolor et labore ut Lorem tempor et ipsum dolor incididunt amet ut sit eiusmod dolore do elit Lorem adipiscing sed aliqua. magna labore tempor consectetur dolore ut adipiscing amet ipsum aliqua. elit et , factors factors factors factors factors factors factors factors factors factors factors factors factors factors factors factors factors factors factors factors factors factors factors factors factors factors factors factors factors factors factors factors factors factors factors factors factors factors factors factors factors factors factors factors factors factors factors factors factors factors factors factors factors factors factors factors factors factors factors factors factors factors factors factors,,
req-0028-5f33ed,synthetic,1787903618.6184154,1787903651.7296154,33.11120009422302,0.049518599989824,0.005556687301520022,"[0.0042981000151485205, 0.00414989999262616, 0.004161000018939376, 0.0043246999848634005, 0.004689799970947206, 0.005579200049396604, 0.0051994999521411955, 0.005367300007492304, 0.005014399997889996, 0.005630500032566488, 0.0055398999829776585, 0.006019700027536601, 0.0058595999726094306, 0.007000999990850687, 0.006162100005894899, 0.005823299987241626, 0.0052211000001989305, 0.00580189999891445, 0.006044500041753054, 0.0061419999692589045, 0.005656599998474121, 0.0058240999933332205, 0.005380299990065396, 0.005549499997869134, 0.006035500031430274, 0.005619000003207475, 0.006332799966912717, 0.005467800016049296, 0.006605700007639825, 0.006379400030709803, 0.005430799967143685, 0.005699500034097582, 0.005298899952322245, 0.005376200017053634, 0.005767700029537082, 0.0060109999612905085, 0.005318299983628094, 0.005937200039625168, 0.005395199987106025, 0.005170500022359192, 0.005874799971934408, 0.005834400013554841, 0.005275400006212294, 0.005617299990262836, 0.00558559998171404, 0.005861399986315519, 0.005562600039411336, 0.005161500012036413, 0.00519439997151494, 0.005235199991147965, 0.005556599993724376, 0.0052557000308297575, 0.0058666999684646726, 0.005176100006792694, 0.0059504000237211585, 0.005266699998173863, 0.005815499986056238, 0.005260400008410215, 0.005897399969398975, 0.005935800028964877, 0.005507000023499131, 0.0053307999623939395, 0.005764100002124906]",0.4008207321166992,1787903652.1304362,512,64,True,,200,elit incididunt magna sit ut do sed et aliqua. consectetur ipsum labore Lorem amet adipiscing dolor dolore tempor eiusmod aliqua. amet ut Lorem magna ipsum dolor elit dolore sed sit consectetur labore eiusmod adipiscing do incididunt tempor et eiusmod consectetur aliqua. do elit et sit Lorem dolor dolore amet incididunt sed labore adipiscing tempor ipsum ut magna incididunt labore amet ut elit tempor sed magna do dolor Lorem consectetur et aliqua. sit ipsum eiusmod dolore adipiscing sit ut do dolor incididunt sed Lorem labore consectetur ipsum tempor elit amet magna adipiscing dolore et eiusmod aliqua. dolor eiusmod ut sed ipsum magna et sit tempor amet consectetur aliqua. do dolore labore incididunt adipiscing elit Lorem elit labore et tempor ut aliqua. dolore ipsum adipiscing magna Lorem incididunt sed amet consectetur do eiusmod dolor sit adipiscing elit tempor consectetur dolor ut sed dolore Lorem eiusmod amet sit incididunt et magna aliqua. labore ipsum do ipsum elit incididunt magna dolore ut et do amet dolor sit adipiscing aliqua. Lorem sed consectetur tempor eiusmod labore sit tempor amet eiusmod labore adipiscing Lorem sed do elit ut incididunt et dolor consectetur aliqua. dolore ipsum magna consectetur elit dolore sed ut Lorem aliqua. ipsum magna sit dolor et labore incididunt adipiscing eiusmod amet do tempor ipsum eiusmod Lorem incididunt amet labore aliqua. et adipiscing tempor sed magna consectetur elit do ut sit dolor dolore do dolor eiusmod ipsum amet labore elit magna sed adipiscing Lorem incididunt sit dolore aliqua. consectetur et tempor ut amet adipiscing do labore aliqua. ut elit sit Lorem tempor consectetur et magna dolor dolore sed incididunt ipsum eiusmod Lorem eiusmod aliqua. amet labore sed dolor ipsum consectetur incididunt et adipiscing ut do elit dolore magna sit tempor elit Lorem ut dolore amet aliqua. dolor eiusmod adipiscing sit et tempor do ipsum labore consectetur sed magna incididunt et consectetur eiusmod ipsum amet ut do dolor se, factors factors factors factors factors factors factors factors factors factors factors factors factors factors factors factors factors factors factors factors factors factors factors factors factors factors factors factors factors factors factors factors factors factors factors factors factors factors factors factors factors factors factors factors factors factors factors factors factors factors factors factors factors factors factors factors factors factors factors factors factors factors factors factors,,
req-0029-3f45f1,synthetic,1787903618.6184154,1787903652.9106324,34.29221701622009,0.05790219997288659,0.005334214286117386,"[0.004380099999252707, 0.003970600024331361, 0.004505300021264702, 0.00562849995912984, 0.005266099993605167, 0.0055133000132627785, 0.006271500024013221, 0.005501999985426664, 0.006406200001947582, 0.004826400021556765, 0.0051716999732889235, 0.005122600006870925, 0.005282700003590435, 0.005565300001762807, 0.005611700005829334, 0.005020099983084947, 0.0053385000210255384, 0.0049498999724164605, 0.005323300021700561, 0.0052896999986842275, 0.005168500007130206, 0.00535160000436008, 0.005038999952375889, 0.005630800034850836, 0.004998199990950525, 0.005402899987529963, 0.005302100034896284, 0.004855399951338768, 0.0054234000272117555, 0.005153900012373924, 0.005206200003158301, 0.00499589997343719, 0.005081099981907755, 0.0054707000381313264, 0.0050802999758161604, 0.004883799992967397, 0.005426699994131923, 0.005158100044354796, 0.005234199983533472, 0.005247200024314225, 0.0067748999572359025, 0.005481400003191084, 0.005426999996416271, 0.005444200010970235, 0.005824599997140467, 0.005335499998182058, 0.005092400009743869, 0.005771700001787394, 0.005194299970753491, 0.005293000023812056, 0.00570570002309978, 0.005877999996300787, 0.005134399980306625, 0.005844200029969215, 0.005251499998848885, 0.0053026999812573195, 0.004885900008957833, 0.005114300001878291, 0.005357599991839379, 0.006554699968546629, 0.005385600030422211, 0.005547999986447394, 0.005398400011472404]",0.39537978172302246,1787903653.3060122,510,64,True,,200,consectetur tempor do adipiscing eiusmod dolore elit sit incididunt sed et magna Lorem dolor labore ipsum aliqua. amet ut do elit aliqua. et dolor eiusmod ut amet consectetur incididunt tempor adipiscing dolore sed labore Lorem magna ipsum sit labore ipsum eiusmod sed Lorem sit ut aliqua. dolore elit et amet magna do tempor dolor adipiscing consectetur incididunt sed dolore labore tempor incididunt do sit ut adipiscing aliqua. Lorem ipsum dolor elit et amet consectetur eiusmod magna aliqua. et do dolore amet eiusmod magna incididunt labore sit adipiscing Lorem ipsum consectetur dolor sed ut elit tempor do eiusmod Lorem elit labore amet ut tempor adipiscing incididunt dolor et magna consectetur sit ipsum sed aliqua. dolore magna sed Lorem ut dolor sit aliqua. eiusmod dolore ipsum do adipiscing elit et consectetur tempor incididunt labore amet dolore aliqua. eiusmod et magna consectetur Lorem ipsum adipiscing amet sed sit labore ut incididunt tempor elit do dolor amet do eiusmod dolor labore elit Lorem consectetur sit magna tempor sed ipsum aliqua. dolore ut adipiscing incididunt et sit adipiscing et Lorem incididunt magna tempor ipsum labore sed consectetur dolore ut aliqua. amet dolor elit eiusmod do sed aliqua. eiusmod Lorem amet incididunt tempor magna sit consectetur dolor et adipiscing do ut ipsum dolore elit labore elit consectetur ipsum ut aliqua. do amet adipiscing dolore Lorem sed incididunt labore dolor magna et sit eiusmod tempor et ut dolore sed amet do dolor sit tempor Lorem incididunt consectetur aliqua. adipiscing labore magna elit eiusmod ipsum amet ipsum ut adipiscing magna eiusmod Lorem do incididunt elit dolor consectetur labore sed dolore et sit aliqua. tempor dolor ut incididunt sed consectetur do adipiscing elit magna amet et Lorem aliqua. labore dolore ipsum tempor eiusmod sit adipiscing elit aliqua. Lorem amet dolor consectetur magna dolore eiusmod ut tempor sit sed do ipsum labore incididunt et magna do aliqua. consectetur incididunt sed eius, factors factors factors factors factors factors factors factors factors factors factors factors factors factors factors factors factors factors factors factors factors factors factors factors factors factors factors factors factors factors factors factors factors factors factors factors factors factors factors factors factors factors factors factors factors factors factors factors factors factors factors factors factors factors factors factors factors factors factors factors factors factors factors factors,,
req-0030-65cbfd,synthetic,1787903618.6184154,1787903654.073661,35.45524573326111,0.05431590002262965,0.005284568254229805,"[0.004219399997964501, 0.004643999971449375, 0.0042331000440754, 0.004809000005479902, 0.004829499986954033, 0.005619300005491823, 0.005777999991551042, 0.005568999971728772, 0.006582300004083663, 0.005531200033146888, 0.00583439995534718, 0.0060048000304959714, 0.005423199967481196, 0.0057786000543273985, 0.005146599956788123, 0.005956800014246255, 0.006632799981161952, 0.005293700029142201, 0.005276500014588237, 0.0055324999848380685, 0.0050002000061795115, 0.0053224999574013054, 0.004509800055529922, 0.0050195999792777, 0.004880499967839569, 0.004746500053443015, 0.0056572999455966055, 0.004776200046762824, 0.005738299980293959, 0.00578120001591742, 0.005131699959747493, 0.004519500012975186, 0.004798599984496832, 0.005477100028656423, 0.005064100027084351, 0.005133599974215031, 0.005170600023120642, 0.005102099967189133, 0.005355200031772256, 0.004999500000849366, 0.00612479995470494, 0.005036999995354563, 0.0047305000480264425, 0.005493399978149682, 0.004968199995346367, 0.005114700004924089, 0.005727600015234202, 0.0046443999744951725, 0.00543170003220439, 0.0059334999532438815, 0.005070300016086549, 0.004945799999404699, 0.005647699988912791, 0.005181400047149509, 0.005120699992403388, 0.0056374999694526196, 0.005000900011509657, 0.0049035000265575945, 0.00631159998010844, 0.0049838999984785914, 0.004976900003384799, 0.005790199968032539, 0.005272800044622272]",0.38848185539245605,1787903654.462143,511,64,True,,200,elit sit dolore amet magna dolor adipiscing ipsum Lorem ut sed consectetur labore do incididunt eiusmod aliqua. tempor et amet ut Lorem sed incididunt ipsum consectetur tempor et eiusmod adipiscing elit dolore magna sit dolor do aliqua. labore ipsum aliqua. dolore incididunt elit amet eiusmod labore sed tempor consectetur do magna ut sit dolor et adipiscing Lorem amet ipsum et tempor consectetur do dolor ut incididunt elit labore dolore sed sit eiusmod Lorem aliqua. adipiscing magna do Lorem labore adipiscing elit sed dolor incididunt tempor sit aliqua. eiusmod et ipsum amet consectetur dolore magna ut eiusmod ipsum incididunt dolore sed do elit magna labore Lorem dolor tempor ut consectetur et amet adipiscing sit aliqua. ut ipsum magna eiusmod amet sit adipiscing aliqua. labore dolore dolor sed Lorem tempor elit consectetur et do incididunt sed incididunt adipiscing magna dolor ipsum elit aliqua. amet tempor et do consectetur dolore labore sit Lorem ut eiusmod labore aliqua. amet adipiscing elit sit dolor incididunt do dolore et Lorem ut consectetur eiusmod tempor ipsum magna sed aliqua. Lorem sed do magna ipsum ut amet tempor incididunt sit dolore eiusmod labore dolor adipiscing et elit consectetur aliqua. ut Lorem incididunt eiusmod consectetur labore tempor sed et adipiscing dolor magna ipsum elit sit do dolore amet sed dolore et tempor dolor adipiscing labore Lorem ipsum amet aliqua. eiusmod magna sit incididunt do consectetur ut elit Lorem incididunt dolore adipiscing do sed elit ut dolor consectetur ipsum amet et tempor labore magna eiusmod sit aliqua. labore elit adipiscing dolor incididunt tempor consectetur sed ipsum dolore amet sit ut eiusmod aliqua. do Lorem et magna eiusmod tempor adipiscing sed labore aliqua. Lorem magna dolor ipsum incididunt ut do dolore sit consectetur elit amet et Lorem sed tempor consectetur amet aliqua. et dolore elit incididunt sit adipiscing dolor ut labore do magna ipsum eiusmod dolore eiusmod incididunt sed elit et sit ipsum , factors factors factors factors factors factors factors factors factors factors factors factors factors factors factors factors factors factors factors factors factors factors factors factors factors factors factors factors factors factors factors factors factors factors factors factors factors factors factors factors factors factors factors factors factors factors factors factors factors factors factors factors factors factors factors factors factors factors factors factors factors factors factors factors,,
req-0031-a44196,synthetic,1787903618.6184154,1787903655.1946564,36.57624101638794,0.05850009998539463,0.005186849206294273,"[0.003706799994688481, 0.004378700046800077, 0.00427889998536557, 0.005000000004656613, 0.004930199997033924, 0.004679200006648898, 0.005319499992765486, 0.005240799975581467, 0.006749099993612617, 0.005377500026952475, 0.005056000023614615, 0.004985799954738468, 0.0055405000457540154, 0.005182499997317791, 0.004960899997968227, 0.0053044999949634075, 0.004975299991201609, 0.005069200007710606, 0.005497999954968691, 0.004989700042642653, 0.005500099970959127, 0.005762799992226064, 0.004948900023009628, 0.004819100024178624, 0.005397300003096461, 0.00591149996034801, 0.005278600030578673, 0.006188299972563982, 0.005426299991086125, 0.005284600018057972, 0.005328400002326816, 0.0049026000197045505, 0.004907700000330806, 0.0051237999578006566, 0.005238800018560141, 0.004953499999828637, 0.005700799985788763, 0.005056900030467659, 0.0049934000126086175, 0.005365499993786216, 0.0049220999935641885, 0.00502859998960048, 0.005385199969168752, 0.004991800000425428, 0.00510270002996549, 0.005696300009731203, 0.00503150001168251, 0.005235499993432313, 0.005541999998968095, 0.004865799972321838, 0.005038500006776303, 0.0055686000268906355, 0.005054799956269562, 0.005323600023984909, 0.005731399985961616, 0.005065400036983192, 0.005076699948403984, 0.005287300038617104, 0.005036299990024418, 0.004954800009727478, 0.005166599992662668, 0.005418699991423637, 0.004935299977660179]",0.38669586181640625,1787903655.5813522,510,64,True,,200,do dolor labore sed consectetur aliqua. ut tempor sit magna ipsum elit incididunt eiusmod Lorem amet adipiscing dolore et sed eiusmod do incididunt labore tempor dolore aliqua. ut consectetur ipsum amet elit dolor Lorem et sit adipiscing magna Lorem tempor labore ut dolor aliqua. amet elit do et incididunt dolore eiusmod sed adipiscing ipsum sit magna consectetur tempor elit et magna aliqua. dolor ipsum ut eiusmod sit Lorem consectetur labore adipiscing dolore do amet sed incididunt tempor incididunt do ipsum Lorem ut aliqua. elit eiusmod consectetur adipiscing sit dolore sed amet labore magna et dolor ipsum Lorem consectetur sit ut et dolore magna incididunt eiusmod dolor aliqua. labore amet sed do tempor adipiscing elit consectetur sit Lorem et eiusmod dolore amet aliqua. incididunt tempor elit do ut labore dolor adipiscing sed magna ipsum consectetur Lorem ipsum sit do adipiscing dolor et dolore eiusmod tempor labore ut amet aliqua. incididunt magna elit sed tempor et magna aliqua. do adipiscing amet sit incididunt Lorem labore elit dolor ut consectetur dolore ipsum sed eiusmod do sit elit labore et amet ut consectetur aliqua. adipiscing dolore magna Lorem eiusmod sed incididunt tempor dolor ipsum et sed elit sit ipsum do eiusmod dolor tempor consectetur magna dolore adipiscing incididunt Lorem ut aliqua. labore amet tempor ipsum et labore incididunt Lorem amet sit dolore aliqua. eiusmod ut adipiscing do consectetur magna sed elit dolor eiusmod do incididunt ipsum magna sed dolor Lorem amet labore adipiscing ut sit elit aliqua. et tempor dolore consectetur dolore eiusmod Lorem aliqua. amet adipiscing sed sit et dolor ut labore do elit incididunt tempor ipsum consectetur magna elit incididunt consectetur do sit amet aliqua. sed dolor et adipiscing ut dolore ipsum eiusmod labore Lorem tempor magna amet adipiscing eiusmod labore incididunt et magna sed ipsum aliqua. consectetur do elit dolore Lorem dolor tempor sit ut tempor do elit sed ipsum dolor adipiscing dolore, stairs stairs stairs stairs stairs stairs stairs stairs stairs stairs stairs stairs stairs stairs stairs stairs stairs stairs stairs stairs stairs stairs stairs stairs stairs stairs stairs stairs stairs stairs stairs stairs stairs stairs stairs stairs stairs stairs stairs stairs stairs stairs stairs stairs stairs stairs stairs stairs stairs stairs stairs stairs stairs stairs stairs stairs stairs stairs stairs stairs stairs stairs stairs stairs,,
req-0032-ea1b4a,synthetic,1787903618.6184154,1787903656.318396,37.69998073577881,0.05852309998590499,0.00527054444417387,"[0.00442850001854822, 0.00429209996946156, 0.00426700001116842, 0.0042511000065132976, 0.0049903999897651374, 0.004630599985830486, 0.005360000010114163, 0.005617999995592982, 0.006367299996782094, 0.005057600035797805, 0.006026000017300248, 0.005308999971020967, 0.005263799976091832, 0.005369500024244189, 0.00553379999473691, 0.006009900011122227, 0.005290400004014373, 0.005741500004660338, 0.00584339996566996, 0.005174599995370954, 0.004981700039934367, 0.005846699990797788, 0.006048400013241917, 0.005121199996210635, 0.005480599997099489, 0.005130200006533414, 0.005470499978400767, 0.005285500024911016, 0.0051101999706588686, 0.004987000022083521, 0.005460599961224943, 0.004994800023268908, 0.00524790002964437, 0.005511999945156276, 0.005004000035114586, 0.004976500000339001, 0.005405100004281849, 0.0048800999647937715, 0.004885400005150586, 0.005687700002454221, 0.005046700011007488, 0.004912499978672713, 0.005282700003590435, 0.005039100011344999, 0.0051877000369131565, 0.005459399952087551, 0.005350999999791384, 0.005259199999272823, 0.005266899999696761, 0.005136599997058511, 0.005158000043593347, 0.0069756999728269875, 0.005373199994210154, 0.005575000017415732, 0.005383900017477572, 0.005155999970156699, 0.005840900004841387, 0.004596100014168769, 0.004692799993790686, 0.005383900017477572, 0.006039900006726384, 0.0053322999738156796, 0.004254199971910566]",0.39203357696533203,1787903656.7104297,511,64,True,,200,dolore sit incididunt eiusmod adipiscing magna labore consectetur dolor Lorem amet elit ipsum aliqua. ut do et sed tempor Lorem aliqua. elit consectetur labore magna incididunt amet sit do ipsum ut adipiscing eiusmod dolore et sed dolor tempor sit consectetur dolore sed ipsum eiusmod et tempor labore incididunt dolor ut Lorem aliqua. do adipiscing magna amet elit incididunt Lorem adipiscing ut eiusmod tempor elit sit et aliqua. sed do amet dolore consectetur labore dolor ipsum magna et magna dolore Lorem eiusmod dolor amet labore tempor elit sit ut aliqua. adipiscing sed do ipsum consectetur incididunt tempor sit Lorem ut ipsum dolore do amet magna aliqua. consectetur adipiscing labore incididunt elit et eiusmod dolor sed elit ipsum tempor sed dolor sit et amet aliqua. ut adipiscing dolore do incididunt labore consectetur magna Lorem eiusmod labore amet et tempor dolore elit magna do adipiscing eiusmod dolor sed ut ipsum sit consectetur Lorem incididunt aliqua. sed labore tempor do aliqua. amet ut et elit ipsum consectetur dolore magna adipiscing Lorem dolor incididunt eiusmod sit elit adipiscing incididunt consectetur labore ipsum sit et magna eiusmod Lorem amet do ut dolore sed dolor aliqua. tempor ipsum eiusmod elit incididunt ut et aliqua. dolor magna dolore consectetur Lorem tempor labore do amet sed adipiscing sit consectetur sit sed amet elit tempor dolore adipiscing et aliqua. do incididunt magna Lorem ipsum labore eiusmod dolor ut magna Lorem amet adipiscing do tempor dolor sed eiusmod dolore ut elit aliqua. sit et consectetur incididunt ipsum labore ipsum tempor dolore ut et sed elit amet Lorem labore magna consectetur do dolor adipiscing aliqua. incididunt sit eiusmod do amet aliqua. dolor adipiscing sit elit ipsum sed et incididunt Lorem magna labore dolore eiusmod ut tempor consectetur Lorem dolor magna tempor et adipiscing do dolore aliqua. consectetur elit incididunt amet ipsum eiusmod labore ut sit sed eiusmod aliqua. et Lorem ut labore dolore do mag, factors factors factors factors factors factors factors factors factors factors factors factors factors factors factors factors factors factors factors factors factors factors factors factors factors factors factors factors factors factors factors factors factors factors factors factors factors factors factors factors factors factors factors factors factors factors factors factors factors factors factors factors factors factors factors factors factors factors factors factors factors factors factors factors,,
req-0033-54d20d,synthetic,1787903618.6184154,1787903657.4434068,38.82499146461487,0.059161299956031144,0.005226244445010606,"[0.004633300006389618, 0.0041458000196143985, 0.004569699987769127, 0.004785800003446639, 0.004636599973309785, 0.0050410000258125365, 0.005586599989328533, 0.00555599998915568, 0.005694999999832362, 0.005359100003261119, 0.005209500028286129, 0.005306100007146597, 0.005683799972757697, 0.005526099994312972, 0.00627760001225397, 0.005619500007014722, 0.005116600019391626, 0.0059843999915756285, 0.005153800011612475, 0.0050240999553352594, 0.005654000036884099, 0.00527449999935925, 0.00500040000770241, 0.00548039999557659, 0.0054984999587759376, 0.0051924000144936144, 0.005571199988480657, 0.0050629000179469585, 0.004963600018527359, 0.005711100006010383, 0.005098599998746067, 0.005088699981570244, 0.005102699971757829, 0.004726900020614266, 0.005588300002273172, 0.005400100024417043, 0.004862599947955459, 0.006285100011155009, 0.005294700036756694, 0.005864699953235686, 0.005612800014205277, 0.00516790000256151, 0.005133300030138344, 0.005298500007484108, 0.004667199973482639, 0.005064499971922487, 0.006375700002536178, 0.003451800032053143, 0.005030400003306568, 0.00504189997445792, 0.004939900012686849, 0.00482710002688691, 0.004843399976380169, 0.004830399993807077, 0.004980900033842772, 0.00481959996977821, 0.004948900023009628, 0.005783899978268892, 0.005319799995049834, 0.005168900010176003, 0.006259099987801164, 0.005135699990205467, 0.004920000035781413]",0.38979315757751465,1787903657.8332,510,64,True,,200,consectetur sed tempor amet eiusmod et Lorem magna do dolor labore sit incididunt elit adipiscing ipsum dolore ut aliqua. Lorem dolor amet tempor labore magna et adipiscing aliqua. eiusmod sed consectetur dolore ut elit ipsum incididunt sit do adipiscing tempor amet Lorem incididunt eiusmod magna elit do labore dolore consectetur sed dolor ipsum ut sit aliqua. et dolor ipsum ut magna Lorem sed labore eiusmod amet tempor consectetur et sit adipiscing do incididunt dolore aliqua. elit elit amet et dolor dolore ipsum tempor sit aliqua. consectetur labore sed ut magna Lorem incididunt adipiscing eiusmod do consectetur amet aliqua. Lorem tempor incididunt dolore dolor sit do elit magna ipsum eiusmod labore et adipiscing ut sed adipiscing ut elit aliqua. et Lorem dolor sed tempor sit ipsum dolore magna consectetur do eiusmod incididunt labore amet incididunt magna dolor ipsum dolore et eiusmod sit sed tempor consectetur Lorem aliqua. amet adipiscing elit do ut labore incididunt amet aliqua. adipiscing Lorem dolor et ipsum labore tempor consectetur sed dolore sit ut elit do magna eiusmod aliqua. Lorem adipiscing labore do dolore incididunt tempor sed consectetur elit eiusmod amet dolor ut magna sit ipsum et amet adipiscing elit magna ipsum do ut consectetur labore aliqua. eiusmod tempor sed sit dolore incididunt dolor et Lorem amet ipsum incididunt dolor sed do tempor labore aliqua. adipiscing sit magna Lorem elit consectetur dolore et ut eiusmod adipiscing et labore do ut Lorem sed sit consectetur tempor aliqua. elit incididunt ipsum magna amet dolore eiusmod dolor et consectetur sit tempor ut dolore magna Lorem elit labore do aliqua. eiusmod incididunt sed dolor adipiscing ipsum amet adipiscing elit magna ut eiusmod dolor consectetur sed incididunt dolore et ipsum do sit tempor Lorem amet labore aliqua. magna Lorem eiusmod ipsum elit amet adipiscing labore tempor ut consectetur dolor incididunt aliqua. dolore sed et sit do eiusmod amet ut do incididunt elit dolore dolor , factors factors factors factors factors factors factors factors factors factors factors factors factors factors factors factors factors factors factors factors factors factors factors factors factors factors factors factors factors factors factors factors factors factors factors factors factors factors factors factors factors factors factors factors factors factors factors factors factors factors factors factors factors factors factors factors factors factors factors factors factors factors factors factors,,
req-0034-d0f486,synthetic,1787903618.6184154,1787903658.599269,39.98085355758667,0.05186760000651702,0.0052316571430613594,"[0.004104299994651228, 0.004205500008538365, 0.004285099974367768, 0.0047707000048831105, 0.004502299998421222, 0.004392900038510561, 0.004729499982204288, 0.005189899995457381, 0.005615999980363995, 0.0053273000521585345, 0.005851999972946942, 0.004567100026179105, 0.00485369999660179, 0.005322399956639856, 0.005084100004751235, 0.0048408000147901475, 0.0046669000294059515, 0.005339199968148023, 0.004938300000503659, 0.004793300002347678, 0.005431699973996729, 0.00508490001084283, 0.0048525999882258475, 0.0049872000236064196, 0.0051583999884314835, 0.0049017000128515065, 0.005232600029557943, 0.005537699966225773, 0.005595399998128414, 0.005926200014073402, 0.005858600023202598, 0.005602199991699308, 0.0054762999643571675, 0.005099900008644909, 0.0058385999873280525, 0.0052087000221945345, 0.005510199989657849, 0.00496779999230057, 0.005019000032916665, 0.005606399965472519, 0.005400800029747188, 0.004987499967683107, 0.005698100023437291, 0.00515889999223873, 0.005025100021157414, 0.005124499963130802, 0.005175400001462549, 0.0049934000126086175, 0.005613600020296872, 0.0049282999825663865, 0.00485830003162846, 0.005054399953223765, 0.0054086000309325755, 0.004865399969276041, 0.005123600014485419, 0.005574000009801239, 0.004996499978005886, 0.005454800033476204, 0.006781200005207211, 0.00577230000635609, 0.007124099996872246, 0.00609229999827221, 0.006105899985413998]",0.382770299911499,1787903658.9820392,511,64,True,,200,et aliqua. incididunt ipsum do amet dolore tempor sed adipiscing Lorem magna elit labore sit eiusmod ut consectetur dolor sed ut aliqua. Lorem consectetur adipiscing elit magna dolore tempor ipsum labore incididunt amet sit eiusmod do dolor et eiusmod ipsum aliqua. dolor magna consectetur ut sit incididunt et amet dolore adipiscing tempor sed elit Lorem do labore magna ipsum eiusmod tempor consectetur dolore do adipiscing dolor labore et aliqua. elit incididunt sed Lorem sit amet ut tempor incididunt labore aliqua. consectetur dolor adipiscing dolore sit sed magna et ipsum do Lorem eiusmod elit amet ut eiusmod do consectetur sit ipsum dolore tempor magna labore elit sed amet aliqua. incididunt et dolor adipiscing ut Lorem sed labore incididunt dolor consectetur sit eiusmod tempor elit dolore ipsum magna adipiscing et aliqua. Lorem ut do amet labore consectetur sit tempor magna do elit dolor ut Lorem incididunt dolore et ipsum sed aliqua. adipiscing eiusmod amet labore consectetur et dolor amet sed elit adipiscing aliqua. incididunt do magna tempor ut sit dolore Lorem ipsum eiusmod consectetur dolore aliqua. ipsum et dolor adipiscing ut amet elit sit labore do Lorem sed magna eiusmod incididunt tempor do labore sed sit Lorem et adipiscing magna incididunt ut eiusmod tempor dolore consectetur dolor elit aliqua. amet ipsum do dolor sed et tempor ipsum elit adipiscing dolore ut consectetur sit eiusmod Lorem aliqua. amet incididunt labore magna tempor labore sed incididunt eiusmod ut dolor consectetur adipiscing magna do elit amet et sit dolore ipsum Lorem aliqua. amet do ut Lorem eiusmod labore et ipsum dolore tempor elit aliqua. adipiscing consectetur dolor sed sit incididunt magna amet elit ipsum dolor ut labore Lorem aliqua. tempor sed dolore incididunt magna do et adipiscing consectetur sit eiusmod adipiscing labore sit eiusmod amet aliqua. ut ipsum sed consectetur incididunt magna et tempor do dolor elit dolore Lorem et aliqua. ipsum do magna labore elit consectetu, stairs stairs stairs stairs stairs stairs stairs stairs stairs stairs stairs stairs stairs stairs stairs stairs stairs stairs stairs stairs stairs stairs stairs stairs stairs stairs stairs stairs stairs stairs stairs stairs stairs stairs stairs stairs stairs stairs stairs stairs stairs stairs stairs stairs stairs stairs stairs stairs stairs stairs stairs stairs stairs stairs stairs stairs stairs stairs stairs stairs stairs stairs stairs stairs,,
req-0035-4cffdc,synthetic,1787903618.6184154,1787903659.6932697,41.074854373931885,0.05631379998521879,0.00592395396799677,"[0.004739099997095764, 0.004382599960081279, 0.005090200051199645, 0.00670279999030754, 0.00534109998261556, 0.005286999978125095, 0.005291600013151765, 0.006031800003256649, 0.010252600011881441, 0.006402799976058304, 0.007176700048148632, 0.006665599998086691, 0.006368899950757623, 0.005414100014604628, 0.0061298999935388565, 0.005712800018955022, 0.005894900008570403, 0.005608899984508753, 0.0057283000205643475, 0.005285199964419007, 0.005521400016732514, 0.005828600027598441, 0.007427699980325997, 0.005769799987319857, 0.006108800007496029, 0.005542500002775341, 0.005995500017888844, 0.005734100006520748, 0.006174799986183643, 0.005505200009793043, 0.0059757999842986465, 0.0058806000160984695, 0.0058308999869041145, 0.0059441999765113, 0.0054583000019192696, 0.005844700033776462, 0.005188299983274192, 0.005805599968880415, 0.0065404000342823565, 0.0052084000199101865, 0.005181499989703298, 0.006557399989105761, 0.0054561999859288335, 0.007476500002667308, 0.006056000012904406, 0.005407200020272285, 0.00559889996657148, 0.007832899980712682, 0.0060464999987743795, 0.0075527000008150935, 0.006329099996946752, 0.005175600002985448, 0.007289900036994368, 0.006369900016579777, 0.005607499973848462, 0.00509519997285679, 0.005406700016465038, 0.0054379000212065876, 0.0053796999854967, 0.0054567999904975295, 0.005326699989382178, 0.0050020000198856, 0.00537379999877885]",0.4308192729949951,1787903660.124089,511,64,True,,200,tempor magna aliqua. Lorem ipsum consectetur ut et elit eiusmod dolor dolore amet sed sit do labore incididunt adipiscing ut do eiusmod elit labore sit magna amet Lorem sed dolor dolore tempor consectetur adipiscing et ipsum aliqua. incididunt do et dolor elit labore sit amet aliqua. adipiscing consectetur incididunt ut Lorem magna dolore eiusmod ipsum tempor sed dolor eiusmod ut consectetur aliqua. amet dolore sit et ipsum labore magna sed tempor adipiscing incididunt do Lorem elit dolor incididunt eiusmod et sit elit do amet consectetur tempor sed adipiscing dolore aliqua. Lorem ut labore ipsum magna labore eiusmod et sed tempor magna incididunt sit elit do dolor ut amet ipsum adipiscing Lorem dolore aliqua. consectetur labore do magna amet incididunt aliqua. dolore sit dolor tempor ut et eiusmod ipsum Lorem elit sed consectetur adipiscing sit sed tempor aliqua. incididunt ipsum magna et do elit dolore Lorem labore amet dolor ut adipiscing eiusmod consectetur do magna sit incididunt adipiscing ut ipsum aliqua. tempor consectetur Lorem sed et elit dolore amet dolor eiusmod labore incididunt consectetur do ipsum amet adipiscing tempor sed eiusmod dolore aliqua. dolor elit ut Lorem labore et magna sit elit tempor dolore magna consectetur incididunt amet ut Lorem sit aliqua. dolor labore eiusmod sed adipiscing ipsum et do incididunt elit ipsum sit eiusmod do sed magna tempor adipiscing et labore Lorem amet ut dolore consectetur dolor aliqua. ipsum eiusmod sed incididunt et dolore tempor aliqua. magna do Lorem sit dolor adipiscing elit consectetur labore ut amet do sit sed amet tempor consectetur elit ipsum ut et eiusmod dolor Lorem labore aliqua. incididunt adipiscing dolore magna incididunt dolore dolor aliqua. Lorem magna consectetur amet eiusmod sit do sed ipsum labore et adipiscing elit tempor ut ut labore et amet dolor sed aliqua. elit magna do eiusmod dolore Lorem adipiscing consectetur tempor sit ipsum incididunt incididunt ut aliqua. labore sit elit magna dolo, factors factors factors factors factors factors factors factors factors factors factors factors factors factors factors factors factors factors factors factors factors factors factors factors factors factors factors factors factors factors factors factors factors factors factors factors factors factors factors factors factors factors factors factors factors factors factors factors factors factors factors factors factors factors factors factors factors factors factors factors factors factors factors factors,,
req-0036-1ce64d,synthetic,1787903618.6184154,1787903660.8620603,42.24364495277405,0.0572369999717921,0.0054912285718490324,"[0.004088600049726665, 0.0040481999749317765, 0.004347699985373765, 0.004779500013682991, 0.004394699994008988, 0.004619800020009279, 0.0052556999726220965, 0.005368000012822449, 0.006150399975012988, 0.006991900037974119, 0.005600299977231771, 0.00589690002379939, 0.006019199965521693, 0.005511700001079589, 0.007051600026898086, 0.006088599970098585, 0.0061993999988771975, 0.007216300000436604, 0.006196800037287176, 0.005926600017119199, 0.0061694999458268285, 0.006534300046041608, 0.005593499983660877, 0.005436800012830645, 0.006463899975642562, 0.0060606999904848635, 0.005876300041563809, 0.005656499997712672, 0.0052426999900490046, 0.006196599977556616, 0.005678799992892891, 0.005007200001273304, 0.005182299995794892, 0.006171800021547824, 0.005913599976338446, 0.005633900000248104, 0.00535760005004704, 0.005343400000128895, 0.00557669997215271, 0.005050099978689104, 0.004914299992378801, 0.004760000039823353, 0.005125999974552542, 0.004910800023935735, 0.005416099971625954, 0.004823099996428937, 0.005073600041214377, 0.005697999964468181, 0.0051043000421486795, 0.005187299975659698, 0.005219399987254292, 0.004992900008801371, 0.005059499992057681, 0.005729000025894493, 0.005084200005512685, 0.00532789999851957, 0.005015100003220141, 0.0062766000046394765, 0.005418399989139289, 0.004950599977746606, 0.00530130002880469, 0.005634999950416386, 0.005025900027249008]",0.40438127517700195,1787903661.2664416,512,64,True,,200,et eiusmod sit labore elit ipsum adipiscing tempor dolor dolore ut amet incididunt consectetur sed aliqua. do magna Lorem consectetur adipiscing amet labore magna aliqua. tempor Lorem dolore eiusmod incididunt sed ipsum sit dolor et do ut elit adipiscing dolore labore dolor aliqua. elit et magna consectetur incididunt ipsum sit sed tempor eiusmod ut amet do Lorem Lorem aliqua. dolor adipiscing consectetur eiusmod ut et amet elit tempor sit dolore magna ipsum do sed incididunt labore dolore incididunt labore tempor consectetur elit et dolor magna sed do adipiscing aliqua. amet eiusmod ipsum ut Lorem sit aliqua. sed ipsum do sit magna Lorem tempor ut elit amet labore adipiscing eiusmod consectetur dolor et dolore incididunt labore incididunt et adipiscing do dolor sed aliqua. eiusmod tempor sit consectetur amet dolore Lorem magna ipsum elit ut do sit amet consectetur adipiscing magna dolor incididunt ut ipsum elit dolore eiusmod tempor Lorem sed aliqua. labore et ipsum Lorem elit aliqua. sit adipiscing dolore dolor et do ut tempor sed magna labore eiusmod consectetur incididunt amet sed consectetur sit tempor dolore adipiscing ipsum et elit Lorem incididunt ut do aliqua. labore magna amet eiusmod dolor sit Lorem dolor tempor aliqua. ut ipsum incididunt magna elit do labore et dolore sed eiusmod adipiscing amet consectetur do elit dolore ut tempor sit Lorem labore adipiscing sed amet aliqua. incididunt et consectetur eiusmod dolor ipsum magna consectetur tempor ut eiusmod aliqua. labore sit ipsum dolor et incididunt sed Lorem magna do adipiscing amet dolore elit sed sit do dolor eiusmod dolore adipiscing incididunt ipsum et amet labore Lorem tempor ut consectetur magna elit aliqua. dolor elit eiusmod amet magna do adipiscing ut dolore et tempor aliqua. Lorem consectetur labore ipsum sit incididunt sed ut ipsum dolore et do eiusmod amet elit consectetur incididunt sit sed adipiscing dolor labore aliqua. magna tempor Lorem Lorem eiusmod dolore dolor amet sed consectetur , factors factors factors factors factors factors factors factors factors factors factors factors factors factors factors factors factors factors factors factors factors factors factors factors factors factors factors factors factors factors factors factors factors factors factors factors factors factors factors factors factors factors factors factors factors factors factors factors factors factors factors factors factors factors factors factors factors factors factors factors factors factors factors factors,,
req-0037-aa3d14,synthetic,1787903618.6184154,1787903661.9780245,43.35960912704468,0.05904179997742176,0.005488326984627675,"[0.004513500025495887, 0.00449520000256598, 0.004725200007669628, 0.004409499990288168, 0.004718000011052936, 0.00521969998953864, 0.005107300006784499, 0.005168100004084408, 0.005613799963612109, 0.0066353000001981854, 0.005938500049524009, 0.005172099976334721, 0.005630899977404624, 0.005571199988480657, 0.00562120001995936, 0.005684500036295503, 0.004979199962690473, 0.005459300009533763, 0.005634000001009554, 0.005530500027816743, 0.005216299963649362, 0.005907999991904944, 0.005564399994909763, 0.005705100018531084, 0.006048400013241917, 0.005460499960463494, 0.006537900015246123, 0.00541380001232028, 0.005174099991563708, 0.007221499981824309, 0.005802200001198798, 0.005688700010068715, 0.005503799999132752, 0.005746100039687008, 0.005979999958071858, 0.005645300028845668, 0.005258699995465577, 0.005969199992250651, 0.005603900004643947, 0.00533519999589771, 0.0060323000070638955, 0.005335499998182058, 0.006166199978906661, 0.006135100033134222, 0.005299400014337152, 0.005526899942196906, 0.005343900003936142, 0.004953499999828637, 0.005653300031553954, 0.004620699968654662, 0.005516900040674955, 0.005459300009533763, 0.0054490999900735915, 0.005332899978384376, 0.005364299984648824, 0.005234100040979683, 0.005586299987044185, 0.005176600010599941, 0.004792699997778982, 0.0054509000037796795, 0.005052900000009686, 0.005573600006755441, 0.006098099984228611]",0.4060380458831787,1787903662.3840625,510,64,True,,200,ipsum amet do dolor adipiscing elit consectetur ut labore incididunt aliqua. eiusmod et tempor dolore magna sed Lorem sit sed do elit amet aliqua. et sit dolor incididunt Lorem eiusmod labore ipsum adipiscing magna dolore tempor consectetur ut labore Lorem sed dolor eiusmod magna adipiscing aliqua. do tempor ut elit incididunt consectetur et sit dolore amet ipsum labore consectetur Lorem incididunt sed dolor do eiusmod adipiscing dolore magna et aliqua. ut tempor ipsum elit sit amet magna sed eiusmod dolore labore incididunt ipsum dolor consectetur amet elit adipiscing Lorem ut aliqua. sit tempor et do Lorem sit dolor aliqua. labore ut eiusmod incididunt amet dolore elit do magna sed adipiscing tempor consectetur et ipsum tempor aliqua. adipiscing consectetur sit ut incididunt labore do amet ipsum dolor eiusmod dolore et Lorem sed magna elit labore ipsum dolor eiusmod elit do amet aliqua. et sit tempor adipiscing ut incididunt dolore sed magna consectetur Lorem elit labore eiusmod do sed dolore adipiscing ipsum amet dolor magna tempor consectetur et incididunt sit ut Lorem aliqua. ipsum dolor Lorem dolore elit aliqua. ut do adipiscing eiusmod consectetur tempor et incididunt sit labore magna amet sed ipsum sit incididunt eiusmod do magna elit ut adipiscing et consectetur Lorem aliqua. sed labore dolor dolore tempor amet sed do consectetur elit dolore labore sit ut adipiscing Lorem tempor eiusmod et amet ipsum incididunt dolor magna aliqua. dolore incididunt tempor magna labore sit sed aliqua. eiusmod et amet ipsum do ut consectetur dolor Lorem elit adipiscing adipiscing et sed sit aliqua. ut magna dolor ipsum incididunt Lorem tempor dolore eiusmod elit labore amet do consectetur eiusmod consectetur et elit magna dolor sed tempor ut incididunt labore aliqua. adipiscing dolore sit Lorem do ipsum amet sed Lorem do amet magna et elit incididunt consectetur dolore adipiscing tempor ut eiusmod ipsum dolor aliqua. sit labore ipsum ut magna tempor incididunt do elit sed sit, factors factors factors factors factors factors factors factors factors factors factors factors factors factors factors factors factors factors factors factors factors factors factors factors factors factors factors factors factors factors factors factors factors factors factors factors factors factors factors factors factors factors factors factors factors factors factors factors factors factors factors factors factors factors factors factors factors factors factors factors factors factors factors factors,,
