request_id,workload_type,arrival_time,dispatch_time,queue_time,ttft,tpot,inter_token_latencies,total_latency,completion_time,input_tokens,output_tokens,success,error,status_code,prompt_text,output_text,server_queue_time,server_prefill_time
req-0000-9581c6,synthetic,1787904684.4823093,1787904685.3144612,0.8321518898010254,5.704619299969636,0.04955230158705649,"[0.0355998000013642, 0.036522300040815026, 0.04756659996928647, 0.041297400020994246, 0.0386094999848865, 0.03506389999529347, 0.033942700014449656, 0.03922799997963011, 0.03652199998032302, 0.03857830003835261, 0.037837799987755716, 0.03999919997295365, 0.030855100019834936, 0.037267600011546165, 0.0357050999882631, 0.03773400001227856, 0.040537599998060614, 0.03276819997699931, 0.03553059999831021, 0.04255280003417283, 0.03376249998109415, 0.04010089999064803, 0.036308899987488985, 0.03968590003205463, 0.03964299999643117, 0.039023099991027266, 0.03711159998783842, 0.036424499994609505, 0.03650970000308007, 0.03974370000651106, 0.031638999993447214, 0.03656320000300184, 0.04192760004661977, 0.031655400001909584, 0.036356500000692904, 0.040175999980419874, 0.032647699990775436, 0.04076369997346774, 0.034196200023870915, 0.03541070001665503, 0.038992199988570064, 0.03984380001202226, 0.035652699996717274, 0.03538039996055886, 0.04060450004180893, 0.03730570001062006, 0.032447999983560294, 0.030945700011216104, 0.031320199952460825, 0.03522260003956035, 0.03870979999192059, 0.040302000008523464, 0.031318699999246746, 0.031246299971826375, 0.04016189998947084, 0.03762140002800152, 0.03849700000137091, 0.034048100002110004, 0.042079599981661886, 0.03721530002076179, 0.8923802999779582, 0.007067800033837557, 6.269995355978608e-05]",8.829834461212158,1787904694.1442957,511,64,True,,200,aliqua. eiusmod magna amet consectetur tempor adipiscing et ut sit do dolore elit dolor labore Lorem ipsum sed incididunt ipsum magna do dolor tempor incididunt elit consectetur sed ut amet aliqua. Lorem adipiscing et labore sit eiusmod dolore eiusmod consectetur incididunt elit sit aliqua. et magna adipiscing do ipsum dolore amet Lorem tempor ut sed labore dolor sed elit adipiscing Lorem labore magna tempor amet dolor consectetur do et ut eiusmod aliqua. dolore incididunt ipsum sit sed labore incididunt amet elit eiusmod consectetur aliqua. dolore adipiscing Lorem do sit et ipsum tempor dolor magna ut dolor do incididunt eiusmod Lorem tempor adipiscing magna labore aliqua. amet sit consectetur sed et ipsum dolore elit ut adipiscing dolor Lorem consectetur eiusmod aliqua. sit elit magna ipsum et incididunt labore ut tempor amet do dolore sed sit tempor amet adipiscing dolore dolor sed Lorem ipsum incididunt et do consectetur magna labore aliqua. eiusmod elit ut do elit amet aliqua. Lorem tempor labore et ut incididunt adipiscing dolor magna sed sit eiusmod ipsum dolore consectetur tempor et sed dolor amet consectetur ipsum dolore sit ut Lorem eiusmod do labore incididunt adipiscing elit magna aliqua. dolore adipiscing labore elit sit ut amet magna do Lorem aliqua. tempor sed consectetur ipsum dolor eiusmod et incididunt do adipiscing magna eiusmod sed amet sit labore ut incididunt consectetur elit et dolore aliqua. tempor Lorem dolor ipsum adipiscing aliqua. Lorem do ut incididunt dolor consectetur eiusmod sit dolore et elit amet ipsum magna sed tempor labore magna elit ut et tempor labore dolore aliqua. Lorem consectetur adipiscing sit dolor do ipsum sed incididunt amet eiusmod sit sed eiusmod labore ut consectetur adipiscing elit tempor et dolor incididunt amet ipsum Lorem aliqua. do dolore magna incididunt elit dolore eiusmod tempor Lorem sit magna adipiscing ipsum do amet ut consectetur sed labore et aliqua. dolor elit ut et labore sed sit Lorem adipiscing ipsum, factors factors factors factors factors factors factors factors factors factors factors factors factors factors factors factors factors factors factors factors factors factors factors factors factors factors factors factors factors factors factors factors factors factors factors factors factors factors factors factors factors factors factors factors factors factors factors factors factors factors factors factors factors factors factors factors factors factors factors factors factors factors factors factors,,
req-0001-285a44,synthetic,1787904684.5528996,1787904686.0887008,1.5358011722564697,4.9301648999680765,0.03570972539721027,"[0.041068100021220744, 0.03365310002118349, 0.04499019996728748, 0.035363600007258356, 0.03813310002442449, 0.03239189996384084, 0.038116600015200675, 0.03489519999129698, 0.03455959999701008, 0.037322600022889674, 0.03551879996666685, 0.03747119999025017, 0.03300320002017543, 0.03678219998255372, 0.03798210003878921, 0.030561499996110797, 0.037285299971699715, 0.03448730002855882, 0.032591399969533086, 0.04053430003114045, 0.036106100014876574, 0.03298509999876842, 0.03398449998348951, 0.03955459996359423, 0.03570850001415238, 0.038587599992752075, 0.03695010003866628, 0.037980199966114014, 0.041025200043804944, 0.033752899966202676, 0.036474900029134005, 0.040097399963997304, 0.03409490000922233, 0.029236999980639666, 0.03925349999917671, 0.03976040001725778, 0.03570409998064861, 0.039580500044394284, 0.0341846999945119, 0.03689619997749105, 0.038513500010594726, 0.03385930001968518, 0.02765419997740537, 0.028303299972321838, 0.03263810003409162, 0.038891099975444376, 0.028828700014855713, 0.03229439997812733, 0.029434700030833483, 0.03952659998321906, 0.02913740003714338, 0.035803699982352555, 0.027738899982068688, 0.038142899982631207, 0.03892760002054274, 0.02772970002843067, 0.035985699971206486, 0.034845200018025935, 0.04179889999795705, 0.03533729998162016, 0.03598859999328852, 0.0374430000083521, 0.04226020001806319]",7.181945562362671,1787904693.2706463,510,64,True,,200,adipiscing et dolore sit do aliqua. ipsum incididunt consectetur elit amet labore magna dolor sed tempor eiusmod ut Lorem amet adipiscing consectetur sit magna incididunt ipsum ut do et dolor elit Lorem aliqua. sed labore dolore eiusmod tempor dolore ut ipsum sed do consectetur Lorem aliqua. eiusmod elit magna amet incididunt sit labore dolor tempor adipiscing et ipsum dolor labore incididunt Lorem sed eiusmod aliqua. sit adipiscing amet elit magna et ut tempor dolore do consectetur magna do aliqua. sit sed consectetur Lorem dolor dolore labore tempor elit eiusmod ipsum et ut incididunt amet adipiscing consectetur et tempor ipsum amet magna ut adipiscing aliqua. sed Lorem sit dolor elit incididunt eiusmod do dolore labore Lorem adipiscing incididunt amet do dolor eiusmod dolore tempor ut labore ipsum sit et sed elit aliqua. magna consectetur incididunt dolor eiusmod labore sit dolore et consectetur tempor ipsum aliqua. adipiscing sed ut Lorem amet magna elit do aliqua. adipiscing consectetur eiusmod incididunt ipsum ut et sit do Lorem dolor tempor elit amet sed labore dolore magna sed magna et ipsum incididunt sit ut tempor Lorem amet do adipiscing elit aliqua. eiusmod dolor dolore consectetur labore do eiusmod elit adipiscing dolore tempor et consectetur labore incididunt sed magna amet aliqua. sit Lorem ut ipsum dolor aliqua. elit eiusmod labore magna dolore sit dolor incididunt Lorem tempor do amet sed adipiscing et consectetur ipsum ut sit adipiscing magna amet et Lorem tempor aliqua. incididunt elit ipsum dolore dolor do ut sed eiusmod consectetur labore tempor Lorem amet incididunt ut sit adipiscing elit consectetur aliqua. et dolore ipsum sed eiusmod magna do dolor labore dolore eiusmod ipsum consectetur magna incididunt dolor elit ut amet aliqua. sed et adipiscing sit tempor labore do Lorem sed ut elit dolore consectetur adipiscing et incididunt aliqua. dolor ipsum tempor eiusmod labore magna sit do amet Lorem do ut sit elit eiusmod dolor et magna sed incidi, factors factors factors factors factors factors factors factors factors factors factors factors factors factors factors factors factors factors factors factors factors factors factors factors factors factors factors factors factors factors factors factors factors factors factors factors factors factors factors factors factors factors factors factors factors factors factors factors factors factors factors factors factors factors factors factors factors factors factors factors factors factors factors factors,,
req-0002-9e2626,synthetic,1787904684.6758156,1787904686.8329313,2.1571156978607178,4.1665155999944545,0.04977332857078946,"[0.038720699958503246, 0.03768120001768693, 0.031385299982503057, 0.03410780004924163, 0.03620009997393936, 0.03716140001779422, 0.035258499963674694, 0.040835399995557964, 0.03701250004814938, 0.03519799996865913, 0.04249060002621263, 0.033267199993133545, 0.03745919995708391, 0.034262900007888675, 0.035643600043840706, 0.04321809997782111, 0.0318513999809511, 0.03847460000542924, 0.0356564000248909, 0.0376276999595575, 0.03349640005035326, 0.04031829995801672, 0.03147680003894493, 0.038100100005976856, 0.03301489999284968, 0.03854839998530224, 0.03725220001069829, 0.038078200013842434, 0.036273199948482215, 0.032170900027267635, 0.03673900000285357, 0.03531100001418963, 0.03734839998651296, 0.03191710001556203, 0.03680439997697249, 0.03946870000800118, 0.03502979996846989, 0.03670400002738461, 0.03284900001017377, 0.0389687999850139, 0.03555109997978434, 0.03555000002961606, 0.039155100006610155, 0.03750499995658174, 0.039793900039512664, 0.033278899965807796, 0.028951300017070025, 0.04235940001672134, 0.03485070000169799, 0.03287070000078529, 0.035525100014638156, 0.027084099943749607, 0.037306000012904406, 0.038566900009755045, 0.04107420000946149, 0.03510470001492649, 0.03631669998867437, 0.03722100000595674, 0.03974209999432787, 0.03806260001147166, 0.03595539997331798, 0.03960429999278858, 0.8809082999941893]",7.312798500061035,1787904694.1457298,510,64,True,,200,dolor elit dolore amet sed ut magna incididunt aliqua. eiusmod sit consectetur adipiscing do tempor Lorem labore et ipsum magna ut consectetur aliqua. elit dolor do amet incididunt tempor ipsum sit adipiscing et sed labore dolore eiusmod Lorem tempor eiusmod magna adipiscing dolore dolor amet sed incididunt aliqua. consectetur Lorem sit ut elit et do ipsum labore labore incididunt dolor do eiusmod elit Lorem aliqua. sit amet sed magna consectetur ut tempor et dolore adipiscing ipsum amet ipsum sit eiusmod aliqua. magna consectetur Lorem adipiscing et tempor do ut dolor sed dolore elit labore incididunt dolor adipiscing labore ut elit dolore et sit do incididunt magna Lorem amet eiusmod aliqua. ipsum consectetur tempor sed amet elit tempor do aliqua. incididunt sit magna sed dolor adipiscing consectetur Lorem labore et ipsum eiusmod ut dolore magna do elit ut amet tempor et incididunt adipiscing labore consectetur Lorem dolore sit ipsum eiusmod aliqua. sed dolor magna et dolor adipiscing do sed Lorem eiusmod ipsum dolore aliqua. tempor elit labore incididunt sit amet consectetur ut adipiscing magna ut sit labore elit tempor et ipsum eiusmod consectetur incididunt sed dolore amet aliqua. Lorem do dolor elit aliqua. dolore amet labore sed consectetur ut eiusmod sit incididunt dolor ipsum tempor et do magna Lorem adipiscing amet adipiscing do sit eiusmod dolor sed incididunt magna aliqua. consectetur elit labore tempor et Lorem ut dolore ipsum ipsum consectetur elit eiusmod sit aliqua. sed Lorem tempor labore ut amet incididunt magna dolor dolore adipiscing et do magna sed sit ipsum eiusmod adipiscing et elit dolor incididunt do dolore amet consectetur aliqua. Lorem labore ut tempor amet adipiscing consectetur ipsum labore Lorem sed ut eiusmod dolor elit incididunt do et sit aliqua. tempor magna dolore Lorem consectetur dolor adipiscing incididunt magna aliqua. tempor sed et labore ut eiusmod elit sit ipsum amet do dolore adipiscing Lorem amet et dolore tempor sed sit l, factors factors factors factors factors factors factors factors factors factors factors factors factors factors factors factors factors factors factors factors factors factors factors factors factors factors factors factors factors factors factors factors factors factors factors factors factors factors factors factors factors factors factors factors factors factors factors factors factors factors factors factors factors factors factors factors factors factors factors factors factors factors factors factors,,
req-0003-1a3b77,synthetic,1787904684.8156261,1787904687.6581228,2.842496633529663,3.357078700035345,0.049622699999923095,"[0.03812949999701232, 0.03836289996979758, 0.0413395999930799, 0.03266750002512708, 0.037165399990044534, 0.0375056000193581, 0.035162099986337125, 0.03840499999932945, 0.036662900005467236, 0.028130699996836483, 0.03499700000975281, 0.03532859997358173, 0.03279100003419444, 0.0316103000077419, 0.04780139995273203, 0.03801230003591627, 0.03615659999195486, 0.0340291999746114, 0.036277700040955096, 0.040375999989919364, 0.03511230001458898, 0.03838869999162853, 0.0409543999703601, 0.04120909998891875, 0.035486500011757016, 0.03775900002801791, 0.038565299997571856, 0.036954799958039075, 0.03768619999755174, 0.036578600003849715, 0.03856730001280084, 0.038275200000498444, 0.03978160000406206, 0.031713000033050776, 0.035099699976854026, 0.037200899969320744, 0.03446400002576411, 0.03751110000303015, 0.03519979998236522, 0.026970400009304285, 0.035816900024656206, 0.036608299997169524, 0.03794710000511259, 0.03627809998579323, 0.04014739999547601, 0.02738579997094348, 0.03724020003573969, 0.04116459999931976, 0.032879100006539375, 0.04102110001258552, 0.039346499950625, 0.03781980002531782, 0.04193820001091808, 0.02485230000456795, 0.0397013999754563, 0.03565809997962788, 0.03782700002193451, 0.03683850000379607, 0.034265700029209256, 0.03868040000088513, 0.03939229995012283, 0.8823909000493586, 0.006641199986916035]",6.48689079284668,1787904694.1450136,510,64,True,,200,magna Lorem dolor eiusmod ipsum labore ut elit et do tempor incididunt sit amet sed consectetur adipiscing dolore aliqua. sit ut incididunt adipiscing sed aliqua. labore do Lorem eiusmod tempor elit et magna amet consectetur ipsum dolore dolor aliqua. elit Lorem sit sed do magna et dolore amet tempor labore ut incididunt consectetur dolor ipsum adipiscing eiusmod adipiscing sit do sed et ut elit tempor incididunt magna amet dolor dolore labore ipsum Lorem aliqua. eiusmod consectetur dolor ipsum magna sed dolore consectetur incididunt eiusmod do aliqua. elit labore adipiscing sit tempor et Lorem ut amet amet labore dolore eiusmod do consectetur Lorem ipsum tempor et aliqua. incididunt sit sed ut dolor magna elit adipiscing eiusmod amet incididunt adipiscing dolore tempor do sit consectetur labore ut Lorem aliqua. dolor sed ipsum elit et magna incididunt dolor consectetur amet do aliqua. tempor sit dolore sed labore ut magna et adipiscing Lorem eiusmod elit ipsum dolor sed elit et aliqua. magna incididunt do dolore labore ipsum sit adipiscing tempor ut consectetur amet Lorem eiusmod ut dolore tempor et dolor do consectetur adipiscing aliqua. ipsum magna incididunt sed elit eiusmod Lorem amet labore sit dolor tempor dolore do sed eiusmod aliqua. adipiscing incididunt ut labore magna et elit amet ipsum Lorem consectetur sit ut aliqua. sit incididunt magna elit dolor dolore adipiscing do ipsum consectetur Lorem sed amet tempor et eiusmod labore eiusmod dolore consectetur amet magna Lorem do sit tempor ut elit et incididunt ipsum aliqua. sed adipiscing labore dolor et labore do dolore Lorem ipsum dolor aliqua. magna tempor adipiscing sed consectetur ut amet eiusmod elit incididunt sit labore tempor ut sit magna eiusmod dolore do Lorem consectetur ipsum amet incididunt aliqua. sed dolor adipiscing elit et tempor dolore do et labore adipiscing sed eiusmod consectetur sit ut dolor incididunt elit aliqua. ipsum magna Lorem amet aliqua. dolore Lorem dolor ut elit sed eiusmod i, factors factors factors factors factors factors factors factors factors factors factors factors factors factors factors factors factors factors factors factors factors factors factors factors factors factors factors factors factors factors factors factors factors factors factors factors factors factors factors factors factors factors factors factors factors factors factors factors factors factors factors factors factors factors factors factors factors factors factors factors factors factors factors factors,,
req-0004-c3ae46,synthetic,1787904684.979459,1787904688.4470286,3.467569589614868,2.556712699995842,0.04969466666668831,"[0.040063499996904284, 0.03413460002047941, 0.03311999997822568, 0.032035999989602715, 0.03553320001810789, 0.029527899983804673, 0.03541300003416836, 0.04167689994210377, 0.03869550005765632, 0.04343149997293949, 0.03284150001127273, 0.030181500012986362, 0.03257270000176504, 0.03275859996210784, 0.044419299985747784, 0.036461600044276565, 0.03499969997210428, 0.03652040002634749, 0.035108999989461154, 0.03521299996646121, 0.03463570005260408, 0.038426199986133724, 0.042593799997121096, 0.03442509996239096, 0.04148520005401224, 0.030363500001840293, 0.03716099995654076, 0.0384353999979794, 0.036361100035719573, 0.038860099972225726, 0.037635200016666204, 0.03720630001043901, 0.03681729995878413, 0.045804499997757375, 0.036737400048878044, 0.03536109998822212, 0.036018499988131225, 0.0340487000066787, 0.038165299978572875, 0.034359400044195354, 0.037167999951634556, 0.03690679999999702, 0.03645800001686439, 0.039478300022892654, 0.025469199987128377, 0.03731290000723675, 0.030510999960824847, 0.03809250000631437, 0.026280999998562038, 0.035808300017379224, 0.04037940001580864, 0.037461699976120144, 0.04029560001799837, 0.04182849999051541, 0.038334199984092265, 0.03538670000853017, 0.03707860002759844, 0.03781379997963086, 0.03382930002408102, 0.027646399976219982, 0.03896159998839721, 0.03633299999637529, 0.8823190000257455]",5.69762396812439,1787904694.1446526,512,64,True,,200,labore sed eiusmod amet do magna Lorem elit incididunt consectetur dolor ut et aliqua. dolore adipiscing ipsum sit tempor eiusmod dolore do elit magna tempor Lorem amet dolor ipsum sit sed adipiscing incididunt ut et labore consectetur aliqua. dolore sit adipiscing tempor Lorem dolor ipsum incididunt do consectetur ut et aliqua. elit labore amet sed eiusmod magna consectetur elit Lorem dolore dolor magna et labore sit amet tempor incididunt aliqua. do ipsum sed ut adipiscing eiusmod amet ut do incididunt adipiscing labore Lorem dolor dolore ipsum elit et consectetur eiusmod aliqua. tempor sed sit magna eiusmod aliqua. consectetur labore do magna adipiscing et tempor elit dolor sit ut dolore sed ipsum amet incididunt Lorem consectetur labore Lorem ut elit sed ipsum amet et magna dolore tempor do sit incididunt aliqua. adipiscing eiusmod dolor dolor magna amet ipsum et consectetur labore tempor eiusmod adipiscing dolore incididunt sed Lorem aliqua. do sit elit ut do dolor amet sed aliqua. adipiscing elit eiusmod sit tempor ipsum dolore magna Lorem incididunt et consectetur labore ut ut amet Lorem elit labore et eiusmod sit dolore magna aliqua. sed tempor do incididunt ipsum dolor adipiscing consectetur sed ipsum et Lorem sit tempor magna consectetur dolor amet adipiscing elit eiusmod ut labore do dolore aliqua. incididunt eiusmod amet consectetur aliqua. sed magna tempor elit do labore dolore adipiscing ipsum incididunt et Lorem ut dolor sit sed magna eiusmod dolore elit et tempor ut dolor incididunt Lorem sit amet ipsum adipiscing do aliqua. labore consectetur elit sit eiusmod aliqua. incididunt dolor Lorem dolore consectetur adipiscing amet tempor sed magna et ut do labore ipsum labore sit dolor do sed incididunt ipsum adipiscing aliqua. et Lorem elit dolore eiusmod magna tempor ut amet consectetur consectetur dolore aliqua. dolor adipiscing ut labore elit do sit et amet ipsum magna eiusmod incididunt sed tempor Lorem Lorem ut sit et tempor incididunt labore aliqua., factors factors factors factors factors factors factors factors factors factors factors factors factors factors factors factors factors factors factors factors factors factors factors factors factors factors factors factors factors factors factors factors factors factors factors factors factors factors factors factors factors factors factors factors factors factors factors factors factors factors factors factors factors factors factors factors factors factors factors factors factors factors factors factors,,
req-0005-c9cfef,synthetic,1787904685.007827,1787904689.2114255,4.203598499298096,1.8081187000498176,0.049568993650147664,"[0.03568999998969957, 0.03771979996236041, 0.04334140004357323, 0.04103500000201166, 0.03869809996103868, 0.03609489998780191, 0.030802900029812008, 0.043752599973231554, 0.03827190003357828, 0.03564149996964261, 0.036097000003792346, 0.04420220002066344, 0.03741920000175014, 0.04315899999346584, 0.03701039997395128, 0.040204200020525604, 0.03330980002647266, 0.03969040000811219, 0.03232599998591468, 0.03501049999613315, 0.042020599998068064, 0.035678999964147806, 0.03993700002320111, 0.030145400029141456, 0.03350499999942258, 0.03540259995497763, 0.03586110001197085, 0.033033100015018135, 0.037543000013101846, 0.03861609997693449, 0.03700399998342618, 0.034437599999364465, 0.032333800045307726, 0.03784919995814562, 0.03502200002549216, 0.03662520000943914, 0.03882099996553734, 0.03590990003431216, 0.03717209998285398, 0.037159200001042336, 0.03664170001866296, 0.03813659999286756, 0.034013699973002076, 0.03960080002434552, 0.030363600002601743, 0.035000699979718775, 0.040397999982815236, 0.028474000049754977, 0.037120799999684095, 0.03776919998927042, 0.03629319998435676, 0.041737499996088445, 0.03714720002608374, 0.040334399964194745, 0.03411140001844615, 0.03834660002030432, 0.0338867999962531, 0.030806499999016523, 0.03982369997538626, 0.0348431000020355, 0.03939290001289919, 0.8684312999830581, 0.006619199994020164]",4.935008764266968,1787904694.1464343,510,64,True,,200,eiusmod amet adipiscing magna labore aliqua. sed tempor dolor elit sit incididunt et ipsum ut consectetur Lorem do dolore Lorem sit adipiscing sed amet tempor incididunt aliqua. labore elit dolor et eiusmod ipsum magna do dolore ut consectetur sit tempor labore dolor elit amet eiusmod aliqua. et adipiscing ut consectetur magna Lorem sed dolore ipsum do incididunt magna elit ipsum dolore dolor ut labore incididunt eiusmod Lorem amet consectetur tempor sit sed do et aliqua. adipiscing amet sit eiusmod elit magna aliqua. labore dolore dolor ipsum sed Lorem adipiscing incididunt do et tempor ut consectetur aliqua. consectetur ut dolor elit et eiusmod ipsum dolore amet adipiscing sit incididunt do tempor sed magna Lorem labore ut aliqua. eiusmod labore magna ipsum do tempor amet et consectetur sed adipiscing incididunt dolore elit dolor sit Lorem labore ut aliqua. elit do consectetur Lorem et dolor eiusmod tempor adipiscing sit dolore magna ipsum sed incididunt amet eiusmod Lorem adipiscing consectetur labore sed aliqua. et do incididunt ut ipsum dolor sit tempor elit magna dolore amet do magna incididunt adipiscing dolore sit eiusmod Lorem ipsum consectetur ut aliqua. et dolor elit sed tempor labore amet Lorem ipsum adipiscing tempor eiusmod dolore sit dolor aliqua. sed ut magna et elit consectetur do amet labore incididunt ut ipsum eiusmod consectetur dolor sed et labore tempor do aliqua. incididunt amet dolore elit adipiscing sit Lorem magna adipiscing Lorem sed ut et consectetur amet magna ipsum dolor dolore do elit tempor sit eiusmod labore aliqua. incididunt tempor consectetur magna amet aliqua. dolore incididunt et sed labore do ipsum elit eiusmod ut dolor Lorem adipiscing sit magna dolor adipiscing sed Lorem labore ut elit do et amet sit aliqua. tempor eiusmod incididunt dolore ipsum consectetur ipsum eiusmod dolor consectetur elit aliqua. labore ut dolore do sed adipiscing et magna Lorem incididunt sit tempor amet dolore ut consectetur adipiscing aliqua. tempor , factors factors factors factors factors factors factors factors factors factors factors factors factors factors factors factors factors factors factors factors factors factors factors factors factors factors factors factors factors factors factors factors factors factors factors factors factors factors factors factors factors factors factors factors factors factors factors factors factors factors factors factors factors factors factors factors factors factors factors factors factors factors factors factors,,
req-0006-6907f7,synthetic,1787904685.1684573,1787904689.9622524,4.793795108795166,1.0527125000371598,0.04953380634856691,"[0.03814239997882396, 0.03678040002705529, 0.01782369997818023, 0.044472599984146655, 0.03639550000661984, 0.03910069999983534, 0.03669610002543777, 0.03319929999997839, 0.03403549996437505, 0.033557499991729856, 0.0375110000022687, 0.03833500004839152, 0.037197799945715815, 0.043286100029945374, 0.03568169998470694, 0.03792179998708889, 0.028421900002285838, 0.03342500003054738, 0.03365900000790134, 0.03184239997062832, 0.03620299999602139, 0.03425750002497807, 0.04060050001135096, 0.03771449998021126, 0.040694700030144304, 0.03683419997105375, 0.0344024000223726, 0.04139899997971952, 0.03868950001196936, 0.040230699989479035, 0.03656939999200404, 0.03967450000345707, 0.04124809999484569, 0.03759449999779463, 0.03825979999965057, 0.03596330003347248, 0.036351599963381886, 0.0315794000052847, 0.03727979998802766, 0.03679410001495853, 0.040383299987297505, 0.03733020002255216, 0.03684259997680783, 0.03489579999586567, 0.03785449999850243, 0.04144760000053793, 0.037224600033368915, 0.028653200017288327, 0.037645099975634366, 0.038599500025156885, 0.03824349999194965, 0.03781639999942854, 0.02922729996498674, 0.03848210000433028, 0.03763099998468533, 0.034059900033753365, 0.03637079999316484, 0.03391659999033436, 0.03334930003620684, 0.026450599951203912, 0.03230760002043098, 0.03410480002639815, 0.8779675999539904]",4.183824300765991,1787904694.1460767,512,64,True,,200,dolore incididunt Lorem sed ut sit elit et aliqua. dolor labore consectetur tempor magna amet ipsum eiusmod adipiscing do elit dolore amet dolor ipsum labore tempor Lorem sed incididunt adipiscing ut do aliqua. et consectetur eiusmod magna sit dolor magna incididunt do amet consectetur ipsum et tempor ut adipiscing Lorem elit sed eiusmod aliqua. sit labore dolore dolore aliqua. incididunt sit magna et do ipsum adipiscing ut sed eiusmod consectetur elit Lorem dolor amet labore tempor tempor dolor incididunt amet elit do sit adipiscing labore magna ipsum eiusmod Lorem sed aliqua. dolore et ut consectetur adipiscing do consectetur et dolore labore amet eiusmod elit aliqua. sit tempor Lorem ut sed ipsum incididunt dolor magna eiusmod incididunt elit adipiscing amet Lorem dolore sit dolor sed do consectetur ipsum magna labore et tempor ut aliqua. ut do eiusmod Lorem sed amet labore dolor ipsum tempor dolore sit adipiscing magna elit consectetur aliqua. incididunt et dolor do dolore tempor magna sit consectetur eiusmod labore et Lorem ut sed ipsum adipiscing elit aliqua. amet incididunt dolore incididunt ut do sit magna consectetur dolor adipiscing labore ipsum tempor amet Lorem sed elit et eiusmod aliqua. tempor eiusmod aliqua. dolore ipsum elit dolor sed consectetur do magna labore sit et adipiscing amet incididunt ut Lorem Lorem aliqua. eiusmod ut elit ipsum dolor do et amet consectetur magna tempor labore adipiscing dolore sed incididunt sit dolor sed magna do et ipsum labore aliqua. tempor adipiscing amet ut incididunt sit dolore Lorem eiusmod consectetur elit sed elit magna consectetur ipsum ut sit Lorem amet eiusmod dolor aliqua. labore adipiscing incididunt do dolore tempor et ipsum dolor labore Lorem sed sit eiusmod do ut dolore elit consectetur tempor incididunt magna aliqua. amet adipiscing et consectetur elit magna ut amet sit eiusmod dolore et incididunt aliqua. ipsum sed do dolor tempor labore Lorem adipiscing consectetur ut Lorem do elit adipiscing dolor do, factors factors factors factors factors factors factors factors factors factors factors factors factors factors factors factors factors factors factors factors factors factors factors factors factors factors factors factors factors factors factors factors factors factors factors factors factors factors factors factors factors factors factors factors factors factors factors factors factors factors factors factors factors factors factors factors factors factors factors factors factors factors factors factors,,
req-0007-04d5ad,synthetic,1787904685.5828745,1787904690.697306,5.114431381225586,0.3236316999536939,0.04942874603217379,"[0.030022800026927143, 0.03861809999216348, 0.03274479997344315, 0.03351259999908507, 0.033680699998512864, 0.0389400000567548, 0.03563879994908348, 0.035341700015123934, 0.03993259998969734, 0.02731920004589483, 0.03787519998149946, 0.03444560000207275, 0.028502699977252632, 0.03829910000786185, 0.043125700030941516, 0.03432249999605119, 0.041133199993055314, 0.03425769996829331, 0.03628450003452599, 0.0401856999960728, 0.034685199963860214, 0.033579900045879185, 0.03425430000061169, 0.03497489995788783, 0.038957900018431246, 0.03509889997076243, 0.03682060004211962, 0.03804620000300929, 0.04534909996436909, 0.03704630001448095, 0.034687599982135, 0.040889900003094226, 0.03718370001297444, 0.0382007000152953, 0.039434999984223396, 0.03911780001362786, 0.031610700010787696, 0.038696999952662736, 0.03592730005038902, 0.03889409999828786, 0.021731699991505593, 0.035932599974330515, 0.038747599988710135, 0.026989400037564337, 0.037784599990118295, 0.038368600013200194, 0.03842419997090474, 0.04100930003914982, 0.034117699950002134, 0.03288180002709851, 0.03636610001558438, 0.03326969995396212, 0.03252000000793487, 0.031601800001226366, 0.03421630000229925, 0.03748639998957515, 0.03608780005015433, 0.03686569997807965, 0.035021400020923465, 0.042718299955595285, 0.034165100019890815, 0.03535269998246804, 0.8847119000274688]",3.448068857192993,1787904694.1453748,510,64,True,,200,dolore elit Lorem amet tempor labore sit magna sed do aliqua. ipsum dolor consectetur adipiscing ut incididunt eiusmod et et eiusmod sit magna labore elit sed Lorem consectetur dolore ipsum dolor adipiscing do tempor ut amet aliqua. incididunt tempor ut sit ipsum do et incididunt eiusmod dolor dolore adipiscing magna labore aliqua. consectetur elit amet sed Lorem sed eiusmod labore magna et incididunt aliqua. dolor do ut sit consectetur adipiscing tempor Lorem dolore ipsum amet elit dolor amet tempor do et Lorem aliqua. magna labore adipiscing sit ipsum ut eiusmod sed incididunt consectetur elit dolore et sed Lorem elit ipsum adipiscing dolore tempor amet ut do eiusmod labore magna aliqua. consectetur incididunt sit dolor ut sed incididunt magna aliqua. amet consectetur et dolore ipsum sit do dolor adipiscing labore Lorem elit tempor eiusmod amet dolor elit adipiscing ut do dolore consectetur aliqua. tempor et sit labore Lorem eiusmod ipsum sed magna incididunt et elit ut sit tempor do Lorem eiusmod dolor sed dolore incididunt adipiscing labore aliqua. ipsum consectetur magna amet labore dolor do sit ipsum Lorem elit amet ut sed adipiscing incididunt eiusmod aliqua. consectetur dolore tempor et magna aliqua. amet do dolor adipiscing Lorem ipsum elit sit sed consectetur ut et incididunt labore tempor magna dolore eiusmod magna elit adipiscing amet labore incididunt ut eiusmod sit consectetur sed et do tempor dolore aliqua. dolor Lorem ipsum aliqua. magna dolor incididunt ut Lorem do adipiscing consectetur elit labore et sed eiusmod tempor dolore ipsum sit amet magna ipsum consectetur aliqua. incididunt do dolor dolore elit amet Lorem adipiscing ut sit sed labore et tempor eiusmod Lorem et do magna dolor tempor elit consectetur adipiscing ut sit labore sed incididunt amet ipsum aliqua. eiusmod dolore sed dolore amet aliqua. elit adipiscing consectetur ipsum sit dolor et magna incididunt Lorem do labore ut eiusmod tempor eiusmod Lorem aliqua. elit ut ipsum incididunt l, factors factors factors factors factors factors factors factors factors factors factors factors factors factors factors factors factors factors factors factors factors factors factors factors factors factors factors factors factors factors factors factors factors factors factors factors factors factors factors factors factors factors factors factors factors factors factors factors factors factors factors factors factors factors factors factors factors factors factors factors factors factors factors factors,,
req-0008-17e868,synthetic,1787904686.3954415,1787904694.1121993,7.716757774353027,5.846602000005078,0.046090774603062386,"[0.03669739997712895, 0.03781950002303347, 0.0374298999668099, 0.035492700000759214, 0.03735440003219992, 0.03621329995803535, 0.03629080002428964, 0.04370450001442805, 0.03454059996875003, 0.036310499999672174, 0.03865250002127141, 0.04268509999383241, 0.0274158000247553, 0.03806729998905212, 0.03355669998563826, 0.032153000007383525, 0.03461929998593405, 0.04169540002476424, 0.040131499990820885, 0.03347680001752451, 0.04338979994645342, 0.03933510003844276, 0.03974440001184121, 0.04098869999870658, 0.03225109999766573, 0.04778759996406734, 0.031871600018348545, 0.03770099999383092, 0.03769620001548901, 0.035839100019074976, 0.040738799958489835, 0.0352458999841474, 0.03736450005089864, 0.04276240000035614, 0.04092739999759942, 0.03391820000251755, 0.03703449998283759, 0.03889009996782988, 0.03491980000399053, 0.03286979999393225, 0.048000200011301786, 0.0381377000012435, 0.030457100016064942, 0.040137199976015836, 0.031406400026753545, 0.03393450001021847, 0.029566499986685812, 0.03503089997684583, 0.044217900023795664, 0.03278980002505705, 0.04188599996268749, 0.9767617000034079, 0.02527480002027005, 6.48999703116715e-05, 5.6500022765249014e-05, 5.3499999921768904e-05, 5.169998621568084e-05, 5.0200033001601696e-05, 5.219999002292752e-05, 4.799995804205537e-05, 4.650000482797623e-05, 6.38000201433897e-05, 4.780001472681761e-05]",8.755453824996948,1787904702.8676531,512,64,True,,200,sit eiusmod aliqua. incididunt elit dolor tempor ut dolore consectetur sed Lorem labore ipsum adipiscing amet do magna et ipsum incididunt consectetur aliqua. sed magna eiusmod sit dolore ut et Lorem labore adipiscing amet do tempor elit dolor elit labore ut eiusmod amet ipsum sed dolore tempor magna et incididunt aliqua. consectetur do dolor adipiscing sit Lorem amet adipiscing dolore dolor et sed incididunt labore ut consectetur eiusmod do aliqua. Lorem magna elit ipsum tempor sit dolor Lorem aliqua. do ipsum dolore adipiscing consectetur ut sed et incididunt labore amet elit eiusmod sit tempor magna incididunt amet ut adipiscing ipsum et magna dolore aliqua. consectetur dolor tempor sed elit do eiusmod labore Lorem sit elit adipiscing tempor amet ut sit sed consectetur Lorem dolor ipsum labore magna dolore aliqua. et do incididunt eiusmod eiusmod dolor incididunt et tempor consectetur aliqua. elit do magna Lorem amet labore sed dolore sit ut adipiscing ipsum do adipiscing eiusmod sed ipsum elit et Lorem ut amet sit dolor dolore magna tempor incididunt consectetur aliqua. labore dolore consectetur incididunt amet do Lorem aliqua. elit adipiscing ut magna et sit ipsum dolor sed labore eiusmod tempor incididunt eiusmod dolor Lorem sed ipsum elit et sit amet magna do tempor adipiscing consectetur dolore labore aliqua. ut adipiscing labore eiusmod aliqua. consectetur incididunt sed dolor tempor magna ipsum Lorem et sit dolore elit ut do amet aliqua. sed labore dolor sit tempor ipsum incididunt eiusmod elit amet Lorem do consectetur dolore ut et magna adipiscing ut dolore adipiscing Lorem sit magna incididunt do et aliqua. amet consectetur sed elit labore tempor dolor ipsum eiusmod incididunt adipiscing amet dolor dolore Lorem sed ipsum magna ut eiusmod elit tempor consectetur sit et aliqua. do labore do magna ipsum et adipiscing dolor sit Lorem consectetur labore sed incididunt dolore elit aliqua. eiusmod ut amet tempor dolor ut ipsum do sed consectetur et amet magna , factors factors factors factors factors factors factors factors factors factors factors factors factors factors factors factors factors factors factors factors factors factors factors factors factors factors factors factors factors factors factors factors factors factors factors factors factors factors factors factors factors factors factors factors factors factors factors factors factors factors factors factors factors factors factors factors factors factors factors factors factors factors factors factors,,
req-0009-f91f7e,synthetic,1787904686.9834912,1787904694.882513,7.899021863937378,4.745497700001579,0.05135158253999959,"[0.04165130003821105, 0.034104299964383245, 0.03368180000688881, 0.03587530000368133, 0.028742099995724857, 0.026859100034926087, 0.024766099988482893, 0.03014449996408075, 0.027294500032439828, 0.035639400011859834, 0.04197429999476299, 0.04222279996611178, 0.03786650003166869, 0.03828039998188615, 0.0362633999902755, 0.03608759999042377, 0.046640200016554445, 0.031023700023069978, 0.03362449997803196, 0.04157850000774488, 0.0336574999964796, 0.04521140002179891, 0.0385151999653317, 0.03804720001062378, 0.03596469998592511, 0.039549100038129836, 0.043620399956125766, 0.037355200038291514, 0.0394287999952212, 0.041170199983753264, 0.03654130001086742, 0.03918199997860938, 0.03822720004245639, 0.028201799956150353, 0.036817300016991794, 0.036052600014954805, 0.03195809997851029, 0.043257499986793846, 0.041971800033934414, 0.03847480000695214, 0.03390669997315854, 0.036591799987945706, 0.03824500000337139, 0.037294500041753054, 0.03477749996818602, 0.03960359998745844, 0.034709100029431283, 0.028766000003088266, 0.036713199981022626, 0.0384417999885045, 0.04599820001749322, 0.04040970001369715, 0.04193860001396388, 0.04062569997040555, 0.0361585000064224, 0.04102549998788163, 0.039858800009824336, 0.04126259998884052, 0.041546499996911734, 0.03347339999163523, 0.9801436000270769, 0.0260864999727346, 4.850002005696297e-05]",7.9858105182647705,1787904702.8683236,510,64,True,,200,consectetur sit incididunt magna dolore ipsum sed Lorem adipiscing elit aliqua. do tempor labore ut dolor et eiusmod amet ut do incididunt sit elit dolore dolor et ipsum consectetur adipiscing sed aliqua. eiusmod labore magna Lorem amet tempor tempor ut et labore Lorem incididunt magna consectetur dolor dolore eiusmod sed sit amet adipiscing aliqua. ipsum do elit dolor elit do consectetur adipiscing Lorem dolore sit labore eiusmod tempor ut aliqua. ipsum magna incididunt sed amet et incididunt sed dolore do eiusmod aliqua. Lorem et amet labore ipsum consectetur adipiscing tempor elit sit magna ut dolor labore incididunt adipiscing et sit dolore tempor elit sed do aliqua. eiusmod dolor ut ipsum Lorem amet magna consectetur dolore ipsum magna dolor et elit ut sit eiusmod do adipiscing tempor aliqua. labore Lorem amet sed consectetur incididunt labore aliqua. incididunt amet ipsum tempor dolore Lorem sit magna dolor eiusmod et sed do elit consectetur ut adipiscing incididunt ut amet consectetur labore sed sit elit dolor et Lorem ipsum magna adipiscing do dolore eiusmod tempor aliqua. eiusmod do incididunt aliqua. ut elit dolore labore consectetur dolor sed tempor Lorem et amet sit ipsum adipiscing magna elit adipiscing et eiusmod consectetur magna tempor incididunt Lorem amet sed ipsum ut labore dolor sit dolore do aliqua. dolor sed sit amet elit magna incididunt do Lorem ut eiusmod tempor adipiscing et ipsum labore aliqua. dolore consectetur amet elit sed incididunt dolor ut adipiscing aliqua. labore Lorem dolore consectetur ipsum sit do et tempor magna eiusmod do adipiscing magna dolore ut tempor consectetur ipsum sit et incididunt Lorem sed elit amet eiusmod labore aliqua. dolor incididunt labore ipsum aliqua. consectetur magna Lorem et dolore do eiusmod dolor adipiscing tempor amet ut elit sit sed incididunt consectetur adipiscing aliqua. eiusmod elit labore tempor sit ipsum do sed dolor amet dolore magna ut Lorem et dolore amet Lorem magna labore adipiscing elit i, factors factors factors factors factors factors factors factors factors factors factors factors factors factors factors factors factors factors factors factors factors factors factors factors factors factors factors factors factors factors factors factors factors factors factors factors factors factors factors factors factors factors factors factors factors factors factors factors factors factors factors factors factors factors factors factors factors factors factors factors factors factors factors factors,,
req-0010-bf5130,synthetic,1787904687.1437616,1787904695.6429946,8.49923300743103,3.9135653999983333,0.052068392063365394,"[0.07091310003306717, 0.034714799956418574, 0.031210600049234927, 0.02951659995596856, 0.02911940001649782, 0.025441100005991757, 0.03747400001157075, 0.03463359997840598, 0.03930800000671297, 0.03436990000773221, 0.04253400000743568, 0.03969399997731671, 0.04248160001588985, 0.034659900004044175, 0.035950199991930276, 0.04196250002132729, 0.04195139999501407, 0.0366416999604553, 0.03408090001903474, 0.03191209997748956, 0.040021900029387325, 0.036411100008990616, 0.03489589999662712, 0.02474149997578934, 0.035643599985633045, 0.039995300001464784, 0.03279540000949055, 0.045924700039904565, 0.037802499951794744, 0.03296890005003661, 0.04469579999567941, 0.03310969995800406, 0.03089140000520274, 0.0366855000029318, 0.04239730001427233, 0.0396576999919489, 0.03841099998680875, 0.03602200001478195, 0.03657920000841841, 0.036387700005434453, 0.03542019997257739, 0.03799099999014288, 0.027952600037679076, 0.02972699998645112, 0.038558000000193715, 0.04240769997704774, 0.03714940004283562, 0.03579679998802021, 0.03778929996769875, 0.03818550001597032, 0.03826350002782419, 0.0382860999670811, 0.03944960003718734, 0.03665530000580475, 0.03984569996828213, 0.04081769997719675, 0.03877860005013645, 0.03856289997929707, 0.031179799989331514, 0.026598700031172484, 0.038070299953687936, 0.03829820000100881, 0.9899173000012524]",7.224972486495972,1787904702.8679671,512,64,True,,200,incididunt eiusmod amet ut Lorem dolor dolore do labore consectetur elit magna tempor aliqua. adipiscing sed et ipsum sit tempor sed magna labore Lorem do incididunt eiusmod dolore sit aliqua. et elit ut amet adipiscing ipsum dolor consectetur dolore do ipsum sit Lorem amet aliqua. magna ut dolor labore incididunt consectetur et eiusmod adipiscing elit sed tempor do Lorem sit ut adipiscing labore sed et tempor dolor aliqua. amet incididunt dolore ipsum magna consectetur elit eiusmod magna amet eiusmod dolor sed elit adipiscing ipsum do dolore et sit aliqua. consectetur ut tempor incididunt labore Lorem tempor eiusmod labore incididunt consectetur elit et dolore do adipiscing Lorem sed magna dolor amet sit aliqua. ut ipsum incididunt consectetur dolor sed Lorem magna ipsum dolore tempor amet aliqua. ut eiusmod labore elit do adipiscing et sit ut sed dolor et adipiscing Lorem dolore elit aliqua. eiusmod labore amet magna do sit consectetur tempor ipsum incididunt eiusmod dolore adipiscing do amet elit ut Lorem dolor aliqua. sit labore et tempor magna ipsum sed consectetur incididunt ipsum magna sed sit consectetur elit adipiscing tempor eiusmod dolore dolor do amet incididunt ut labore Lorem et aliqua. consectetur sit dolor do Lorem ut tempor ipsum incididunt dolore sed amet elit adipiscing eiusmod et labore magna aliqua. magna elit aliqua. sed et labore incididunt amet ipsum dolore do dolor tempor consectetur adipiscing eiusmod sit Lorem ut et eiusmod ut elit consectetur amet sit dolor labore do dolore ipsum magna sed Lorem adipiscing aliqua. tempor incididunt ut amet dolor et consectetur dolore incididunt sit eiusmod labore magna Lorem aliqua. elit do tempor ipsum sed adipiscing incididunt adipiscing Lorem magna elit eiusmod dolor ipsum do sit et sed dolore labore tempor aliqua. amet consectetur ut magna consectetur do labore Lorem dolor elit ipsum aliqua. sed dolore eiusmod et ut amet incididunt sit adipiscing tempor adipiscing aliqua. magna ipsum dolore sed dolor , stairs stairs stairs stairs stairs stairs stairs stairs stairs stairs stairs stairs stairs stairs stairs stairs stairs stairs stairs stairs stairs stairs stairs stairs stairs stairs stairs stairs stairs stairs stairs stairs stairs stairs stairs stairs stairs stairs stairs stairs stairs stairs stairs stairs stairs stairs stairs stairs stairs stairs stairs stairs stairs stairs stairs stairs stairs stairs stairs stairs stairs stairs stairs stairs,,
req-0011-ce4726,synthetic,1787904687.201667,1787904696.4044466,9.202779531478882,3.221369999984745,0.051348463492652784,"[0.033631800033617765, 0.03152660001069307, 0.03490629995940253, 0.036840800021309406, 0.03516289999242872, 0.03819920000387356, 0.02980259998003021, 0.03252440004143864, 0.037857299961615354, 0.029194700007792562, 0.0389141000341624, 0.04158279998227954, 0.039432300021871924, 0.03575260000070557, 0.041150499950163066, 0.03802490001544356, 0.04031860001850873, 0.03232529998058453, 0.04525279998779297, 0.03947479999624193, 0.03754960000514984, 0.042474100016988814, 0.042536300024949014, 0.038910700008273125, 0.03016699996078387, 0.0421162000275217, 0.03829190001124516, 0.04171279998263344, 0.03987280000001192, 0.03798979998100549, 0.03513889998430386, 0.04613590001827106, 0.03908570000203326, 0.03700640000170097, 0.03743849997408688, 0.0365122000221163, 0.04028900002595037, 0.0366550000035204, 0.03728200000477955, 0.03602369996951893, 0.03454650001367554, 0.034311499970499426, 0.035748800029978156, 0.03540709998924285, 0.03218530002050102, 0.03614199999719858, 0.03848339995602146, 0.04187120002461597, 0.03457939997315407, 0.044050600030459464, 0.03928750002523884, 0.03172249998897314, 0.04309890000149608, 0.03643559996271506, 0.03734720003558323, 0.044038599997293204, 0.03688629996031523, 0.04079580004326999, 0.03890669997781515, 0.9898195000132546, 0.02412199997343123, 5.400000372901559e-05, 4.900002386420965e-05]",6.462881803512573,1787904702.8673284,511,64,True,,200,adipiscing Lorem labore dolor sed tempor sit incididunt elit et do ut dolore amet consectetur aliqua. eiusmod ipsum magna sit et Lorem consectetur ipsum dolore magna dolor do eiusmod ut tempor adipiscing incididunt amet labore aliqua. sed elit do adipiscing ut labore sed elit amet sit magna tempor dolore Lorem et eiusmod incididunt consectetur ipsum dolor aliqua. do eiusmod consectetur ipsum et dolore labore Lorem sit elit sed tempor aliqua. dolor adipiscing ut magna incididunt amet consectetur eiusmod elit dolore tempor labore adipiscing ut ipsum dolor incididunt do Lorem sit aliqua. magna amet et sed incididunt consectetur dolor amet eiusmod sed tempor et aliqua. sit adipiscing do dolore labore ut Lorem ipsum elit magna dolore aliqua. elit magna tempor sed consectetur dolor Lorem ipsum do incididunt ut adipiscing sit et labore amet eiusmod eiusmod ipsum ut magna amet sit dolor dolore do adipiscing elit consectetur aliqua. sed labore incididunt Lorem et tempor dolore Lorem eiusmod aliqua. do et adipiscing sed ipsum consectetur dolor labore amet elit ut incididunt sit magna tempor ipsum et sit labore adipiscing ut tempor elit consectetur eiusmod incididunt dolore amet magna sed dolor do aliqua. Lorem sit dolore ut dolor sed aliqua. incididunt amet consectetur magna eiusmod labore elit et do adipiscing tempor Lorem ipsum sit sed dolore tempor eiusmod labore aliqua. dolor incididunt Lorem elit et do magna adipiscing amet ipsum consectetur ut adipiscing dolor eiusmod elit dolore Lorem tempor ipsum do sed incididunt amet sit et magna consectetur labore aliqua. ut tempor do aliqua. consectetur adipiscing ut ipsum labore elit sit sed dolore incididunt eiusmod Lorem dolor magna amet et tempor ipsum sed aliqua. amet dolor eiusmod sit ut do consectetur elit dolore incididunt magna et labore adipiscing Lorem elit adipiscing labore eiusmod dolor ut sit magna aliqua. Lorem sed dolore do et consectetur amet tempor incididunt ipsum elit dolore ut adipiscing dolor amet tempor cons, factors factors factors factors factors factors factors factors factors factors factors factors factors factors factors factors factors factors factors factors factors factors factors factors factors factors factors factors factors factors factors factors factors factors factors factors factors factors factors factors factors factors factors factors factors factors factors factors factors factors factors factors factors factors factors factors factors factors factors factors factors factors factors factors,,
req-0012-eb1b4c,synthetic,1787904687.229094,1787904697.1366954,9.907601356506348,2.493882200040389,0.051265644444529676,"[0.03368429996771738, 0.04094119998626411, 0.03544460004195571, 0.03488439996726811, 0.03748290002113208, 0.03737229999387637, 0.037442300003021955, 0.03388990001985803, 0.03982989996438846, 0.04062720004003495, 0.04297079995740205, 0.04061500000534579, 0.0351463999832049, 0.032145700010005385, 0.03948680002940819, 0.03875309997238219, 0.04340860003139824, 0.04047099995659664, 0.030116400041151792, 0.023770099971443415, 0.030667399987578392, 0.03777330002048984, 0.039740399981383234, 0.050726700050290674, 0.028144899988546968, 0.024399999994784594, 0.03919879999011755, 0.037071999977342784, 0.04023149999557063, 0.03793220000807196, 0.039281300036236644, 0.04263579996768385, 0.03588999999919906, 0.04231650003930554, 0.030225399998016655, 0.03939469996839762, 0.036534400016535074, 0.04058540001278743, 0.03529299999354407, 0.03579709999030456, 0.0417116999742575, 0.03515579999657348, 0.04164830001536757, 0.03655280004022643, 0.033605099946726114, 0.03818690002663061, 0.037634800013620406, 0.041959800000768155, 0.03753209998831153, 0.04252750001614913, 0.030053099966607988, 0.03657150000799447, 0.04464829998323694, 0.04098750004777685, 0.035118999949190766, 0.04210580000653863, 0.040626500034704804, 0.03412589995423332, 0.039391300000716, 0.9933038000017405, 0.023841200047172606, 6.619998021051288e-05, 5.70000265724957e-05]",5.730287313461304,1787904702.8669827,512,64,True,,200,et ipsum tempor elit ut magna aliqua. do sit sed consectetur amet incididunt labore dolore eiusmod Lorem adipiscing dolor do ipsum sed incididunt ut magna tempor elit labore aliqua. adipiscing dolor eiusmod amet Lorem consectetur dolore et sit aliqua. amet ipsum consectetur do eiusmod et incididunt dolore sed labore Lorem sit ut tempor adipiscing magna elit dolor sit ut tempor dolore ipsum et dolor do eiusmod sed adipiscing incididunt magna aliqua. Lorem consectetur labore elit amet aliqua. adipiscing dolor tempor ut eiusmod dolore amet sed elit Lorem magna labore do et incididunt sit ipsum consectetur ut dolor et sed elit ipsum amet sit aliqua. do consectetur adipiscing magna labore tempor dolore eiusmod Lorem incididunt magna incididunt aliqua. dolor do dolore amet Lorem consectetur labore ipsum eiusmod tempor sit et elit sed ut adipiscing dolor labore aliqua. tempor sit dolore amet ipsum eiusmod sed elit do et magna consectetur Lorem incididunt ut adipiscing amet Lorem incididunt adipiscing dolor et sit tempor ipsum consectetur labore aliqua. sed eiusmod dolore ut elit do magna elit amet incididunt magna et tempor dolore eiusmod dolor consectetur do adipiscing aliqua. sed labore Lorem ut sit ipsum ut adipiscing ipsum labore tempor dolor sed eiusmod consectetur incididunt elit et sit do aliqua. Lorem magna amet dolore magna ut elit tempor et adipiscing sit do aliqua. incididunt consectetur eiusmod sed dolor ipsum labore amet dolore Lorem incididunt magna dolore dolor aliqua. do tempor sit adipiscing amet labore eiusmod ipsum et consectetur ut elit Lorem sed magna amet et Lorem aliqua. adipiscing consectetur ipsum do sit elit dolor incididunt sed eiusmod dolore ut labore tempor dolor magna sed eiusmod et ipsum amet consectetur ut dolore sit labore tempor adipiscing incididunt aliqua. elit Lorem do amet ut incididunt magna adipiscing sit do eiusmod sed dolor tempor consectetur et labore Lorem elit aliqua. dolore ipsum adipiscing tempor et incididunt sed amet eiusmod, factors factors factors factors factors factors factors factors factors factors factors factors factors factors factors factors factors factors factors factors factors factors factors factors factors factors factors factors factors factors factors factors factors factors factors factors factors factors factors factors factors factors factors factors factors factors factors factors factors factors factors factors factors factors factors factors factors factors factors factors factors factors factors factors,,
req-0013-785d4e,synthetic,1787904688.2943468,1787904697.8931036,9.598756790161133,1.6827438999898732,0.0365825253973035,"[0.04973130003781989, 0.038897399965208024, 0.03286219999426976, 0.03224100003717467, 0.03159909998066723, 0.03930230002151802, 0.037706199975218624, 0.0379456999944523, 0.034525000024586916, 0.03753239999059588, 0.03333060001023114, 0.03848649997962639, 0.03691279998747632, 0.036531299992930144, 0.030624500010162592, 0.04057640000246465, 0.043872700014617294, 0.03695390000939369, 0.041645499994046986, 0.03453750000335276, 0.03409359999932349, 0.031862600008025765, 0.03773179999552667, 0.03774199995677918, 0.030665800033602864, 0.030366000020876527, 0.04340029996819794, 0.027540699986275285, 0.03612500004237518, 0.02822919999016449, 0.03588909999234602, 0.04335769999306649, 0.03482469997834414, 0.03979200002504513, 0.03968749998603016, 0.03789530001813546, 0.03933399997185916, 0.04107640002621338, 0.03759959997842088, 0.035277899994980544, 0.03762100002495572, 0.03586339997127652, 0.037446900038048625, 0.040740199969150126, 0.0435678000212647, 0.040100299986079335, 0.03268559998832643, 0.04096370004117489, 0.038759199960622936, 0.04018830001587048, 0.02525250002508983, 0.03942739998456091, 0.037534100003540516, 0.03385040001012385, 0.040094299998600036, 0.0384479999775067, 0.03702200000407174, 0.032262800028547645, 0.0392668999847956, 0.03173429996240884, 0.033241900033317506, 0.027628200012259185, 0.03269439999712631]",3.9894731044769287,1787904701.8825767,512,64,True,,200,dolore consectetur adipiscing tempor aliqua. elit ipsum et magna incididunt do labore dolor eiusmod Lorem ut sit sed amet eiusmod et sit tempor sed amet incididunt magna labore do ipsum dolor dolore elit aliqua. Lorem consectetur ut adipiscing consectetur ipsum eiusmod do incididunt Lorem dolor et elit aliqua. sit dolore tempor magna labore sed ut adipiscing amet sed amet incididunt et elit magna Lorem eiusmod labore dolore sit ut tempor dolor do aliqua. ipsum adipiscing consectetur magna consectetur do adipiscing ut aliqua. elit labore Lorem dolore tempor sed sit dolor incididunt eiusmod et ipsum amet ipsum labore incididunt tempor do Lorem sit sed et aliqua. consectetur ut adipiscing magna dolor elit eiusmod dolore amet amet adipiscing incididunt do labore tempor ut dolore dolor elit et sed aliqua. eiusmod magna sit Lorem consectetur ipsum elit dolor dolore eiusmod magna tempor amet labore sit et ipsum ut Lorem adipiscing incididunt consectetur sed aliqua. do incididunt labore ipsum elit aliqua. dolore adipiscing sit amet sed tempor magna et ut do Lorem eiusmod consectetur dolor dolor adipiscing amet do ut et ipsum sit consectetur labore sed magna incididunt elit aliqua. eiusmod dolore Lorem tempor dolor consectetur do magna elit incididunt adipiscing sit ipsum amet dolore labore Lorem aliqua. sed eiusmod tempor ut et amet et do sed incididunt labore elit eiusmod dolor aliqua. adipiscing ut ipsum tempor consectetur magna sit Lorem dolore labore amet consectetur et aliqua. Lorem sit ut magna eiusmod incididunt dolor tempor adipiscing do elit dolore sed ipsum Lorem dolore adipiscing ut tempor sit eiusmod et aliqua. do sed amet incididunt elit dolor ipsum consectetur labore magna et dolore amet do eiusmod adipiscing tempor dolor ipsum sit sed magna ut incididunt labore Lorem aliqua. consectetur elit Lorem eiusmod sit dolore adipiscing tempor do aliqua. magna amet elit ipsum ut dolor sed incididunt consectetur et labore Lorem eiusmod sed incididunt sit dolor adipiscin, factors factors factors factors factors factors factors factors factors factors factors factors factors factors factors factors factors factors factors factors factors factors factors factors factors factors factors factors factors factors factors factors factors factors factors factors factors factors factors factors factors factors factors factors factors factors factors factors factors factors factors factors factors factors factors factors factors factors factors factors factors factors factors factors,,
req-0014-356a3f,synthetic,1787904688.4655945,1787904698.647553,10.181958436965942,0.9109437000006437,0.05246030317438352,"[0.0709268000209704, 0.038483699958305806, 0.03300890000537038, 0.03775170003063977, 0.032893800002057105, 0.028395299974363297, 0.03985390003072098, 0.0313488999963738, 0.030554800003301352, 0.03185420000227168, 0.040107799984980375, 0.03386530000716448, 0.0344141999958083, 0.044143599981907755, 0.034370900015346706, 0.04250839998712763, 0.04369439999572933, 0.039694199978839606, 0.03371129999868572, 0.036688400025013834, 0.03616640000836924, 0.03986839996650815, 0.045103900018148124, 0.03704490000382066, 0.037680800014641136, 0.0393908999976702, 0.03908309998223558, 0.04264990001684055, 0.03587099997093901, 0.03886100003728643, 0.03813050000462681, 0.04259119997732341, 0.03810980002162978, 0.042002599977422506, 0.03347070002928376, 0.04092159995343536, 0.04007879999699071, 0.03466930001741275, 0.03013740002643317, 0.033821199962403625, 0.03741009999066591, 0.03295500000240281, 0.04350200004409999, 0.033273299981374294, 0.036667299980763346, 0.03591880004387349, 0.03616719995625317, 0.03870860004099086, 0.037639199988916516, 0.03900479996809736, 0.05041130003519356, 0.03541899996344, 0.04520210000919178, 0.03791110002202913, 0.03928889997769147, 0.03919919999316335, 0.037688400014303625, 0.04114839999238029, 0.04065650003030896, 0.03875159996096045, 0.9778276000288315, 0.026277099968865514, 4.770001396536827e-05]",4.2221386432647705,1787904702.8696916,511,64,True,,200,Lorem et eiusmod magna consectetur tempor aliqua. sit dolor ipsum elit labore amet ut do dolore sed incididunt adipiscing aliqua. dolor sed labore do incididunt ipsum et eiusmod amet elit adipiscing magna tempor Lorem consectetur sit ut dolore et Lorem labore magna aliqua. tempor sit adipiscing ut dolor ipsum elit do dolore sed consectetur eiusmod amet incididunt dolor aliqua. consectetur et dolore sit Lorem eiusmod do incididunt sed labore ut tempor ipsum elit adipiscing magna amet elit amet dolore adipiscing magna et ipsum labore dolor Lorem do eiusmod incididunt sit sed ut aliqua. tempor consectetur sed sit consectetur aliqua. elit labore do incididunt ipsum et tempor dolore Lorem adipiscing eiusmod magna ut amet dolor sed incididunt et adipiscing labore consectetur elit tempor dolor dolore sit ipsum Lorem aliqua. magna ut amet eiusmod do dolore consectetur eiusmod Lorem labore et sed magna aliqua. ipsum sit ut tempor amet elit adipiscing incididunt do dolor eiusmod labore ipsum elit dolor dolore sit ut Lorem magna incididunt tempor do adipiscing amet aliqua. consectetur et sed dolor ut do ipsum magna incididunt adipiscing eiusmod Lorem sed tempor consectetur dolore et amet labore aliqua. elit sit sed elit et adipiscing magna dolore dolor ipsum tempor sit aliqua. do labore eiusmod ut incididunt consectetur Lorem amet ipsum labore adipiscing et elit dolor do ut tempor incididunt eiusmod Lorem magna sed sit dolore consectetur amet aliqua. sed aliqua. et ipsum Lorem labore consectetur elit dolor do dolore adipiscing incididunt magna eiusmod sit ut tempor amet labore incididunt Lorem sed tempor adipiscing ipsum dolor consectetur eiusmod et amet aliqua. dolore do sit elit magna ut consectetur adipiscing eiusmod labore ut elit dolor sit et aliqua. sed dolore Lorem magna ipsum incididunt tempor do amet Lorem et labore elit do sed magna dolor consectetur incididunt aliqua. adipiscing tempor eiusmod sit ut ipsum dolore amet sed Lorem ipsum tempor dolore elit incididunt et, factors factors factors factors factors factors factors factors factors factors factors factors factors factors factors factors factors factors factors factors factors factors factors factors factors factors factors factors factors factors factors factors factors factors factors factors factors factors factors factors factors factors factors factors factors factors factors factors factors factors factors factors factors factors factors factors factors factors factors factors factors factors factors factors,,
req-0015-35c142,synthetic,1787904688.5985124,1787904699.4095,10.81098747253418,0.11100600002100691,0.052647728570884775,"[0.09355069999583066, 0.026706799981184304, 0.03510470001492649, 0.03642479999689385, 0.03629040002124384, 0.03956000000471249, 0.030702699965331703, 0.0335272999946028, 0.03455500002019107, 0.03800280002178624, 0.025414799980353564, 0.040380099962931126, 0.0364757000352256, 0.03271699999459088, 0.033305499993730336, 0.039305999991483986, 0.043034100031945854, 0.04081119998591021, 0.04321650002384558, 0.030932199966628104, 0.04051170003367588, 0.039009999949485064, 0.03936819999944419, 0.043162900023162365, 0.03280549996998161, 0.03855130000738427, 0.041688900033477694, 0.03848280000966042, 0.042334800004027784, 0.03317629999946803, 0.04263429995626211, 0.03572320000967011, 0.029485100007150322, 0.03614089998882264, 0.04005499999038875, 0.028868500026874244, 0.03527210000902414, 0.0355491999653168, 0.0416572000249289, 0.04267759999493137, 0.035334100015461445, 0.03423970000585541, 0.039507699955720454, 0.031009500031359494, 0.038548999989870936, 0.03937660000519827, 0.037990599987097085, 0.032991599990054965, 0.038516400032676756, 0.0418731999816373, 0.03357610001694411, 0.03715849999571219, 0.031136400008108467, 0.03563249995931983, 0.04264460003469139, 0.03866650001145899, 0.03463700000429526, 0.044128599984105676, 0.038427699997555465, 0.04220189998159185, 0.03828879998764023, 0.028408700018189847, 0.9753373999847099]",3.460681915283203,1787904702.8701818,510,64,True,,200,Lorem adipiscing ut amet sit consectetur tempor et ipsum eiusmod do dolore magna labore aliqua. incididunt dolor elit sed tempor adipiscing ut do labore incididunt sit amet elit consectetur magna Lorem et ipsum eiusmod dolor dolore aliqua. sed sit labore adipiscing Lorem amet ipsum dolore consectetur et do tempor elit incididunt ut sed aliqua. eiusmod magna dolor do magna aliqua. sit dolore tempor labore consectetur sed incididunt elit adipiscing Lorem eiusmod et ut dolor amet ipsum dolor sed sit ipsum do Lorem labore et aliqua. elit tempor consectetur eiusmod dolore incididunt magna amet ut adipiscing elit labore Lorem ipsum magna do ut sit consectetur adipiscing sed tempor dolor dolore amet et incididunt eiusmod aliqua. aliqua. dolore Lorem ut tempor sed eiusmod elit consectetur dolor amet et ipsum adipiscing sit labore magna incididunt do sit sed consectetur et do tempor magna dolor eiusmod adipiscing Lorem dolore incididunt elit ipsum amet aliqua. labore ut do sed aliqua. tempor incididunt eiusmod consectetur elit labore sit amet et Lorem adipiscing dolore ipsum ut dolor magna magna Lorem amet sed et dolor dolore elit sit eiusmod consectetur labore tempor ut do aliqua. incididunt adipiscing ipsum adipiscing eiusmod dolor elit magna sed sit tempor et incididunt do dolore amet consectetur labore Lorem aliqua. ipsum ut dolore labore sed amet sit incididunt ut elit et consectetur eiusmod magna dolor adipiscing tempor ipsum aliqua. Lorem do elit incididunt labore amet magna dolor do dolore sit tempor et aliqua. adipiscing consectetur eiusmod ut Lorem ipsum sed elit ipsum tempor amet consectetur incididunt sed magna Lorem aliqua. adipiscing ut dolor sit dolore eiusmod labore et do sit elit et dolor consectetur do magna adipiscing Lorem labore aliqua. sed ipsum tempor amet ut incididunt dolore eiusmod ipsum amet elit sed consectetur incididunt eiusmod dolore do ut aliqua. dolor labore Lorem sit et adipiscing tempor magna et tempor do ut eiusmod dolor elit dolore consec, factors factors factors factors factors factors factors factors factors factors factors factors factors factors factors factors factors factors factors factors factors factors factors factors factors factors factors factors factors factors factors factors factors factors factors factors factors factors factors factors factors factors factors factors factors factors factors factors factors factors factors factors factors factors factors factors factors factors factors factors factors factors factors factors,,
req-0016-7ab475,synthetic,1787904688.7140837,1787904702.8323998,14.118316173553467,5.60899460001383,0.0515489063488083,"[0.03593369998270646, 0.029138999991118908, 0.031061400019098073, 0.03839739999966696, 0.03757069999119267, 0.03855170001043007, 0.04285079997498542, 0.03971899999305606, 0.03417150001041591, 0.03405930002918467, 0.03619119996437803, 0.04442290001315996, 0.03473509999457747, 0.0449149000342004, 0.03635309997480363, 0.040484199998900294, 0.03939180000452325, 0.03243379999184981, 0.03533530002459884, 0.034875000012107193, 0.03761359996860847, 0.039691600017249584, 0.04152460000477731, 0.030879899975843728, 0.038489800004754215, 0.04285720002371818, 0.034846499969717115, 0.040823300019837916, 0.041017599985934794, 0.03960650000954047, 0.036579900013748556, 0.04271749994950369, 0.03376780002145097, 0.03511649998836219, 0.040198800037615, 0.03507419995730743, 0.03139920003013685, 0.03726329997880384, 0.04391380003653467, 0.044291700003668666, 0.035767900000792, 0.036535399965941906, 0.03632409998681396, 0.038947599998209625, 0.04069720004918054, 0.03790099994512275, 0.04022240004269406, 0.0369277999852784, 0.027035499981138855, 0.040613099990878254, 0.03211670002201572, 0.044902099994942546, 0.04192450002301484, 0.032837699982337654, 0.0421401999774389, 0.04095170000800863, 0.03916030004620552, 0.035609499958809465, 0.039256100018974394, 0.03887430002214387, 0.9624936999753118, 0.018029899976681918, 4.730001091957092e-05]",8.862187147140503,1787904711.694587,512,64,True,,200,dolor eiusmod ipsum sed et consectetur incididunt amet labore Lorem tempor ut elit adipiscing dolore aliqua. sit magna do ut et dolore magna incididunt consectetur amet labore dolor ipsum sed eiusmod adipiscing sit aliqua. tempor elit Lorem do labore ipsum dolore adipiscing sed Lorem ut amet incididunt tempor magna et dolor do aliqua. eiusmod elit sit consectetur et labore incididunt aliqua. Lorem consectetur dolore do magna tempor elit dolor eiusmod ut ipsum sit sed amet adipiscing elit sit adipiscing labore consectetur ut tempor sed ipsum et Lorem eiusmod dolor magna incididunt dolore do aliqua. amet adipiscing dolore ut Lorem magna incididunt sit aliqua. elit tempor sed eiusmod amet dolor consectetur do ipsum labore et amet consectetur elit adipiscing Lorem incididunt eiusmod ut magna aliqua. et labore dolor tempor do sed ipsum dolore sit dolor dolore adipiscing ipsum aliqua. ut sed do magna consectetur amet sit labore elit incididunt tempor et Lorem eiusmod consectetur aliqua. sit ut amet sed adipiscing tempor dolore incididunt ipsum labore et Lorem do elit eiusmod magna dolor aliqua. adipiscing labore et incididunt eiusmod ut dolor tempor elit consectetur sed do sit dolore amet ipsum magna Lorem tempor ipsum elit Lorem aliqua. amet consectetur labore incididunt dolore eiusmod sit magna dolor sed adipiscing do et ut dolor do et adipiscing consectetur Lorem elit ut eiusmod ipsum sit sed incididunt labore tempor amet dolore aliqua. magna sit do dolor ipsum et amet consectetur labore sed magna elit ut dolore tempor eiusmod incididunt aliqua. Lorem adipiscing incididunt sed eiusmod dolore adipiscing ipsum et dolor tempor do amet Lorem magna consectetur sit ut elit aliqua. labore ut adipiscing sit tempor Lorem do dolore amet et consectetur magna incididunt elit labore aliqua. dolor ipsum sed eiusmod et incididunt tempor elit amet sit aliqua. sed labore do Lorem eiusmod dolor ut magna consectetur adipiscing dolore ipsum elit Lorem aliqua. dolore adipiscing ut tempor m, factors factors factors factors factors factors factors factors factors factors factors factors factors factors factors factors factors factors factors factors factors factors factors factors factors factors factors factors factors factors factors factors factors factors factors factors factors factors factors factors factors factors factors factors factors factors factors factors factors factors factors factors factors factors factors factors factors factors factors factors factors factors factors factors,,
req-0017-6f5c39,synthetic,1787904688.7605164,1787904703.66268,14.9021635055542,4.883355600002687,0.04987552063539624,"[0.04461260000243783, 0.026152500009629875, 0.03621029999339953, 0.040155399998184294, 0.03877849999116734, 0.04158250003820285, 0.04107439995277673, 0.030991500010713935, 0.036267600022256374, 0.03745629999320954, 0.03880639997078106, 0.03342390002217144, 0.036016999976709485, 0.04094690002966672, 0.030646500003058463, 0.032158999994862825, 0.04040769999846816, 0.03702849999535829, 0.028893399983644485, 0.03857050003716722, 0.04593959997873753, 0.03556170000229031, 0.037116300023626536, 0.04382600000826642, 0.041491699987091124, 0.033739999984391034, 0.042630799987819046, 0.036785900010727346, 0.03860580001492053, 0.02932390000205487, 0.04038889997173101, 0.04116289998637512, 0.04058320005424321, 0.036357899953145534, 0.04311610001605004, 0.034846600028686225, 0.04025419999379665, 0.042263499984983355, 0.04525889997603372, 0.03546540002571419, 0.041276699979789555, 0.036267600022256374, 0.04125629999907687, 0.03456469997763634, 0.03571600001305342, 0.03755000000819564, 0.03838230000110343, 0.033193000010214746, 0.03829019999830052, 0.03634699998656288, 0.03612130001420155, 0.034252599987667054, 0.03494500002125278, 0.03820029995404184, 0.03098790004150942, 0.04226099996594712, 0.04671239998424426, 0.9732493000337854, 0.017469200014602393, 6.200000643730164e-05, 5.329999839887023e-05, 5.099998088553548e-05, 4.800001624971628e-05]",8.031246900558472,1787904711.6939268,510,64,True,,200,tempor Lorem dolore ut dolor sed et amet magna consectetur aliqua. eiusmod labore elit adipiscing sit incididunt ipsum do dolore tempor magna incididunt dolor sit consectetur ut do ipsum sed aliqua. eiusmod elit adipiscing amet Lorem et labore adipiscing consectetur do Lorem eiusmod ipsum sed labore dolor ut dolore et elit tempor amet incididunt aliqua. sit magna aliqua. labore ipsum dolor et elit do amet Lorem magna consectetur adipiscing ut incididunt sed sit dolore eiusmod tempor sit et eiusmod consectetur amet elit magna dolore ipsum aliqua. sed labore adipiscing incididunt Lorem tempor do dolor ut consectetur Lorem et ut tempor amet magna adipiscing dolor eiusmod aliqua. sit elit incididunt ipsum sed do labore dolore tempor amet magna ut et labore dolore sed Lorem aliqua. consectetur elit ipsum dolor do adipiscing eiusmod incididunt sit sed dolore ut amet magna elit incididunt do adipiscing aliqua. dolor ipsum sit tempor eiusmod consectetur Lorem et labore incididunt sed aliqua. eiusmod amet adipiscing labore tempor dolore consectetur ipsum dolor ut do elit et sit magna Lorem sed labore et incididunt sit ut amet tempor dolore eiusmod elit ipsum magna Lorem adipiscing do aliqua. dolor consectetur sit eiusmod adipiscing magna et ut consectetur Lorem elit aliqua. do sed amet dolore dolor labore ipsum tempor incididunt elit adipiscing labore ut aliqua. do magna dolore incididunt ipsum tempor sed et eiusmod Lorem sit dolor amet consectetur consectetur elit ut dolore Lorem adipiscing sit incididunt et eiusmod aliqua. ipsum dolor amet tempor labore sed do magna ut do incididunt dolor et sit ipsum dolore sed tempor eiusmod adipiscing elit consectetur Lorem magna aliqua. labore amet sed labore ut et incididunt adipiscing aliqua. amet do sit eiusmod elit magna Lorem consectetur ipsum dolor dolore tempor adipiscing consectetur ut labore dolore et aliqua. do elit ipsum magna eiusmod incididunt amet Lorem tempor sed dolor sit amet aliqua. et ipsum ut sed consectetur tempor , factors factors factors factors factors factors factors factors factors factors factors factors factors factors factors factors factors factors factors factors factors factors factors factors factors factors factors factors factors factors factors factors factors factors factors factors factors factors factors factors factors factors factors factors factors factors factors factors factors factors factors factors factors factors factors factors factors factors factors factors factors factors factors factors,,
req-0018-515ffa,synthetic,1787904688.7999592,1787904704.3805718,15.580612659454346,4.057682200043928,0.0513192238092112,"[0.03336279996437952, 0.031080599990673363, 0.03695100004551932, 0.03676619997713715, 0.03632650000508875, 0.027334599988535047, 0.03833990002749488, 0.04151439998531714, 0.03474789997562766, 0.04044469998916611, 0.029929000011179596, 0.041020400007255375, 0.03030759998364374, 0.036888500035274774, 0.04026129998965189, 0.03414359997259453, 0.035039500042330474, 0.024502199958078563, 0.03808810003101826, 0.039746399968862534, 0.04196310002589598, 0.03457299998262897, 0.03076550003606826, 0.0536189999547787, 0.03372920001856983, 0.033130900003015995, 0.04813780001131818, 0.037045200006105006, 0.04130009998334572, 0.03286760003538802, 0.03466509998543188, 0.03827169997384772, 0.030858599988278, 0.028188700031023473, 0.034913500014226884, 0.04169399995589629, 0.041715400002431124, 0.042024900030810386, 0.03800289996434003, 0.03818950004642829, 0.044337600003927946, 0.03915139997843653, 0.03953090001596138, 0.038760899973567575, 0.03712910000467673, 0.03642050002235919, 0.038011199969332665, 0.043780800013337284, 0.036808400007430464, 0.03460600000107661, 0.04044509999221191, 0.04095850000157952, 0.028114599990658462, 0.03971139999339357, 0.023674199997913092, 0.03719390003243461, 0.03946209995774552, 0.04435179999563843, 0.03704790002666414, 0.033901399991009384, 0.035320700029842556, 0.03345709998393431, 0.9484846999985166]",7.316071510314941,1787904711.6966434,510,64,True,,200,tempor labore magna eiusmod dolor ut incididunt elit amet sit ipsum sed dolore consectetur do Lorem adipiscing et aliqua. dolor ut consectetur labore tempor ipsum eiusmod aliqua. elit amet do magna dolore adipiscing Lorem sed incididunt sit et ipsum sit dolor Lorem do et labore tempor consectetur eiusmod dolore aliqua. magna sed ut elit amet adipiscing incididunt et eiusmod incididunt labore dolor magna sed ut adipiscing sit ipsum amet elit do tempor consectetur dolore Lorem aliqua. elit dolore et Lorem ipsum eiusmod adipiscing do incididunt tempor dolor magna sit ut labore amet aliqua. sed consectetur elit adipiscing aliqua. ut dolor eiusmod incididunt magna dolore do consectetur ipsum Lorem labore et sed sit amet tempor ipsum sed dolor Lorem adipiscing et tempor magna labore incididunt elit do eiusmod ut sit dolore amet aliqua. consectetur et Lorem ipsum ut labore magna incididunt amet elit sed sit aliqua. dolor tempor eiusmod adipiscing do dolore consectetur adipiscing consectetur amet ut eiusmod Lorem ipsum elit labore tempor dolore sed et magna do sit dolor incididunt aliqua. do tempor magna labore sit dolor dolore eiusmod consectetur et elit ut Lorem ipsum incididunt adipiscing sed aliqua. amet tempor amet dolor do et elit ipsum aliqua. sit sed dolore ut adipiscing incididunt labore Lorem magna eiusmod consectetur amet Lorem ipsum dolore aliqua. incididunt eiusmod dolor elit adipiscing tempor et magna ut labore consectetur sed sit do eiusmod elit Lorem dolor aliqua. ut et consectetur dolore sit labore do incididunt adipiscing magna sed tempor amet ipsum eiusmod ipsum dolore incididunt consectetur tempor ut aliqua. do labore magna adipiscing sed sit dolor Lorem elit et amet sit dolor Lorem ut et elit do dolore aliqua. tempor amet labore ipsum sed adipiscing consectetur eiusmod incididunt magna do ipsum labore eiusmod amet ut incididunt adipiscing Lorem elit sit magna consectetur aliqua. dolore sed et dolor tempor dolor do consectetur dolore labore elit adipisci, stairs stairs stairs stairs stairs stairs stairs stairs stairs stairs stairs stairs stairs stairs stairs stairs stairs stairs stairs stairs stairs stairs stairs stairs stairs stairs stairs stairs stairs stairs stairs stairs stairs stairs stairs stairs stairs stairs stairs stairs stairs stairs stairs stairs stairs stairs stairs stairs stairs stairs stairs stairs stairs stairs stairs stairs stairs stairs stairs stairs stairs stairs stairs stairs,,
req-0019-6bb8c1,synthetic,1787904688.9023726,1787904705.1535184,16.251145839691162,3.2844879999756813,0.051621841269523086,"[0.03628410003148019, 0.041507699992507696, 0.03843690000940114, 0.032462699979078025, 0.039701599976979196, 0.0380581000354141, 0.03618769999593496, 0.034733899985440075, 0.033732599986251444, 0.04026999999769032, 0.03499310003826395, 0.034065699961502105, 0.0343288000440225, 0.04156339995097369, 0.03482380002969876, 0.037793299998156726, 0.04130669997539371, 0.03683729999465868, 0.04262980003841221, 0.03674329997738823, 0.039311999978963286, 0.03348730003926903, 0.04831529996590689, 0.04032090003602207, 0.0322236999636516, 0.045074300025589764, 0.03732050000689924, 0.032111499982420355, 0.038394999981392175, 0.03685520001454279, 0.034624300024006516, 0.04529559996444732, 0.03210330003639683, 0.03455229999963194, 0.044512799999210984, 0.03761479997774586, 0.02816799998981878, 0.04066870000679046, 0.036460100032854825, 0.04504810000071302, 0.040554899955168366, 0.03234010003507137, 0.041610200016293675, 0.03889369999524206, 0.03475709998747334, 0.02990179997868836, 0.03656849998515099, 0.037347600038629025, 0.03788600000552833, 0.042199899966362864, 0.03614810004364699, 0.038768499973230064, 0.04260839999187738, 0.037462999986018986, 0.04101950000040233, 0.03712450002785772, 0.039236599986907095, 0.03567690000636503, 0.042983699997421354, 0.03542530001141131, 0.9656126999761909, 0.01905490003991872, 6.989995017647743e-05]",6.541378498077393,1787904711.694897,512,64,True,,200,et magna dolore do Lorem aliqua. consectetur ut sit amet labore sed ipsum adipiscing elit eiusmod dolor tempor incididunt consectetur et dolore amet magna dolor sit labore aliqua. tempor elit Lorem incididunt ipsum sed do ut adipiscing eiusmod labore amet tempor dolor et consectetur sed adipiscing elit dolore sit Lorem eiusmod incididunt magna aliqua. ipsum do ut tempor dolor dolore ut Lorem elit adipiscing do amet eiusmod consectetur sit sed incididunt ipsum et aliqua. labore magna sit tempor ipsum consectetur labore elit ut magna incididunt dolor Lorem aliqua. do amet dolore sed adipiscing et eiusmod ut adipiscing dolore eiusmod sed dolor sit aliqua. do magna et amet labore ipsum Lorem incididunt tempor elit consectetur amet elit ut dolor Lorem ipsum tempor aliqua. magna do sit dolore et sed adipiscing eiusmod consectetur labore incididunt do sit et Lorem dolor consectetur aliqua. adipiscing elit ipsum labore sed amet incididunt eiusmod dolore magna tempor ut et elit aliqua. sed adipiscing dolor Lorem do ipsum tempor ut consectetur dolore labore eiusmod sit magna incididunt amet ipsum adipiscing dolore consectetur Lorem ut sed incididunt sit tempor do magna aliqua. dolor amet eiusmod et labore elit amet ipsum eiusmod sed sit ut et do incididunt Lorem elit dolor dolore magna consectetur tempor aliqua. adipiscing labore do magna Lorem dolor ut sed elit amet adipiscing aliqua. eiusmod tempor sit labore et dolore consectetur ipsum incididunt magna sit dolor elit adipiscing labore Lorem et sed incididunt tempor eiusmod dolore aliqua. do ut amet consectetur ipsum magna Lorem et incididunt adipiscing consectetur dolor ut amet labore ipsum sed sit dolore elit do eiusmod tempor aliqua. elit sed et eiusmod magna adipiscing do incididunt dolor sit ut amet aliqua. dolore ipsum labore consectetur tempor Lorem incididunt labore aliqua. do amet ut Lorem magna elit adipiscing dolore dolor consectetur sed eiusmod ipsum et sit tempor consectetur sed ut sit Lorem elit labore dolore , factors factors factors factors factors factors factors factors factors factors factors factors factors factors factors factors factors factors factors factors factors factors factors factors factors factors factors factors factors factors factors factors factors factors factors factors factors factors factors factors factors factors factors factors factors factors factors factors factors factors factors factors factors factors factors factors factors factors factors factors factors factors factors factors,,
req-0020-e610d5,synthetic,1787904690.404739,1787904705.9236822,15.518943309783936,2.5085626000072807,0.05171976031713365,"[0.03249499999219552, 0.03122339997207746, 0.03806960000656545, 0.04427730001043528, 0.03419500001473352, 0.039134499966166914, 0.03963700000895187, 0.04247899999609217, 0.03936280001653358, 0.04014689999166876, 0.03576619998784736, 0.02917300001718104, 0.03583100001560524, 0.048391299962531775, 0.03457900002831593, 0.03331510000862181, 0.03232549998210743, 0.04037619999144226, 0.0443686000071466, 0.03941399999894202, 0.03764860000228509, 0.04259450000245124, 0.035084899980574846, 0.04062380001414567, 0.04779809998581186, 0.046016700041946024, 0.03937509999377653, 0.0348546999739483, 0.0445552000310272, 0.03738829999929294, 0.0437961999559775, 0.0358743000542745, 0.03693039994686842, 0.03876180003862828, 0.03106179996393621, 0.04312330001266673, 0.04382580000674352, 0.03881220001494512, 0.03025010001147166, 0.03867300000274554, 0.036202299990691245, 0.03624129999661818, 0.03802089998498559, 0.038575800019316375, 0.038726900005713105, 0.030549499962944537, 0.03253950004000217, 0.03437719994690269, 0.03477300005033612, 0.03679599997121841, 0.040519799978937954, 0.037320900009945035, 0.04059099999722093, 0.03970100003061816, 0.03646209998987615, 0.03568869997980073, 0.03292770002735779, 0.042770100000780076, 0.043921399977989495, 0.038827800017315894, 0.9518248999956995, 0.019323599990457296, 5.43000060133636e-05]",5.771518707275391,1787904711.695201,512,64,True,,200,et sed dolore elit sit amet Lorem adipiscing ut labore dolor eiusmod ipsum magna aliqua. tempor incididunt consectetur do adipiscing incididunt sit labore elit Lorem eiusmod magna aliqua. tempor et sed do dolor amet ipsum dolore consectetur ut eiusmod Lorem aliqua. magna elit sit dolor adipiscing do labore tempor dolore sed et incididunt amet ipsum consectetur ut adipiscing dolor eiusmod et labore aliqua. ut incididunt sit Lorem do sed ipsum magna consectetur elit dolore tempor amet tempor Lorem consectetur labore ut do ipsum dolor elit incididunt sit eiusmod magna sed adipiscing amet et dolore aliqua. sit dolore adipiscing Lorem elit magna dolor do consectetur labore aliqua. incididunt sed tempor eiusmod et ipsum amet ut incididunt ipsum eiusmod amet adipiscing dolore tempor sed labore elit Lorem ut et dolor sit aliqua. consectetur magna do ipsum sit dolor do tempor elit eiusmod consectetur sed amet dolore et incididunt adipiscing aliqua. magna labore ut Lorem aliqua. sed adipiscing incididunt do labore tempor magna consectetur elit eiusmod dolore et ut ipsum sit Lorem dolor amet elit sed et Lorem do ipsum labore dolore consectetur eiusmod aliqua. tempor incididunt sit adipiscing amet magna dolor ut dolor sed et aliqua. adipiscing do amet ut dolore sit incididunt tempor Lorem consectetur magna ipsum labore eiusmod elit sit do Lorem ipsum ut magna aliqua. consectetur elit dolor tempor adipiscing amet incididunt labore dolore et sed eiusmod aliqua. sed ipsum et incididunt do amet consectetur dolor tempor adipiscing labore elit eiusmod ut magna Lorem sit dolore ipsum dolore aliqua. tempor labore dolor sit eiusmod adipiscing do Lorem magna ut sed incididunt et amet elit consectetur adipiscing elit consectetur aliqua. do sit ut ipsum tempor et Lorem labore dolore amet eiusmod incididunt dolor magna sed ut amet tempor consectetur magna dolore elit aliqua. sit ipsum do Lorem et sed adipiscing incididunt eiusmod dolor labore incididunt do labore tempor Lorem consectetur do, stairs stairs stairs stairs stairs stairs stairs stairs stairs stairs stairs stairs stairs stairs stairs stairs stairs stairs stairs stairs stairs stairs stairs stairs stairs stairs stairs stairs stairs stairs stairs stairs stairs stairs stairs stairs stairs stairs stairs stairs stairs stairs stairs stairs stairs stairs stairs stairs stairs stairs stairs stairs stairs stairs stairs stairs stairs stairs stairs stairs stairs stairs stairs stairs,,
req-0021-2b2a99,synthetic,1787904693.9202673,1787904706.6639552,12.743687868118286,1.6419516000314616,0.0385215873016961,"[0.13466219999827445, 0.038039400009438396, 0.032953099987935275, 0.04164239997044206, 0.034926399996038526, 0.04101570002967492, 0.02665249997517094, 0.03265120001742616, 0.040827999997418374, 0.03599389997543767, 0.035775399999693036, 0.03852650005137548, 0.03989109996473417, 0.036498500034213066, 0.031203499995172024, 0.040409899957012385, 0.03976890002377331, 0.03572570002870634, 0.02728689997456968, 0.03911449998850003, 0.030882999999448657, 0.03371580003295094, 0.03011629998218268, 0.036860199994407594, 0.047394299996085465, 0.0354263000190258, 0.0362205000128597, 0.04476359998807311, 0.0363257999997586, 0.039341599971521646, 0.04160810000030324, 0.03742940002121031, 0.043534700002055615, 0.036011299991514534, 0.03716930001974106, 0.03622700000414625, 0.03801749995909631, 0.03771740000229329, 0.03622370003722608, 0.033381399989593774, 0.038626099994871765, 0.03669490001630038, 0.04108049999922514, 0.02884379995521158, 0.03316530003212392, 0.039583200006745756, 0.03794639999978244, 0.042331599979661405, 0.029188000014983118, 0.031512999965343624, 0.041038300027139485, 0.03739369998220354, 0.03781090001575649, 0.03907870000693947, 0.04084440000588074, 0.04300489998422563, 0.034344499988947064, 0.036214300023857504, 0.0351407999987714, 0.04058879998046905, 0.03783869999460876, 0.033748799993190914, 0.03890750004211441]",4.071022033691406,1787904710.7349772,512,64,True,,200,sed labore elit sit dolor tempor dolore do adipiscing ipsum magna ut Lorem consectetur aliqua. amet et incididunt eiusmod sed et incididunt do dolore elit sit magna ipsum amet adipiscing labore dolor aliqua. Lorem tempor ut eiusmod consectetur incididunt ipsum et tempor adipiscing labore magna sed dolor sit aliqua. ut dolore amet Lorem do elit eiusmod consectetur adipiscing Lorem consectetur eiusmod amet dolore sed dolor do labore sit tempor incididunt elit ipsum ut aliqua. et magna ut Lorem elit dolor incididunt dolore aliqua. tempor sit adipiscing et sed do ipsum consectetur magna amet labore eiusmod magna ut incididunt Lorem labore do ipsum consectetur adipiscing dolore sit amet tempor eiusmod dolor elit sed aliqua. et dolore aliqua. consectetur sit et dolor tempor do magna ipsum amet incididunt eiusmod elit adipiscing sed labore ut Lorem adipiscing eiusmod dolor incididunt tempor labore aliqua. consectetur do et dolore magna amet sed ut elit sit Lorem ipsum adipiscing et do eiusmod sit ipsum elit dolore consectetur magna aliqua. amet Lorem dolor labore tempor ut incididunt sed dolor aliqua. adipiscing eiusmod sit sed ipsum elit dolore ut labore amet incididunt tempor Lorem et consectetur do magna elit tempor ut eiusmod incididunt sed aliqua. magna labore amet consectetur adipiscing ipsum et Lorem sit dolor dolore do ut dolor eiusmod tempor amet incididunt dolore elit adipiscing ipsum sit do et labore consectetur aliqua. Lorem sed magna tempor eiusmod amet sit elit Lorem et dolore incididunt dolor consectetur ut aliqua. ipsum sed magna do adipiscing labore Lorem ut ipsum dolore dolor consectetur amet aliqua. sed magna tempor labore adipiscing sit et eiusmod incididunt do elit dolor ut dolore sit aliqua. sed incididunt consectetur amet magna Lorem ipsum adipiscing et do elit labore eiusmod tempor eiusmod incididunt dolor elit do dolore adipiscing sit ipsum amet labore consectetur et Lorem tempor sed ut magna aliqua. adipiscing elit sit dolore dolor amet tempor ut , factors factors factors factors factors factors factors factors factors factors factors factors factors factors factors factors factors factors factors factors factors factors factors factors factors factors factors factors factors factors factors factors factors factors factors factors factors factors factors factors factors factors factors factors factors factors factors factors factors factors factors factors factors factors factors factors factors factors factors factors factors factors factors factors,,
req-0022-573d96,synthetic,1787904695.17742,1787904707.4217217,12.244301795959473,1.0228288000216708,0.05149344920590963,"[0.03385930001968518, 0.03443269996205345, 0.03734580002492294, 0.02881559997331351, 0.03027829999336973, 0.04038010002113879, 0.03725920000579208, 0.036660199984908104, 0.034405099984724075, 0.038864600006490946, 0.040498799993656576, 0.03857530001550913, 0.04036889999406412, 0.0432196999900043, 0.04520350001985207, 0.034215299994684756, 0.04061550000915304, 0.038073299976531416, 0.040220600028987974, 0.038719700009096414, 0.027422100014518946, 0.039303399971686304, 0.04340540000703186, 0.03807309997500852, 0.049613900016993284, 0.0417314000078477, 0.041739200009033084, 0.03713319997768849, 0.03918740001972765, 0.03934829996433109, 0.0404965000343509, 0.04530120000708848, 0.03781459998572245, 0.03976780001539737, 0.03914279997115955, 0.041213000018615276, 0.03958109999075532, 0.04340820002835244, 0.036151599953882396, 0.03827710001496598, 0.03630039998097345, 0.03858980000950396, 0.039107499993406236, 0.0419180000317283, 0.039169900002889335, 0.038475200009997934, 0.037926799966953695, 0.03980279999086633, 0.037348899990320206, 0.03677830001106486, 0.0327839000383392, 0.0360029999865219, 0.03822139999829233, 0.04074309999123216, 0.038868899981025606, 0.04248110001208261, 0.033476100012194365, 0.031587200006470084, 0.03575709997676313, 0.9607025000150315, 0.017824399983510375, 5.0900038331747055e-05, 4.729995271191001e-05]",4.2725465297698975,1787904711.6942682,511,64,True,,200,Lorem elit sit tempor magna consectetur ipsum sed incididunt adipiscing et ut amet labore eiusmod dolor do aliqua. dolore elit amet eiusmod sed dolor Lorem tempor aliqua. ut magna consectetur ipsum incididunt dolore sit adipiscing labore et do eiusmod labore dolore sit tempor elit et dolor amet do incididunt Lorem aliqua. consectetur sed ut adipiscing ipsum magna incididunt adipiscing eiusmod amet dolore elit sit Lorem ipsum magna sed aliqua. consectetur do et ut labore dolor tempor incididunt do dolore ipsum magna amet dolor eiusmod sed aliqua. adipiscing sit consectetur ut Lorem labore tempor elit et do ut sit elit aliqua. Lorem eiusmod ipsum sed amet adipiscing et dolore dolor magna incididunt tempor consectetur labore tempor sed ut dolore adipiscing labore ipsum aliqua. sit Lorem consectetur elit et incididunt amet eiusmod dolor do magna dolor eiusmod ipsum consectetur et sit Lorem tempor dolore amet adipiscing labore elit magna aliqua. incididunt sed ut do ipsum magna tempor et aliqua. Lorem dolor do adipiscing consectetur amet eiusmod labore sed elit sit ut dolore incididunt et tempor Lorem labore adipiscing aliqua. amet ipsum do ut sit elit dolore sed magna eiusmod incididunt consectetur dolor sit eiusmod et magna dolor incididunt consectetur tempor ut aliqua. dolore Lorem adipiscing amet do elit labore ipsum sed aliqua. magna dolor do incididunt sit Lorem eiusmod ut elit consectetur et ipsum labore adipiscing amet tempor sed dolore ut aliqua. magna dolore consectetur Lorem sed tempor et labore eiusmod sit dolor adipiscing ipsum amet incididunt elit do incididunt consectetur do dolore magna amet elit ipsum sit et sed Lorem aliqua. ut eiusmod adipiscing tempor labore dolor sed magna sit dolore labore et elit consectetur incididunt amet Lorem do ut dolor ipsum adipiscing eiusmod aliqua. tempor labore sed ipsum et adipiscing consectetur eiusmod sit dolore Lorem aliqua. amet tempor ut elit do magna incididunt dolor adipiscing do consectetur aliqua. labore incidid, stairs stairs stairs stairs stairs stairs stairs stairs stairs stairs stairs stairs stairs stairs stairs stairs stairs stairs stairs stairs stairs stairs stairs stairs stairs stairs stairs stairs stairs stairs stairs stairs stairs stairs stairs stairs stairs stairs stairs stairs stairs stairs stairs stairs stairs stairs stairs stairs stairs stairs stairs stairs stairs stairs stairs stairs stairs stairs stairs stairs stairs stairs stairs stairs,,
req-0023-2e0cde,synthetic,1787904695.2241228,1787904708.1704423,12.946319580078125,0.2722603000001982,0.05156260634872264,"[0.03017709997948259, 0.03713640000205487, 0.037879500014241785, 0.042547799996100366, 0.030148299993015826, 0.034553300007246435, 0.03559439996024594, 0.04099460004363209, 0.043367300007957965, 0.03675460000522435, 0.04260659997817129, 0.034538400010205805, 0.032527800009120256, 0.04201849998207763, 0.03809990000445396, 0.02754139999160543, 0.037843599973712116, 0.04068160004680976, 0.03710039996076375, 0.03875700000207871, 0.03823400003602728, 0.029729400004725903, 0.04286180000053719, 0.025643199973274022, 0.036769600003026426, 0.04543030000058934, 0.04780810000374913, 0.03481350000947714, 0.03413300000829622, 0.03246299998136237, 0.03660719998879358, 0.033419999992474914, 0.04146219999529421, 0.03582099999766797, 0.039947699988260865, 0.034758000052534044, 0.036678000004030764, 0.040234899963252246, 0.03999720001593232, 0.042024799971841276, 0.03594220004742965, 0.040402399958111346, 0.03367580001940951, 0.03293350001331419, 0.03584480000426993, 0.03216359997168183, 0.03501789999427274, 0.039939000038430095, 0.030799200001638383, 0.04124469996895641, 0.04135580000001937, 0.0363571000052616, 0.04260460002114996, 0.03893469995819032, 0.03936640004394576, 0.035031699982937425, 0.0394228000077419, 0.041285799990873784, 0.04560090001905337, 0.042734999966342, 0.04207289998885244, 0.9363724000286311, 0.01963559997966513]",3.526555061340332,1787904711.6969974,510,64,True,,200,sit magna ipsum dolor incididunt eiusmod sed elit amet ut et aliqua. tempor adipiscing labore dolore do consectetur Lorem magna incididunt eiusmod sed Lorem aliqua. tempor dolor do ut dolore adipiscing elit sit ipsum consectetur amet labore et dolore labore et sit consectetur eiusmod aliqua. amet adipiscing ut do Lorem incididunt ipsum sed dolor elit tempor magna sit ipsum et amet magna dolor consectetur aliqua. labore sed tempor ut dolore elit do Lorem adipiscing incididunt eiusmod Lorem ut et magna sed ipsum tempor dolore labore amet eiusmod consectetur sit incididunt adipiscing elit aliqua. do dolor consectetur ut Lorem tempor adipiscing labore aliqua. magna elit dolore et ipsum incididunt eiusmod sit do dolor sed amet sit consectetur do adipiscing sed amet dolore ut tempor et Lorem elit magna labore incididunt eiusmod ipsum aliqua. dolor sit eiusmod adipiscing tempor aliqua. elit dolor et Lorem labore amet ipsum do sed ut magna consectetur incididunt dolore sit dolor dolore tempor elit ut do amet adipiscing sed incididunt consectetur eiusmod aliqua. magna Lorem et labore ipsum dolore incididunt labore sed ipsum magna dolor adipiscing elit eiusmod aliqua. Lorem et consectetur ut tempor do sit amet incididunt ut sed eiusmod ipsum tempor sit dolor magna amet Lorem do et consectetur elit aliqua. adipiscing dolore labore aliqua. labore et do eiusmod tempor incididunt Lorem ut consectetur amet magna elit ipsum sed sit dolor dolore adipiscing labore dolore sed dolor eiusmod sit ut do magna et adipiscing aliqua. incididunt amet ipsum consectetur elit Lorem tempor ipsum incididunt labore adipiscing consectetur sed elit eiusmod magna do ut Lorem dolore sit aliqua. et dolor amet tempor adipiscing magna ipsum amet aliqua. do dolore ut elit incididunt Lorem sed labore tempor eiusmod consectetur et sit dolor sed et eiusmod sit Lorem ut labore dolore magna elit aliqua. consectetur ipsum tempor incididunt do amet dolor adipiscing elit aliqua. tempor ut dolor eiusmod ipsum amet , factors factors factors factors factors factors factors factors factors factors factors factors factors factors factors factors factors factors factors factors factors factors factors factors factors factors factors factors factors factors factors factors factors factors factors factors factors factors factors factors factors factors factors factors factors factors factors factors factors factors factors factors factors factors factors factors factors factors factors factors factors factors factors factors,,
req-0024-33a8f9,synthetic,1787904696.989721,1787904711.6655173,14.675796270370483,5.8852798999869265,0.05003534603146984,"[0.03901240002596751, 0.03230799996526912, 0.03804810001747683, 0.0379333000164479, 0.034153399989008904, 0.03400440001860261, 0.0382605999475345, 0.03929230000358075, 0.03650800004834309, 0.038231999962590635, 0.04028900002595037, 0.035652499995194376, 0.03270149999298155, 0.03977989999111742, 0.038642400002572685, 0.03543689998332411, 0.031616699998266995, 0.039968500030227005, 0.03257460001623258, 0.03557730000466108, 0.03321259998483583, 0.04064439999638125, 0.040032199991401285, 0.03807840001536533, 0.03698279999662191, 0.030394300003536046, 0.034311699972022325, 0.04029859998263419, 0.044884700037073344, 0.040321099979337305, 0.027436800010036677, 0.03519690001849085, 0.0444417999824509, 0.03342079999856651, 0.046824000019114465, 0.03396440000506118, 0.03890109999338165, 0.03928129997802898, 0.03787569998530671, 0.03888659999938682, 0.02888240001630038, 0.030020600010175258, 0.03559410001616925, 0.041835199983324856, 0.0263668000116013, 0.037857299961615354, 0.04076320002786815, 0.03588490001857281, 0.03900940000312403, 0.04617719998350367, 0.03737019997788593, 0.03215929999714717, 0.03822430002037436, 0.035680499975569546, 0.04296690004412085, 0.04161489999387413, 0.04402239999035373, 0.039620099996682256, 0.9737438000156544, 0.01888569997390732, 6.160000339150429e-05, 5.370000144466758e-05, 5.029997555539012e-05]",9.874661922454834,1787904721.5401793,511,64,True,,200,magna ut dolore amet incididunt ipsum consectetur tempor do sed eiusmod Lorem aliqua. dolor et labore elit sit adipiscing tempor aliqua. et elit amet adipiscing ipsum eiusmod dolor labore sit consectetur Lorem dolore ut sed incididunt do magna aliqua. ut elit amet tempor incididunt et do magna sit Lorem sed dolor consectetur dolore eiusmod ipsum labore adipiscing elit ut ipsum magna amet adipiscing labore Lorem do eiusmod dolor et tempor dolore incididunt sed aliqua. sit consectetur aliqua. eiusmod do tempor labore Lorem ipsum dolor sed sit consectetur magna adipiscing amet dolore ut elit incididunt et amet eiusmod incididunt labore consectetur aliqua. elit dolor tempor Lorem sit sed ipsum magna adipiscing do et dolore ut sit dolor tempor Lorem adipiscing incididunt amet do magna dolore ut elit ipsum sed labore et consectetur eiusmod aliqua. ipsum Lorem consectetur dolor eiusmod do sit sed magna tempor et ut amet incididunt aliqua. adipiscing labore dolore elit magna consectetur ut amet tempor do eiusmod sit ipsum labore et dolore aliqua. Lorem incididunt sed elit dolor adipiscing sit sed elit ut Lorem amet dolore dolor do aliqua. incididunt ipsum adipiscing labore eiusmod magna tempor et consectetur sed dolor sit magna aliqua. Lorem ut do amet dolore elit tempor eiusmod incididunt ipsum consectetur et adipiscing labore incididunt labore sit elit dolor amet adipiscing do dolore ut sed tempor et eiusmod magna aliqua. Lorem ipsum consectetur dolor labore elit consectetur adipiscing aliqua. ut et sed sit incididunt amet tempor ipsum eiusmod magna Lorem do dolore incididunt amet labore dolore consectetur do magna dolor aliqua. sed adipiscing sit ipsum ut Lorem elit tempor eiusmod et dolore labore eiusmod elit amet sit incididunt dolor sed tempor Lorem et ipsum ut consectetur aliqua. magna do adipiscing adipiscing eiusmod ipsum labore sed ut elit magna Lorem incididunt dolore aliqua. do dolor et amet sit consectetur tempor consectetur Lorem sit tempor incididunt sed eius, factors factors factors factors factors factors factors factors factors factors factors factors factors factors factors factors factors factors factors factors factors factors factors factors factors factors factors factors factors factors factors factors factors factors factors factors factors factors factors factors factors factors factors factors factors factors factors factors factors factors factors factors factors factors factors factors factors factors factors factors factors factors factors factors,,
req-0025-59aa94,synthetic,1787904697.7670171,1787904712.4352193,14.66820216178894,5.030305199965369,0.05139837777777945,"[0.03522840002551675, 0.034138399991206825, 0.038795300002675503, 0.0374920999747701, 0.03891780000412837, 0.03542500000912696, 0.03520250000292435, 0.0325462999753654, 0.03490340005373582, 0.032716099987737834, 0.040903199987951666, 0.03547379997326061, 0.03615390002960339, 0.038919500017073005, 0.037984499998856336, 0.04197999997995794, 0.02821289998246357, 0.037396400002762675, 0.0405515999882482, 0.04271320003317669, 0.03517360001569614, 0.043596999952569604, 0.031234900001436472, 0.03317220002645627, 0.038100100005976856, 0.04033539997180924, 0.037426099996082485, 0.03808020002907142, 0.04340989998308942, 0.03497580002294853, 0.04204969998681918, 0.04313569999067113, 0.0305182000156492, 0.03263329999754205, 0.03756169998086989, 0.03500269999494776, 0.045456300023943186, 0.036471700004767627, 0.03771130001405254, 0.03125419997377321, 0.032283400010783225, 0.03367340000113472, 0.03811449999921024, 0.036531199992168695, 0.038166799989994615, 0.043592500034719706, 0.04151650000130758, 0.04051699995761737, 0.0360905000125058, 0.039113699982408434, 0.030964500037953258, 0.03791000001365319, 0.04092519998084754, 0.038125499966554344, 0.03332630003569648, 0.027961899992078543, 0.03298159997211769, 0.03662870003608987, 0.044464999984484166, 0.040952300012577325, 0.03151489997981116, 0.9613353000022471, 0.018452799995429814]",9.105926036834717,1787904721.5411453,510,64,True,,200,consectetur dolor ut Lorem adipiscing ipsum sed incididunt elit tempor aliqua. et labore eiusmod dolore amet do sit magna eiusmod amet magna dolore dolor tempor do elit sit consectetur aliqua. ipsum ut et sed labore adipiscing incididunt Lorem eiusmod adipiscing sed dolor magna sit aliqua. elit labore do dolore Lorem consectetur tempor incididunt ut et amet ipsum consectetur elit amet do Lorem et ut labore sed incididunt dolore eiusmod dolor sit aliqua. magna tempor ipsum adipiscing sit dolor elit dolore labore amet incididunt consectetur ipsum tempor ut et sed magna do adipiscing Lorem eiusmod aliqua. amet consectetur adipiscing Lorem sit elit dolore eiusmod ipsum dolor magna labore tempor incididunt et ut aliqua. do sed aliqua. labore consectetur dolore Lorem eiusmod ipsum incididunt elit adipiscing sit et ut dolor sed amet do magna tempor consectetur adipiscing do ipsum Lorem sed labore dolor sit magna et incididunt eiusmod elit amet ut aliqua. tempor dolore aliqua. elit sit incididunt dolor et do amet eiusmod ipsum dolore consectetur ut Lorem tempor labore adipiscing sed magna dolore sed sit et incididunt consectetur do ipsum amet tempor dolor eiusmod ut elit aliqua. Lorem labore magna adipiscing magna consectetur eiusmod adipiscing aliqua. ipsum et sed elit tempor ut labore dolore incididunt do dolor amet Lorem sit do adipiscing dolor tempor consectetur aliqua. et Lorem eiusmod magna elit sit amet dolore sed ut incididunt labore ipsum Lorem ipsum amet dolor adipiscing aliqua. magna labore tempor dolore consectetur elit et ut sit incididunt do sed eiusmod Lorem dolore elit consectetur incididunt do sit adipiscing ut sed labore ipsum aliqua. dolor magna eiusmod amet et tempor adipiscing elit ut magna labore do ipsum tempor et sed dolor sit amet consectetur dolore aliqua. Lorem eiusmod incididunt elit incididunt consectetur ut sed Lorem labore eiusmod amet aliqua. magna do dolore ipsum dolor tempor sit adipiscing et eiusmod amet tempor et do elit consectetur dolor, factors factors factors factors factors factors factors factors factors factors factors factors factors factors factors factors factors factors factors factors factors factors factors factors factors factors factors factors factors factors factors factors factors factors factors factors factors factors factors factors factors factors factors factors factors factors factors factors factors factors factors factors factors factors factors factors factors factors factors factors factors factors factors factors,,
req-0026-d2e738,synthetic,1787904698.340531,1787904713.2407742,14.900243043899536,4.218708400032483,0.05148984126964702,"[0.03599419997772202, 0.039069299993570894, 0.04092669999226928, 0.0397147000185214, 0.03339429997140542, 0.03808950004167855, 0.03737039997940883, 0.03776739997556433, 0.03133270004764199, 0.03137709997827187, 0.03643259999807924, 0.03414990002056584, 0.04273290000855923, 0.025681299972347915, 0.03645670000696555, 0.03557760000694543, 0.044193900015670806, 0.03924049995839596, 0.03904509998392314, 0.043368900020141155, 0.03698580001946539, 0.043622199969831854, 0.0361154000274837, 0.02864380000391975, 0.03174929996021092, 0.034643800056073815, 0.03524909995030612, 0.03942710004048422, 0.03627849998883903, 0.037919199967291206, 0.043666600016877055, 0.038421900011599064, 0.028674700006376952, 0.03696170001057908, 0.030532200005836785, 0.03698219999205321, 0.04013239999767393, 0.0408546999678947, 0.033825599995907396, 0.04028940002899617, 0.040912299999035895, 0.0406813999870792, 0.038264399976469576, 0.03971400001319125, 0.03711370000382885, 0.030225299997255206, 0.023828000004868954, 0.03848590003326535, 0.0326204999582842, 0.03813240001909435, 0.028135199972894043, 0.032403400051407516, 0.04185270000016317, 0.03902109997579828, 0.03837670001666993, 0.03051779995439574, 0.040909400035161525, 0.027404599997680634, 0.03734049998456612, 0.04765560000669211, 0.04268339998088777, 0.9863318999996409, 0.01835850003408268]",8.299807071685791,1787904721.5405812,510,64,True,,200,Lorem eiusmod adipiscing labore aliqua. dolore consectetur ut elit sit tempor incididunt ipsum do magna et dolor amet sed dolor ipsum magna aliqua. adipiscing Lorem ut do elit sit tempor dolore labore consectetur incididunt et eiusmod amet sed ut eiusmod sit sed et Lorem labore ipsum dolor consectetur incididunt magna do elit tempor aliqua. adipiscing dolore amet labore Lorem aliqua. adipiscing dolor eiusmod do elit consectetur magna dolore et sed incididunt ipsum sit tempor ut amet tempor eiusmod labore magna ipsum dolore ut sit incididunt Lorem aliqua. sed do et elit adipiscing amet dolor consectetur elit magna sed Lorem dolore tempor dolor sit incididunt do aliqua. adipiscing et eiusmod amet ut consectetur labore ipsum eiusmod Lorem sed ipsum et dolor sit dolore ut magna elit labore amet aliqua. tempor do adipiscing consectetur incididunt et labore ut sit aliqua. dolor dolore Lorem magna elit adipiscing eiusmod sed ipsum consectetur do amet tempor incididunt do dolor aliqua. adipiscing ipsum Lorem ut amet labore consectetur eiusmod sit incididunt tempor dolore magna sed elit et sed dolor eiusmod aliqua. elit labore magna consectetur et do adipiscing incididunt sit amet ut Lorem ipsum dolore tempor ut tempor incididunt Lorem dolore aliqua. sit labore et eiusmod dolor elit sed magna consectetur adipiscing amet do ipsum incididunt ut labore aliqua. dolor consectetur ipsum tempor magna elit do dolore sed eiusmod sit adipiscing amet Lorem et ipsum et dolore consectetur do adipiscing incididunt Lorem aliqua. tempor ut magna sit eiusmod sed dolor amet elit labore magna dolore sit adipiscing eiusmod et dolor elit do aliqua. ipsum sed ut labore amet tempor incididunt Lorem consectetur et dolor consectetur tempor ipsum eiusmod sit magna incididunt ut adipiscing Lorem sed elit dolore labore amet do aliqua. do labore et ipsum sed ut dolore eiusmod elit amet incididunt consectetur dolor adipiscing magna tempor sit Lorem aliqua. Lorem dolore eiusmod tempor amet aliqua. elit la, factors factors factors factors factors factors factors factors factors factors factors factors factors factors factors factors factors factors factors factors factors factors factors factors factors factors factors factors factors factors factors factors factors factors factors factors factors factors factors factors factors factors factors factors factors factors factors factors factors factors factors factors factors factors factors factors factors factors factors factors factors factors factors factors,,
req-0027-8e3362,synthetic,1787904698.8481274,1787904714.0263386,15.178211212158203,3.35597679996863,0.052378380952942526,"[0.08011500001884997, 0.042177599971182644, 0.033895300002768636, 0.038630500028375536, 0.031475799973122776, 0.0311953000491485, 0.035547499952372164, 0.03621760004898533, 0.03176659997552633, 0.03584740002406761, 0.030454699997790158, 0.03856209997320548, 0.03421269997488707, 0.0377293000346981, 0.04105790000176057, 0.03856129996711388, 0.03777059999993071, 0.02715640002861619, 0.03838980000000447, 0.030312500020954758, 0.028641199984122068, 0.036775699991267174, 0.04022889997577295, 0.03704760002437979, 0.04438580002170056, 0.03832569997757673, 0.036744299985002726, 0.02882310003042221, 0.03406789997825399, 0.03737450001062825, 0.04171459999633953, 0.03691720002098009, 0.036408299987670034, 0.036129699961747974, 0.03865040000528097, 0.04058410000288859, 0.040597999992314726, 0.03586570004699752, 0.026584799983538687, 0.040195400011725724, 0.03486499999416992, 0.04164229996968061, 0.036876199999824166, 0.03140120004536584, 0.03645669994875789, 0.036849900032393634, 0.03811139997560531, 0.043754000042099506, 0.04084069997770712, 0.04327439999906346, 0.03464319999329746, 0.03374470002017915, 0.028842100000474602, 0.03264280001167208, 0.03600409999489784, 0.04620479996083304, 0.04051570000592619, 0.038089799985755235, 0.036261500034015626, 0.040314999991096556, 0.03391100000590086, 0.044662299973424524, 0.9827904000412673]",6.703655481338501,1787904720.729994,510,64,True,,200,incididunt amet eiusmod aliqua. et tempor magna Lorem sit dolore elit sed ut consectetur do labore adipiscing dolor ipsum sed amet et tempor dolor aliqua. ipsum elit consectetur magna sit Lorem incididunt dolore do eiusmod ut adipiscing labore amet consectetur Lorem adipiscing ut dolor sed elit eiusmod ipsum dolore magna incididunt et aliqua. tempor do sit labore consectetur aliqua. sit labore tempor ipsum do eiusmod elit adipiscing dolore dolor sed amet Lorem incididunt ut et magna dolore ipsum amet tempor do aliqua. dolor consectetur adipiscing labore elit et sit eiusmod sed Lorem incididunt ut magna sit do et tempor dolor ipsum magna Lorem dolore incididunt ut amet sed consectetur aliqua. adipiscing labore elit eiusmod aliqua. sed dolor incididunt magna amet elit consectetur labore sit eiusmod et adipiscing dolore ipsum Lorem tempor ut do eiusmod consectetur et sed labore adipiscing do Lorem dolore sit incididunt ipsum aliqua. ut tempor dolor amet elit magna dolor adipiscing Lorem elit et dolore aliqua. ipsum incididunt tempor amet ut labore magna sed do consectetur eiusmod sit et ipsum labore sed dolor do amet aliqua. ut incididunt elit magna Lorem tempor dolore sit eiusmod consectetur adipiscing tempor dolore ipsum aliqua. magna ut incididunt amet consectetur adipiscing do Lorem dolor sed elit et eiusmod labore sit tempor ipsum et do sed labore dolore elit aliqua. Lorem magna ut eiusmod consectetur sit adipiscing incididunt dolor amet aliqua. ut dolore labore tempor incididunt Lorem ipsum dolor consectetur do sed amet elit eiusmod magna et sit adipiscing eiusmod labore do magna dolore tempor amet aliqua. consectetur et sed adipiscing ut Lorem ipsum incididunt elit sit dolor aliqua. do elit amet incididunt et dolor sit tempor dolore adipiscing eiusmod Lorem consectetur ipsum labore ut sed magna magna amet ipsum sit adipiscing elit et Lorem sed tempor dolore ut do eiusmod dolor incididunt labore consectetur aliqua. incididunt Lorem et consectetur do aliqua. dolor, factors factors factors factors factors factors factors factors factors factors factors factors factors factors factors factors factors factors factors factors factors factors factors factors factors factors factors factors factors factors factors factors factors factors factors factors factors factors factors factors factors factors factors factors factors factors factors factors factors factors factors factors factors factors factors factors factors factors factors factors factors factors factors factors,,
req-0028-5fc0eb,synthetic,1787904699.9386723,1787904714.794754,14.85608172416687,2.671409400005359,0.03606340000017857,"[0.030818399973213673, 0.03482020000228658, 0.03354309999849647, 0.037166900001466274, 0.03239380003651604, 0.042026399984024465, 0.03627089998917654, 0.03845849999925122, 0.04210099996998906, 0.037449700001161546, 0.027664900000672787, 0.038926900015212595, 0.03797519998624921, 0.03933210001559928, 0.0377042000181973, 0.03015209996374324, 0.036089800007175654, 0.04071319999638945, 0.023699300014413893, 0.04030570003669709, 0.04202409996651113, 0.04033570003230125, 0.026539299986325204, 0.04285199998412281, 0.03417190001346171, 0.03657669998938218, 0.031738099991343915, 0.04022010002518073, 0.0347240999690257, 0.03543150000041351, 0.03905530000338331, 0.028836800018325448, 0.03308829996967688, 0.03658260003430769, 0.02789989998564124, 0.037387699994724244, 0.035719200037419796, 0.044133099960163236, 0.03551549999974668, 0.040017299994360656, 0.030208899988792837, 0.035931000020354986, 0.03893470001639798, 0.03920910001033917, 0.04163249995326623, 0.037294400040991604, 0.03805390000343323, 0.040257399959955364, 0.03718120005214587, 0.033407999959308654, 0.03921349998563528, 0.03906570002436638, 0.040316700004041195, 0.02707770001143217, 0.04004009999334812, 0.03242060000775382, 0.029745700012426823, 0.03140729997539893, 0.027690800023265183, 0.041635099973063916, 0.03711009997641668, 0.03134220000356436, 0.04235610004980117]",4.946751594543457,1787904719.7415056,510,64,True,,200,et aliqua. ut labore ipsum eiusmod consectetur amet adipiscing Lorem do magna elit incididunt dolore dolor tempor sit sed adipiscing et incididunt sed ut amet tempor dolore dolor do Lorem magna aliqua. labore consectetur sit elit ipsum eiusmod et dolor adipiscing ut ipsum Lorem magna sed elit aliqua. eiusmod sit labore incididunt do amet tempor consectetur dolore sed do elit labore magna dolore tempor ipsum adipiscing incididunt dolor sit amet consectetur Lorem et ut eiusmod aliqua. tempor sed labore Lorem magna eiusmod amet ut dolore ipsum incididunt elit sit do et consectetur aliqua. dolor adipiscing dolore elit magna eiusmod consectetur et Lorem dolor do tempor ipsum incididunt amet sit aliqua. ut labore adipiscing sed sit aliqua. eiusmod ipsum sed tempor do adipiscing magna ut et labore incididunt elit consectetur dolor dolore Lorem amet et dolor sit aliqua. Lorem ut magna consectetur amet ipsum dolore do sed incididunt elit tempor eiusmod labore adipiscing tempor labore ut aliqua. sed Lorem magna et elit consectetur dolore dolor amet sit ipsum do adipiscing eiusmod incididunt amet dolor do incididunt Lorem elit adipiscing dolore consectetur eiusmod ut sed ipsum tempor et labore sit magna aliqua. magna sed labore dolore ut eiusmod ipsum dolor consectetur do adipiscing tempor et amet incididunt aliqua. sit Lorem elit amet dolor magna dolore eiusmod et sit labore ipsum adipiscing sed incididunt ut elit Lorem do consectetur tempor aliqua. ipsum eiusmod sed do elit dolor ut Lorem adipiscing sit incididunt amet aliqua. labore consectetur dolore tempor et magna sed tempor adipiscing incididunt labore eiusmod do dolor Lorem et ipsum amet ut dolore sit magna consectetur aliqua. elit ut et elit tempor Lorem sed labore sit consectetur ipsum eiusmod aliqua. incididunt adipiscing magna do dolor amet dolore ut sed et incididunt do Lorem ipsum aliqua. amet eiusmod consectetur adipiscing sit dolore elit labore dolor magna tempor incididunt magna dolore aliqua. eiusmod sit labo, factors factors factors factors factors factors factors factors factors factors factors factors factors factors factors factors factors factors factors factors factors factors factors factors factors factors factors factors factors factors factors factors factors factors factors factors factors factors factors factors factors factors factors factors factors factors factors factors factors factors factors factors factors factors factors factors factors factors factors factors factors factors factors factors,,
req-0029-2bc83b,synthetic,1787904700.9918048,1787904715.6496248,14.657819986343384,1.7434073999756947,0.052258715873384584,"[0.07183840003563091, 0.03112989995861426, 0.03169300005538389, 0.0320615999517031, 0.03139830002328381, 0.034559099993202835, 0.03467429999727756, 0.0426751000341028, 0.03700109996134415, 0.035585900011938065, 0.03339990001404658, 0.04166689998237416, 0.031478799995966256, 0.03862589999334887, 0.027241800038609654, 0.029565899982117116, 0.03467139997519553, 0.027595599996857345, 0.042158500000368804, 0.029031200043391436, 0.033080399967730045, 0.043506600020918995, 0.0415754999849014, 0.035038000030908734, 0.03942139999708161, 0.040860699955374, 0.03835919999983162, 0.03765360004035756, 0.04078529996331781, 0.03549600002588704, 0.034341499966103584, 0.037255700037349015, 0.037464399996679276, 0.03900150000117719, 0.03744489996461198, 0.03926360001787543, 0.04288959997938946, 0.036495800013653934, 0.04286839999258518, 0.040396900032646954, 0.03346619999501854, 0.03936779999639839, 0.04287960001965985, 0.035225800005719066, 0.040794999978970736, 0.03923449997091666, 0.04164160002255812, 0.036593299999367446, 0.043017500021960586, 0.03622849995736033, 0.03160610003396869, 0.03619710000930354, 0.039289699983783066, 0.04284619999816641, 0.04047239996725693, 0.04190550005296245, 0.036569699994288385, 0.04156209999928251, 0.028005899977870286, 0.03610399999888614, 0.04240660002687946, 0.04047589999390766, 0.9551564999856055]",5.891906261444092,1787904721.541531,512,64,True,,200,sed Lorem incididunt amet labore magna consectetur ut dolor do adipiscing et aliqua. sit elit tempor dolore ipsum eiusmod do aliqua. Lorem dolor tempor ipsum et labore sit adipiscing consectetur amet ut eiusmod magna dolore elit incididunt sed magna et sit do amet adipiscing dolor dolore tempor aliqua. elit consectetur incididunt Lorem ut labore eiusmod sed ipsum dolore ut sit do et dolor elit sed labore incididunt consectetur tempor magna eiusmod ipsum adipiscing Lorem amet aliqua. ut aliqua. sit incididunt consectetur ipsum do dolore eiusmod sed labore adipiscing amet magna et Lorem elit tempor dolor labore ut ipsum tempor Lorem aliqua. dolor dolore adipiscing consectetur do et incididunt eiusmod magna amet sed elit sit do et dolore elit dolor tempor amet eiusmod magna ipsum Lorem incididunt ut adipiscing consectetur aliqua. sed labore sit tempor dolor eiusmod Lorem amet incididunt elit ut aliqua. magna labore ipsum dolore sit adipiscing sed consectetur do et amet incididunt sed adipiscing labore tempor consectetur dolore ipsum et do dolor elit magna Lorem ut sit aliqua. eiusmod dolore magna aliqua. ut sed eiusmod et adipiscing consectetur do amet sit incididunt labore ipsum Lorem dolor elit tempor sed ut dolor magna eiusmod tempor elit incididunt adipiscing amet do ipsum Lorem dolore consectetur sit labore aliqua. et incididunt amet magna adipiscing Lorem elit dolor ipsum aliqua. eiusmod labore ut et sit tempor sed consectetur dolore do magna consectetur et Lorem ipsum incididunt eiusmod sed do ut tempor aliqua. labore dolore amet elit sit adipiscing dolor dolor ipsum adipiscing magna amet labore aliqua. consectetur sit eiusmod sed do dolore Lorem elit et ut tempor incididunt aliqua. Lorem adipiscing magna sed et ut amet ipsum incididunt eiusmod do labore elit sit dolore consectetur dolor tempor magna Lorem sit et ipsum incididunt ut labore elit tempor dolore amet sed eiusmod aliqua. adipiscing dolor consectetur do consectetur elit ut eiusmod adipiscing ipsum dol, stairs stairs stairs stairs stairs stairs stairs stairs stairs stairs stairs stairs stairs stairs stairs stairs stairs stairs stairs stairs stairs stairs stairs stairs stairs stairs stairs stairs stairs stairs stairs stairs stairs stairs stairs stairs stairs stairs stairs stairs stairs stairs stairs stairs stairs stairs stairs stairs stairs stairs stairs stairs stairs stairs stairs stairs stairs stairs stairs stairs stairs stairs stairs stairs,,
req-0030-84e889,synthetic,1787904701.0272756,1787904716.428975,15.401699542999268,1.0351832000305876,0.05113459682546645,"[0.03557579999323934, 0.026462099980562925, 0.037743100023362786, 0.03777039999840781, 0.035569500003475696, 0.03635589999612421, 0.04158720001578331, 0.031079099979251623, 0.0333033999777399, 0.027622400026302785, 0.038765000004787, 0.039796600001864135, 0.03825949999736622, 0.03766849997919053, 0.03855280001880601, 0.035071699996478856, 0.0459188999957405, 0.039395300031173974, 0.03399139997782186, 0.031441800005268306, 0.029477200005203485, 0.026061799959279597, 0.03772000002209097, 0.039097400032915175, 0.04241949995048344, 0.031163400039076805, 0.04306130000622943, 0.02903789997799322, 0.03910489997360855, 0.036368500033859164, 0.03932149999309331, 0.04213680000975728, 0.02866159996483475, 0.03555860003689304, 0.04023039998719469, 0.029111800016835332, 0.03352969995466992, 0.04006430000299588, 0.029807800019625574, 0.03631549997953698, 0.035774400050286204, 0.039085299998987466, 0.04046529997140169, 0.043935000023338944, 0.03199089999543503, 0.03828709997469559, 0.04945120000047609, 0.03196839999873191, 0.03570180002134293, 0.03703750000568107, 0.04294989997288212, 0.041242900013457984, 0.03692729998147115, 0.03993040003115311, 0.039732799981720746, 0.03640939999604598, 0.03047200001310557, 0.03702200000407174, 0.03832270001294091, 0.03942409995943308, 0.041114000021480024, 0.025932900025509298, 0.9581219999818131]",5.113344669342041,1787904721.5423198,512,64,True,,200,eiusmod dolor amet dolore et magna sit adipiscing tempor aliqua. ut ipsum sed consectetur labore Lorem elit do incididunt labore eiusmod consectetur do magna ipsum sed adipiscing ut aliqua. elit Lorem et dolore sit amet incididunt tempor dolor do tempor ut eiusmod labore amet elit aliqua. magna incididunt adipiscing ipsum sed consectetur dolor Lorem et dolore sit tempor ipsum et eiusmod labore sed ut adipiscing aliqua. Lorem consectetur do dolor magna incididunt sit amet elit dolore ut aliqua. elit labore do et adipiscing eiusmod consectetur incididunt dolore dolor tempor ipsum Lorem amet sit sed magna ut eiusmod labore ipsum elit sit sed amet dolor aliqua. adipiscing tempor dolore Lorem consectetur magna do et incididunt adipiscing amet do sed tempor eiusmod et magna labore dolore aliqua. ut consectetur dolor ipsum elit Lorem incididunt sit incididunt consectetur aliqua. ut Lorem magna labore eiusmod dolor sed ipsum sit do dolore elit tempor et adipiscing amet ipsum dolore elit do magna et aliqua. incididunt amet eiusmod ut sed labore consectetur tempor Lorem dolor adipiscing sit dolore Lorem ipsum sit eiusmod ut consectetur amet elit incididunt sed magna et aliqua. dolor tempor labore adipiscing do dolore amet sit dolor magna labore et sed do incididunt adipiscing consectetur ipsum eiusmod elit Lorem tempor ut aliqua. sed labore amet incididunt Lorem consectetur adipiscing eiusmod sit ut magna do elit aliqua. et dolore ipsum tempor dolor ut Lorem consectetur labore ipsum amet sed do dolor adipiscing dolore eiusmod magna aliqua. elit et incididunt tempor sit magna amet adipiscing Lorem et sed sit dolore do dolor eiusmod consectetur ut tempor ipsum elit aliqua. incididunt labore do consectetur incididunt aliqua. dolore elit Lorem magna labore adipiscing ut et amet dolor eiusmod tempor sed ipsum sit dolore eiusmod do et ipsum Lorem sed elit dolor adipiscing incididunt consectetur tempor sit aliqua. magna amet ut labore et Lorem aliqua. do consectetur eiusmod labore i, factors factors factors factors factors factors factors factors factors factors factors factors factors factors factors factors factors factors factors factors factors factors factors factors factors factors factors factors factors factors factors factors factors factors factors factors factors factors factors factors factors factors factors factors factors factors factors factors factors factors factors factors factors factors factors factors factors factors factors factors factors factors factors factors,,
req-0031-c73895,synthetic,1787904701.1459508,1787904717.2428477,16.09689688682556,0.21882680000271648,0.05117165238045836,"[0.03756949998205528, 0.03961929999059066, 0.025524199998471886, 0.0354945000144653, 0.03845250001177192, 0.03472860000329092, 0.0424506000126712, 0.035936999949626625, 0.04146980005316436, 0.039829299959819764, 0.03277350001735613, 0.03201740002259612, 0.030285799992270768, 0.032642000005580485, 0.03669519996037707, 0.04160230001434684, 0.029895499988924712, 0.027244099997915328, 0.03512399998726323, 0.03856650000670925, 0.0455849000136368, 0.03849990002345294, 0.023249799967743456, 0.037936000037007034, 0.043192199955228716, 0.038660500023979694, 0.040017299994360656, 0.03577090002363548, 0.037889799976255745, 0.040534500032663345, 0.035199199977796525, 0.0387454999727197, 0.033082100038882345, 0.03555869997944683, 0.03423230000771582, 0.038510399986989796, 0.036941500031389296, 0.04269509995356202, 0.03181910002604127, 0.03035060002002865, 0.03469030000269413, 0.03205879998859018, 0.0355437999824062, 0.036840700020547956, 0.029040099994745106, 0.037559499964118004, 0.041259200021158904, 0.04143699997803196, 0.041177500039339066, 0.04326629999559373, 0.03376429999480024, 0.03654629999073222, 0.0328886000206694, 0.0371515000006184, 0.04246470000362024, 0.039845399965997785, 0.03599280002526939, 0.045757199986837804, 0.03935159998945892, 0.03797480004141107, 0.034192999999504536, 0.03894809994380921, 0.9496707000071183]",4.299047946929932,1787904721.5418956,511,64,True,,200,Lorem incididunt ut et amet dolor consectetur sed ipsum dolore labore aliqua. adipiscing magna tempor do elit eiusmod sit adipiscing incididunt sit do Lorem amet sed aliqua. tempor ipsum labore dolore consectetur eiusmod elit magna ut et dolor labore et ipsum ut magna dolor elit dolore aliqua. sed eiusmod tempor sit Lorem consectetur do adipiscing incididunt amet adipiscing tempor sit do consectetur Lorem labore amet ut et ipsum aliqua. dolor eiusmod sed magna elit dolore incididunt ut amet magna adipiscing sed tempor incididunt et elit aliqua. dolore do eiusmod sit Lorem consectetur labore ipsum dolor magna Lorem labore sed consectetur ipsum et eiusmod aliqua. sit dolore amet ut incididunt adipiscing dolor do elit tempor sed tempor eiusmod ut dolore labore elit ipsum dolor sit do aliqua. et consectetur Lorem incididunt amet adipiscing magna do elit sit incididunt Lorem consectetur et ut ipsum eiusmod amet sed adipiscing dolore tempor labore aliqua. dolor magna incididunt sed tempor sit Lorem magna adipiscing elit consectetur ut aliqua. labore et ipsum dolore amet do dolor eiusmod labore Lorem incididunt amet adipiscing ipsum aliqua. ut magna dolor tempor eiusmod consectetur elit sed dolore sit do et dolore magna Lorem do eiusmod elit tempor sed aliqua. dolor ipsum ut sit adipiscing amet consectetur labore incididunt et sed Lorem elit et do incididunt amet consectetur tempor adipiscing magna sit aliqua. eiusmod labore dolor ut ipsum dolore dolor tempor dolore sit aliqua. sed do et ut labore adipiscing incididunt consectetur ipsum eiusmod magna elit amet Lorem amet et ipsum labore tempor consectetur adipiscing sed incididunt eiusmod dolor dolore sit magna Lorem aliqua. elit ut do aliqua. magna amet adipiscing dolor sit tempor et elit consectetur dolore labore sed ut incididunt Lorem ipsum do eiusmod labore aliqua. incididunt amet adipiscing magna do ut elit Lorem eiusmod et dolore sit consectetur sed dolor tempor ipsum tempor incididunt ipsum sed elit amet aliqua. ma, factors factors factors factors factors factors factors factors factors factors factors factors factors factors factors factors factors factors factors factors factors factors factors factors factors factors factors factors factors factors factors factors factors factors factors factors factors factors factors factors factors factors factors factors factors factors factors factors factors factors factors factors factors factors factors factors factors factors factors factors factors factors factors factors,,
req-0032-9a1cc4,synthetic,1787904701.19025,1787904720.6800113,19.489761352539062,4.077295099967159,0.02783549047677615,"[0.03770430001895875, 0.02586420002626255, 0.026241799991112202, 0.02459899999666959, 0.02379309997195378, 0.02021380001679063, 0.023278500011656433, 0.030225099995732307, 0.0284022000269033, 0.02533529995707795, 0.031454999989364296, 0.02923960000043735, 0.019387700012885034, 0.03338690003147349, 0.026621999975759536, 0.03151830000570044, 0.03102350002154708, 0.026419400004670024, 0.02360799995949492, 0.027647200040519238, 0.025244199961889535, 0.02718149998690933, 0.032234600046649575, 0.03442809998523444, 0.02947199996560812, 0.02258560003247112, 0.030603499966673553, 0.025836900051217526, 0.026173199992626905, 0.021784799988381565, 0.028775100014172494, 0.02349099999992177, 0.0274022999801673, 0.02588490000925958, 0.029504999984055758, 0.03249569999752566, 0.030197200016118586, 0.023618899984285235, 0.029750999994575977, 0.03102470003068447, 0.03341209999052808, 0.029446100001223385, 0.023630800016690046, 0.02813259995309636, 0.027563100040424615, 0.030374699970707297, 0.030945300008170307, 0.030819499981589615, 0.022236399992834777, 0.02987980004400015, 0.022011599969118834, 0.0256154999951832, 0.021599900035653263, 0.022617799986619502, 0.027470699977129698, 0.03318160003982484, 0.02832359995227307, 0.028479100030381233, 0.03444439999293536, 0.03327070001978427, 0.027058199979364872, 0.024758099985774606, 0.03470920003019273]",5.832534074783325,1787904726.5125453,511,64,True,,200,labore amet eiusmod magna aliqua. sit do ut elit sed dolor consectetur tempor dolore adipiscing incididunt et ipsum Lorem incididunt eiusmod et dolore consectetur sit labore aliqua. adipiscing sed elit amet dolor tempor ipsum Lorem magna do ut dolore sit amet do incididunt sed tempor aliqua. elit adipiscing consectetur ut ipsum et dolor labore eiusmod Lorem magna do adipiscing tempor consectetur amet ut sit ipsum dolore Lorem sed incididunt elit eiusmod et dolor labore aliqua. magna elit magna ut tempor et sed aliqua. amet labore dolore adipiscing incididunt Lorem dolor do consectetur eiusmod sit ipsum labore ipsum tempor aliqua. dolore dolor incididunt do magna amet Lorem et sed elit consectetur adipiscing ut sit eiusmod Lorem labore aliqua. dolor ipsum elit ut eiusmod tempor do magna et dolore incididunt consectetur sed sit adipiscing amet incididunt adipiscing ut do aliqua. magna elit amet ipsum dolore sit consectetur et Lorem sed eiusmod tempor labore dolor sed do sit Lorem dolor incididunt magna elit amet tempor eiusmod ipsum et labore adipiscing consectetur aliqua. dolore ut aliqua. ipsum tempor elit ut sit sed magna amet adipiscing dolore dolor Lorem do consectetur eiusmod incididunt labore et adipiscing tempor ipsum incididunt magna dolore sed labore aliqua. consectetur sit dolor et amet eiusmod ut Lorem elit do magna labore aliqua. amet et adipiscing ipsum dolor ut consectetur Lorem eiusmod do elit sit incididunt dolore tempor sed ut dolore adipiscing elit et labore magna sed amet Lorem consectetur eiusmod ipsum incididunt aliqua. sit tempor do dolor incididunt aliqua. sed dolor adipiscing sit labore consectetur magna do Lorem amet eiusmod tempor dolore elit et ut ipsum dolor consectetur eiusmod labore tempor do elit sed magna Lorem dolore adipiscing ut aliqua. incididunt amet sit et ipsum aliqua. magna do eiusmod sed et amet sit Lorem ut consectetur dolore dolor labore tempor elit adipiscing incididunt ipsum et adipiscing elit consectetur sed tempor do inc, factors factors factors factors factors factors factors factors factors factors factors factors factors factors factors factors factors factors factors factors factors factors factors factors factors factors factors factors factors factors factors factors factors factors factors factors factors factors factors factors factors factors factors factors factors factors factors factors factors factors factors factors factors factors factors factors factors factors factors factors factors factors factors factors,,
req-0033-05d3af,synthetic,1787904701.2097614,1787904721.5390613,20.329299926757812,3.268862300028559,0.0271901301586897,"[0.029964599991217256, 0.0262477999785915, 0.02198850002605468, 0.029269699996802956, 0.03234520001569763, 0.021608599985484034, 0.025637999991886318, 0.030219500011298805, 0.028760200017131865, 0.026068500010296702, 0.037657199951354414, 0.018522400001529604, 0.02311589999590069, 0.027466600004117936, 0.02927510003792122, 0.02385989995673299, 0.021943500032648444, 0.024715300009120256, 0.02696829999331385, 0.027305499999783933, 0.03642199997557327, 0.02351780002936721, 0.030671599961351603, 0.03153170004952699, 0.025832299957983196, 0.02926149999257177, 0.02825420000590384, 0.03405870002461597, 0.031065199989825487, 0.029621099994983524, 0.031462699989788234, 0.02650920004816726, 0.027938199986238033, 0.02156490000197664, 0.03420389996608719, 0.03600010002264753, 0.027620600012596697, 0.02458859997568652, 0.024490399984642863, 0.030044500017538667, 0.029026600008364767, 0.03166380000766367, 0.027781799959484488, 0.020611400017514825, 0.026314000017009676, 0.025628299976233393, 0.02733130002161488, 0.030495600018184632, 0.02472359995590523, 0.02833590004593134, 0.03189169999677688, 0.02803799998946488, 0.023171900014858693, 0.022420299996156245, 0.023264499963261187, 0.02967940003145486, 0.036299899977166206, 0.0304675999796018, 0.028594600036740303, 0.03359880001517013, 0.026441299996804446, 0.0005344999954104424, 0.009063899982720613]",4.983039140701294,1787904726.5221004,510,64,True,,200,labore consectetur tempor eiusmod do Lorem adipiscing sed et amet aliqua. ipsum dolor ut elit sit dolore incididunt magna ipsum ut amet eiusmod et adipiscing elit aliqua. magna dolor do tempor sed incididunt sit consectetur dolore Lorem labore elit do ut ipsum Lorem dolor consectetur et amet aliqua. dolore magna incididunt labore eiusmod sit tempor sed adipiscing Lorem magna sed aliqua. sit dolor eiusmod ut adipiscing labore consectetur incididunt dolore ipsum do amet et elit tempor magna Lorem incididunt consectetur amet adipiscing do tempor dolor elit ut sit eiusmod et sed aliqua. dolore ipsum labore dolore ut ipsum sit magna amet eiusmod tempor elit labore et dolor sed do adipiscing aliqua. Lorem incididunt consectetur ut sed incididunt magna aliqua. adipiscing consectetur tempor labore et amet dolore elit do dolor ipsum Lorem sit eiusmod amet magna Lorem sed ipsum adipiscing do consectetur tempor sit incididunt dolor dolore elit ut et aliqua. eiusmod labore amet et aliqua. incididunt Lorem eiusmod dolore ipsum ut adipiscing do consectetur labore magna sit elit tempor dolor sed adipiscing dolor consectetur sit elit eiusmod labore sed magna et do Lorem aliqua. ut dolore amet ipsum incididunt tempor sed Lorem aliqua. magna adipiscing consectetur amet dolore incididunt et ut ipsum do sit elit eiusmod labore tempor dolor do sit ut adipiscing amet consectetur aliqua. magna Lorem dolor labore elit sed dolore eiusmod tempor et ipsum incididunt sit dolor dolore elit consectetur ut sed tempor aliqua. ipsum incididunt Lorem magna et do amet labore eiusmod adipiscing adipiscing aliqua. amet tempor sed labore dolore ut elit eiusmod magna consectetur et sit Lorem ipsum do incididunt dolor Lorem ipsum ut labore eiusmod dolore magna dolor do incididunt sit elit tempor adipiscing aliqua. sed amet et consectetur dolor ut incididunt sed tempor et elit labore sit consectetur amet aliqua. magna ipsum eiusmod dolore adipiscing Lorem do Lorem adipiscing amet dolor ipsum magna labore d, factors factors factors factors factors factors factors factors factors factors factors factors factors factors factors factors factors factors factors factors factors factors factors factors factors factors factors factors factors factors factors factors factors factors factors factors factors factors factors factors factors factors factors factors factors factors factors factors factors factors factors factors factors factors factors factors factors factors factors factors factors factors factors factors,,
req-0034-646858,synthetic,1787904702.859642,1787904722.2953453,19.43570327758789,2.4918608000152744,0.02749204761921502,"[0.024091300030704588, 0.02678610000293702, 0.028127699973993003, 0.02335899998433888, 0.024512300034984946, 0.021733200002927333, 0.03364839998539537, 0.02456489996984601, 0.03039950004313141, 0.028163199953269213, 0.02195580000989139, 0.02656070003286004, 0.031640300003346056, 0.02840239997021854, 0.021945899992715567, 0.030566300032660365, 0.030327199958264828, 0.03148840001085773, 0.019562100002076477, 0.026774800033308566, 0.03508909995434806, 0.03056280000600964, 0.03024570003617555, 0.02873839996755123, 0.027766000013798475, 0.030420699971728027, 0.022660400019958615, 0.028785400034394115, 0.03183849999913946, 0.032314599957317114, 0.02563310001278296, 0.02638150000711903, 0.0318822999834083, 0.025602600013371557, 0.03023819997906685, 0.026835400029085577, 0.03381170000648126, 0.02962300000945106, 0.03314199997112155, 0.02999489998910576, 0.02359150000847876, 0.02760090003721416, 0.029598299995996058, 0.026936699985526502, 0.032960599986836314, 0.03121009998722002, 0.021322100015822798, 0.03130470000905916, 0.028879899997264147, 0.02683639997849241, 0.03496860002633184, 0.02615029999287799, 0.022603699995670468, 0.029420999984722584, 0.030587500019464642, 0.03272570000262931, 0.022692699974868447, 0.021094400028232485, 0.026724600000306964, 0.03284569998504594, 0.03769989998545498, 0.000583200016990304, 0.007484700006898493]",4.225162029266357,1787904726.5205073,511,64,True,,200,elit sed amet magna do adipiscing ut Lorem incididunt et eiusmod sit tempor aliqua. ipsum consectetur dolore labore dolor ut sed do labore eiusmod aliqua. et dolore incididunt Lorem amet elit ipsum adipiscing dolor sit magna consectetur tempor dolor do magna tempor elit sit et Lorem amet ut adipiscing sed consectetur incididunt eiusmod dolore ipsum labore aliqua. aliqua. Lorem labore magna consectetur ipsum adipiscing dolore sit do eiusmod tempor amet ut dolor elit incididunt sed et eiusmod ut dolor magna elit Lorem sit amet et tempor do consectetur labore incididunt aliqua. ipsum sed adipiscing dolore ipsum Lorem dolore eiusmod adipiscing consectetur et tempor dolor elit incididunt labore amet aliqua. do sed sit magna ut amet elit do consectetur tempor adipiscing dolor dolore ipsum ut sit magna Lorem aliqua. sed eiusmod incididunt et labore sed adipiscing ut labore Lorem eiusmod et incididunt magna sit dolore ipsum consectetur dolor do tempor amet elit aliqua. sed eiusmod Lorem labore consectetur do adipiscing sit amet dolor incididunt dolore ipsum et aliqua. tempor ut magna elit dolor magna dolore sit sed tempor labore eiusmod Lorem adipiscing ut consectetur aliqua. do elit et incididunt ipsum amet do elit adipiscing dolor aliqua. sed eiusmod dolore tempor amet ipsum magna incididunt consectetur ut labore Lorem sit et adipiscing ipsum tempor do aliqua. sed amet incididunt dolore Lorem ut eiusmod sit et elit consectetur labore magna dolor Lorem ut consectetur sit ipsum sed eiusmod do adipiscing incididunt labore et dolor tempor magna amet elit aliqua. dolore adipiscing ipsum aliqua. labore do magna et dolore Lorem eiusmod incididunt sit sed consectetur elit dolor amet tempor ut et Lorem tempor adipiscing eiusmod consectetur labore amet incididunt aliqua. ipsum dolore do elit sed magna ut sit dolor ipsum incididunt tempor sit do dolor eiusmod consectetur labore sed ut magna aliqua. Lorem et amet adipiscing elit dolore ipsum do tempor et consectetur eiusmod dolore in, factors factors factors factors factors factors factors factors factors factors factors factors factors factors factors factors factors factors factors factors factors factors factors factors factors factors factors factors factors factors factors factors factors factors factors factors factors factors factors factors factors factors factors factors factors factors factors factors factors factors factors factors factors factors factors factors factors factors factors factors factors factors factors factors,,
req-0035-4b13fe,synthetic,1787904703.0795443,1787904723.0876105,20.008066177368164,1.6962905000546016,0.0268429333329319,"[0.02378709998447448, 0.029865699994843453, 0.029161999991629273, 0.03070609999122098, 0.02860240003792569, 0.03131899994332343, 0.02630300004966557, 0.022903599950950593, 0.018305000034160912, 0.0293132999795489, 0.02635900001041591, 0.02441379998344928, 0.03536280000116676, 0.022971800004597753, 0.031084800022654235, 0.025880099972710013, 0.023338800005149096, 0.02879950002534315, 0.0263977000140585, 0.02483439998468384, 0.02248629997484386, 0.02038390003144741, 0.03226939996238798, 0.030830000003334135, 0.02640540001448244, 0.020740400010254234, 0.024192499986384064, 0.02362880000146106, 0.024532100011128932, 0.019256700004916638, 0.030416699999477714, 0.02640209998935461, 0.02464219997636974, 0.01873070001602173, 0.022198199992999434, 0.025692199997138232, 0.02373810001881793, 0.03190890001133084, 0.024752400000579655, 0.03358649997971952, 0.027127699984703213, 0.0343150999979116, 0.033378300024196506, 0.027623699977993965, 0.024253300041891634, 0.028094399953261018, 0.02564370003528893, 0.026469199976418167, 0.018458500038832426, 0.02250979997916147, 0.02877849998185411, 0.022133400023449212, 0.028158199973404408, 0.029278700007125735, 0.03169870004057884, 0.03158299997448921, 0.03057760000228882, 0.030030299967620522, 0.028525800036732107, 0.029464199964422733, 0.029344000038690865, 0.025137999968137592, 0.03201730002183467]",3.389580011367798,1787904726.4771905,510,64,True,,200,do amet consectetur sed ut sit ipsum et Lorem labore adipiscing dolore incididunt elit aliqua. dolor magna tempor eiusmod amet adipiscing incididunt magna labore dolore et tempor ipsum sit dolor Lorem ut do aliqua. eiusmod sed elit consectetur magna ipsum labore sed Lorem sit ut incididunt dolor aliqua. dolore elit amet consectetur eiusmod tempor adipiscing et do dolore Lorem ipsum dolor do magna incididunt eiusmod sed ut labore sit et adipiscing aliqua. tempor amet consectetur elit amet Lorem incididunt dolor et magna aliqua. sed eiusmod tempor consectetur dolore do elit ipsum ut adipiscing sit labore do ipsum magna sit eiusmod sed aliqua. Lorem incididunt ut adipiscing et consectetur tempor dolore labore amet elit dolor sed Lorem dolore aliqua. eiusmod consectetur adipiscing tempor elit incididunt ut dolor magna do amet et ipsum labore sit elit dolore consectetur ut adipiscing incididunt dolor eiusmod aliqua. ipsum labore do sit amet Lorem et magna sed tempor magna dolore do ipsum Lorem adipiscing sit eiusmod ut amet aliqua. tempor et dolor labore incididunt consectetur sed elit labore sed ipsum do incididunt dolor amet sit aliqua. elit adipiscing ut dolore consectetur eiusmod tempor magna Lorem et sit dolor elit do tempor eiusmod amet ipsum et aliqua. Lorem labore magna dolore sed adipiscing ut consectetur incididunt labore consectetur ipsum amet magna dolore et aliqua. do sed eiusmod elit adipiscing ut Lorem dolor incididunt sit tempor amet incididunt adipiscing sit elit labore dolore et sed magna do Lorem ipsum aliqua. eiusmod dolor tempor ut consectetur sit consectetur eiusmod amet dolor dolore adipiscing ut elit do labore incididunt Lorem sed tempor et magna ipsum aliqua. magna sed aliqua. dolore et ipsum dolor elit consectetur ut amet tempor do eiusmod Lorem adipiscing labore sit incididunt elit eiusmod do consectetur amet sed et sit dolor Lorem adipiscing tempor magna aliqua. dolore labore ut ipsum incididunt eiusmod aliqua. consectetur ipsum et amet adipis, factors factors factors factors factors factors factors factors factors factors factors factors factors factors factors factors factors factors factors factors factors factors factors factors factors factors factors factors factors factors factors factors factors factors factors factors factors factors factors factors factors factors factors factors factors factors factors factors factors factors factors factors factors factors factors factors factors factors factors factors factors factors factors factors,,
req-0036-a2d795,synthetic,1787904705.756026,1787904723.9169946,18.160968542099,0.8622094999882393,0.02708104285799588,"[0.021229600009974092, 0.025817300018388778, 0.021073599986266345, 0.021251600002869964, 0.02843380003469065, 0.02732100000139326, 0.021527899953071028, 0.023225300014019012, 0.025148199987597764, 0.029032399994321167, 0.01979440002469346, 0.020497500023338944, 0.021957899967674166, 0.029358600033447146, 0.029862699971999973, 0.02051860000938177, 0.032114300003740937, 0.024725599971134216, 0.019679700024425983, 0.02292630000738427, 0.02802739996695891, 0.026284000021405518, 0.023911900003440678, 0.03457750001689419, 0.032426999998278916, 0.031176499964203686, 0.035813900001812726, 0.029028300021309406, 0.030844499997328967, 0.030351000023074448, 0.02355429995805025, 0.0293268000241369, 0.02401990001089871, 0.02748809999320656, 0.02321969997137785, 0.022688199998810887, 0.02721880003809929, 0.03970049996860325, 0.024724100017920136, 0.03127330000279471, 0.03040280001005158, 0.023035599966533482, 0.029066800023429096, 0.02130570000736043, 0.029916199971921742, 0.027100400009658188, 0.03211079997709021, 0.03235980001045391, 0.032344300008844584, 0.030174100014846772, 0.03136680001625791, 0.027264799980912358, 0.026274000003468245, 0.026797199971042573, 0.028451799997128546, 0.023456400027498603, 0.024512199976015836, 0.03211410000221804, 0.03003980003995821, 0.025043000001460314, 0.027425099979154766, 0.03105009999126196, 0.023341900028754026]",2.5705244541168213,1787904726.487519,512,64,True,,200,consectetur dolor dolore incididunt ipsum aliqua. eiusmod sed ut sit elit magna tempor labore Lorem do adipiscing et amet et dolor adipiscing amet aliqua. Lorem sit ipsum sed incididunt dolore elit ut eiusmod tempor labore do consectetur magna elit incididunt consectetur ipsum Lorem ut labore dolor adipiscing sed dolore amet magna aliqua. et tempor sit eiusmod do tempor et magna consectetur sit aliqua. incididunt ipsum Lorem sed ut labore amet eiusmod do elit adipiscing dolore dolor ipsum sed eiusmod incididunt et adipiscing magna consectetur elit Lorem aliqua. labore do sit amet tempor ut dolore dolor elit sit magna dolor eiusmod Lorem amet ipsum do ut adipiscing et tempor sed labore incididunt aliqua. dolore consectetur consectetur ut elit adipiscing incididunt sit et labore aliqua. amet ipsum do magna sed Lorem dolore eiusmod tempor dolor eiusmod incididunt adipiscing sit tempor amet ut Lorem labore do magna dolor dolore elit consectetur aliqua. ipsum sed et et dolore do ut aliqua. eiusmod dolor labore sed Lorem tempor adipiscing sit magna ipsum elit consectetur incididunt amet labore aliqua. sit amet consectetur adipiscing et incididunt dolor dolore tempor sed ipsum elit Lorem ut do magna eiusmod adipiscing dolore dolor ut magna elit tempor eiusmod ipsum sed amet aliqua. do et incididunt Lorem labore sit consectetur sed aliqua. eiusmod do magna dolore elit et tempor ipsum incididunt amet adipiscing consectetur sit ut dolor Lorem labore do eiusmod sit adipiscing Lorem consectetur ut dolore aliqua. et ipsum elit dolor amet tempor magna sed incididunt labore sed et elit tempor incididunt amet sit aliqua. eiusmod consectetur dolor Lorem ut magna dolore do ipsum labore adipiscing tempor sit dolor elit adipiscing consectetur sed do magna eiusmod dolore ut amet labore incididunt aliqua. Lorem et ipsum sed labore do ipsum tempor dolor ut incididunt elit magna aliqua. consectetur dolore Lorem eiusmod et sit amet adipiscing sed do ut amet tempor elit dolor eiusmod et aliq, factors factors factors factors factors factors factors factors factors factors factors factors factors factors factors factors factors factors factors factors factors factors factors factors factors factors factors factors factors factors factors factors factors factors factors factors factors factors factors factors factors factors factors factors factors factors factors factors factors factors factors factors factors factors factors factors factors factors factors factors factors factors factors factors,,
req-0037-87e21c,synthetic,1787904706.0319142,1787904724.6617165,18.629802227020264,0.12329080002382398,0.02701051111078067,"[0.02494149998528883, 0.025221700023394078, 0.022724199981894344, 0.025597999978344887, 0.022328299994114786, 0.02053200005320832, 0.03255989996250719, 0.019587800023145974, 0.020829399989452213, 0.024389199970755726, 0.028267000045161694, 0.02650569996330887, 0.024761500011663884, 0.033834800007753074, 0.026777699997182935, 0.028966100013349205, 0.03424000000813976, 0.025216099980752915, 0.023859400011133403, 0.030006100016180426, 0.028328699991106987, 0.03222479997202754, 0.023667800007387996, 0.02892090001842007, 0.024952600011602044, 0.026860799989663064, 0.03214179998030886, 0.033778299984987825, 0.0214521000161767, 0.02742589998524636, 0.022463800036348403, 0.032391499960795045, 0.029577000008430332, 0.022608900035265833, 0.028926999948453158, 0.02789580001262948, 0.034790100005920976, 0.02399319998221472, 0.02256340003805235, 0.03104239999083802, 0.02419889997690916, 0.02572080004028976, 0.033554399968124926, 0.026960399991367012, 0.03338020003866404, 0.02791659999638796, 0.03114769997773692, 0.01975249999668449, 0.031594600004609674, 0.028936400020029396, 0.031671500008087605, 0.020039499970152974, 0.02902010001707822, 0.024449799966532737, 0.02863820001948625, 0.035006600024644285, 0.02555449999636039, 0.02106369996909052, 0.021120999997947365, 0.029125800007022917, 0.02699660003418103, 0.02755619998788461, 0.021102999977301806]",1.8276031017303467,1787904726.4893196,510,64,True,,200,incididunt labore ipsum et amet magna do eiusmod dolor consectetur adipiscing elit sed sit Lorem ut dolore aliqua. tempor incididunt magna eiusmod amet consectetur sit adipiscing sed et labore do tempor dolor Lorem aliqua. dolore ut elit ipsum incididunt labore magna Lorem ut amet dolore elit consectetur ipsum dolor sit eiusmod do sed tempor adipiscing et aliqua. labore dolore dolor consectetur sed aliqua. amet elit do tempor ipsum sit et magna adipiscing Lorem ut incididunt eiusmod do incididunt eiusmod ut magna ipsum consectetur et sit amet aliqua. elit dolore Lorem sed adipiscing labore tempor dolor eiusmod incididunt et sed elit tempor adipiscing aliqua. dolor labore do ipsum sit amet consectetur Lorem ut dolore magna amet ut incididunt consectetur sed elit et adipiscing Lorem eiusmod dolore aliqua. sit magna labore do ipsum tempor dolor sit dolore elit labore adipiscing et eiusmod ipsum magna amet ut sed tempor consectetur aliqua. dolor Lorem do incididunt sit amet eiusmod do ut dolor elit incididunt Lorem consectetur dolore sed adipiscing magna aliqua. ipsum et tempor labore ipsum amet consectetur dolore incididunt do magna ut aliqua. eiusmod labore dolor adipiscing et Lorem sed elit tempor sit sed magna ut et ipsum eiusmod dolor elit labore Lorem amet dolore aliqua. tempor adipiscing consectetur incididunt sit do labore incididunt elit adipiscing aliqua. ipsum dolore et eiusmod ut sit tempor consectetur amet sed Lorem magna do dolor consectetur labore Lorem do ut elit sit adipiscing tempor magna sed eiusmod incididunt ipsum aliqua. dolor dolore et amet ipsum adipiscing et ut eiusmod Lorem incididunt consectetur amet labore sed tempor aliqua. dolor elit magna sit do dolore et labore sed elit dolor eiusmod adipiscing incididunt aliqua. ipsum amet do ut sit consectetur Lorem magna dolore tempor magna sit eiusmod aliqua. ipsum dolor sed et amet consectetur ut Lorem elit adipiscing dolore tempor labore incididunt do sit et labore sed eiusmod ipsum incididunt dolor, factors factors factors factors factors factors factors factors factors factors factors factors factors factors factors factors factors factors factors factors factors factors factors factors factors factors factors factors factors factors factors factors factors factors factors factors factors factors factors factors factors factors factors factors factors factors factors factors factors factors factors factors factors factors factors factors factors factors factors factors factors factors factors factors,,
