request_id,workload_type,arrival_time,dispatch_time,queue_time,ttft,tpot,inter_token_latencies,total_latency,completion_time,input_tokens,output_tokens,success,error,status_code,prompt_text,output_text,trace_run_id,client_slot_acquired_time,client_slot_acquired_perf_ns,client_send_perf_ns,client_headers_perf_ns,client_first_content_perf_ns,client_done_perf_ns,server_queue_time,server_prefill_time
req-0000-53d65e,synthetic,1787921080.091879,1787921080.8059163,0.7140374183654785,0.0697965,0.004426950793935075,"[0.005548699991777539, 0.0061101000173948705, 0.005079299968201667, 0.005817400000523776, 0.0048340000212192535, 0.004331899981480092, 0.004376400029286742, 0.004049599985592067, 0.003819699981249869, 0.003754700010176748, 0.004490000021178275, 0.0033590999664738774, 0.004232500039506704, 0.003737499995622784, 0.004364599997643381, 0.004307399969547987, 0.004058999998960644, 0.0038110000314190984, 0.004259300010744482, 0.0040422999882139266, 0.0041043999954126775, 0.003762100008316338, 0.003867599996738136, 0.003597099974285811, 0.003947900026105344, 0.003673999977763742, 0.004051600000821054, 0.0033721000072546303, 0.0037726000300608575, 0.0038144999998621643, 0.004221999959554523, 0.003390900033991784, 0.003867899999022484, 0.003670100006274879, 0.003927999990992248, 0.0035117999650537968, 0.0039929000195115805, 0.0038315000128932297, 0.0040757000097073615, 0.0038095999625511467, 0.003565400023944676, 0.003604499972425401, 0.004043699998874217, 0.0033751000300981104, 0.0036940000136382878, 0.003736099984962493, 0.004208999976981431, 0.0039363999967463315, 0.004022500012069941, 0.003681400034110993, 0.003816799959167838, 0.004002700035925955, 0.003759699990041554, 0.0043132000137120485, 0.004902399959973991, 0.0038594999932684004, 0.00396330002695322, 0.003849599976092577, 0.003691399993840605, 0.003742900036741048, 0.0036436999798752367, 0.0040139000047929585, 0.02882190002128482]",0.34969639778137207,1787921081.1556127,511,64,True,,200,Lorem dolore dolor elit aliqua. adipiscing labore consectetur ut sed eiusmod do amet magna ipsum incididunt tempor et sit sit sed aliqua. magna adipiscing tempor amet labore dolore incididunt do consectetur ipsum et Lorem dolor elit eiusmod ut Lorem do ipsum sed consectetur labore sit dolor et incididunt aliqua. amet tempor magna ut eiusmod dolore elit adipiscing eiusmod do Lorem sed adipiscing incididunt dolor elit ipsum et sit amet ut dolore tempor labore magna aliqua. consectetur eiusmod elit dolor et amet ipsum adipiscing sed do tempor Lorem dolore incididunt aliqua. magna labore consectetur ut sit amet Lorem dolore eiusmod sed magna tempor elit sit aliqua. et incididunt labore do dolor ipsum adipiscing consectetur ut ut Lorem tempor adipiscing amet elit labore eiusmod sit magna sed et consectetur dolor ipsum aliqua. incididunt do dolore labore ipsum sed elit incididunt sit do et Lorem magna eiusmod adipiscing tempor ut dolore consectetur aliqua. dolor amet adipiscing ipsum sed et amet labore incididunt tempor do eiusmod Lorem magna elit ut dolore consectetur sit dolor aliqua. do Lorem dolor ipsum incididunt magna sed amet dolore aliqua. sit elit labore et tempor eiusmod consectetur adipiscing ut ut incididunt sed aliqua. magna adipiscing sit labore elit dolore Lorem amet do dolor eiusmod tempor consectetur ipsum et sed ipsum tempor do et amet consectetur magna incididunt adipiscing Lorem sit eiusmod aliqua. ut labore elit dolore dolor elit ipsum eiusmod do incididunt sit magna adipiscing consectetur dolor labore et amet Lorem tempor sed dolore ut aliqua. sit labore do et ut tempor eiusmod elit incididunt aliqua. sed dolor dolore consectetur magna adipiscing Lorem amet ipsum ipsum amet dolor magna ut dolore adipiscing aliqua. tempor Lorem consectetur labore sit et do eiusmod elit incididunt sed dolor amet ipsum incididunt tempor et aliqua. Lorem labore sit do elit consectetur eiusmod dolore ut sed magna adipiscing dolore sed aliqua. tempor eiusmod et ut labore s, factors factors factors factors factors factors factors factors factors factors factors factors factors factors factors factors factors factors factors factors factors factors factors factors factors factors factors factors factors factors factors factors factors factors factors factors factors factors factors factors factors factors factors factors factors factors factors factors factors factors factors factors factors factors factors factors factors factors factors factors factors factors factors factors,a01-20260828-overhead_overhead_04_c1_seed3102_off,1787921080.0921729,318438425836100,318439139581300,318439162010200,318439209377800,318439489276600,,
req-0001-c1f0d5,synthetic,1787921080.091879,1787921081.9138033,1.8219244480133057,0.0642651,0.0037197111117180494,"[0.003927799989469349, 0.004102300037629902, 0.003666599979624152, 0.00378400000045076, 0.0036167000071145594, 0.00379139999859035, 0.003150500007905066, 0.0036881999694742262, 0.0035653000231832266, 0.0035662000300362706, 0.0035445999819785357, 0.0033516999683342874, 0.0037827000487595797, 0.0036018999526277184, 0.004231800034176558, 0.003681599977426231, 0.0037517999880947173, 0.0034863000037148595, 0.003702000016346574, 0.0031624999828636646, 0.0039787000278010964, 0.003737199993338436, 0.003686400013975799, 0.003817099961452186, 0.004195700050331652, 0.0038928999565541744, 0.0037034000270068645, 0.003617800015490502, 0.00377509999088943, 0.0037716999650001526, 0.003493199998047203, 0.003617800015490502, 0.0033748000278137624, 0.0036971999797970057, 0.0037850000080652535, 0.003663900017272681, 0.00331579998601228, 0.003763499960768968, 0.004145100014284253, 0.003827200038358569, 0.003599099989514798, 0.003444999980274588, 0.003803200030233711, 0.004073599993716925, 0.0035979999811388552, 0.003507799992803484, 0.0038372999988496304, 0.004024500027298927, 0.0041185999871231616, 0.0038742999895475805, 0.0036962999729439616, 0.003749400028027594, 0.0037273999769240618, 0.003535800031386316, 0.0037598999915644526, 0.003847300016786903, 0.004130799963604659, 0.003715099999681115, 0.0038962000398896635, 0.003806699998676777, 0.003641099960077554, 0.0033062000293284655, 0.003632800013292581]",0.29988574981689453,1787921082.213689,511,64,True,,200,tempor incididunt elit dolor adipiscing aliqua. amet sed dolore sit eiusmod ipsum Lorem magna ut labore consectetur do et labore tempor magna elit incididunt do aliqua. dolor adipiscing sed sit et eiusmod amet ut dolore consectetur Lorem ipsum ut incididunt eiusmod magna consectetur dolore tempor adipiscing sit do sed dolor amet ipsum labore aliqua. Lorem elit et consectetur dolor labore tempor et elit dolore sed ipsum eiusmod adipiscing incididunt Lorem aliqua. do magna ut amet sit dolor amet ipsum sit incididunt labore Lorem consectetur aliqua. do et tempor elit sed magna adipiscing ut eiusmod dolore ut elit magna Lorem et incididunt sit ipsum sed consectetur dolor aliqua. adipiscing eiusmod labore dolore amet tempor do amet dolor elit incididunt sed dolore ut aliqua. consectetur do sit Lorem magna eiusmod adipiscing labore et ipsum tempor et labore elit ut sit magna amet dolor tempor adipiscing dolore incididunt aliqua. ipsum consectetur eiusmod Lorem sed do Lorem sed consectetur magna ut sit dolore aliqua. elit labore do adipiscing et tempor ipsum dolor amet incididunt eiusmod magna aliqua. et sed tempor amet ipsum ut do adipiscing consectetur dolor incididunt eiusmod labore sit dolore Lorem elit dolore sit do Lorem et tempor eiusmod aliqua. dolor adipiscing labore amet magna consectetur ut sed ipsum elit incididunt et Lorem do dolor incididunt labore aliqua. magna sit dolore amet adipiscing sed ut ipsum eiusmod tempor consectetur elit ut et magna labore tempor adipiscing ipsum elit sit dolore incididunt aliqua. eiusmod do dolor consectetur amet sed Lorem magna ipsum adipiscing sed tempor labore dolore incididunt do sit consectetur aliqua. eiusmod et elit ut Lorem dolor amet aliqua. sed et ut dolore labore ipsum amet eiusmod consectetur Lorem do dolor magna tempor sit elit incididunt adipiscing consectetur magna ipsum amet incididunt aliqua. adipiscing do dolor sit elit Lorem sed labore dolore eiusmod ut tempor et amet Lorem eiusmod dolore adipiscing elit sed ut, factors factors factors factors factors factors factors factors factors factors factors factors factors factors factors factors factors factors factors factors factors factors factors factors factors factors factors factors factors factors factors factors factors factors factors factors factors factors factors factors factors factors factors factors factors factors factors factors factors factors factors factors factors factors factors factors factors factors factors factors factors factors factors factors,a01-20260828-overhead_overhead_04_c1_seed3102_off,1787921081.1557066,318439489369400,318440247468200,318440267170200,318440311733300,318440547353200,,
req-0002-31d8fb,synthetic,1787921080.091879,1787921082.9696698,2.877790927886963,0.0629723,0.0038138952379721024,"[0.003972699982114136, 0.005110300029627979, 0.003888099978212267, 0.003579300013370812, 0.0036330000148154795, 0.003809699963312596, 0.0036658000317402184, 0.003785400011111051, 0.0035370999830774963, 0.003979799977969378, 0.004004200047347695, 0.0036376999923959374, 0.003534399962518364, 0.0036694000009447336, 0.003392700047697872, 0.00358989997766912, 0.0036028000176884234, 0.003533199953380972, 0.003494100004900247, 0.0038259000284597278, 0.003783699998166412, 0.0035632000071927905, 0.003701999958138913, 0.0034121000207960606, 0.0038610000046901405, 0.0036137999850325286, 0.003813799994532019, 0.0038677999982610345, 0.0038249000208452344, 0.0040627000271342695, 0.004143799946177751, 0.00404340005479753, 0.0040395999676547945, 0.004452700028195977, 0.00433059997158125, 0.004096799995750189, 0.0039653999847359955, 0.003792300005443394, 0.003632300009485334, 0.003701500012539327, 0.0036352999741211534, 0.003896100039128214, 0.003824999963399023, 0.0038138999952934682, 0.0037625000113621354, 0.003422000037971884, 0.0037792999646626413, 0.003539700002875179, 0.0036576000275090337, 0.003505599976051599, 0.003732500015757978, 0.003499799990095198, 0.0038115999777801335, 0.0038276000414043665, 0.003618899965658784, 0.0037005000049248338, 0.004034799989312887, 0.0038004000089131296, 0.004771100007928908, 0.0035442999796941876, 0.0040148000116460025, 0.004159300005994737, 0.003973899991251528]",0.3042106628417969,1787921083.2738805,511,64,True,,200,do tempor adipiscing amet dolore elit eiusmod ut consectetur magna dolor labore aliqua. sed et sit incididunt ipsum Lorem do elit sed sit magna consectetur ipsum et aliqua. tempor adipiscing amet Lorem incididunt dolore ut eiusmod dolor labore aliqua. consectetur amet ut et sit incididunt labore do magna dolor tempor sed ipsum eiusmod elit adipiscing Lorem dolore consectetur tempor et adipiscing sit amet magna do Lorem incididunt dolore dolor labore ut eiusmod aliqua. sed elit ipsum labore ut Lorem sed sit ipsum incididunt amet dolor do aliqua. adipiscing eiusmod consectetur elit tempor et dolore magna labore ipsum dolore incididunt consectetur Lorem tempor eiusmod do magna elit sed ut et amet aliqua. sit dolor adipiscing eiusmod ipsum labore dolore ut dolor et magna sed Lorem do elit aliqua. incididunt amet adipiscing consectetur sit tempor tempor et dolore eiusmod magna labore ut amet adipiscing sit Lorem consectetur incididunt elit ipsum do dolor sed aliqua. sed labore magna eiusmod incididunt et consectetur tempor aliqua. dolor dolore elit adipiscing do amet ipsum ut Lorem sit dolore consectetur magna Lorem incididunt adipiscing sed elit do sit et aliqua. ut amet dolor labore ipsum eiusmod tempor elit eiusmod Lorem do aliqua. sed dolor ipsum incididunt dolore ut labore tempor sit adipiscing consectetur magna et amet labore sit aliqua. ipsum dolore Lorem tempor dolor adipiscing ut consectetur amet elit do et eiusmod magna incididunt sed amet Lorem ut do dolore sit magna adipiscing incididunt sed labore tempor elit aliqua. ipsum consectetur dolor eiusmod et labore et magna adipiscing aliqua. Lorem sit ut sed consectetur incididunt do eiusmod amet dolore elit ipsum dolor tempor elit tempor eiusmod Lorem consectetur dolore dolor sit adipiscing sed incididunt et aliqua. do ipsum labore amet magna ut dolor ipsum do tempor eiusmod adipiscing Lorem sit elit ut magna amet incididunt labore sed consectetur et aliqua. dolore adipiscing ipsum dolore Lorem do eiusmod magna e, factors factors factors factors factors factors factors factors factors factors factors factors factors factors factors factors factors factors factors factors factors factors factors factors factors factors factors factors factors factors factors factors factors factors factors factors factors factors factors factors factors factors factors factors factors factors factors factors factors factors factors factors factors factors factors factors factors factors factors factors factors factors factors factors,a01-20260828-overhead_overhead_04_c1_seed3102_off,1787921082.2137852,318440547448000,318441303335000,318441326464600,318441366307300,318441607544100,,
req-0003-b47dcf,synthetic,1787921080.091879,1787921084.0682437,3.976364850997925,0.0717766,0.003879320634979873,"[0.004576500039547682, 0.0038121999823488295, 0.0037483000196516514, 0.003926299978047609, 0.00417520001064986, 0.003863799967803061, 0.004094600037205964, 0.003788699978031218, 0.004254400031641126, 0.004001999972388148, 0.003582899982575327, 0.0041115000494755805, 0.004620699968654662, 0.004779900016728789, 0.004017199971713126, 0.003475800040178001, 0.0036840999964624643, 0.003849599976092577, 0.003891600004862994, 0.003940700029488653, 0.0041229999624192715, 0.0039110000361688435, 0.003722800000105053, 0.003825299965683371, 0.0035287999780848622, 0.0037879000301472843, 0.00386850000359118, 0.0036648999666795135, 0.003686100011691451, 0.0037957000313326716, 0.003677200002130121, 0.0038183999713510275, 0.004162900033406913, 0.003389099962078035, 0.003699099994264543, 0.004033900040667504, 0.004085999971721321, 0.0037737999809905887, 0.0037252000183798373, 0.003964000032283366, 0.0038346999790519476, 0.0033232999849133193, 0.003713899990543723, 0.003771900024730712, 0.003885100013576448, 0.0035513999755494297, 0.0040197999915108085, 0.0036448000464588404, 0.004045499954372644, 0.00338410004042089, 0.0038470999570563436, 0.0036365000414662063, 0.003916399960871786, 0.003992800018750131, 0.003977400017902255, 0.003848999971523881, 0.0038283999892883003, 0.003973200044129044, 0.003958999994210899, 0.004092399962246418, 0.004232100036460906, 0.00318840000545606, 0.0042903999565169215]",0.317396879196167,1787921084.3856406,510,64,True,,200,sed sit tempor aliqua. Lorem dolor ut incididunt do ipsum magna dolore eiusmod elit et amet labore consectetur adipiscing dolor magna aliqua. Lorem elit labore ipsum ut dolore amet sed consectetur tempor incididunt adipiscing et eiusmod sit do dolore incididunt eiusmod labore aliqua. consectetur Lorem et elit ipsum dolor sed amet sit do tempor ut magna adipiscing dolor consectetur amet ut sed labore elit ipsum incididunt tempor eiusmod dolore sit magna aliqua. Lorem et do adipiscing et adipiscing dolore magna sit incididunt consectetur tempor elit sed ut Lorem amet ipsum do labore dolor eiusmod aliqua. consectetur elit tempor Lorem sed sit dolore magna et do eiusmod labore amet incididunt ut dolor adipiscing aliqua. ipsum dolore sit do sed labore aliqua. magna dolor Lorem incididunt amet ut tempor consectetur ipsum et eiusmod elit adipiscing ipsum dolore dolor elit et aliqua. labore amet magna sed ut adipiscing Lorem do sit incididunt tempor eiusmod consectetur do sit aliqua. sed dolore eiusmod Lorem ipsum ut adipiscing magna consectetur et amet elit tempor dolor labore incididunt consectetur sed sit amet Lorem elit adipiscing aliqua. dolore et ipsum incididunt labore do dolor magna eiusmod ut tempor elit tempor sit amet adipiscing eiusmod et dolor labore ut ipsum do dolore incididunt sed magna consectetur Lorem aliqua. dolor amet tempor incididunt et sit ut dolore Lorem elit aliqua. do adipiscing labore magna eiusmod consectetur sed ipsum eiusmod ipsum tempor aliqua. labore ut do sed Lorem dolore incididunt adipiscing magna et amet consectetur dolor elit sit Lorem ut dolore dolor consectetur sed tempor do labore adipiscing sit magna et eiusmod amet aliqua. elit ipsum incididunt elit eiusmod do sit et incididunt ut dolor ipsum sed adipiscing magna Lorem labore dolore tempor amet consectetur aliqua. eiusmod consectetur elit aliqua. ipsum sit adipiscing dolor ut tempor et amet do sed magna labore Lorem incididunt dolore adipiscing sit et dolore ut sed Lorem labore ame, factors factors factors factors factors factors factors factors factors factors factors factors factors factors factors factors factors factors factors factors factors factors factors factors factors factors factors factors factors factors factors factors factors factors factors factors factors factors factors factors factors factors factors factors factors factors factors factors factors factors factors factors factors factors factors factors factors factors factors factors factors factors factors factors,a01-20260828-overhead_overhead_04_c1_seed3102_off,1787921083.2739785,318441607641400,318442401908400,318442427907400,318442473685000,318442719304400,,
req-0004-83ff5b,synthetic,1787921080.091879,1787921085.1071365,5.0152575969696045,0.0616369,0.0038488206346445376,"[0.0034342000144533813, 0.003966899996157736, 0.00401959998998791, 0.0038947000284679234, 0.0033996999845840037, 0.0038247000193223357, 0.003675099986139685, 0.003946599957998842, 0.0040080000180751085, 0.003696500032674521, 0.003653499996289611, 0.003956099972128868, 0.003920599992852658, 0.003781000035814941, 0.004037000006064773, 0.0038512999890372157, 0.004303699999582022, 0.0038878999766893685, 0.0039092000224627554, 0.0038429999840445817, 0.003417800005991012, 0.00372179999249056, 0.004030500014778227, 0.0037033999687992036, 0.004419400007463992, 0.0038027000264264643, 0.0037515999865718186, 0.003569299995433539, 0.0037416000268422067, 0.003933099971618503, 0.0037661999813281, 0.003886900027282536, 0.0037563000223599374, 0.0038946999702602625, 0.003794600022956729, 0.0036415999638848007, 0.0036371999885886908, 0.003734600031748414, 0.003943599993363023, 0.0038568000309169292, 0.004157999996095896, 0.0038742999895475805, 0.003932699968572706, 0.0037717000232078135, 0.004137900017667562, 0.0036359999794512987, 0.0037629000144079328, 0.0037657999782823026, 0.004000500019174069, 0.00381949997972697, 0.0038426999817602336, 0.0038497000350616872, 0.0037341999704949558, 0.00394270004471764, 0.003839899960439652, 0.004064600041601807, 0.004400599980726838, 0.003946800017729402, 0.004054599965456873, 0.0040059000020846725, 0.0033583000185899436, 0.0037709999596700072, 0.0037924000062048435]",0.3054466247558594,1787921085.412583,510,64,True,,200,tempor adipiscing consectetur Lorem dolore ipsum sit ut dolor aliqua. sed magna et eiusmod amet elit labore do incididunt adipiscing sit magna eiusmod amet dolor aliqua. dolore incididunt consectetur tempor Lorem do elit et labore sed ipsum ut dolore incididunt Lorem sit magna tempor aliqua. adipiscing labore elit et amet sed consectetur ipsum ut eiusmod dolor do sed Lorem tempor incididunt amet adipiscing ut eiusmod elit labore do magna ipsum dolore consectetur aliqua. dolor et sit elit do magna Lorem incididunt ipsum tempor consectetur dolore eiusmod sit ut amet dolor et sed aliqua. adipiscing labore magna dolor amet sed aliqua. eiusmod ut sit do consectetur elit dolore et Lorem adipiscing ipsum incididunt tempor labore Lorem elit ipsum labore et tempor sed incididunt amet do dolor dolore adipiscing eiusmod sit aliqua. ut magna consectetur Lorem sit labore aliqua. tempor dolor ut do dolore elit consectetur ipsum sed adipiscing eiusmod et incididunt magna amet amet magna ut adipiscing elit eiusmod et sed labore do tempor Lorem dolor consectetur dolore aliqua. ipsum incididunt sit elit do consectetur dolore labore dolor amet incididunt ut Lorem eiusmod sit magna sed et ipsum tempor adipiscing aliqua. ut dolore eiusmod do dolor consectetur sit ipsum magna sed adipiscing labore aliqua. tempor Lorem incididunt amet et elit dolore adipiscing et labore do consectetur ipsum sit magna eiusmod tempor Lorem aliqua. dolor ut elit amet incididunt sed amet ut labore eiusmod ipsum sed elit incididunt et dolor tempor do Lorem dolore aliqua. magna adipiscing sit consectetur Lorem dolor sed do ut labore ipsum elit amet tempor aliqua. adipiscing magna eiusmod consectetur sit incididunt et dolore sed sit do labore Lorem consectetur eiusmod tempor aliqua. adipiscing incididunt ipsum dolore magna ut dolor elit amet et et eiusmod Lorem consectetur ut tempor dolore do elit magna labore incididunt amet dolor aliqua. ipsum adipiscing sit sed do amet adipiscing eiusmod ipsum sed Lorem tempo, factors factors factors factors factors factors factors factors factors factors factors factors factors factors factors factors factors factors factors factors factors factors factors factors factors factors factors factors factors factors factors factors factors factors factors factors factors factors factors factors factors factors factors factors factors factors factors factors factors factors factors factors factors factors factors factors factors factors factors factors factors factors factors factors,a01-20260828-overhead_overhead_04_c1_seed3102_off,1787921084.3857422,318442719405100,318443440801000,318443458288300,318443502437900,318443746247100,,
req-0005-cf4ebf,synthetic,1787921080.091879,1787921086.1708496,6.078970670700073,0.0661073,0.0038135857136535737,"[0.003963799972552806, 0.004238000023178756, 0.004085299966391176, 0.0036848000017926097, 0.003728699986822903, 0.00382120005087927, 0.003963699971791357, 0.0037739999825134873, 0.0036413000198081136, 0.003704399976413697, 0.0036886000307276845, 0.004185299971140921, 0.003818300028797239, 0.0037835999974049628, 0.0038240000139921904, 0.004056299978401512, 0.003398100030608475, 0.0038973999908193946, 0.003836599993519485, 0.003518999961670488, 0.0037953000282868743, 0.003716000006534159, 0.003926999983377755, 0.0037274000351317227, 0.0035557999508455396, 0.003626400022767484, 0.0035164000000804663, 0.003513899981044233, 0.0036524999886751175, 0.003765700035728514, 0.0035761999897658825, 0.003711799974553287, 0.0038228000048547983, 0.0037900000461377203, 0.003677200002130121, 0.003688999975565821, 0.003752299991901964, 0.003735699981916696, 0.003922300005797297, 0.003922200005035847, 0.0036969000357203186, 0.00339569995412603, 0.004104500054381788, 0.004034199984744191, 0.004762600001413375, 0.004159300005994737, 0.003972699982114136, 0.004143800004385412, 0.0039425999857485294, 0.0039440999971702695, 0.003940300026442856, 0.004348599992226809, 0.003989199991337955, 0.0037995000020600855, 0.003821499994955957, 0.004066099994815886, 0.003416399995330721, 0.0036717000184580684, 0.003587300016079098, 0.004197300004307181, 0.0032464999821968377, 0.0034771999926306307, 0.003529599984176457]",0.30756425857543945,1787921086.4784138,511,64,True,,200,dolor dolore labore ipsum et sed aliqua. sit consectetur Lorem magna eiusmod do tempor adipiscing incididunt ut elit amet Lorem sed amet dolor eiusmod sit incididunt dolore aliqua. consectetur ipsum elit ut tempor magna do labore et adipiscing tempor dolor Lorem eiusmod dolore elit adipiscing ut sit aliqua. et incididunt amet labore consectetur do magna ipsum sed labore ut sed eiusmod aliqua. et do amet consectetur Lorem dolor dolore adipiscing ipsum sit tempor magna incididunt elit do aliqua. et sit dolor Lorem dolore magna incididunt labore ipsum elit consectetur sed amet ut adipiscing eiusmod tempor consectetur elit eiusmod tempor adipiscing Lorem dolore sit dolor magna amet ut et sed labore do ipsum incididunt aliqua. amet eiusmod magna et tempor dolore do ut incididunt elit sit sed Lorem aliqua. ipsum labore dolor adipiscing consectetur et aliqua. eiusmod labore Lorem elit tempor incididunt consectetur adipiscing magna sit dolor sed ut do ipsum amet dolore et incididunt dolore sit labore dolor ipsum ut elit amet eiusmod aliqua. tempor Lorem do consectetur magna sed adipiscing tempor labore aliqua. adipiscing do amet dolor ipsum sit eiusmod dolore et Lorem sed consectetur ut incididunt elit magna et tempor aliqua. ipsum incididunt elit adipiscing consectetur ut magna labore amet Lorem dolor do dolore eiusmod sed sit dolore adipiscing consectetur tempor incididunt elit labore sed ipsum sit et amet dolor eiusmod do ut aliqua. Lorem magna sit amet elit aliqua. incididunt dolore adipiscing eiusmod ipsum dolor do ut sed magna et consectetur labore tempor Lorem adipiscing labore do eiusmod tempor dolor sed Lorem incididunt sit ipsum aliqua. et magna consectetur elit dolore ut amet ipsum Lorem eiusmod amet tempor consectetur elit do aliqua. adipiscing ut sed et dolore labore dolor incididunt magna sit dolore adipiscing aliqua. Lorem eiusmod ipsum incididunt consectetur tempor sed amet et sit do ut magna elit dolor labore magna amet labore et Lorem ut incididunt eiusmod, stairs stairs stairs stairs stairs stairs stairs stairs stairs stairs stairs stairs stairs stairs stairs stairs stairs stairs stairs stairs stairs stairs stairs stairs stairs stairs stairs stairs stairs stairs stairs stairs stairs stairs stairs stairs stairs stairs stairs stairs stairs stairs stairs stairs stairs stairs stairs stairs stairs stairs stairs stairs stairs stairs stairs stairs stairs stairs stairs stairs stairs stairs stairs stairs,a01-20260828-overhead_overhead_04_c1_seed3102_off,1787921085.412687,318443746350000,318444504514300,318444527626900,318444570621600,318444812078000,,
req-0006-1b667c,synthetic,1787921080.091879,1787921087.2713737,7.179494857788086,0.0751019,0.0038441476182982564,"[0.004671999951824546, 0.0033780999947339296, 0.003847900021355599, 0.003848500025924295, 0.00414839998120442, 0.003948199970182031, 0.004032600030768663, 0.0033281000214628875, 0.003761999949347228, 0.004113500006496906, 0.00368340004933998, 0.0038543999544344842, 0.004287399991881102, 0.0038231000071391463, 0.0038010000134818256, 0.003422599984332919, 0.003720100037753582, 0.004101199971046299, 0.0034130000276491046, 0.003577299998141825, 0.004184699966572225, 0.003722699999343604, 0.0037483000196516514, 0.0037338000256568193, 0.003962299961131066, 0.004110799985937774, 0.003969700017478317, 0.0039302000077441335, 0.0039001000113785267, 0.003805499989539385, 0.004188299993984401, 0.004419100005179644, 0.004125499981455505, 0.004039800027385354, 0.003982900001574308, 0.003961600014008582, 0.003751999989617616, 0.003910799976438284, 0.0044584000133909285, 0.0038440999924205244, 0.00387890002457425, 0.0040062000043690205, 0.0038440999924205244, 0.0038435999886132777, 0.004011099983472377, 0.0037678999942727387, 0.003834200033452362, 0.0039434999926015735, 0.0036817999789491296, 0.0037131999852135777, 0.003947900026105344, 0.003526700020302087, 0.0036925000022165477, 0.003670100006274879, 0.003347199992276728, 0.00380619999486953, 0.0037505999789573252, 0.003640500013716519, 0.003398299973923713, 0.003662400005850941, 0.0034503000206314027, 0.0037005000049248338, 0.0035501999664120376]",0.3184645175933838,1787921087.5898383,511,64,True,,200,consectetur Lorem sed incididunt dolore ut ipsum labore magna do eiusmod elit sit amet tempor adipiscing aliqua. dolor et et ut do sit amet sed magna consectetur dolore labore tempor aliqua. incididunt eiusmod Lorem dolor elit ipsum adipiscing incididunt magna ut dolor labore sed sit do dolore eiusmod amet ipsum adipiscing aliqua. Lorem tempor consectetur elit et magna tempor labore incididunt ut dolore sed consectetur do sit dolor elit Lorem eiusmod aliqua. et ipsum amet adipiscing ut eiusmod tempor aliqua. dolor amet do adipiscing incididunt sit magna Lorem dolore et consectetur elit ipsum labore sed ipsum consectetur amet sit incididunt Lorem sed labore elit magna adipiscing aliqua. do tempor ut eiusmod dolor et dolore consectetur eiusmod dolor tempor sit elit et labore Lorem dolore ut incididunt amet do sed adipiscing ipsum magna aliqua. aliqua. eiusmod sit elit Lorem ipsum incididunt consectetur labore dolor do dolore et adipiscing tempor sed amet magna ut ipsum incididunt et do sed aliqua. labore amet ut sit elit eiusmod consectetur Lorem adipiscing magna tempor dolor dolore tempor aliqua. et dolor adipiscing eiusmod incididunt consectetur sed sit labore magna do elit ut Lorem dolore amet ipsum amet dolore elit sit tempor aliqua. magna Lorem consectetur do labore sed ipsum adipiscing dolor eiusmod incididunt ut et Lorem incididunt et magna sed tempor sit aliqua. consectetur dolore dolor ipsum labore eiusmod adipiscing amet ut do elit incididunt aliqua. sed ipsum dolore dolor elit sit eiusmod adipiscing do consectetur magna amet et tempor labore ut Lorem dolor labore do aliqua. adipiscing ipsum magna elit incididunt ut sed dolore consectetur sit amet Lorem tempor eiusmod et aliqua. magna amet labore consectetur dolore dolor ipsum sit incididunt ut Lorem eiusmod do elit adipiscing sed et tempor tempor et eiusmod labore ut sit dolore ipsum magna Lorem aliqua. do adipiscing incididunt amet consectetur sed dolor elit ipsum eiusmod sed tempor ut sit consectetur et e, factors factors factors factors factors factors factors factors factors factors factors factors factors factors factors factors factors factors factors factors factors factors factors factors factors factors factors factors factors factors factors factors factors factors factors factors factors factors factors factors factors factors factors factors factors factors factors factors factors factors factors factors factors factors factors factors factors factors factors factors factors factors factors factors,a01-20260828-overhead_overhead_04_c1_seed3102_off,1787921086.4785185,318444812181500,318445605040000,318445635147600,318445680141900,318445923502100,,
req-0007-ec2822,synthetic,1787921080.091879,1787921088.3421853,8.250306367874146,0.0728971,0.003751250793270412,"[0.0037101999623700976, 0.003975600004196167, 0.003827800042927265, 0.003931199957150966, 0.003794000018388033, 0.0035093000042252243, 0.003478200000245124, 0.003632000007200986, 0.003617500013206154, 0.004048999981023371, 0.003675399988424033, 0.0039175000274553895, 0.0037005000049248338, 0.003799400001298636, 0.003568599990103394, 0.003622799995355308, 0.0036116999690420926, 0.003699699998833239, 0.0039175000274553895, 0.003702000016346574, 0.0037911999970674515, 0.0035814999719150364, 0.0038053999887779355, 0.003579000011086464, 0.0036963000311516225, 0.0033300999784842134, 0.003785400011111051, 0.003729599993675947, 0.003992100013419986, 0.003249000001233071, 0.003458699968177825, 0.003649400023277849, 0.00398259999928996, 0.004046200017910451, 0.003867999999783933, 0.0039085999596863985, 0.004262200032826513, 0.0037095999578014016, 0.0038883000379428267, 0.003916099958587438, 0.0037631000159308314, 0.003778900019824505, 0.0037642999668605626, 0.003863200021442026, 0.0040979000041261315, 0.003960200003348291, 0.0036612999974749982, 0.003935999993700534, 0.003638199996203184, 0.0038616000092588365, 0.0037953999708406627, 0.0038151000044308603, 0.0038861000211909413, 0.003810000023804605, 0.003513599978759885, 0.0037158000050112605, 0.0035399000043980777, 0.003806099994108081, 0.0032162999850697815, 0.0037486000219359994, 0.0035362999769859016, 0.003674799983855337, 0.003976900014095008]",0.3105349540710449,1787921088.6527202,511,64,True,,200,sed amet et sit magna dolor labore eiusmod elit do adipiscing tempor ipsum consectetur aliqua. ut Lorem incididunt dolore sed dolore dolor incididunt tempor magna aliqua. adipiscing eiusmod ipsum amet elit consectetur do Lorem et sit ut labore elit Lorem eiusmod dolor incididunt ut aliqua. sit dolore adipiscing labore magna consectetur amet tempor et ipsum do sed dolore et consectetur labore adipiscing sit dolor amet eiusmod ipsum sed Lorem do ut elit aliqua. tempor incididunt magna adipiscing et consectetur elit sed ut dolor ipsum aliqua. sit eiusmod magna dolore amet labore Lorem do incididunt tempor dolor sed dolore tempor adipiscing magna aliqua. ut amet do consectetur elit sit ipsum eiusmod labore incididunt Lorem et consectetur elit adipiscing dolore aliqua. et amet dolor incididunt ipsum magna ut labore do sed Lorem tempor sit eiusmod aliqua. incididunt tempor amet dolore do elit Lorem eiusmod sit et adipiscing sed ut labore consectetur dolor magna ipsum ipsum aliqua. tempor sed labore amet dolore dolor do adipiscing ut elit incididunt sit et eiusmod magna consectetur Lorem eiusmod et labore ut do tempor amet magna adipiscing dolor consectetur aliqua. ipsum sit elit dolore incididunt Lorem sed Lorem elit do et amet labore ut incididunt ipsum sed eiusmod dolor tempor aliqua. consectetur sit magna adipiscing dolore tempor sit incididunt adipiscing dolore labore et Lorem consectetur dolor ipsum do elit sed eiusmod amet magna aliqua. ut Lorem sit tempor amet consectetur ipsum dolore adipiscing magna incididunt ut et eiusmod dolor do aliqua. labore sed elit amet sit labore ut do aliqua. elit dolor consectetur sed adipiscing ipsum incididunt dolore magna Lorem eiusmod tempor et magna et dolor do sit incididunt amet tempor eiusmod Lorem labore consectetur ut aliqua. dolore elit adipiscing ipsum sed incididunt tempor ut elit ipsum Lorem dolore adipiscing magna consectetur dolor eiusmod sed et do labore aliqua. sit amet tempor sit ipsum sed do aliqua. labore Lorem dol, factors factors factors factors factors factors factors factors factors factors factors factors factors factors factors factors factors factors factors factors factors factors factors factors factors factors factors factors factors factors factors factors factors factors factors factors factors factors factors factors factors factors factors factors factors factors factors factors factors factors factors factors factors factors factors factors factors factors factors factors factors factors factors factors,a01-20260828-overhead_overhead_04_c1_seed3102_off,1787921087.590043,318445923706400,318446675850600,318446696908200,318446748747700,318446986384100,,
req-0008-a9b6ea,synthetic,1787921080.091879,1787921089.3790474,9.287168502807617,0.0673805,0.003870453968245004,"[0.004269900033250451, 0.004012799996417016, 0.00345660001039505, 0.004054799966979772, 0.0040689000161364675, 0.004329900024458766, 0.003993899968918413, 0.004183600016403943, 0.0039043999859131873, 0.004328900016844273, 0.004059900005813688, 0.00408619997324422, 0.0037592999869957566, 0.0038433000445365906, 0.0037459000013768673, 0.003824999963399023, 0.003950799989979714, 0.004015900020021945, 0.0037308000028133392, 0.003859999997075647, 0.003777800011448562, 0.003906099998857826, 0.003899900009855628, 0.00391139998100698, 0.0037523999926634133, 0.003553899994585663, 0.0038155000074766576, 0.003590799984522164, 0.003680200024973601, 0.0036262000212445855, 0.003551199974026531, 0.0040009000222198665, 0.003867999999783933, 0.0035897999769076705, 0.0034337000106461346, 0.003852599998936057, 0.003681599977426231, 0.003674600040540099, 0.0032082999823614955, 0.0034933999995701015, 0.004093499970622361, 0.003987400035839528, 0.004222299961838871, 0.003996400046162307, 0.004114799958188087, 0.003684600000269711, 0.003980100038461387, 0.004091200011316687, 0.004168099956586957, 0.003882699995301664, 0.0033867000020109117, 0.003961400012485683, 0.003925600030925125, 0.003811399976257235, 0.0041031999862752855, 0.004053500015288591, 0.003909100021701306, 0.004035099991597235, 0.0032485999981872737, 0.003791900002397597, 0.0042877999949269, 0.004462799988687038, 0.003291299974080175]",0.31260156631469727,1787921089.691649,511,64,True,,200,amet dolor aliqua. adipiscing tempor eiusmod incididunt consectetur Lorem sit do dolore sed et elit ut magna labore ipsum eiusmod consectetur amet dolor aliqua. ut tempor incididunt Lorem labore magna sit do dolore elit et adipiscing sed ipsum adipiscing tempor sit ut incididunt do dolore ipsum et dolor consectetur labore Lorem elit magna amet eiusmod aliqua. sed tempor sed magna elit consectetur labore aliqua. sit ut eiusmod dolor et ipsum amet dolore adipiscing Lorem do incididunt aliqua. sed incididunt dolore amet do adipiscing tempor labore sit et elit ut magna eiusmod ipsum consectetur dolor Lorem ut magna eiusmod Lorem tempor sit adipiscing dolore aliqua. amet do labore et incididunt sed dolor ipsum consectetur elit do eiusmod ut et tempor dolore dolor labore sit consectetur aliqua. adipiscing ipsum magna Lorem elit incididunt amet sed amet ipsum dolore sit elit incididunt aliqua. magna eiusmod ut dolor et do sed Lorem tempor consectetur adipiscing labore ut elit do tempor dolor dolore adipiscing Lorem et labore eiusmod sit consectetur ipsum amet magna aliqua. incididunt sed magna et labore tempor elit dolor sed dolore aliqua. ut adipiscing amet incididunt sit consectetur ipsum eiusmod do Lorem do dolore ipsum tempor et labore Lorem sit incididunt consectetur sed elit ut aliqua. magna amet adipiscing dolor eiusmod adipiscing eiusmod incididunt sed ipsum et aliqua. do labore amet magna sit dolor ut consectetur tempor elit dolore Lorem sit ut ipsum et dolore aliqua. dolor Lorem do amet eiusmod tempor sed adipiscing elit labore consectetur incididunt magna elit do labore sed magna Lorem tempor dolor ut ipsum consectetur incididunt sit amet et eiusmod adipiscing dolore aliqua. adipiscing sit elit aliqua. ut magna do labore tempor dolor consectetur dolore amet incididunt et Lorem ipsum sed eiusmod dolor labore elit incididunt tempor adipiscing magna sed eiusmod ut sit aliqua. Lorem ipsum amet consectetur dolore et do et eiusmod dolor elit sed dolore tempor ipsum la, stairs stairs stairs stairs stairs stairs stairs stairs stairs stairs stairs stairs stairs stairs stairs stairs stairs stairs stairs stairs stairs stairs stairs stairs stairs stairs stairs stairs stairs stairs stairs stairs stairs stairs stairs stairs stairs stairs stairs stairs stairs stairs stairs stairs stairs stairs stairs stairs stairs stairs stairs stairs stairs stairs stairs stairs stairs stairs stairs stairs stairs stairs stairs stairs,a01-20260828-overhead_overhead_04_c1_seed3102_off,1787921088.6528225,318446986485400,318447712712100,318447735600300,318447780092600,318448025313100,,
req-0009-2078f7,synthetic,1787921080.091879,1787921090.4314852,10.339606285095215,0.0752002,0.0038045396823214277,"[0.0046098000020720065, 0.0038998000090941787, 0.0036080999998375773, 0.003921600000467151, 0.004204500000923872, 0.0033791999449022114, 0.0035738000296987593, 0.0035992999910376966, 0.003869400010444224, 0.004211499996017665, 0.003608600003644824, 0.0038636000244878232, 0.003887999977450818, 0.0038056999910622835, 0.004219399997964501, 0.003960500005632639, 0.004190100007690489, 0.003403100010473281, 0.004038099956233054, 0.004260500019881874, 0.004234099993482232, 0.0042280000052414834, 0.004171399981714785, 0.004109400033485144, 0.004072099982295185, 0.003681300033349544, 0.0037938999594189227, 0.0037309000035747886, 0.003996899991761893, 0.0036372000467963517, 0.0038237999542616308, 0.0038628000183962286, 0.004091600014362484, 0.0036433999775908887, 0.003758500039111823, 0.0037029999657534063, 0.003843699989374727, 0.003633100015576929, 0.003655600012280047, 0.0038413999718613923, 0.003783699998166412, 0.003325600002426654, 0.0036841999972239137, 0.003725400019902736, 0.003646800003480166, 0.0032586000161245465, 0.0034679999807849526, 0.003909600025508553, 0.004066900000907481, 0.003693399950861931, 0.0036188000231049955, 0.0037921000039204955, 0.0035673999809660017, 0.0036767999990843236, 0.0034004999906755984, 0.003570800006855279, 0.003908200014848262, 0.0038124999846331775, 0.003514600044582039, 0.0038227999466471374, 0.0037696000072173774, 0.0038468000129796565, 0.0031962000066414475]",0.31614089012145996,1787921090.747626,512,64,True,,200,do adipiscing amet dolore aliqua. Lorem eiusmod dolor labore consectetur tempor elit magna sit incididunt et sed ut ipsum incididunt magna tempor ut do dolor eiusmod labore dolore Lorem et adipiscing sit consectetur aliqua. ipsum sed amet elit aliqua. labore dolor sed ut dolore elit do et tempor adipiscing magna incididunt consectetur amet sit eiusmod Lorem ipsum aliqua. magna incididunt sit labore amet dolor et eiusmod tempor ut ipsum sed Lorem dolore elit adipiscing do consectetur sit Lorem consectetur labore tempor dolor aliqua. elit dolore sed incididunt amet eiusmod do ut magna ipsum et adipiscing aliqua. incididunt sit eiusmod elit et do ipsum dolor magna amet adipiscing consectetur dolore Lorem sed labore tempor ut et incididunt Lorem ipsum amet sed magna dolore elit do adipiscing sit ut tempor labore eiusmod consectetur aliqua. dolor dolor incididunt aliqua. sit ut labore eiusmod dolore ipsum elit do sed consectetur amet adipiscing magna tempor et Lorem labore magna elit et tempor incididunt aliqua. sit ut consectetur ipsum dolore Lorem dolor eiusmod adipiscing amet sed do eiusmod dolor consectetur ut aliqua. magna do ipsum Lorem elit adipiscing dolore incididunt sit sed tempor labore amet et dolore consectetur tempor ipsum labore aliqua. ut sit dolor Lorem magna adipiscing elit amet et eiusmod do incididunt sed aliqua. labore elit dolor do Lorem consectetur sit sed incididunt et ipsum adipiscing dolore tempor amet eiusmod ut magna labore tempor dolore aliqua. eiusmod amet elit dolor adipiscing incididunt et Lorem sit consectetur ut ipsum sed magna do dolore tempor ut magna dolor incididunt eiusmod elit et amet consectetur Lorem aliqua. adipiscing labore ipsum sed sit do sit eiusmod magna ut dolor labore consectetur dolore ipsum do incididunt Lorem sed et adipiscing elit aliqua. tempor amet amet aliqua. labore ut dolore elit do eiusmod ipsum sed et tempor sit dolor Lorem magna adipiscing incididunt consectetur eiusmod amet adipiscing do tempor aliqua. dolor , factors factors factors factors factors factors factors factors factors factors factors factors factors factors factors factors factors factors factors factors factors factors factors factors factors factors factors factors factors factors factors factors factors factors factors factors factors factors factors factors factors factors factors factors factors factors factors factors factors factors factors factors factors factors factors factors factors factors factors factors factors factors factors factors,a01-20260828-overhead_overhead_04_c1_seed3102_off,1787921089.6917512,318448025414100,318448765150000,318448789150100,318448840350200,318449081290100,,
req-0010-2983f4,synthetic,1787921080.091879,1787921091.470613,11.378734111785889,0.0700185,0.003911960317516729,"[0.004501499992329627, 0.004021800006739795, 0.0038380000041797757, 0.004190800013020635, 0.003875700000207871, 0.0038372999988496304, 0.0037281999830156565, 0.003571300010662526, 0.004096199991181493, 0.003753800003323704, 0.0038409000262618065, 0.003997899999376386, 0.003984999959357083, 0.003985100018326193, 0.0032008999842219055, 0.003890399995725602, 0.004067700006999075, 0.00393659999826923, 0.004106300009880215, 0.0040972999995574355, 0.003907100006472319, 0.004191900021396577, 0.00403589999768883, 0.004192699969280511, 0.0034979000338353217, 0.003776899946387857, 0.0039524000021629035, 0.003712700039613992, 0.004102399980183691, 0.004148199979681522, 0.003914700006134808, 0.004186600039247423, 0.004182100004982203, 0.004040399973746389, 0.0032842999789863825, 0.0037561000208370388, 0.004452700028195977, 0.004088899993803352, 0.0037887999787926674, 0.0036094000097364187, 0.002966500003822148, 0.0034567000111564994, 0.0037576999748125672, 0.003240999998524785, 0.004047900030855089, 0.004301899985875934, 0.003574299975298345, 0.0035863000084646046, 0.004003499983809888, 0.005239600024651736, 0.0039314000168815255, 0.0039857999654486775, 0.004051800002343953, 0.004057399986777455, 0.004501500050537288, 0.00349649996496737, 0.0040074000135064125, 0.003614199988078326, 0.003666299977339804, 0.003716200008057058, 0.003936900000553578, 0.003976400010287762, 0.00399150000885129]",0.3176238536834717,1787921091.7882369,512,64,True,,200,Lorem do labore incididunt dolore tempor ipsum sit magna aliqua. dolor consectetur adipiscing amet eiusmod et ut sed elit et labore dolore elit sit do amet adipiscing dolor Lorem sed magna ut ipsum incididunt consectetur eiusmod tempor aliqua. sed et adipiscing Lorem labore eiusmod amet dolor sit do dolore ipsum aliqua. ut incididunt tempor elit consectetur magna do et incididunt ut dolor sit dolore labore elit Lorem aliqua. adipiscing ipsum magna eiusmod consectetur tempor amet sed labore magna et adipiscing aliqua. dolor sed consectetur Lorem dolore tempor elit ut incididunt amet ipsum eiusmod do sit sed dolor eiusmod incididunt adipiscing tempor magna consectetur labore dolore amet et Lorem aliqua. ipsum ut sit elit do dolore tempor ut magna dolor Lorem et adipiscing sed sit incididunt ipsum eiusmod consectetur labore amet do elit aliqua. sit adipiscing elit ut do eiusmod Lorem incididunt magna aliqua. consectetur ipsum tempor et amet sed dolor dolore labore amet ut dolor eiusmod consectetur magna adipiscing elit Lorem tempor sit dolore incididunt et ipsum do labore aliqua. sed ut dolor tempor elit Lorem dolore adipiscing do ipsum magna labore consectetur incididunt eiusmod et sit sed aliqua. amet Lorem do dolor tempor dolore magna amet incididunt aliqua. labore sed ut consectetur ipsum et eiusmod adipiscing sit elit dolore do adipiscing ipsum incididunt dolor eiusmod sit Lorem consectetur elit aliqua. amet labore sed et magna ut tempor dolor adipiscing et aliqua. tempor Lorem labore eiusmod do sit elit incididunt magna consectetur dolore ipsum sed ut amet aliqua. magna do eiusmod elit et Lorem sed tempor labore ipsum amet adipiscing incididunt sit dolor ut consectetur dolore eiusmod et ipsum amet adipiscing sed sit magna Lorem do dolore tempor incididunt dolor aliqua. elit labore ut consectetur magna aliqua. elit do dolor incididunt dolore Lorem amet sed consectetur adipiscing tempor sit ipsum labore ut et eiusmod ipsum sed do dolore sit et labore amet Lorem con, factors factors factors factors factors factors factors factors factors factors factors factors factors factors factors factors factors factors factors factors factors factors factors factors factors factors factors factors factors factors factors factors factors factors factors factors factors factors factors factors factors factors factors factors factors factors factors factors factors factors factors factors factors factors factors factors factors factors factors factors factors factors factors factors,a01-20260828-overhead_overhead_04_c1_seed3102_off,1787921090.7477303,318449081393100,318449804277700,318449830972300,318449874296200,318450121900700,,
req-0011-fc5ff7,synthetic,1787921080.091879,1787921092.5066051,12.414726257324219,0.0672133,0.0037914301584740834,"[0.004331699979957193, 0.0036924000014550984, 0.0041037999908439815, 0.0039861000259406865, 0.003610899962950498, 0.0037302999990060925, 0.0036960000288672745, 0.003920599992852658, 0.003985300019849092, 0.003825899970252067, 0.0037142999935895205, 0.0038562000263482332, 0.003662700008135289, 0.003541699959896505, 0.004007900017313659, 0.004065199987962842, 0.0034364000312052667, 0.00376029999461025, 0.004045700014103204, 0.0037386000039987266, 0.003981399990152568, 0.0034183000097982585, 0.0039561999728903174, 0.0038816999876871705, 0.003652899991720915, 0.0037743000430054963, 0.0037653999752365053, 0.003728399984538555, 0.004055500030517578, 0.0038340999744832516, 0.0036591000389307737, 0.0039777999627403915, 0.004064999986439943, 0.003334400011226535, 0.0038090000161901116, 0.00362099998164922, 0.00377220002701506, 0.003422599984332919, 0.003589599975384772, 0.0036569000221788883, 0.0038646000321023166, 0.0037515999865718186, 0.003713299985975027, 0.003598199982661754, 0.003798499994445592, 0.00331290002213791, 0.0036977999843657017, 0.0037714000209234655, 0.003851999994367361, 0.004018699983134866, 0.0037767000030726194, 0.0037431000382639468, 0.003960899950470775, 0.0036475000088103116, 0.003773000033106655, 0.0038006000104360282, 0.003863799967803061, 0.0040891999960877, 0.0038557000225409865, 0.0037930000107735395, 0.003937699948437512, 0.003974500054027885, 0.003597599978093058]",0.30719995498657227,1787921092.813805,510,64,True,,200,dolore do Lorem eiusmod incididunt sed amet consectetur aliqua. tempor sit adipiscing ipsum elit labore magna et dolor ut dolor incididunt adipiscing sit labore aliqua. ut eiusmod ipsum consectetur amet do dolore elit sed Lorem magna et tempor eiusmod dolor sit incididunt aliqua. Lorem consectetur magna amet sed ut labore tempor et elit dolore ipsum adipiscing do tempor Lorem adipiscing dolor et labore elit consectetur sed dolore do aliqua. incididunt amet eiusmod magna sit ipsum ut aliqua. magna do labore consectetur dolore incididunt sed dolor ut adipiscing Lorem amet et tempor elit ipsum sit eiusmod incididunt tempor dolor amet aliqua. Lorem sed elit ut adipiscing et dolore magna consectetur do ipsum eiusmod labore sit elit aliqua. ut do sit labore sed et incididunt consectetur dolor dolore amet ipsum Lorem magna adipiscing tempor eiusmod labore dolore sed aliqua. magna ipsum elit consectetur sit amet dolor Lorem adipiscing et eiusmod tempor ut incididunt do tempor dolor magna sit consectetur sed elit dolore ut labore eiusmod et Lorem incididunt amet adipiscing aliqua. ipsum do dolore dolor eiusmod sit do magna ut adipiscing consectetur labore tempor amet ipsum aliqua. Lorem sed incididunt elit et dolore sed tempor et ut ipsum sit consectetur incididunt do eiusmod amet Lorem dolor labore magna elit adipiscing aliqua. Lorem ut consectetur et tempor ipsum dolore do incididunt adipiscing dolor sit sed eiusmod labore elit amet magna aliqua. magna sit Lorem et eiusmod sed labore dolor adipiscing incididunt amet elit consectetur ut aliqua. do ipsum tempor dolore labore ipsum sed consectetur magna dolore et ut do tempor adipiscing eiusmod dolor incididunt elit Lorem sit amet aliqua. consectetur sed ipsum adipiscing et dolor labore eiusmod incididunt amet ut sit elit Lorem aliqua. tempor magna do dolore dolor labore do incididunt et ipsum sed Lorem sit amet consectetur ut eiusmod dolore elit tempor adipiscing aliqua. magna ut labore dolor eiusmod amet adipiscing ipsum te, factors factors factors factors factors factors factors factors factors factors factors factors factors factors factors factors factors factors factors factors factors factors factors factors factors factors factors factors factors factors factors factors factors factors factors factors factors factors factors factors factors factors factors factors factors factors factors factors factors factors factors factors factors factors factors factors factors factors factors factors factors factors factors factors,a01-20260828-overhead_overhead_04_c1_seed3102_off,1787921091.788336,318450121999000,318450840270000,318450862129100,318450907483300,318451147469400,,
req-0012-98d61a,synthetic,1787921080.091879,1787921093.5071552,13.415276288986206,0.0631172,0.0036374825396619384,"[0.004066199995577335, 0.0038921000086702406, 0.003662099945358932, 0.0037939000176265836, 0.0037708000163547695, 0.0034707000013440847, 0.003666499978862703, 0.0037817000411450863, 0.003824499959591776, 0.003570200002286583, 0.003727500035893172, 0.0037201999803073704, 0.0031899000168778002, 0.0036607999936677516, 0.003672399965580553, 0.003633700020145625, 0.003861800010781735, 0.004024699970614165, 0.0035425000241957605, 0.003534399962518364, 0.0035605000448413193, 0.0033076999825425446, 0.003716600011102855, 0.003628999984357506, 0.0036893999786116183, 0.0038102000253275037, 0.0034601999795995653, 0.003708600008394569, 0.0034915999858640134, 0.003547400003299117, 0.0038179000257514417, 0.003983200003858656, 0.003547700005583465, 0.00372769997920841, 0.003728399984538555, 0.0037911999970674515, 0.003726900031324476, 0.0035693999961949885, 0.0033375999773852527, 0.003642300027422607, 0.003640000009909272, 0.0036432999768294394, 0.003570500004570931, 0.0037856000126339495, 0.00372179999249056, 0.0036985999904572964, 0.0034082999918609858, 0.0034189000143669546, 0.0035280000302009284, 0.00353499996708706, 0.004029800009448081, 0.003328300022985786, 0.0038443999947048724, 0.003588499967008829, 0.0037543000071309507, 0.0032561999978497624, 0.003607999999076128, 0.003366700024344027, 0.0034874999546445906, 0.003477300051599741, 0.0033005999866873026, 0.0036925000022165477, 0.003617200010921806]",0.2934284210205078,1787921093.8005836,512,64,True,,200,et amet incididunt do Lorem sed ipsum consectetur elit dolor adipiscing dolore magna sit aliqua. ut eiusmod tempor labore labore Lorem amet ut dolor magna adipiscing do elit sed et consectetur tempor dolore incididunt ipsum aliqua. sit eiusmod consectetur aliqua. sit amet ut ipsum dolor tempor do magna sed elit et eiusmod dolore Lorem adipiscing labore incididunt Lorem do sit elit ut consectetur tempor adipiscing dolor dolore ipsum et labore aliqua. magna sed incididunt amet eiusmod aliqua. elit ut labore Lorem dolore incididunt do magna dolor eiusmod amet et tempor sed sit adipiscing consectetur ipsum incididunt Lorem sit elit labore aliqua. dolore et consectetur amet tempor do ipsum sed dolor adipiscing magna eiusmod ut consectetur tempor elit amet sit magna Lorem aliqua. do ipsum labore incididunt eiusmod ut dolor adipiscing dolore et sed eiusmod consectetur sed adipiscing et aliqua. elit Lorem dolor incididunt do tempor ut amet dolore sit labore ipsum magna magna ut do aliqua. sed sit et amet ipsum tempor elit adipiscing dolor labore incididunt dolore consectetur eiusmod Lorem labore incididunt magna aliqua. sit sed tempor dolore do dolor ipsum elit et consectetur adipiscing Lorem eiusmod amet ut incididunt magna ut dolore elit sed eiusmod amet Lorem adipiscing consectetur labore ipsum tempor aliqua. dolor do et sit magna eiusmod do aliqua. tempor sed Lorem ipsum labore elit et consectetur dolor amet dolore sit adipiscing ut incididunt ut tempor incididunt et elit amet adipiscing sed magna eiusmod do dolore Lorem aliqua. ipsum dolor labore consectetur sit elit dolore consectetur aliqua. do magna eiusmod labore incididunt et amet ipsum ut adipiscing tempor Lorem dolor sit sed dolore magna amet dolor elit ipsum eiusmod sed consectetur ut et aliqua. sit labore adipiscing tempor do incididunt Lorem do eiusmod incididunt dolore et ipsum tempor labore sit magna consectetur amet elit sed dolor aliqua. adipiscing ut Lorem ut tempor do amet ipsum magna eiusmod Lorem labo, factors factors factors factors factors factors factors factors factors factors factors factors factors factors factors factors factors factors factors factors factors factors factors factors factors factors factors factors factors factors factors factors factors factors factors factors factors factors factors factors factors factors factors factors factors factors factors factors factors factors factors factors factors factors factors factors factors factors factors factors factors factors factors factors,a01-20260828-overhead_overhead_04_c1_seed3102_off,1787921092.813906,318451147569000,318451840819700,318451863615900,318451903936900,318452134247600,,
req-0013-5c1db5,synthetic,1787921080.091879,1787921094.5029054,14.41102647781372,0.0803194,0.0038269761901733187,"[0.004553699982352555, 0.0037765000015497208, 0.004152200010139495, 0.00360920000821352, 0.003901700023561716, 0.003990099998190999, 0.003653899999335408, 0.003521599981468171, 0.0037078000023029745, 0.0039443999994546175, 0.0039049999904818833, 0.003970300022047013, 0.0038905999972485006, 0.003771200019400567, 0.003724199952557683, 0.003946600016206503, 0.0035182000137865543, 0.003530499991029501, 0.004075500008184463, 0.003813199989963323, 0.003762100008316338, 0.003666299977339804, 0.0038856000173836946, 0.004250099998898804, 0.0035115000209771097, 0.0038518999936059117, 0.003973399987444282, 0.00412779999896884, 0.004062999971210957, 0.0037988999974913895, 0.003821000049356371, 0.004051900003105402, 0.003621599986217916, 0.003799099999014288, 0.0038203999865800142, 0.0042233000276610255, 0.003946399956475943, 0.0038696000119671226, 0.0037743999855592847, 0.0040015000267885625, 0.00362839997978881, 0.0035770999966189265, 0.0037714000209234655, 0.003989299992099404, 0.0033113000099547207, 0.0035547000006772578, 0.003922700008843094, 0.0038472999585792422, 0.0032997000380419195, 0.0037767000030726194, 0.003923500014934689, 0.0036840999964624643, 0.004030999960377812, 0.003792600007727742, 0.003621599986217916, 0.003714199992828071, 0.0038779000169597566, 0.0038790000253356993, 0.0036870999610982835, 0.003656200016848743, 0.004032200027722865, 0.0037547999527305365, 0.003990500001236796]",0.3227224349975586,1787921094.8256278,512,64,True,,200,elit aliqua. Lorem tempor dolor sed eiusmod magna dolore amet adipiscing ipsum do incididunt consectetur ut et sit labore ipsum amet adipiscing Lorem elit dolore dolor aliqua. tempor et sit do consectetur ut labore sed eiusmod magna incididunt ipsum magna aliqua. sit adipiscing do elit amet labore consectetur sed dolor incididunt dolore Lorem et eiusmod ut tempor tempor ut dolor do labore sit sed amet ipsum dolore Lorem elit aliqua. eiusmod consectetur magna adipiscing et incididunt elit adipiscing magna amet et dolore incididunt Lorem tempor ut eiusmod dolor labore sit aliqua. sed ipsum consectetur do incididunt ut do et consectetur aliqua. adipiscing labore sit amet eiusmod Lorem elit magna tempor ipsum sed dolore dolor amet dolor tempor aliqua. labore sit elit incididunt dolore adipiscing et sed do magna ut consectetur ipsum eiusmod Lorem tempor Lorem sed ut dolore eiusmod elit consectetur amet do dolor sit magna et incididunt ipsum labore adipiscing aliqua. consectetur ipsum magna ut eiusmod Lorem dolor adipiscing do et tempor sit elit incididunt dolore labore aliqua. sed amet dolor magna labore ipsum sit adipiscing et incididunt ut sed elit do eiusmod consectetur Lorem aliqua. dolore amet tempor labore et tempor sed elit Lorem consectetur ut adipiscing amet eiusmod dolor incididunt dolore sit magna do ipsum aliqua. eiusmod ipsum et aliqua. dolore adipiscing do labore dolor magna sed elit tempor incididunt ut Lorem amet consectetur sit et incididunt amet aliqua. eiusmod dolor tempor sed magna consectetur Lorem ut elit do sit dolore ipsum adipiscing labore elit ipsum consectetur do incididunt adipiscing sit Lorem tempor dolore aliqua. amet sed magna labore eiusmod et ut dolor sit elit labore eiusmod ipsum amet et Lorem magna ut aliqua. incididunt dolore tempor do adipiscing consectetur dolor sed ut Lorem do ipsum sed consectetur labore et eiusmod magna aliqua. tempor elit incididunt amet dolore dolor sit adipiscing incididunt sed et sit elit do eiusmod magna aliq, factors factors factors factors factors factors factors factors factors factors factors factors factors factors factors factors factors factors factors factors factors factors factors factors factors factors factors factors factors factors factors factors factors factors factors factors factors factors factors factors factors factors factors factors factors factors factors factors factors factors factors factors factors factors factors factors factors factors factors factors factors factors factors factors,a01-20260828-overhead_overhead_04_c1_seed3102_off,1787921093.8006828,318452134345600,318452836570500,318452867970800,318452916889900,318453159291800,,
req-0014-99864f,synthetic,1787921080.091879,1787921095.5502367,15.458357810974121,0.0646214,0.0038296777777196396,"[0.0042708999826572835, 0.004067700006999075, 0.003924200020264834, 0.0039991000085137784, 0.004000499960966408, 0.0039360999944619834, 0.004053200013004243, 0.0039255000301636755, 0.004163799982052296, 0.004083900013938546, 0.003709200012963265, 0.003974899998866022, 0.004004899994470179, 0.004184299963526428, 0.003968000004533678, 0.0038238000124692917, 0.004036900005303323, 0.0038490999722853303, 0.00397660001181066, 0.003653299994766712, 0.003932100022211671, 0.003966799995396286, 0.003965599986258894, 0.00375740003073588, 0.003932899970095605, 0.0031316999811679125, 0.0032908000284805894, 0.0036065999884158373, 0.0032174999942071736, 0.0037600999930873513, 0.003488500020466745, 0.0036407000152394176, 0.0038471000152640045, 0.003422299982048571, 0.0038209999911487103, 0.00374549999833107, 0.003765599976759404, 0.003906600002665073, 0.003902900032699108, 0.003549200017005205, 0.004230299964547157, 0.003805299988016486, 0.0039514999953098595, 0.0036350000300444663, 0.0037890999810770154, 0.0038770000101067126, 0.0035380999906919897, 0.0037051000399515033, 0.003594699956011027, 0.003390300029423088, 0.003787199966609478, 0.003916700021363795, 0.0036631000111810863, 0.003751699987333268, 0.004036600003018975, 0.003639100003056228, 0.0038438999908976257, 0.003812299983110279, 0.003954600018914789, 0.004159500007517636, 0.0036353999748826027, 0.00412330002291128, 0.004173099994659424]",0.3070955276489258,1787921095.8573322,510,64,True,,200,ut dolor sed ipsum labore aliqua. sit tempor incididunt Lorem do consectetur adipiscing et eiusmod dolore amet elit magna Lorem elit amet sed ut labore ipsum magna eiusmod dolore incididunt aliqua. dolor sit adipiscing tempor consectetur et do magna eiusmod et labore sit amet Lorem do tempor elit incididunt dolore aliqua. sed ut adipiscing dolor ipsum consectetur magna consectetur dolore do incididunt amet elit dolor ipsum ut sed eiusmod sit et Lorem aliqua. tempor adipiscing labore amet sit labore consectetur eiusmod dolor sed et ut dolore elit aliqua. magna adipiscing Lorem tempor do incididunt ipsum sit labore aliqua. amet dolor et elit ut ipsum incididunt tempor consectetur sed adipiscing do Lorem eiusmod magna dolore do incididunt elit ut sit tempor labore dolore dolor amet eiusmod adipiscing sed magna Lorem aliqua. et consectetur ipsum ipsum elit dolor labore sit magna incididunt tempor consectetur Lorem dolore amet ut eiusmod adipiscing aliqua. do sed et sed sit aliqua. amet dolor elit incididunt et Lorem ut tempor consectetur eiusmod magna adipiscing do ipsum labore dolore magna elit tempor adipiscing sit aliqua. eiusmod ut amet Lorem dolore incididunt do et sed labore consectetur ipsum dolor elit magna ut sit incididunt tempor adipiscing ipsum et aliqua. Lorem consectetur dolore dolor sed eiusmod amet labore do Lorem aliqua. incididunt adipiscing sit eiusmod dolor magna labore consectetur tempor ut elit ipsum et do dolore sed amet magna labore eiusmod aliqua. sit adipiscing sed amet et consectetur elit do dolore incididunt dolor ut ipsum Lorem tempor ipsum sed amet aliqua. magna ut labore tempor consectetur dolore et Lorem do incididunt eiusmod elit adipiscing sit dolor ut eiusmod adipiscing sit incididunt sed tempor dolor et dolore labore do amet elit magna aliqua. consectetur ipsum Lorem labore sed dolor eiusmod consectetur ut elit aliqua. incididunt et Lorem amet adipiscing dolore sit do magna ipsum tempor tempor ut labore do incididunt sit sed Lorem mag, factors factors factors factors factors factors factors factors factors factors factors factors factors factors factors factors factors factors factors factors factors factors factors factors factors factors factors factors factors factors factors factors factors factors factors factors factors factors factors factors factors factors factors factors factors factors factors factors factors factors factors factors factors factors factors factors factors factors factors factors factors factors factors factors,a01-20260828-overhead_overhead_04_c1_seed3102_off,1787921094.8257306,318453159393400,318453883902100,318453906507100,318453948523500,318454190995900,,
req-0015-3eae89,synthetic,1787921080.091879,1787921096.5819218,16.49004292488098,0.0719368,0.0037767190471409804,"[0.0037192999734543264, 0.0035952000180259347, 0.004155699978582561, 0.0036736000329256058, 0.003919199982192367, 0.0036974000395275652, 0.003793399955611676, 0.00406850001309067, 0.003941999981179833, 0.0037318000104278326, 0.0037453999975696206, 0.003454199992120266, 0.004037900012917817, 0.004017500032205135, 0.0036952999653294683, 0.004245000018272549, 0.0038206999888643622, 0.003929700003936887, 0.004007500014267862, 0.0038485999684780836, 0.0035875000176019967, 0.003286499995738268, 0.0038206999888643622, 0.003728400042746216, 0.0036066999891772866, 0.003922400006558746, 0.0037579999770969152, 0.003847000014502555, 0.003711499972268939, 0.003684900002554059, 0.003736099984962493, 0.0035967000294476748, 0.0037296999944373965, 0.0038548000156879425, 0.003988099982962012, 0.003803500032518059, 0.0036745999823324382, 0.0035883999662473798, 0.003775999997742474, 0.004360900027677417, 0.004016000020783395, 0.00428319995990023, 0.0038332000258378685, 0.00371000001905486, 0.0038987999432720244, 0.0035377000458538532, 0.003749999974388629, 0.003716500010341406, 0.003636999987065792, 0.0037321000127121806, 0.003487100009806454, 0.0035216999822296202, 0.0037589999847114086, 0.0032580000115558505, 0.0037800000282004476, 0.0037896999856457114, 0.0034153999877162278, 0.0037401000154204667, 0.004158299998380244, 0.003690799989271909, 0.0037773000076413155, 0.003683999995701015, 0.003597099974285811]",0.3110322952270508,1787921096.892954,512,64,True,,200,ut et eiusmod elit Lorem sed amet incididunt do magna dolor dolore labore ipsum consectetur adipiscing tempor aliqua. sit adipiscing sit et dolore magna elit labore incididunt consectetur ipsum amet dolor ut aliqua. eiusmod tempor sed do Lorem tempor ipsum Lorem consectetur ut elit amet do sit dolor incididunt dolore eiusmod et sed adipiscing magna aliqua. labore labore consectetur sed tempor elit Lorem et aliqua. magna incididunt dolore ut adipiscing sit ipsum do amet dolor eiusmod labore ut dolor ipsum aliqua. amet dolore tempor Lorem sit consectetur elit eiusmod adipiscing incididunt et sed magna do dolor dolore magna incididunt aliqua. adipiscing Lorem sit do labore elit et ut eiusmod sed amet consectetur tempor ipsum do consectetur et dolore ipsum tempor ut sed incididunt dolor aliqua. adipiscing Lorem sit magna eiusmod amet elit labore elit labore dolore ut eiusmod dolor adipiscing tempor et ipsum aliqua. Lorem magna sed amet consectetur sit incididunt do incididunt consectetur Lorem do magna dolor dolore adipiscing eiusmod tempor ut ipsum amet elit labore sit et sed aliqua. et labore tempor eiusmod adipiscing dolore ut amet ipsum aliqua. sed dolor Lorem elit sit consectetur do magna incididunt et sit Lorem magna sed incididunt do aliqua. dolor eiusmod elit tempor adipiscing dolore ipsum amet ut consectetur labore dolore eiusmod aliqua. sit ut magna et adipiscing elit tempor dolor labore consectetur do incididunt sed amet ipsum Lorem tempor dolore magna aliqua. Lorem ut consectetur incididunt dolor eiusmod sit elit labore ipsum do amet adipiscing sed et aliqua. tempor do Lorem dolore dolor eiusmod elit ipsum amet magna labore sit et consectetur sed ut adipiscing incididunt sit tempor dolor Lorem adipiscing eiusmod do dolore labore incididunt ipsum aliqua. elit amet sed consectetur ut et magna dolor consectetur tempor incididunt sit dolore adipiscing et ut ipsum magna amet sed labore eiusmod Lorem elit aliqua. do ipsum tempor aliqua. ut sit do sed incididunt la, factors factors factors factors factors factors factors factors factors factors factors factors factors factors factors factors factors factors factors factors factors factors factors factors factors factors factors factors factors factors factors factors factors factors factors factors factors factors factors factors factors factors factors factors factors factors factors factors factors factors factors factors factors factors factors factors factors factors factors factors factors factors factors factors,a01-20260828-overhead_overhead_04_c1_seed3102_off,1787921095.857433,318454191096000,318454915588000,318454938322900,318454987524800,318455226617900,,
req-0016-976054,synthetic,1787921080.091879,1787921097.6086469,17.516767978668213,0.0620491,0.003817384127557041,"[0.005263900035060942, 0.005063000018708408, 0.004903599969111383, 0.005043899989686906, 0.004915700003039092, 0.004653100040741265, 0.00483739998890087, 0.004705699975602329, 0.004597600025590509, 0.003445299982558936, 0.0037970999837853014, 0.0036581000313162804, 0.003647100005764514, 0.0036554999533109367, 0.0036289000418037176, 0.0036860000109300017, 0.0036282999790273607, 0.003411400015465915, 0.0036645999643951654, 0.003984900016803294, 0.003973099985159934, 0.0036960000288672745, 0.0037273999769240618, 0.0036893999786116183, 0.0037104000221006572, 0.0035859000054188073, 0.003687900025397539, 0.0035566999576985836, 0.0033882000134326518, 0.0035878000198863447, 0.0036491999635472894, 0.0035277000279165804, 0.003515399992465973, 0.0037456999998539686, 0.0032602999708615243, 0.003685500007122755, 0.003576999995857477, 0.003524600004311651, 0.0039172000251710415, 0.0035537999938242137, 0.0034294999786652625, 0.0035913000465370715, 0.003743199980817735, 0.003663600014988333, 0.003430799988564104, 0.003577499999664724, 0.0036893999786116183, 0.003477599995676428, 0.003646700002718717, 0.003691399993840605, 0.003702400019392371, 0.0036069999914616346, 0.003709100012201816, 0.003799700003582984, 0.0034675999777391553, 0.0035088000004179776, 0.0036013000062666833, 0.00378989998716861, 0.0037740000407211483, 0.003822400001809001, 0.0034732999629341066, 0.003820100042503327, 0.003728299983777106]",0.3037910461425781,1787921097.912438,510,64,True,,200,amet et sit consectetur tempor Lorem dolor ipsum elit labore sed adipiscing incididunt do aliqua. magna ut eiusmod dolore sit adipiscing magna consectetur ipsum labore sed elit eiusmod incididunt ut tempor dolore dolor amet do aliqua. et Lorem do amet tempor ut magna elit dolor sit aliqua. eiusmod consectetur labore sed incididunt ipsum Lorem adipiscing et dolore dolor elit dolore tempor labore ipsum do amet Lorem incididunt magna consectetur adipiscing ut aliqua. sed sit eiusmod et Lorem amet dolor consectetur sed ut aliqua. adipiscing do sit ipsum dolore tempor labore incididunt et elit magna eiusmod et dolore incididunt adipiscing Lorem aliqua. elit ut tempor do magna sit amet eiusmod consectetur sed ipsum labore dolor Lorem dolor tempor amet sed ut dolore elit incididunt magna consectetur eiusmod ipsum aliqua. adipiscing do et labore sit sed incididunt labore eiusmod dolore magna ipsum dolor tempor Lorem sit elit ut et adipiscing consectetur do aliqua. amet sed ut adipiscing dolore incididunt do eiusmod Lorem consectetur amet tempor aliqua. magna sit labore et dolor ipsum elit aliqua. ipsum magna consectetur amet Lorem adipiscing labore do dolore elit sed incididunt ut eiusmod tempor dolor et sit dolore ut incididunt et aliqua. adipiscing sed elit dolor magna amet eiusmod labore tempor consectetur do sit Lorem ipsum ut Lorem eiusmod do dolor aliqua. labore elit sit ipsum incididunt dolore magna et amet sed consectetur adipiscing tempor dolore tempor et elit sit ipsum aliqua. incididunt ut labore eiusmod consectetur amet Lorem sed adipiscing magna do dolor amet incididunt eiusmod aliqua. ipsum tempor adipiscing ut do Lorem consectetur elit sed et dolore labore dolor magna sit do ut labore dolor sit aliqua. consectetur ipsum magna sed incididunt et adipiscing eiusmod dolore Lorem tempor amet elit aliqua. dolore sit do Lorem consectetur et dolor incididunt adipiscing tempor magna sed elit amet labore ipsum eiusmod ut dolor sed consectetur et labore ipsum elit do ei, factors factors factors factors factors factors factors factors factors factors factors factors factors factors factors factors factors factors factors factors factors factors factors factors factors factors factors factors factors factors factors factors factors factors factors factors factors factors factors factors factors factors factors factors factors factors factors factors factors factors factors factors factors factors factors factors factors factors factors factors factors factors factors factors,a01-20260828-overhead_overhead_04_c1_seed3102_off,1787921096.89305,318455226712700,318455942312200,318455960323400,318456004361300,318456246102100,,
req-0017-a9b9d3,synthetic,1787921080.091879,1787921098.6605942,18.5687153339386,0.0808208,0.0037236984131769056,"[0.005342499993275851, 0.004632900003343821, 0.0040710000321269035, 0.003609500010497868, 0.004300199972931296, 0.004331100033596158, 0.004099399957340211, 0.0037213999894447625, 0.003852000052575022, 0.0036935999523848295, 0.003860600001644343, 0.003661199996713549, 0.0037368000485002995, 0.0035619999980553985, 0.0038370999973267317, 0.0035503999679349363, 0.0034946000087074935, 0.0037264000275172293, 0.0037524999934248626, 0.0034904999774880707, 0.004054000019095838, 0.0036260999622754753, 0.0038205000455491245, 0.003251899965107441, 0.003518400015309453, 0.0037478000158444047, 0.0035988999879918993, 0.003596499969717115, 0.0037453999975696206, 0.003832500020507723, 0.0037016000133007765, 0.003772699972614646, 0.0036152999964542687, 0.003690200042910874, 0.003736999991815537, 0.0037306000012904406, 0.003575499984435737, 0.0036487000179477036, 0.003470199997536838, 0.0037198999780230224, 0.0036084000021219254, 0.003519000019878149, 0.0036702000070363283, 0.003667199984192848, 0.0036228999961167574, 0.003540000005159527, 0.0037333000218495727, 0.0036075999960303307, 0.003721599990967661, 0.0029977000085636973, 0.0034147999831475317, 0.0035337000153958797, 0.003687199961859733, 0.0038373999996110797, 0.0036347000277601182, 0.0037482999614439905, 0.0035691000521183014, 0.0038636999670416117, 0.003701800014823675, 0.0035900999791920185, 0.0033808000152930617, 0.0036825999850407243, 0.0034815000253729522]",0.31652092933654785,1787921098.9771152,512,64,True,,200,sit Lorem sed ipsum eiusmod dolor do elit amet et ut labore dolore incididunt adipiscing consectetur aliqua. magna tempor incididunt Lorem magna tempor sit dolor adipiscing ipsum ut consectetur dolore eiusmod do sed elit amet aliqua. et labore magna adipiscing elit eiusmod amet tempor sit Lorem aliqua. sed consectetur ipsum incididunt dolor do dolore labore ut et do magna incididunt sed tempor ut dolor Lorem eiusmod et labore ipsum adipiscing aliqua. consectetur dolore elit amet sit dolor labore incididunt do amet adipiscing aliqua. ipsum magna Lorem sed ut elit dolore tempor et consectetur eiusmod sit sit et tempor ut aliqua. amet consectetur elit dolore sed Lorem adipiscing labore eiusmod ipsum dolor do magna incididunt ut adipiscing elit sit labore Lorem dolore incididunt dolor ipsum eiusmod tempor sed amet magna et consectetur do aliqua. consectetur dolor dolore elit adipiscing aliqua. amet tempor sit incididunt et labore eiusmod ipsum magna Lorem sed ut do tempor aliqua. ipsum sed amet elit dolor consectetur Lorem do magna eiusmod adipiscing dolore ut labore sit et incididunt labore amet ut ipsum Lorem eiusmod incididunt dolor do elit tempor sit aliqua. et dolore consectetur magna adipiscing sed amet eiusmod ut Lorem dolor adipiscing labore consectetur elit sed tempor magna dolore ipsum sit et do incididunt aliqua. do labore et Lorem eiusmod incididunt adipiscing sit ut amet dolor aliqua. elit tempor ipsum magna dolore consectetur sed magna dolore ipsum eiusmod ut elit consectetur amet do dolor sit Lorem sed aliqua. tempor et incididunt adipiscing labore ipsum consectetur ut amet eiusmod do magna tempor elit et dolore labore adipiscing incididunt dolor sed sit Lorem aliqua. tempor sit dolore ipsum elit incididunt consectetur labore sed dolor eiusmod magna Lorem adipiscing et amet do ut aliqua. amet Lorem aliqua. sit ut adipiscing consectetur tempor dolore elit incididunt dolor eiusmod sed ipsum do magna labore et incididunt do et Lorem labore consectetur tempor, stairs stairs stairs stairs stairs stairs stairs stairs stairs stairs stairs stairs stairs stairs stairs stairs stairs stairs stairs stairs stairs stairs stairs stairs stairs stairs stairs stairs stairs stairs stairs stairs stairs stairs stairs stairs stairs stairs stairs stairs stairs stairs stairs stairs stairs stairs stairs stairs stairs stairs stairs stairs stairs stairs stairs stairs stairs stairs stairs stairs stairs stairs stairs stairs,a01-20260828-overhead_overhead_04_c1_seed3102_off,1787921097.9125366,318456246199600,318456994259200,318457020613100,318457075080000,318457310778800,,
req-0018-be7678,synthetic,1787921080.091879,1787921099.753929,19.662050008773804,0.0589506,0.003739438094531319,"[0.003994499973487109, 0.0037265000282786787, 0.0037822999875061214, 0.004040699976030737, 0.003455700003542006, 0.003918500035069883, 0.0036403999547474086, 0.004182900011073798, 0.004203399992547929, 0.0037868000217713416, 0.003875399997923523, 0.003710100019816309, 0.0035350999678485096, 0.0036132000386714935, 0.003743199980817735, 0.003725100017618388, 0.0038528000004589558, 0.003443899971898645, 0.0035518999793566763, 0.003435300022829324, 0.003786600020248443, 0.003435899969190359, 0.003551200032234192, 0.0035968999727629125, 0.004306800023186952, 0.003178899991326034, 0.003596199967432767, 0.0035310000530444086, 0.0035049999714829028, 0.0039656999870203435, 0.0037939000176265836, 0.003533800016157329, 0.0036238000029698014, 0.003836599993519485, 0.0037551000132225454, 0.0037748999893665314, 0.0037290999898687005, 0.003974899998866022, 0.00347140000667423, 0.0037517999880947173, 0.0035370999830774963, 0.0038533000042662024, 0.0037606999976560473, 0.003857900039292872, 0.003762399952393025, 0.0037522000493481755, 0.0038984999991953373, 0.003653299994766712, 0.003724199952557683, 0.0037061000475659966, 0.0034052999690175056, 0.003783399995882064, 0.003833600028883666, 0.0038431999855674803, 0.003867899999022484, 0.003921399998944253, 0.004416199983097613, 0.0039520999998785555, 0.0035635000094771385, 0.0038409000262618065, 0.0037826999905519187, 0.003638099995441735, 0.003313399967737496]",0.29572558403015137,1787921100.0496545,511,64,True,,200,ut incididunt dolor tempor dolore do eiusmod amet sit sed ipsum labore elit aliqua. Lorem adipiscing consectetur et magna elit magna et incididunt adipiscing consectetur dolor ut do amet tempor dolore ipsum aliqua. sed eiusmod Lorem labore sit dolore magna incididunt eiusmod tempor aliqua. do amet ipsum sed consectetur ut elit Lorem adipiscing dolor labore sit et Lorem labore et amet magna dolor sit consectetur aliqua. incididunt tempor elit dolore ipsum ut adipiscing sed do eiusmod sit ipsum labore tempor magna consectetur aliqua. adipiscing amet eiusmod do elit incididunt Lorem et ut dolor dolore sed ut dolore aliqua. sit sed eiusmod amet ipsum et dolor elit tempor incididunt Lorem adipiscing labore do magna consectetur sed eiusmod dolore aliqua. dolor adipiscing elit labore ipsum et tempor incididunt magna amet do consectetur Lorem sit ut magna labore dolor dolore adipiscing ipsum eiusmod et sed do incididunt elit amet aliqua. Lorem sit tempor ut consectetur labore consectetur incididunt aliqua. elit amet tempor dolore et dolor Lorem sit sed ipsum ut magna do eiusmod adipiscing labore do ipsum et dolor sed adipiscing tempor eiusmod incididunt consectetur magna dolore Lorem sit amet ut aliqua. elit sit ut amet Lorem tempor dolore magna incididunt ipsum sed do eiusmod aliqua. et labore elit dolor adipiscing consectetur dolore Lorem elit incididunt aliqua. do eiusmod sit consectetur et labore adipiscing sed ut ipsum amet tempor dolor magna labore incididunt tempor sit amet do dolore aliqua. elit eiusmod sed magna ipsum dolor et ut adipiscing consectetur Lorem labore incididunt eiusmod magna aliqua. ipsum et do Lorem dolor ut sed amet dolore adipiscing tempor sit elit consectetur eiusmod aliqua. labore ipsum et sed Lorem dolor adipiscing incididunt consectetur do dolore magna tempor amet elit ut sit eiusmod elit aliqua. sit magna ut dolor consectetur incididunt do tempor adipiscing amet et labore ipsum Lorem dolore sed labore sit incididunt et ut amet adipiscing sed , stairs stairs stairs stairs stairs stairs stairs stairs stairs stairs stairs stairs stairs stairs stairs stairs stairs stairs stairs stairs stairs stairs stairs stairs stairs stairs stairs stairs stairs stairs stairs stairs stairs stairs stairs stairs stairs stairs stairs stairs stairs stairs stairs stairs stairs stairs stairs stairs stairs stairs stairs stairs stairs stairs stairs stairs stairs stairs stairs stairs stairs stairs stairs stairs,a01-20260828-overhead_overhead_04_c1_seed3102_off,1787921098.9772122,318457310875200,318458087593200,318458101756000,318458146543800,318458383318300,,
req-0019-1132f6,synthetic,1787921080.091879,1787921100.8035035,20.71162462234497,0.0817172,0.0036888888894787263,"[0.0038848000112921, 0.003975900006480515, 0.0036610999959520996, 0.0037469000089913607, 0.003698199987411499, 0.0037128999829292297, 0.003785700013395399, 0.0037665999843738973, 0.0037061000475659966, 0.003732199955265969, 0.0037607999984174967, 0.00403300003381446, 0.0038216999964788556, 0.0037383000017143786, 0.003796699980739504, 0.0036835999926552176, 0.003336200024932623, 0.0035410000127740204, 0.0034697999944910407, 0.003861800010781735, 0.003677200002130121, 0.0038473999593406916, 0.003638399997726083, 0.003901700023561716, 0.00332319998415187, 0.0033107000053860247, 0.0035767999943345785, 0.0036689999978989363, 0.0039647999801672995, 0.0036347000277601182, 0.0038192999782040715, 0.003636400040704757, 0.004145099956076592, 0.0032361000194214284, 0.003616000001784414, 0.003959900001063943, 0.0038041999796405435, 0.003304300014860928, 0.00331140001071617, 0.0038271999801509082, 0.0039190000388771296, 0.003813499992247671, 0.003820599988102913, 0.003813499992247671, 0.0035598999820649624, 0.0038131000474095345, 0.003995999984908849, 0.0038348999805748463, 0.0037207999848760664, 0.0035309000522829592, 0.003530199988745153, 0.003805599990300834, 0.0036690999986603856, 0.0036075999960303307, 0.003108199976850301, 0.003707900003064424, 0.0035407000104896724, 0.0034642000100575387, 0.003576299990527332, 0.0038972999900579453, 0.0036074999952688813, 0.00360480003291741, 0.0035413000150583684]",0.3151543140411377,1787921101.1186578,510,64,True,,200,tempor do sit dolore amet magna ut dolor adipiscing eiusmod incididunt Lorem elit ipsum aliqua. sed consectetur et labore Lorem consectetur ipsum eiusmod amet sed aliqua. adipiscing ut elit dolor labore incididunt dolore do et tempor sit magna sit Lorem aliqua. labore dolor adipiscing do tempor consectetur incididunt ut dolore magna amet sed ipsum elit eiusmod et eiusmod aliqua. do consectetur adipiscing sit et labore ut dolor incididunt tempor sed dolore magna amet Lorem elit ipsum incididunt aliqua. elit amet consectetur sed tempor et adipiscing Lorem magna sit dolore dolor labore eiusmod ut do ipsum elit sit sed dolore et eiusmod incididunt amet do ut aliqua. consectetur adipiscing magna tempor Lorem ipsum labore dolor labore elit ut sit tempor Lorem magna do incididunt adipiscing ipsum amet dolore aliqua. consectetur eiusmod dolor et sed amet do Lorem et dolore magna ipsum eiusmod dolor incididunt aliqua. labore ut elit sed consectetur sit tempor adipiscing eiusmod ut dolor tempor do magna dolore aliqua. Lorem sed consectetur adipiscing et labore amet elit sit incididunt ipsum aliqua. ut et eiusmod tempor labore do elit incididunt magna consectetur sed dolore amet adipiscing Lorem ipsum sit dolor sit consectetur ipsum adipiscing do tempor sed Lorem et magna eiusmod dolore aliqua. incididunt amet labore elit ut dolor ipsum elit adipiscing consectetur aliqua. sed Lorem do dolor eiusmod amet ut incididunt sit tempor magna labore et dolore magna tempor amet aliqua. ut dolor eiusmod labore do sed incididunt Lorem dolore elit consectetur adipiscing ipsum et sit Lorem aliqua. sit et do consectetur ipsum sed eiusmod ut adipiscing incididunt amet labore elit dolor magna dolore tempor magna Lorem dolore sed tempor ut eiusmod do dolor amet aliqua. labore consectetur elit incididunt adipiscing ipsum et sit et Lorem do aliqua. incididunt labore ut ipsum sit adipiscing consectetur eiusmod amet dolore elit dolor tempor sed magna aliqua. Lorem amet tempor dolor elit et dolore i, factors factors factors factors factors factors factors factors factors factors factors factors factors factors factors factors factors factors factors factors factors factors factors factors factors factors factors factors factors factors factors factors factors factors factors factors factors factors factors factors factors factors factors factors factors factors factors factors factors factors factors factors factors factors factors factors factors factors factors factors factors factors factors factors,a01-20260828-overhead_overhead_04_c1_seed3102_off,1787921100.0497491,318458383412100,318459137168600,318459174816900,318459218885800,318459452321700,,
req-0020-6a294e,synthetic,1787921080.091879,1787921101.9119146,21.820035696029663,0.083332,0.0038154936508305133,"[0.00414839998120442, 0.0036694000009447336, 0.0034979000338353217, 0.003798499994445592, 0.0036900999839417636, 0.0036094000097364187, 0.0038243000162765384, 0.003921499999705702, 0.003814399999100715, 0.0037585999816656113, 0.00371740001719445, 0.003610699961427599, 0.0036375000490806997, 0.00401809997856617, 0.0033147999783977866, 0.003863200021442026, 0.003819199977442622, 0.004156800045166165, 0.0033670999691821635, 0.0037474000127986073, 0.0038247000193223357, 0.003694099956192076, 0.0038761000032536685, 0.0038443999947048724, 0.0037388000055216253, 0.003980000037699938, 0.0034454999840818346, 0.003771200019400567, 0.0037172999582253397, 0.0039003000129014254, 0.0034106000093743205, 0.0036761999945156276, 0.0036638000165112317, 0.003768900001887232, 0.00490259996149689, 0.003718300024047494, 0.003825599967967719, 0.0037413000245578587, 0.0040772000211291015, 0.003998200001660734, 0.0036742999800480902, 0.003962200018577278, 0.003421999979764223, 0.003896899987012148, 0.003895500034559518, 0.004002699977718294, 0.003682499984279275, 0.0039305000100284815, 0.00387590000173077, 0.004182200005743653, 0.0037518999888561666, 0.0037247000145725906, 0.0045415000058710575, 0.003939300018828362, 0.0037393999518826604, 0.003922600008081645, 0.00400469999294728, 0.004074299999047071, 0.0033281000214628875, 0.004087599983904511, 0.004038200015202165, 0.0037588999839499593, 0.0033804000122472644]",0.32498741149902344,1787921102.236902,511,64,True,,200,dolore adipiscing ut aliqua. Lorem et elit sit ipsum incididunt dolor eiusmod tempor magna do labore sed amet consectetur dolore eiusmod consectetur sed incididunt dolor Lorem magna aliqua. tempor sit ut elit et do amet labore adipiscing ipsum dolore adipiscing elit Lorem magna aliqua. sit tempor et ipsum incididunt dolor ut amet eiusmod sed do consectetur labore dolor amet labore elit tempor do ipsum incididunt sed adipiscing Lorem ut eiusmod magna consectetur et aliqua. dolore sit magna adipiscing do labore et sit tempor dolore incididunt elit consectetur aliqua. sed ipsum amet eiusmod Lorem dolor ut adipiscing eiusmod elit amet do ipsum labore sit tempor sed aliqua. et dolor Lorem magna incididunt consectetur ut dolore magna do sit ipsum tempor consectetur eiusmod labore amet dolor Lorem dolore adipiscing aliqua. elit ut et sed incididunt dolore eiusmod labore elit et ipsum magna consectetur incididunt ut dolor Lorem adipiscing sit aliqua. sed tempor do amet aliqua. Lorem sed incididunt ut dolore dolor do labore magna elit amet adipiscing eiusmod sit consectetur tempor et ipsum eiusmod dolor labore consectetur do Lorem aliqua. sed incididunt et sit adipiscing ut tempor amet ipsum dolore elit magna ipsum aliqua. labore amet Lorem dolor elit do eiusmod et magna tempor incididunt consectetur ut dolore adipiscing sit sed ipsum sit ut dolore et amet consectetur tempor eiusmod aliqua. adipiscing incididunt magna sed labore Lorem do dolor elit Lorem dolore incididunt dolor magna et amet ipsum do elit eiusmod labore sed consectetur ut aliqua. adipiscing sit tempor consectetur tempor et do sed incididunt Lorem ut eiusmod labore dolor ipsum adipiscing amet magna dolore elit aliqua. sit elit amet eiusmod do labore Lorem sed incididunt aliqua. dolore magna et dolor sit ut consectetur adipiscing ipsum tempor magna aliqua. consectetur sit amet incididunt adipiscing dolor eiusmod ut tempor do sed labore ipsum Lorem elit et dolore magna elit do tempor dolore et aliqua. incididun, factors factors factors factors factors factors factors factors factors factors factors factors factors factors factors factors factors factors factors factors factors factors factors factors factors factors factors factors factors factors factors factors factors factors factors factors factors factors factors factors factors factors factors factors factors factors factors factors factors factors factors factors factors factors factors factors factors factors factors factors factors factors factors factors,a01-20260828-overhead_overhead_04_c1_seed3102_off,1787921101.1187391,318459452402100,318460245579400,318460284376500,318460328911400,318460570565700,,
req-0021-2c8789,synthetic,1787921080.091879,1787921102.9711165,22.87923765182495,0.073919,0.0038029666664817978,"[0.004184699966572225, 0.004092800023499876, 0.0037309000035747886, 0.00371439999435097, 0.003732800018042326, 0.004266400006599724, 0.003911499981768429, 0.003670700010843575, 0.0039100999711081386, 0.00377220002701506, 0.003494700009468943, 0.003997499996330589, 0.003879499970935285, 0.00401370000327006, 0.004073899996001273, 0.004033400036860257, 0.004152499954216182, 0.004007500014267862, 0.003438499988988042, 0.003920100047253072, 0.004315399972256273, 0.004223599971737713, 0.0037105000228621066, 0.003853700007312, 0.003885400015860796, 0.004071899980772287, 0.003640800016000867, 0.003734799975063652, 0.003574900038074702, 0.003934299980755895, 0.0035445999819785357, 0.003639700007624924, 0.0038261000299826264, 0.003775999997742474, 0.003660399990621954, 0.0037068999954499304, 0.0037471000105142593, 0.003678599954582751, 0.0033301000366918743, 0.003636699984781444, 0.003522499988321215, 0.003872700035572052, 0.004266000003553927, 0.0036796999629586935, 0.003626000019721687, 0.0036279999767430127, 0.003940200025681406, 0.0036110999644733965, 0.0036277000326663256, 0.0037447999930009246, 0.003718600026331842, 0.0031151999719440937, 0.0035038000205531716, 0.0036527999909594655, 0.0037543000071309507, 0.0040016999701038, 0.003992700017988682, 0.0037918000016361475, 0.0038460000068880618, 0.0038201999850571156, 0.0039231000118888915, 0.003728899988345802, 0.003729799995198846]",0.31496620178222656,1787921103.2860827,512,64,True,,200,Lorem et dolore do amet adipiscing dolor magna aliqua. ipsum tempor elit sed consectetur incididunt labore eiusmod ut sit ut consectetur tempor Lorem labore incididunt eiusmod sit magna amet aliqua. adipiscing ipsum dolor dolore et sed elit do elit ipsum incididunt eiusmod Lorem tempor magna sit aliqua. dolore consectetur ut et sed do amet dolor adipiscing labore amet ipsum tempor incididunt eiusmod sed aliqua. elit ut do consectetur labore adipiscing et magna dolor Lorem dolore sit Lorem sed consectetur et adipiscing do labore sit magna elit dolore amet aliqua. ipsum incididunt tempor dolor ut eiusmod amet dolore adipiscing labore eiusmod ipsum consectetur magna sit ut Lorem et elit aliqua. tempor do incididunt dolor sed dolore eiusmod ipsum labore amet dolor sit incididunt Lorem consectetur elit et magna tempor aliqua. ut adipiscing do sed ut aliqua. ipsum sit Lorem labore dolor dolore magna et adipiscing elit eiusmod tempor consectetur amet incididunt do sed consectetur Lorem sed dolore incididunt eiusmod labore ipsum dolor do magna amet ut elit aliqua. sit adipiscing et tempor amet dolore do labore Lorem eiusmod sit aliqua. tempor ut et adipiscing consectetur sed incididunt elit ipsum dolor magna ut elit et labore consectetur sit magna dolor adipiscing sed ipsum do eiusmod Lorem tempor incididunt amet aliqua. dolore amet sit et Lorem aliqua. labore magna sed consectetur ut elit dolor adipiscing dolore eiusmod ipsum do tempor incididunt eiusmod aliqua. dolore do magna dolor et incididunt amet labore consectetur sit ut adipiscing ipsum sed tempor Lorem elit Lorem ipsum labore adipiscing et aliqua. amet elit sit ut consectetur magna eiusmod incididunt dolore do dolor sed tempor labore Lorem dolor eiusmod aliqua. consectetur magna sit elit dolore adipiscing do sed ut et amet incididunt tempor ipsum ipsum elit do adipiscing sit sed eiusmod ut amet labore magna dolor Lorem et incididunt consectetur tempor dolore aliqua. et sed amet ipsum dolor consectetur sit dolore e, stairs stairs stairs stairs stairs stairs stairs stairs stairs stairs stairs stairs stairs stairs stairs stairs stairs stairs stairs stairs stairs stairs stairs stairs stairs stairs stairs stairs stairs stairs stairs stairs stairs stairs stairs stairs stairs stairs stairs stairs stairs stairs stairs stairs stairs stairs stairs stairs stairs stairs stairs stairs stairs stairs stairs stairs stairs stairs stairs stairs stairs stairs stairs stairs,a01-20260828-overhead_overhead_04_c1_seed3102_off,1787921102.2369998,318460570662500,318461304781700,318461330246400,318461378700700,318461619746700,,
req-0022-61431b,synthetic,1787921080.091879,1787921104.0793884,23.98750948905945,0.0666458,0.003875119047098985,"[0.00424619996920228, 0.00439439999172464, 0.0033757000346668065, 0.0037826999905519187, 0.003996599989477545, 0.003886600024998188, 0.0036637999583035707, 0.0039373000035993755, 0.00399739999556914, 0.003974800056312233, 0.003798999998252839, 0.0038515999913215637, 0.004174900008365512, 0.003955699969083071, 0.0035017000045627356, 0.003713599988259375, 0.003847200016025454, 0.004046200017910451, 0.004228100006002933, 0.003855799965094775, 0.0041470000287517905, 0.004037499951664358, 0.0038787000230513513, 0.003862300014588982, 0.003982199996244162, 0.003844899998512119, 0.003758499980904162, 0.00402849999954924, 0.004213100008200854, 0.0040006000199355185, 0.003974999999627471, 0.004084100015461445, 0.003811799979303032, 0.003981699992436916, 0.003606799989938736, 0.003914300003089011, 0.003918899979908019, 0.003927600046154112, 0.0041043999954126775, 0.003804099978879094, 0.003829799999948591, 0.003997499996330589, 0.00375139998504892, 0.0037110000266693532, 0.0037110999692231417, 0.004141600045841187, 0.003349200007505715, 0.003678899956867099, 0.003574000031221658, 0.0037341999704949558, 0.0040152000146918, 0.0036256000166758895, 0.0036489999620243907, 0.0037299999967217445, 0.0038323000189848244, 0.0037119000335223973, 0.003879499970935285, 0.003934299980755895, 0.004177400027401745, 0.0037487000226974487, 0.0039026999729685485, 0.0036088000051677227, 0.0037270999746397138]",0.3117647171020508,1787921104.391153,512,64,True,,200,incididunt labore ipsum ut sed adipiscing magna Lorem do amet eiusmod tempor dolore elit et consectetur aliqua. sit dolor magna sed amet eiusmod labore sit incididunt aliqua. elit consectetur do dolor tempor ipsum Lorem dolore adipiscing ut et ipsum consectetur aliqua. eiusmod dolor elit et sed magna Lorem ut sit incididunt do amet dolore tempor adipiscing labore labore Lorem ut sed dolore amet adipiscing incididunt aliqua. et sit ipsum tempor elit dolor magna consectetur eiusmod do incididunt dolore dolor eiusmod tempor ipsum do amet magna adipiscing sed consectetur et sit labore ut elit aliqua. Lorem tempor ut et eiusmod elit adipiscing sed labore aliqua. incididunt consectetur magna ipsum dolor amet do Lorem dolore sit Lorem sit adipiscing labore tempor dolor elit eiusmod aliqua. amet ipsum et ut sed incididunt consectetur dolore do magna elit consectetur sit ipsum Lorem ut do incididunt amet aliqua. magna et eiusmod tempor labore adipiscing dolore dolor sed aliqua. dolor sit sed ut magna labore Lorem incididunt consectetur et elit tempor amet do ipsum adipiscing dolore eiusmod incididunt amet ipsum tempor ut do et aliqua. consectetur elit adipiscing sed Lorem dolor magna sit eiusmod dolore labore elit Lorem sit et do dolor dolore ut sed aliqua. adipiscing eiusmod tempor incididunt labore consectetur amet ipsum magna dolor incididunt aliqua. elit consectetur amet et sed tempor labore eiusmod ut sit dolore Lorem adipiscing magna ipsum do aliqua. dolore ut et dolor Lorem sed eiusmod elit ipsum do labore amet tempor sit adipiscing consectetur incididunt magna magna dolor labore et ut eiusmod sit do aliqua. incididunt tempor sed adipiscing Lorem ipsum amet consectetur elit dolore tempor et incididunt labore dolor Lorem elit sit eiusmod sed ipsum dolore magna do ut adipiscing consectetur amet aliqua. adipiscing Lorem ut magna aliqua. sed consectetur tempor sit eiusmod do dolor elit labore incididunt ipsum amet et dolore dolor et incididunt ipsum do labore magna consec, factors factors factors factors factors factors factors factors factors factors factors factors factors factors factors factors factors factors factors factors factors factors factors factors factors factors factors factors factors factors factors factors factors factors factors factors factors factors factors factors factors factors factors factors factors factors factors factors factors factors factors factors factors factors factors factors factors factors factors factors factors factors factors factors,a01-20260828-overhead_overhead_04_c1_seed3102_off,1787921103.286187,318461619850000,318462413052600,318462436148900,318462479698400,318462724816700,,
req-0023-353f37,synthetic,1787921080.091879,1787921105.127742,25.035863161087036,0.0690651,0.0037577380952868787,"[0.0039659999893046916, 0.0033739000209607184, 0.003798499994445592, 0.004094799980521202, 0.003903699980583042, 0.003603000019211322, 0.003800200007390231, 0.0039047999889589846, 0.0038314000121317804, 0.003639100003056228, 0.0037480000173673034, 0.0036982999881729484, 0.003986499970778823, 0.00329220003914088, 0.00380619999486953, 0.003922300005797297, 0.004032099968753755, 0.0039107000338844955, 0.0036518999841064215, 0.003635499975644052, 0.00428769999416545, 0.003752299991901964, 0.0035466000554151833, 0.003843999991659075, 0.0038508999859914184, 0.003871199965942651, 0.003786900022532791, 0.003854900016449392, 0.003800800011958927, 0.003418999956920743, 0.003579900017939508, 0.003831900015939027, 0.00373070000205189, 0.0034559000050649047, 0.0036693000001832843, 0.0037189999711699784, 0.0035516000352799892, 0.004033899982459843, 0.003795499971602112, 0.003706799994688481, 0.003902900032699108, 0.0039009000174701214, 0.003348300000652671, 0.003811699978541583, 0.0037967999815009534, 0.003767099988181144, 0.003389800025615841, 0.0038053999887779355, 0.0036032000207342207, 0.004033499979414046, 0.0038508999859914184, 0.0037267000298015773, 0.003847200016025454, 0.003794899967033416, 0.003627500031143427, 0.0034913999843411148, 0.0036433999775908887, 0.003828400047495961, 0.0038647999754175544, 0.0037299999967217445, 0.003686700016260147, 0.0037930000107735395, 0.0038050999864935875]",0.3070070743560791,1787921105.4347491,510,64,True,,200,eiusmod magna incididunt adipiscing aliqua. et elit consectetur amet labore ut dolore sed dolor sit ipsum tempor do Lorem magna adipiscing eiusmod do incididunt sed consectetur elit sit ipsum tempor amet ut et Lorem dolor dolore aliqua. labore ut aliqua. consectetur sit adipiscing dolor dolore ipsum eiusmod do incididunt amet labore et elit sed tempor Lorem magna tempor Lorem dolore eiusmod dolor consectetur incididunt et adipiscing ipsum sed labore amet magna elit sit do ut aliqua. do ut amet dolore incididunt elit sed labore eiusmod ipsum tempor dolor aliqua. magna et sit adipiscing consectetur Lorem labore do ipsum dolore tempor dolor consectetur et Lorem aliqua. sed adipiscing sit incididunt ut magna eiusmod elit amet tempor adipiscing magna labore consectetur incididunt ut aliqua. dolore elit do dolor sit et ipsum sed eiusmod Lorem amet sit ut adipiscing do eiusmod dolor sed aliqua. tempor dolore labore incididunt Lorem ipsum et consectetur amet elit magna eiusmod sed aliqua. dolore dolor elit ipsum et do labore amet tempor ut sit incididunt Lorem consectetur magna adipiscing Lorem tempor consectetur et incididunt do aliqua. sit ut dolor ipsum sed eiusmod adipiscing magna labore dolore amet elit Lorem adipiscing dolor sed et incididunt aliqua. ut ipsum sit labore elit magna tempor consectetur amet eiusmod dolore do tempor do adipiscing dolore dolor aliqua. et magna eiusmod elit amet sit ut Lorem labore sed consectetur incididunt ipsum labore incididunt adipiscing ipsum dolor eiusmod sit do elit et aliqua. magna sed Lorem consectetur amet tempor dolore ut magna sit Lorem do amet dolore labore aliqua. tempor adipiscing ut incididunt ipsum sed eiusmod consectetur elit et dolor sit dolore sed elit consectetur ipsum labore incididunt adipiscing ut Lorem et dolor amet magna do eiusmod tempor aliqua. amet elit ipsum tempor labore consectetur dolore sit Lorem ut incididunt dolor eiusmod aliqua. et sed adipiscing magna do sed ipsum dolore sit dolor consectetur incididun, factors factors factors factors factors factors factors factors factors factors factors factors factors factors factors factors factors factors factors factors factors factors factors factors factors factors factors factors factors factors factors factors factors factors factors factors factors factors factors factors factors factors factors factors factors factors factors factors factors factors factors factors factors factors factors factors factors factors factors factors factors factors factors factors,a01-20260828-overhead_overhead_04_c1_seed3102_off,1787921104.39125,318462724913100,318463461406700,318463484930100,318463530471800,318463768413000,,
req-0024-757fd6,synthetic,1787921080.091879,1787921106.1668277,26.07494878768921,0.07965,0.003751979364703099,"[0.003410100005567074, 0.0038218999980017543, 0.003914700006134808, 0.0034297999809496105, 0.0033626999938860536, 0.0038092000177130103, 0.0038385000079870224, 0.0032933999900706112, 0.003945800010114908, 0.003790799994021654, 0.003700300003401935, 0.0034397999988868833, 0.0036032000207342207, 0.003875700000207871, 0.003784500004258007, 0.003528099972754717, 0.003612999978940934, 0.003892500011716038, 0.0038483000244013965, 0.0036881999694742262, 0.0036880000261589885, 0.004039399966131896, 0.0039092000224627554, 0.0039517999975942075, 0.003445299982558936, 0.00316469999961555, 0.003964700037613511, 0.003887399972882122, 0.0037409000215120614, 0.0037668999866582453, 0.003822700004093349, 0.0038419999764300883, 0.004093900031875819, 0.004070699971634895, 0.003994200029410422, 0.0038295999984256923, 0.003619199967943132, 0.0038731000386178493, 0.003798399993684143, 0.0037195999757386744, 0.0035904000396840274, 0.0036808999720960855, 0.0037444999907165766, 0.0036590000381693244, 0.00394539994886145, 0.003688100026920438, 0.003731300006620586, 0.0038763000047765672, 0.003541399957612157, 0.0035003000521101058, 0.004172599990852177, 0.003819799982011318, 0.0036782000097446144, 0.0035583999706432223, 0.003744700050447136, 0.0036690999986603856, 0.0035930000012740493, 0.003729899995960295, 0.004107499960809946, 0.003957300039473921, 0.004050599993206561, 0.0033676999737508595, 0.004156099981628358]",0.317171573638916,1787921106.4839993,511,64,True,,200,incididunt et labore dolor adipiscing consectetur ipsum aliqua. magna ut amet tempor eiusmod sed elit do dolore sit Lorem adipiscing ut aliqua. sed Lorem magna incididunt dolore sit tempor consectetur eiusmod dolor ipsum et labore do amet elit adipiscing tempor Lorem consectetur ipsum labore ut et incididunt dolore magna elit amet eiusmod sit sed do aliqua. dolor ipsum labore incididunt dolor dolore elit Lorem eiusmod sit magna sed do ut et amet adipiscing aliqua. tempor consectetur labore magna amet dolore consectetur Lorem ipsum sed adipiscing incididunt dolor aliqua. ut sit tempor eiusmod elit do et ut amet do eiusmod consectetur et ipsum dolore adipiscing Lorem aliqua. elit magna incididunt tempor dolor sit labore sed eiusmod do amet adipiscing magna dolore elit sed et dolor consectetur ipsum aliqua. ut tempor incididunt sit labore Lorem consectetur do adipiscing sed eiusmod dolor sit elit ut et tempor ipsum dolore Lorem amet aliqua. magna incididunt labore sit amet incididunt consectetur tempor magna do ipsum adipiscing elit aliqua. dolore Lorem sed eiusmod et labore ut dolor tempor do sed dolor incididunt et sit aliqua. amet dolore elit eiusmod ipsum consectetur magna ut adipiscing Lorem labore sit dolor eiusmod incididunt sed amet adipiscing dolore aliqua. et ut labore do Lorem elit consectetur ipsum magna tempor incididunt dolor elit amet tempor Lorem ut adipiscing magna sed dolore eiusmod et do consectetur sit labore ipsum aliqua. tempor adipiscing elit labore et Lorem ut do sit amet dolore consectetur incididunt aliqua. magna eiusmod dolor ipsum sed eiusmod dolor Lorem ut do sed tempor incididunt elit magna consectetur amet aliqua. et ipsum adipiscing dolore sit labore ipsum aliqua. dolore incididunt labore amet consectetur et do tempor sit Lorem adipiscing ut elit dolor sed magna eiusmod adipiscing Lorem tempor aliqua. dolore sit amet do incididunt labore sed ipsum eiusmod magna ut consectetur et dolor elit labore ipsum magna Lorem dolore et do incididunt, factors factors factors factors factors factors factors factors factors factors factors factors factors factors factors factors factors factors factors factors factors factors factors factors factors factors factors factors factors factors factors factors factors factors factors factors factors factors factors factors factors factors factors factors factors factors factors factors factors factors factors factors factors factors factors factors factors factors factors factors factors factors factors factors,a01-20260828-overhead_overhead_04_c1_seed3102_off,1787921105.434849,318463768511900,318464500492500,318464535779100,318464580142500,318464817681400,,
req-0025-ef2760,synthetic,1787921080.091879,1787921107.1726344,27.080755472183228,0.0669978,0.003809968254432851,"[0.004091600014362484, 0.0044522000243887305, 0.0037636999622918665, 0.004081600054632872, 0.003802299965173006, 0.003991200006566942, 0.003798399993684143, 0.0038355999859049916, 0.003840100020170212, 0.003938000008929521, 0.003869700012728572, 0.0038928999565541744, 0.0036217000451870263, 0.0038730999804101884, 0.0038772000116296113, 0.004056399979162961, 0.004108300025109202, 0.003919599985238165, 0.003956899978220463, 0.003577600000426173, 0.003658300032839179, 0.003862000012304634, 0.003838899952825159, 0.003946900018490851, 0.003691099991556257, 0.003701200010254979, 0.004262199974618852, 0.003392700047697872, 0.0037352999788708985, 0.0037678999942727387, 0.003734600031748414, 0.003614199988078326, 0.0036142999888397753, 0.003669199999421835, 0.003640000009909272, 0.00406249996740371, 0.003712400037329644, 0.0036607999936677516, 0.003719199972692877, 0.003851999994367361, 0.0037274000351317227, 0.003928699996322393, 0.003986599971540272, 0.0038292999961413443, 0.003543900034856051, 0.00381649995688349, 0.0037058000452816486, 0.004113200004212558, 0.0038203999865800142, 0.0036700000055134296, 0.0037684999988414347, 0.003659399983007461, 0.0032381999772042036, 0.00370710005518049, 0.003675099986139685, 0.003542599966749549, 0.003867399995215237, 0.0036389000015333295, 0.0039861000259406865, 0.003959599998779595, 0.004041899985168129, 0.003536200034432113, 0.0037813999806530774]",0.30826854705810547,1787921107.480903,510,64,True,,200,labore do incididunt dolore amet adipiscing sed sit magna et ut tempor aliqua. eiusmod consectetur dolor elit Lorem ipsum adipiscing sed sit magna elit Lorem labore amet dolor et tempor ut ipsum do eiusmod aliqua. consectetur dolore incididunt elit sit et labore adipiscing incididunt do magna sed dolore consectetur amet dolor aliqua. Lorem eiusmod ipsum tempor ut adipiscing consectetur dolore ut labore incididunt et Lorem dolor sit magna eiusmod elit tempor sed amet aliqua. ipsum do do amet magna tempor consectetur sit et dolor labore dolore ut adipiscing ipsum eiusmod sed aliqua. incididunt elit Lorem et ut sed dolore aliqua. incididunt sit magna eiusmod elit adipiscing consectetur ipsum Lorem labore dolor tempor amet do elit dolor sed sit et eiusmod ut consectetur Lorem dolore ipsum aliqua. magna incididunt do amet tempor labore adipiscing Lorem sed et eiusmod sit aliqua. dolore consectetur tempor magna do elit amet incididunt labore ut dolor ipsum adipiscing eiusmod tempor Lorem elit consectetur aliqua. et adipiscing dolore labore sed ut magna do sit amet ipsum incididunt dolor adipiscing et dolor eiusmod ut dolore tempor magna elit sit Lorem labore consectetur do incididunt aliqua. sed amet ipsum labore incididunt dolore Lorem et consectetur eiusmod do magna tempor aliqua. sed adipiscing elit ipsum ut sit amet dolor ipsum adipiscing ut consectetur aliqua. tempor dolor magna dolore et incididunt sit Lorem eiusmod do amet elit labore sed do et sit dolore sed magna tempor ipsum Lorem aliqua. amet elit ut eiusmod dolor incididunt labore adipiscing consectetur et dolor ut incididunt dolore magna elit sit sed amet adipiscing eiusmod consectetur ipsum do tempor aliqua. labore Lorem dolor eiusmod magna adipiscing dolore incididunt sed elit ut labore et amet aliqua. Lorem tempor consectetur do ipsum sit sed eiusmod adipiscing aliqua. incididunt ut do magna amet sit dolore dolor ipsum consectetur labore et tempor Lorem elit elit adipiscing magna ipsum et Lorem amet eiusmo, factors factors factors factors factors factors factors factors factors factors factors factors factors factors factors factors factors factors factors factors factors factors factors factors factors factors factors factors factors factors factors factors factors factors factors factors factors factors factors factors factors factors factors factors factors factors factors factors factors factors factors factors factors factors factors factors factors factors factors factors factors factors factors factors,a01-20260828-overhead_overhead_04_c1_seed3102_off,1787921106.4841216,318464817784700,318465506300000,318465528618200,318465573297800,318465814566700,,
req-0026-7046e3,synthetic,1787921080.091879,1787921108.214743,28.12286400794983,0.0631956,0.003910587301352135,"[0.0041939999791793525, 0.004243200004566461, 0.003920699993614107, 0.0035350999678485096, 0.004143400001339614, 0.004211799998302013, 0.004094100033398718, 0.0037959999754093587, 0.003985200019087642, 0.0038222000002861023, 0.003939900023397058, 0.003981599991675466, 0.003960900008678436, 0.003999599954113364, 0.003927000041585416, 0.004064499982632697, 0.003559499979019165, 0.003792500006966293, 0.004206100013107061, 0.004097199998795986, 0.004052400006912649, 0.0036725999671034515, 0.0037924000062048435, 0.004169100022409111, 0.003781599982175976, 0.003688500029966235, 0.00416169996606186, 0.0037406000192277133, 0.004053300013765693, 0.004128800006583333, 0.00379139999859035, 0.004146499966736883, 0.004515000036917627, 0.004111899994313717, 0.003917899972293526, 0.0036771000013686717, 0.004033599980175495, 0.003572500019799918, 0.003933000029064715, 0.0032671999651938677, 0.0037466000067070127, 0.0038456000038422644, 0.0036902999854646623, 0.00391150003997609, 0.003983400005381554, 0.003805299988016486, 0.0040262999827973545, 0.0034650000161491334, 0.004072099982295185, 0.003971100028138608, 0.003714499995112419, 0.003932399966288358, 0.004356999997980893, 0.003797499986831099, 0.004079800040926784, 0.0037932000122964382, 0.0038624999579042196, 0.0037960000336170197, 0.0035812999703921378, 0.003757100028451532, 0.0038098999648354948, 0.0038039000355638564, 0.0038830999983474612]",0.31073689460754395,1787921108.5254798,512,64,True,,200,consectetur tempor amet elit et eiusmod Lorem sit ipsum magna dolore sed do dolor aliqua. labore incididunt adipiscing ut dolore magna sit amet elit et tempor eiusmod aliqua. sed adipiscing labore ut ipsum incididunt consectetur Lorem dolor do consectetur eiusmod incididunt labore Lorem sed adipiscing do amet aliqua. dolore dolor et magna elit ut tempor ipsum sit amet ipsum sed Lorem labore et incididunt sit aliqua. dolor dolore consectetur ut eiusmod do magna adipiscing tempor elit ut amet et do labore Lorem ipsum incididunt dolore magna consectetur sit adipiscing tempor eiusmod aliqua. sed dolor elit eiusmod adipiscing sit et ut do dolor incididunt labore aliqua. ipsum amet tempor Lorem elit dolore magna consectetur sed incididunt adipiscing et sit magna dolor consectetur ipsum eiusmod tempor do Lorem ut aliqua. labore elit amet sed dolore ut sit dolore labore et sed adipiscing do magna amet consectetur dolor elit Lorem tempor incididunt eiusmod ipsum aliqua. amet incididunt sit sed elit adipiscing et magna do dolore aliqua. Lorem eiusmod ut dolor tempor ipsum consectetur labore sed ipsum eiusmod dolor aliqua. sit adipiscing magna labore amet Lorem elit consectetur ut et incididunt dolore do tempor dolore aliqua. et amet elit labore Lorem magna adipiscing eiusmod incididunt consectetur sit ut sed do ipsum dolor tempor labore do ipsum elit tempor consectetur sit Lorem aliqua. amet incididunt ut dolor sed eiusmod adipiscing dolore et magna labore adipiscing incididunt do eiusmod dolore aliqua. tempor ipsum et sit sed amet elit consectetur ut dolor magna Lorem adipiscing Lorem incididunt aliqua. consectetur sit dolor do ipsum dolore amet magna labore sed eiusmod ut tempor elit et consectetur ut ipsum tempor aliqua. sed incididunt dolor elit sit magna adipiscing dolore eiusmod labore Lorem do amet et sit eiusmod dolor aliqua. sed amet magna ut ipsum Lorem tempor labore incididunt adipiscing do et dolore elit consectetur sed elit Lorem et dolor ut incididunt magna labo, stairs stairs stairs stairs stairs stairs stairs stairs stairs stairs stairs stairs stairs stairs stairs stairs stairs stairs stairs stairs stairs stairs stairs stairs stairs stairs stairs stairs stairs stairs stairs stairs stairs stairs stairs stairs stairs stairs stairs stairs stairs stairs stairs stairs stairs stairs stairs stairs stairs stairs stairs stairs stairs stairs stairs stairs stairs stairs stairs stairs stairs stairs stairs stairs,a01-20260828-overhead_overhead_04_c1_seed3102_off,1787921107.4810047,318465814667900,318466548407600,318466569196600,318466611603200,318466859143800,,
req-0027-855d1f,synthetic,1787921080.091879,1787921109.221622,29.129743099212646,0.0733718,0.00385590158735535,"[0.004197500005830079, 0.004091500013601035, 0.004024800029583275, 0.00416169996606186, 0.003912099986337125, 0.0038028000271879137, 0.004016899969428778, 0.004000200016889721, 0.004132400033995509, 0.0033433999633416533, 0.003922100004274398, 0.003964899980928749, 0.004328100010752678, 0.0036327000125311315, 0.004112299997359514, 0.004431299981661141, 0.004214000015053898, 0.004184300021734089, 0.003978799970354885, 0.0038889000425115228, 0.0037261999677866697, 0.003959699999541044, 0.0040142000070773065, 0.003728599986061454, 0.0035841999924741685, 0.003522799990605563, 0.003694400016684085, 0.0037893999833613634, 0.004103000042960048, 0.003791700000874698, 0.0038997000083327293, 0.003759999992325902, 0.0038989000022411346, 0.003951299993786961, 0.0036967999767512083, 0.003766200039535761, 0.004052999953273684, 0.0035342000192031264, 0.003966399992350489, 0.003624500008299947, 0.003940100024919957, 0.0036982999881729484, 0.003934399981517345, 0.0039021000266075134, 0.0037869999650865793, 0.003633500018622726, 0.0036214999854564667, 0.0036625000066123903, 0.0037657999782823026, 0.004002500034403056, 0.0038222000002861023, 0.0037739999825134873, 0.0037770000053569674, 0.0035570000181905925, 0.0034054999705404043, 0.0038932000170461833, 0.003827099979389459, 0.0038290999946184456, 0.0035792000126093626, 0.00376180000603199, 0.0037400000146590173, 0.003959699999541044, 0.0036423999699763954]",0.31752800941467285,1787921109.53915,512,64,True,,200,elit incididunt et adipiscing amet sed eiusmod dolore sit dolor tempor ipsum do ut aliqua. consectetur labore magna Lorem tempor ut eiusmod sit elit Lorem amet ipsum do adipiscing dolor sed labore consectetur aliqua. incididunt magna et dolore consectetur dolore labore et elit ut tempor sed adipiscing do incididunt dolor magna Lorem amet aliqua. ipsum sit eiusmod ipsum magna sed et consectetur aliqua. do tempor Lorem dolor amet dolore incididunt ut labore sit adipiscing eiusmod elit do sit amet ipsum tempor et sed incididunt dolore labore eiusmod adipiscing ut Lorem elit dolor magna consectetur aliqua. tempor consectetur Lorem ut elit sit incididunt labore sed do aliqua. et dolor adipiscing eiusmod amet ipsum magna dolore incididunt adipiscing do labore dolore aliqua. sed sit elit magna dolor amet ipsum consectetur et ut eiusmod tempor Lorem incididunt dolor dolore et elit aliqua. sed eiusmod consectetur amet adipiscing sit ipsum labore magna ut tempor do Lorem amet tempor dolor incididunt dolore sit aliqua. et adipiscing ipsum labore do Lorem sed magna eiusmod consectetur elit ut sit magna eiusmod sed aliqua. tempor amet Lorem dolore dolor et consectetur ut incididunt elit ipsum do adipiscing labore ut labore elit sit amet sed et do aliqua. dolore dolor tempor ipsum Lorem adipiscing consectetur magna eiusmod incididunt do et eiusmod sed incididunt ipsum dolore dolor consectetur adipiscing labore aliqua. amet magna Lorem ut elit tempor sit labore aliqua. et sit eiusmod tempor amet do adipiscing incididunt dolore ut elit ipsum magna consectetur sed dolor Lorem dolore aliqua. sed consectetur adipiscing incididunt do magna elit Lorem labore ipsum amet ut eiusmod dolor sit tempor et magna ut dolor eiusmod et consectetur aliqua. amet tempor do ipsum Lorem incididunt sit elit sed labore dolore adipiscing incididunt tempor dolore adipiscing amet labore ipsum dolor ut et sit do aliqua. elit Lorem consectetur eiusmod sed magna sed aliqua. adipiscing do ipsum dolor labore eli, factors factors factors factors factors factors factors factors factors factors factors factors factors factors factors factors factors factors factors factors factors factors factors factors factors factors factors factors factors factors factors factors factors factors factors factors factors factors factors factors factors factors factors factors factors factors factors factors factors factors factors factors factors factors factors factors factors factors factors factors factors factors factors factors,a01-20260828-overhead_overhead_04_c1_seed3102_off,1787921108.525581,318466859243900,318467555287100,318467578391900,318467628658900,318467872814100,,
req-0028-1d246d,synthetic,1787921080.091879,1787921110.233146,30.14126706123352,0.0652426,0.0037777587302058697,"[0.00410710001597181, 0.004024000023491681, 0.004128100001253188, 0.003547100001014769, 0.0038162999553605914, 0.0037170000141486526, 0.003940400027204305, 0.003565999970305711, 0.003805199987255037, 0.0035139000392518938, 0.0037474999553523958, 0.003934300038963556, 0.0037961999769322574, 0.003764500026591122, 0.0035364999785088003, 0.004101600032299757, 0.0037594999885186553, 0.0036065999884158373, 0.003601200005505234, 0.003994599974248558, 0.0035581000265665352, 0.003674499981570989, 0.0037207999848760664, 0.004106300009880215, 0.004026600043289363, 0.0037704999558627605, 0.003612100030295551, 0.004041899985168129, 0.0036377999931573868, 0.0037805000320076942, 0.004142799996770918, 0.004021800006739795, 0.003939799964427948, 0.0037607999984174967, 0.0036850000033155084, 0.004183200013358146, 0.00347140000667423, 0.003575999988242984, 0.003914500004611909, 0.003676899999845773, 0.0031310999765992165, 0.003792500006966293, 0.00397070002509281, 0.004103899991605431, 0.0037560000200755894, 0.0037112999707460403, 0.00362700002733618, 0.003684299997985363, 0.0033297999761998653, 0.003660899994429201, 0.0036735000321641564, 0.0036012999480590224, 0.003463100001681596, 0.003619300026912242, 0.003867899999022484, 0.0036478000110946596, 0.003790499991737306, 0.0032260000007227063, 0.003951599996071309, 0.0037722999695688486, 0.004199800023343414, 0.0038701000157743692, 0.004239199974108487]",0.3043639659881592,1787921110.53751,510,64,True,,200,ipsum tempor dolor amet et sed do labore aliqua. Lorem dolore ut consectetur sit elit eiusmod magna adipiscing incididunt aliqua. eiusmod magna sed sit incididunt do consectetur dolor adipiscing Lorem tempor elit ut dolore labore amet et ipsum elit do magna sit dolor dolore et tempor Lorem consectetur sed incididunt adipiscing ut aliqua. eiusmod amet labore ipsum labore eiusmod sit incididunt Lorem do magna ipsum dolore et adipiscing dolor sed amet elit aliqua. ut consectetur tempor sed dolore consectetur tempor dolor Lorem adipiscing eiusmod ut sit magna incididunt elit et ipsum labore aliqua. do amet tempor amet adipiscing ut incididunt magna et consectetur aliqua. ipsum dolore sed sit Lorem labore elit do dolor eiusmod aliqua. adipiscing amet magna sed dolore sit labore et tempor ut Lorem ipsum dolor elit incididunt eiusmod consectetur do tempor Lorem do ipsum labore elit incididunt aliqua. sed magna dolore sit dolor consectetur et ut eiusmod adipiscing amet amet elit sed incididunt ipsum magna labore adipiscing dolor dolore sit consectetur Lorem tempor aliqua. eiusmod do ut et sed aliqua. amet Lorem ipsum eiusmod tempor consectetur sit adipiscing elit labore incididunt dolore et do ut magna dolor sed dolore ut Lorem magna tempor aliqua. labore et sit do ipsum dolor adipiscing consectetur amet eiusmod incididunt elit eiusmod labore dolore Lorem do ut consectetur tempor incididunt dolor elit aliqua. et ipsum magna sed sit adipiscing amet dolor sit sed amet do dolore aliqua. elit magna labore ut eiusmod ipsum consectetur tempor incididunt adipiscing Lorem et et dolore labore magna tempor dolor Lorem eiusmod amet do aliqua. elit sit sed incididunt ipsum consectetur ut adipiscing aliqua. dolor magna sit adipiscing do sed Lorem et labore tempor incididunt dolore eiusmod ipsum consectetur amet ut elit aliqua. et Lorem incididunt amet sed consectetur magna sit adipiscing ut ipsum elit tempor dolore labore do dolor eiusmod ipsum dolor Lorem adipiscing do eiusmod tempor c, factors factors factors factors factors factors factors factors factors factors factors factors factors factors factors factors factors factors factors factors factors factors factors factors factors factors factors factors factors factors factors factors factors factors factors factors factors factors factors factors factors factors factors factors factors factors factors factors factors factors factors factors factors factors factors factors factors factors factors factors factors factors factors factors,a01-20260828-overhead_overhead_04_c1_seed3102_off,1787921109.5392487,318467872911500,318468566810700,318468589673000,318468632053300,318468871173800,,
req-0029-7d27cc,synthetic,1787921080.091879,1787921111.3020477,31.210168838500977,0.07775,0.0037711507932741252,"[0.00497959996573627, 0.0034437000285834074, 0.0039055999950505793, 0.003990400000475347, 0.004319500003475696, 0.003711499972268939, 0.0036726000253111124, 0.0036828999873250723, 0.0038985999999567866, 0.0036285999813117087, 0.0038574000354856253, 0.0039898999966681, 0.004132499976549298, 0.0038494000327773392, 0.0035027999547310174, 0.003675400046631694, 0.003980099980253726, 0.0037440999876707792, 0.0037794000236317515, 0.003753500001039356, 0.0038263999740593135, 0.0035721000167541206, 0.004292999976314604, 0.003777800011448562, 0.004231700033415109, 0.004352099960669875, 0.0042563999886624515, 0.003745800000615418, 0.0038463000091724098, 0.003726900031324476, 0.00374549999833107, 0.003685800009407103, 0.0036412999616004527, 0.003487000009045005, 0.0037178000202402472, 0.0035536999930627644, 0.0038835000013932586, 0.0038229000056162477, 0.0034187999553978443, 0.0035466000554151833, 0.0037302999990060925, 0.003599999996367842, 0.00381949997972697, 0.0035312999971210957, 0.0035860000061802566, 0.0036042999709025025, 0.0034340000129304826, 0.0035419000196270645, 0.0034630000009201467, 0.003785800014156848, 0.0034746999735943973, 0.00374850002117455, 0.0038591999909840524, 0.003843399987090379, 0.0032796000014059246, 0.0034345000167377293, 0.003630499995779246, 0.003851399989798665, 0.0037891999818384647, 0.0038892000447958708, 0.00362839997978881, 0.0037702000117860734, 0.0036586999776773155]",0.3164691925048828,1787921111.618517,512,64,True,,200,aliqua. labore magna sed ipsum et ut sit elit do dolor amet dolore incididunt adipiscing consectetur eiusmod tempor Lorem sed dolor ut labore et ipsum magna aliqua. dolore do consectetur amet incididunt tempor elit adipiscing sit Lorem eiusmod sit do labore eiusmod et magna ut tempor adipiscing Lorem dolore incididunt consectetur elit amet aliqua. dolor ipsum sed sed magna sit adipiscing tempor et labore eiusmod aliqua. do elit Lorem amet ut dolore incididunt consectetur ipsum dolor consectetur labore Lorem adipiscing incididunt elit sed sit dolore ut amet aliqua. et magna dolor eiusmod do ipsum tempor do et elit Lorem eiusmod magna labore consectetur sed sit ipsum amet adipiscing incididunt aliqua. ut dolore dolor tempor adipiscing elit amet sit eiusmod ipsum incididunt aliqua. consectetur tempor Lorem dolore ut sed do et magna labore dolor tempor Lorem sed eiusmod sit incididunt et elit dolor do adipiscing consectetur ut aliqua. amet labore ipsum magna dolore do dolor ut tempor consectetur aliqua. incididunt eiusmod amet labore et elit sed ipsum magna adipiscing dolore Lorem sit labore magna adipiscing amet dolore consectetur sit do eiusmod elit ipsum incididunt sed tempor aliqua. ut dolor et Lorem et dolore incididunt ut amet sit aliqua. elit tempor labore adipiscing ipsum eiusmod dolor sed consectetur do magna Lorem labore tempor Lorem ipsum magna ut adipiscing amet dolore eiusmod consectetur do elit sed incididunt dolor aliqua. sit et do incididunt et dolore eiusmod tempor dolor amet elit consectetur Lorem ut adipiscing ipsum sit magna labore aliqua. sed tempor magna eiusmod elit sed do amet dolore sit dolor incididunt adipiscing ipsum ut aliqua. et labore Lorem consectetur elit consectetur do sit aliqua. dolore sed eiusmod labore ipsum magna amet ut dolor tempor et Lorem adipiscing incididunt incididunt consectetur sed amet tempor adipiscing elit Lorem dolore magna et labore dolor do sit ipsum aliqua. ut eiusmod ut consectetur dolor incididunt amet aliqua. dol, factors factors factors factors factors factors factors factors factors factors factors factors factors factors factors factors factors factors factors factors factors factors factors factors factors factors factors factors factors factors factors factors factors factors factors factors factors factors factors factors factors factors factors factors factors factors factors factors factors factors factors factors factors factors factors factors factors factors factors factors factors factors factors factors,a01-20260828-overhead_overhead_04_c1_seed3102_off,1787921110.537608,318468871270900,318469635712700,318469665511300,318469713462700,318469952180700,,
req-0030-ed47e6,synthetic,1787921080.091879,1787921112.3668888,32.275009870529175,0.0797859,0.003770088888741734,"[0.0047008999972604215, 0.00429970002733171, 0.003931499959435314, 0.004040500032715499, 0.003954099956899881, 0.003830400004517287, 0.0036612999974749982, 0.0036584000336006284, 0.0037312000058591366, 0.003708900010678917, 0.003575699985958636, 0.0033443999709561467, 0.0037456999998539686, 0.003660100046545267, 0.003903699980583042, 0.0036634000134654343, 0.0036489999620243907, 0.0037617000052705407, 0.0037240000092424452, 0.003596999973524362, 0.0035975000355392694, 0.003527799970470369, 0.0036238000029698014, 0.003967399999964982, 0.003963100025430322, 0.0036152999964542687, 0.0038468000129796565, 0.003858799987938255, 0.0033549999934621155, 0.00377960002515465, 0.003632499952800572, 0.0036191000253893435, 0.0035868000122718513, 0.003647000005003065, 0.0037266999715939164, 0.0038668999914079905, 0.003480500017758459, 0.0036427999730221927, 0.0037956000305712223, 0.003889299987349659, 0.003639600006863475, 0.003550600027665496, 0.00396469997940585, 0.0037617000052705407, 0.004103899991605431, 0.003708900010678917, 0.003657099965494126, 0.0036449000472202897, 0.0038009999552741647, 0.0035783000057563186, 0.0037333000218495727, 0.0036995999980717897, 0.003985999966971576, 0.0037874000263400376, 0.003678400011267513, 0.0037137999897822738, 0.004057399986777455, 0.003792300005443394, 0.003749700030311942, 0.0038547999574802816, 0.0039527000044472516, 0.0038738000439479947, 0.0040617999620735645]",0.3184382915496826,1787921112.685327,511,64,True,,200,incididunt do eiusmod consectetur ut aliqua. dolore elit dolor labore amet Lorem magna sed et adipiscing tempor ipsum sit elit sed Lorem consectetur dolore incididunt tempor magna amet do dolor aliqua. sit eiusmod ipsum adipiscing labore et ut adipiscing consectetur dolor magna sed ut eiusmod ipsum dolore amet incididunt do labore Lorem et aliqua. sit elit tempor ipsum tempor adipiscing sit et magna eiusmod ut aliqua. sed Lorem dolore amet consectetur incididunt do dolor elit labore et eiusmod dolore consectetur ut tempor incididunt adipiscing magna do labore sed ipsum elit sit aliqua. dolor Lorem amet incididunt Lorem sit et consectetur do adipiscing amet magna labore dolor tempor elit eiusmod aliqua. ut ipsum sed dolore do adipiscing labore ipsum amet incididunt sed sit dolor et Lorem ut aliqua. tempor dolore consectetur elit magna eiusmod elit eiusmod tempor et consectetur magna Lorem aliqua. dolor amet ut adipiscing incididunt sit sed ipsum labore dolore do tempor sed ut amet labore et do consectetur incididunt dolor magna Lorem ipsum sit elit eiusmod adipiscing dolore aliqua. eiusmod do incididunt dolor tempor sit consectetur adipiscing et labore dolore ipsum Lorem sed elit magna amet ut aliqua. aliqua. ipsum dolor tempor eiusmod dolore labore sed amet elit incididunt magna adipiscing consectetur Lorem do et ut sit aliqua. eiusmod ipsum dolore amet sit ut incididunt labore et magna elit tempor do consectetur adipiscing sed dolor Lorem Lorem amet aliqua. ut tempor ipsum dolore magna sit labore do adipiscing incididunt eiusmod et elit dolor consectetur sed tempor incididunt sit do Lorem consectetur adipiscing labore ipsum et sed eiusmod amet dolore aliqua. magna dolor elit ut eiusmod labore sed incididunt amet dolore sit et do elit Lorem tempor aliqua. ut consectetur ipsum dolor adipiscing magna consectetur sed et elit magna amet Lorem ut tempor ipsum labore adipiscing incididunt dolore dolor aliqua. sit eiusmod do adipiscing eiusmod elit do sed tempor incididunt, factors factors factors factors factors factors factors factors factors factors factors factors factors factors factors factors factors factors factors factors factors factors factors factors factors factors factors factors factors factors factors factors factors factors factors factors factors factors factors factors factors factors factors factors factors factors factors factors factors factors factors factors factors factors factors factors factors factors factors factors factors factors factors factors,a01-20260828-overhead_overhead_04_c1_seed3102_off,1787921111.618602,318469952264700,318470700554300,318470728280500,318470780340200,318471018991000,,
req-0031-b4441c,synthetic,1787921080.091879,1787921113.4743693,33.382490396499634,0.07866,0.0037595492063297164,"[0.00543449999531731, 0.005009600019548088, 0.004548099997919053, 0.004618500010110438, 0.004073599993716925, 0.0036182000185362995, 0.0036946999607607722, 0.003522499988321215, 0.0035623000003397465, 0.0035609000478871167, 0.003723400004673749, 0.0035120999673381448, 0.004003899986855686, 0.004056400037370622, 0.00374839996220544, 0.0035917999921366572, 0.003550700028426945, 0.0035945000126957893, 0.003772399970330298, 0.0037312000058591366, 0.0037429999792948365, 0.003834900038782507, 0.0036069999914616346, 0.003589399973861873, 0.003834900038782507, 0.003697299980558455, 0.003513599978759885, 0.0036507000331766903, 0.0037386000039987266, 0.003665699972771108, 0.003925300028640777, 0.0037267999723553658, 0.0036520000430755317, 0.003667199984192848, 0.003680099966004491, 0.0038782000192441046, 0.00359590002335608, 0.003697299980558455, 0.0037175000179558992, 0.003728599986061454, 0.0036647000233642757, 0.003698799991980195, 0.0036719999625347555, 0.0036676000454463065, 0.003768899943679571, 0.0036516000400297344, 0.0037233000039123, 0.003923499956727028, 0.003680700028780848, 0.0032538999803364277, 0.0035629000049084425, 0.0035918999928981066, 0.0038510000449605286, 0.0035043999669142067, 0.0037933000130578876, 0.003785200009588152, 0.003589399973861873, 0.003301599994301796, 0.003396900021471083, 0.003456900012679398, 0.003917999973054975, 0.0037335000233724713, 0.00358989997766912]",0.3168039321899414,1787921113.7911732,512,64,True,,200,dolore sit eiusmod ipsum dolor et elit amet tempor Lorem do consectetur adipiscing aliqua. sed incididunt labore magna ut dolor et adipiscing incididunt sed sit ipsum eiusmod amet aliqua. magna consectetur do labore ut Lorem tempor elit dolore Lorem elit ipsum dolore et eiusmod labore adipiscing amet ut tempor magna sed sit aliqua. consectetur dolor incididunt do incididunt ut adipiscing dolore Lorem sed amet do magna labore consectetur et tempor eiusmod dolor aliqua. elit sit ipsum do elit tempor et adipiscing consectetur ut dolore incididunt labore eiusmod sit sed ipsum aliqua. dolor Lorem magna amet elit adipiscing et do consectetur sit sed aliqua. dolor labore tempor ipsum amet Lorem incididunt dolore eiusmod ut magna do elit eiusmod amet sed labore dolore tempor aliqua. Lorem dolor incididunt ut magna sit consectetur adipiscing et ipsum tempor labore consectetur aliqua. ut dolore amet do sit magna dolor Lorem incididunt eiusmod adipiscing sed elit ipsum et amet labore consectetur sed magna dolor do eiusmod elit incididunt aliqua. sit tempor et adipiscing Lorem dolore ipsum ut consectetur Lorem adipiscing labore magna aliqua. do ipsum amet tempor incididunt sed et dolor ut eiusmod dolore elit sit labore et sit adipiscing sed eiusmod dolor tempor ipsum magna dolore aliqua. Lorem consectetur elit ut incididunt do amet consectetur sed ipsum adipiscing ut do Lorem dolore amet labore et magna tempor aliqua. incididunt sit elit eiusmod dolor eiusmod dolore aliqua. incididunt tempor sit ipsum adipiscing dolor sed consectetur elit do amet magna labore Lorem ut et sit et eiusmod do ut labore elit dolor amet ipsum incididunt tempor aliqua. adipiscing magna dolore consectetur Lorem sed amet ipsum ut Lorem adipiscing eiusmod consectetur dolor et do labore incididunt aliqua. sit elit magna sed dolore tempor incididunt magna adipiscing dolore tempor eiusmod sit dolor aliqua. do Lorem ut labore elit et amet ipsum sed consectetur labore dolore dolor do elit amet sit ut adipisci, factors factors factors factors factors factors factors factors factors factors factors factors factors factors factors factors factors factors factors factors factors factors factors factors factors factors factors factors factors factors factors factors factors factors factors factors factors factors factors factors factors factors factors factors factors factors factors factors factors factors factors factors factors factors factors factors factors factors factors factors factors factors factors factors,a01-20260828-overhead_overhead_04_c1_seed3102_off,1787921112.685426,318471019088800,318471808034700,318471830737800,318471886694700,318472124836800,,
req-0032-d6e714,synthetic,1787921080.091879,1787921114.5198095,34.4279305934906,0.0776772,0.0037866634924689103,"[0.004246800031978637, 0.0038742999895475805, 0.00377960002515465, 0.004003999987617135, 0.003953100007493049, 0.0037299999967217445, 0.003804999985732138, 0.0036043000291101635, 0.003673399973195046, 0.0038640000275336206, 0.0034885999630205333, 0.0037197000347077847, 0.0037547999527305365, 0.0038392000133171678, 0.004023500019684434, 0.0037329999613575637, 0.004004200047347695, 0.004112700000405312, 0.0037902999902144074, 0.003647600009571761, 0.003908499958924949, 0.00390850001713261, 0.003750299976672977, 0.0035038000205531716, 0.003986800031270832, 0.004184699966572225, 0.004275700019206852, 0.0038438999908976257, 0.004034699988551438, 0.003944900003261864, 0.004091000009793788, 0.0037050999817438424, 0.0038652000366710126, 0.003916999965440482, 0.0038514999905601144, 0.0035750000388361514, 0.0035063999821431935, 0.0036813999759033322, 0.003678700013551861, 0.003589400032069534, 0.003772399970330298, 0.0038471000152640045, 0.0035052999737672508, 0.0034213000326417387, 0.003425000002607703, 0.0038183999713510275, 0.003941900038626045, 0.0038413999718613923, 0.003984600014518946, 0.003972699982114136, 0.004010100034065545, 0.0037630999577231705, 0.0037001000018790364, 0.0036145999911241233, 0.00360769999679178, 0.0034067000378854573, 0.0037876999704167247, 0.0038674999959766865, 0.0035508000291883945, 0.0035374999861232936, 0.003426400013267994, 0.0036811999743804336, 0.003625700017437339]",0.317537784576416,1787921114.8373473,510,64,True,,200,consectetur incididunt magna dolor do Lorem sed tempor adipiscing elit eiusmod labore ipsum aliqua. dolore amet et ut sit ut dolor ipsum aliqua. Lorem adipiscing amet labore incididunt elit sed et do tempor eiusmod sit consectetur dolore magna elit amet aliqua. dolor sed do Lorem et adipiscing labore dolore ipsum magna tempor eiusmod sit incididunt consectetur ut sed ipsum consectetur do elit eiusmod ut tempor Lorem incididunt sit adipiscing magna dolore aliqua. dolor et amet labore labore eiusmod dolor do ut dolore et Lorem elit ipsum tempor adipiscing sed incididunt magna amet sit aliqua. consectetur consectetur sit ut dolor et elit labore incididunt aliqua. amet eiusmod sed ipsum magna Lorem do tempor adipiscing dolore tempor labore dolore adipiscing consectetur eiusmod aliqua. et elit dolor sit ipsum sed incididunt amet magna ut do Lorem aliqua. sit amet ipsum consectetur tempor do elit ut et Lorem dolore eiusmod incididunt labore sed magna dolor adipiscing tempor ipsum dolore amet aliqua. sed sit labore Lorem incididunt et dolor magna do consectetur adipiscing ut elit eiusmod incididunt adipiscing consectetur sed labore et dolore ut aliqua. magna elit do Lorem ipsum amet dolor sit eiusmod tempor tempor sed ipsum elit adipiscing incididunt eiusmod et labore magna aliqua. sit dolore consectetur do Lorem amet ut dolor incididunt magna elit aliqua. Lorem eiusmod dolor ut sit amet dolore tempor labore ipsum sed adipiscing et consectetur do amet incididunt Lorem ipsum et do aliqua. sit adipiscing elit ut labore dolor magna eiusmod consectetur sed dolore tempor do ut amet adipiscing dolor dolore et magna sed Lorem elit tempor aliqua. consectetur sit labore incididunt eiusmod ipsum adipiscing dolore aliqua. dolor sed sit et eiusmod amet elit labore magna consectetur incididunt ipsum ut do Lorem tempor elit Lorem consectetur sit magna dolore aliqua. sed tempor ipsum incididunt do eiusmod amet et adipiscing labore ut dolor dolore sit labore elit adipiscing magna tempor i, factors factors factors factors factors factors factors factors factors factors factors factors factors factors factors factors factors factors factors factors factors factors factors factors factors factors factors factors factors factors factors factors factors factors factors factors factors factors factors factors factors factors factors factors factors factors factors factors factors factors factors factors factors factors factors factors factors factors factors factors factors factors factors factors,a01-20260828-overhead_overhead_04_c1_seed3102_off,1787921113.7912729,318472124935900,318472853474400,318472877454700,318472931151600,318473171011300,,
req-0033-0f6751,synthetic,1787921080.091879,1787921115.6057627,35.51388382911682,0.0927475,0.0036221888888302066,"[0.004262999980710447, 0.0033490000059828162, 0.00339590001385659, 0.0032868999987840652, 0.0031441000173799694, 0.00307569996220991, 0.00311879999935627, 0.003258400014601648, 0.0032618999830447137, 0.0038539000088348985, 0.0038457000046037138, 0.003874699992593378, 0.003341600007843226, 0.0037096000160090625, 0.0036970999790355563, 0.0038586999871768057, 0.003559800039511174, 0.0035767999943345785, 0.003598199982661754, 0.004034699988551438, 0.004209000035189092, 0.004010999982710928, 0.0035644000163301826, 0.004035299993120134, 0.0036552000092342496, 0.0035512999747879803, 0.0037539000040851533, 0.004149499989580363, 0.0035226999898441136, 0.0036356000346131623, 0.003702899964991957, 0.0037219999940134585, 0.003863200021442026, 0.003484999993816018, 0.0034605999826453626, 0.003383300034329295, 0.003897499991580844, 0.003387700009625405, 0.0035158999962732196, 0.003634599968791008, 0.003525500011164695, 0.00404040003195405, 0.0036346999695524573, 0.003526400018017739, 0.00330689997645095, 0.003899900009855628, 0.0036665000370703638, 0.003598199982661754, 0.0034974999725818634, 0.004026300041005015, 0.00365059997420758, 0.003494200005661696, 0.0034644000115804374, 0.003620099974796176, 0.003487600013613701, 0.0034484000061638653, 0.0035589999752119184, 0.0034686000435613096, 0.0036370999878272414, 0.003546199994161725, 0.003589399973861873, 0.003566000028513372, 0.0036988999927416444]",0.3220646381378174,1787921115.9278274,512,64,True,,200,labore amet ipsum incididunt Lorem tempor et sit do adipiscing dolor aliqua. ut dolore eiusmod magna sed elit consectetur elit ipsum Lorem aliqua. eiusmod et amet consectetur dolor dolore adipiscing labore sit sed ut incididunt tempor do magna labore eiusmod ipsum amet adipiscing elit dolore consectetur tempor ut Lorem aliqua. dolor do incididunt et sed sit magna dolor eiusmod amet adipiscing ipsum Lorem sit magna labore ut elit et sed consectetur dolore incididunt do aliqua. tempor ipsum aliqua. eiusmod incididunt dolor do sed sit tempor consectetur magna amet dolore ut elit adipiscing Lorem et labore aliqua. Lorem ipsum magna sit labore elit do consectetur tempor dolore adipiscing amet ut eiusmod dolor incididunt sed et ipsum incididunt amet tempor aliqua. sed ut magna sit do elit et dolore adipiscing dolor labore consectetur eiusmod Lorem dolor consectetur tempor Lorem dolore do incididunt et adipiscing ipsum eiusmod sit sed amet aliqua. ut elit labore magna et aliqua. dolore magna labore ut tempor incididunt do dolor sit adipiscing Lorem ipsum elit eiusmod amet consectetur sed dolore ut do amet aliqua. magna sed incididunt dolor ipsum labore tempor Lorem et eiusmod adipiscing consectetur sit elit sed incididunt dolor Lorem aliqua. ut do adipiscing labore eiusmod dolore magna et consectetur tempor amet ipsum elit sit dolor dolore ipsum Lorem ut consectetur magna aliqua. amet et sit elit eiusmod sed adipiscing labore tempor incididunt do et aliqua. Lorem adipiscing elit ipsum dolor do consectetur sit dolore tempor eiusmod incididunt amet magna ut sed labore ut dolor eiusmod elit dolore incididunt consectetur labore ipsum sed magna sit do et tempor Lorem adipiscing amet aliqua. ipsum consectetur do aliqua. eiusmod labore elit sed amet dolor Lorem sit adipiscing dolore et magna incididunt tempor ut tempor Lorem dolore elit incididunt ipsum ut et eiusmod dolor do aliqua. labore consectetur magna sit sed adipiscing amet Lorem et amet elit ut incididunt ipsum eiusmod s, factors factors factors factors factors factors factors factors factors factors factors factors factors factors factors factors factors factors factors factors factors factors factors factors factors factors factors factors factors factors factors factors factors factors factors factors factors factors factors factors factors factors factors factors factors factors factors factors factors factors factors factors factors factors factors factors factors factors factors factors factors factors factors factors,a01-20260828-overhead_overhead_04_c1_seed3102_off,1787921114.8374584,318473171121400,318473939428700,318473983174400,318474032176200,318474261491100,,
req-0034-2d72b9,synthetic,1787921080.091879,1787921116.678817,36.58693814277649,0.0619039,0.0037569809522080633,"[0.003874799993354827, 0.003654100000858307, 0.003555400006007403, 0.003703500027768314, 0.003705899987835437, 0.003628699982073158, 0.0039092000224627554, 0.0037337999674491584, 0.0037932000122964382, 0.0038852000143378973, 0.0036672999849542975, 0.0036280000349506736, 0.0038047999842092395, 0.00412619998678565, 0.004104899999219924, 0.004066199995577335, 0.003936199995223433, 0.0040157000184990466, 0.003861500008497387, 0.003698199987411499, 0.003834799979813397, 0.003653199994005263, 0.0040911000105552375, 0.003739300009328872, 0.004011599987279624, 0.0038719000294804573, 0.004144700011238456, 0.0038570999749936163, 0.0038212999934330583, 0.003904599987436086, 0.003933300031349063, 0.00364030001219362, 0.004033299977891147, 0.003660899994429201, 0.0038846000097692013, 0.0038515999913215637, 0.003628999984357506, 0.003968900011386722, 0.0036635000142268836, 0.0034256000071763992, 0.003426400013267994, 0.0035854000016115606, 0.0036814999766647816, 0.0036802999675273895, 0.003752600052393973, 0.003812599985394627, 0.003833899972960353, 0.003728400042746216, 0.0036121999728493392, 0.0034684999845921993, 0.003743200039025396, 0.0038521999958902597, 0.0036084000021219254, 0.003445099981036037, 0.0034951000125147402, 0.0037392000085674226, 0.0034540999913588166, 0.003583699988666922, 0.003661499998997897, 0.003827399981673807, 0.003774800046812743, 0.003473999968264252, 0.0034758999827317894]",0.2999095916748047,1787921116.9787266,511,64,True,,200,et sit Lorem labore ipsum magna dolor eiusmod adipiscing tempor do aliqua. elit consectetur incididunt sed ut dolore amet consectetur aliqua. eiusmod do elit tempor ipsum sit incididunt et ut sed magna amet labore adipiscing Lorem dolore dolor consectetur incididunt dolor sed ipsum tempor sit amet dolore ut et elit eiusmod labore do magna adipiscing aliqua. Lorem sit ipsum dolore tempor Lorem eiusmod incididunt do sed aliqua. consectetur adipiscing amet elit ut magna dolor et labore sed tempor labore dolore consectetur elit Lorem adipiscing do incididunt sit aliqua. magna amet ut eiusmod dolor et ipsum adipiscing amet ipsum dolor dolore labore incididunt et tempor sed eiusmod ut sit magna aliqua. elit consectetur Lorem do adipiscing dolor et amet aliqua. ut labore incididunt magna tempor elit eiusmod consectetur sed do sit ipsum Lorem dolore Lorem sit adipiscing eiusmod ut sed do consectetur magna elit incididunt labore et aliqua. ipsum dolor dolore tempor amet magna tempor Lorem elit eiusmod incididunt sit dolore sed do consectetur amet adipiscing et aliqua. ut dolor ipsum labore elit do aliqua. tempor et ut sit sed amet consectetur dolor magna adipiscing ipsum Lorem labore dolore incididunt eiusmod dolor Lorem adipiscing consectetur ut sed tempor eiusmod aliqua. do dolore magna ipsum amet elit et labore incididunt sit tempor aliqua. sed incididunt consectetur do dolor elit eiusmod dolore ut adipiscing sit magna ipsum Lorem amet et labore adipiscing aliqua. sit et consectetur Lorem labore elit dolor do sed incididunt eiusmod dolore amet ipsum tempor magna ut tempor dolore ut consectetur eiusmod ipsum do et sit dolor incididunt sed amet labore adipiscing aliqua. elit magna Lorem aliqua. consectetur sit magna amet ut Lorem dolore eiusmod elit do sed labore ipsum tempor adipiscing et dolor incididunt ipsum consectetur aliqua. tempor incididunt et sit sed magna labore do dolore dolor adipiscing eiusmod ut elit Lorem amet sed sit adipiscing eiusmod aliqua. et Lorem ut d, factors factors factors factors factors factors factors factors factors factors factors factors factors factors factors factors factors factors factors factors factors factors factors factors factors factors factors factors factors factors factors factors factors factors factors factors factors factors factors factors factors factors factors factors factors factors factors factors factors factors factors factors factors factors factors factors factors factors factors factors factors factors factors factors,a01-20260828-overhead_overhead_04_c1_seed3102_off,1787921115.927927,318474261590100,318475012481800,318475034458900,318475074385700,318475312390200,,
req-0035-2836ac,synthetic,1787921080.091879,1787921117.7159045,37.62402558326721,0.0650443,0.003731666666839922,"[0.004822699993383139, 0.004161099961493164, 0.0040426000487059355, 0.0035146999871358275, 0.003895499976351857, 0.003795800032094121, 0.0041102999821305275, 0.003937800007406622, 0.0038250000216066837, 0.0038472999585792422, 0.0042295000166632235, 0.0034817999694496393, 0.003690000041387975, 0.0037456999998539686, 0.0036436999798752367, 0.0031558999908156693, 0.003488200018182397, 0.003731300006620586, 0.0037970999837853014, 0.0038563000271096826, 0.003736399987246841, 0.003783099993597716, 0.0036418000236153603, 0.003780099970754236, 0.003671000013127923, 0.003582799981813878, 0.003510100010316819, 0.0037267999723553658, 0.0034243000554852188, 0.0036560999578796327, 0.0035539999953471124, 0.0037324000149965286, 0.0037270000320859253, 0.003959699999541044, 0.0037109999684616923, 0.004106200009118766, 0.003119200002402067, 0.004050499992445111, 0.004067400004714727, 0.004042399988975376, 0.0033245999948121607, 0.003850799985229969, 0.0038495000335387886, 0.0038300000014714897, 0.003896099980920553, 0.003642300027422607, 0.0037659999798052013, 0.0035744999768212438, 0.0036498000263236463, 0.003641400020569563, 0.0033969999640248716, 0.0035446000401861966, 0.003980599984060973, 0.003848699969239533, 0.003450100019108504, 0.0037039000308141112, 0.0035160999977961183, 0.0037332999636419117, 0.0035149999894201756, 0.0034432000247761607, 0.0034770999918691814, 0.0036100000143051147, 0.0034958000178448856]",0.3013598918914795,1787921118.0172644,510,64,True,,200,aliqua. sed amet magna do ipsum consectetur sit elit tempor eiusmod dolore et adipiscing labore incididunt Lorem dolor ut ipsum magna dolore incididunt eiusmod do adipiscing sit labore ut elit aliqua. sed tempor et amet dolor Lorem consectetur consectetur amet sit ipsum do elit magna dolore dolor Lorem aliqua. labore et incididunt sed adipiscing eiusmod ut tempor sit adipiscing consectetur ut Lorem labore incididunt et tempor eiusmod dolore ipsum aliqua. magna elit do sed dolor amet sed aliqua. amet sit Lorem elit ipsum ut eiusmod consectetur tempor dolore adipiscing dolor labore magna do et incididunt magna tempor consectetur sed et ut ipsum elit sit do labore adipiscing aliqua. incididunt Lorem amet eiusmod dolore dolor dolor Lorem ut dolore do aliqua. amet et adipiscing elit sed sit tempor magna labore eiusmod ipsum consectetur incididunt sit magna et dolore do eiusmod labore consectetur tempor ipsum incididunt elit aliqua. adipiscing amet ut Lorem dolor sed do sit magna dolore eiusmod et tempor ipsum consectetur adipiscing amet incididunt dolor Lorem labore elit sed ut aliqua. consectetur eiusmod sed tempor dolor adipiscing do incididunt et ipsum Lorem dolore magna ut amet aliqua. labore elit sit dolore consectetur incididunt elit Lorem do amet tempor et ipsum adipiscing ut sed sit magna aliqua. labore dolor eiusmod ut tempor incididunt et do dolor labore consectetur ipsum adipiscing magna sit eiusmod sed dolore elit amet Lorem aliqua. consectetur Lorem elit dolor amet et adipiscing dolore ipsum do aliqua. magna tempor eiusmod sit sed incididunt ut labore sit aliqua. magna incididunt Lorem elit labore ut amet et ipsum tempor dolor do sed dolore consectetur eiusmod adipiscing tempor magna dolor ipsum dolore sed do amet sit consectetur eiusmod aliqua. adipiscing elit et ut incididunt Lorem labore dolore tempor magna labore sit incididunt elit Lorem amet et adipiscing ipsum eiusmod sed dolor ut consectetur aliqua. do do consectetur sed dolore tempor elit ut ipsum m, factors factors factors factors factors factors factors factors factors factors factors factors factors factors factors factors factors factors factors factors factors factors factors factors factors factors factors factors factors factors factors factors factors factors factors factors factors factors factors factors factors factors factors factors factors factors factors factors factors factors factors factors factors factors factors factors factors factors factors factors factors factors factors factors,a01-20260828-overhead_overhead_04_c1_seed3102_off,1787921116.9788296,318475312492500,318476049569400,318476066022800,318476114613700,318476350928200,,
req-0036-729405,synthetic,1787921080.091879,1787921118.736486,38.644607067108154,0.0642227,0.003849520634431096,"[0.0035749999806284904, 0.003909400023985654, 0.0041856999741867185, 0.0041729999938979745, 0.003982700000051409, 0.004139100026804954, 0.003972999984398484, 0.004134399991016835, 0.00405960000352934, 0.0037315000081434846, 0.003915700013749301, 0.003615699999500066, 0.004064999986439943, 0.004017899977043271, 0.0038126000436022878, 0.003984499955549836, 0.003820100042503327, 0.0040422999882139266, 0.003825100022368133, 0.003794899967033416, 0.0036355999764055014, 0.0038503000396303833, 0.0036303999950177968, 0.004192699969280511, 0.0038063000538386405, 0.004070499970111996, 0.003833899972960353, 0.003873600042425096, 0.0042001999681815505, 0.003925400029402226, 0.003706199990119785, 0.003474599972832948, 0.003631600004155189, 0.003908800019416958, 0.003917100024409592, 0.003747299953829497, 0.0038179000257514417, 0.003785200009588152, 0.003990800003521144, 0.004051099997013807, 0.003553899994585663, 0.004037600010633469, 0.003907600010279566, 0.0038414999726228416, 0.003499999991618097, 0.0036809000303037465, 0.0038074000040069222, 0.0040756999514997005, 0.003624500008299947, 0.0036579000297933817, 0.003550599969457835, 0.0036347000277601182, 0.003831600013654679, 0.0037009999505244195, 0.0036898000398650765, 0.0036420999676920474, 0.003988599986769259, 0.0037954000290483236, 0.0038917000056244433, 0.003618400020059198, 0.004022999957669526, 0.00406110001495108, 0.0035980999819003046]",0.30777573585510254,1787921119.0442617,512,64,True,,200,sed consectetur magna eiusmod tempor Lorem amet ut incididunt labore sit elit dolore do adipiscing et aliqua. dolor ipsum dolore dolor aliqua. adipiscing consectetur tempor amet sit sed Lorem elit do eiusmod ut ipsum labore magna incididunt et adipiscing sit ut dolore dolor ipsum Lorem magna et sed do consectetur elit eiusmod tempor incididunt amet aliqua. labore amet adipiscing elit aliqua. ut eiusmod labore et Lorem sit tempor do dolor sed incididunt consectetur ipsum magna dolore ipsum aliqua. et ut labore Lorem consectetur sed incididunt tempor eiusmod elit do dolor adipiscing magna dolore amet sit ipsum sit elit dolore tempor dolor amet et aliqua. Lorem adipiscing incididunt do magna ut labore consectetur sed eiusmod tempor Lorem sit aliqua. magna adipiscing amet dolor et dolore eiusmod sed incididunt elit ipsum consectetur ut labore do labore Lorem dolor dolore magna tempor elit adipiscing ut ipsum sit amet do et eiusmod sed incididunt aliqua. consectetur amet et labore aliqua. sit elit dolore consectetur do eiusmod adipiscing ut sed dolor Lorem tempor magna ipsum incididunt tempor adipiscing elit magna et do amet ipsum labore ut eiusmod Lorem aliqua. incididunt dolor consectetur sit dolore sed do tempor elit adipiscing et amet labore eiusmod ut dolore Lorem incididunt aliqua. magna consectetur sit sed ipsum dolor adipiscing amet elit tempor et dolor sed labore sit magna ipsum consectetur aliqua. incididunt eiusmod dolore ut Lorem do ipsum labore elit tempor Lorem adipiscing ut consectetur incididunt amet do sed dolor et magna sit dolore aliqua. eiusmod do ipsum sed amet elit eiusmod aliqua. consectetur adipiscing tempor incididunt dolor ut et labore dolore sit Lorem magna elit dolor adipiscing tempor consectetur sit sed magna ut amet labore ipsum Lorem incididunt eiusmod et dolore aliqua. do et incididunt Lorem consectetur do elit labore ut dolore adipiscing sed ipsum tempor eiusmod amet dolor magna sit aliqua. eiusmod tempor ipsum dolor elit sit adipiscing e, factors factors factors factors factors factors factors factors factors factors factors factors factors factors factors factors factors factors factors factors factors factors factors factors factors factors factors factors factors factors factors factors factors factors factors factors factors factors factors factors factors factors factors factors factors factors factors factors factors factors factors factors factors factors factors factors factors factors factors factors factors factors factors factors,a01-20260828-overhead_overhead_04_c1_seed3102_off,1787921118.0173614,318476351024200,318477070150800,318477092537700,318477134373500,318477377925200,,
req-0037-b2420c,synthetic,1787921080.091879,1787921119.7450767,39.65319776535034,0.0676599,0.0037935523811491235,"[0.0042153000249527395, 0.00396770000224933, 0.00387000001501292, 0.0037861999589949846, 0.004261500027496368, 0.003369599988218397, 0.0039898999966681, 0.0038650999777019024, 0.004575900034978986, 0.003916999965440482, 0.004042400047183037, 0.003906500001903623, 0.004135800001677126, 0.0037709999596700072, 0.003967199998442084, 0.0038907999987713993, 0.0038430000422522426, 0.003679299959912896, 0.0037320000119507313, 0.003699699998833239, 0.003768900001887232, 0.0033036000095307827, 0.003736999991815537, 0.0037614000029861927, 0.0036854000063613057, 0.0034129999694414437, 0.0038453000015579164, 0.003959399997256696, 0.0036995999980717897, 0.004140300035942346, 0.004206200013868511, 0.004103599989321083, 0.003748199960682541, 0.004347600042819977, 0.0038875999744050205, 0.00393370003439486, 0.003958799992688, 0.003951899998355657, 0.003408999997191131, 0.003272400004789233, 0.003224699990823865, 0.0038320000167004764, 0.0037970999837853014, 0.003948899975512177, 0.0035597000387497246, 0.0032677999697625637, 0.0037054999847896397, 0.0038747000508010387, 0.0035773999989032745, 0.003762399952393025, 0.003761200001463294, 0.0033358000218868256, 0.003549800021573901, 0.003208699985407293, 0.003927299985662103, 0.0037249000160954893, 0.0036395000061020255, 0.003679799963720143, 0.003991300007328391, 0.0037444999907165766, 0.00360029999865219, 0.0037190000293776393, 0.003942699986509979]",0.30765342712402344,1787921120.05273,510,64,True,,200,incididunt amet elit dolor sit sed et dolore do magna consectetur ipsum aliqua. Lorem ut labore adipiscing eiusmod tempor dolore sed tempor adipiscing sit Lorem do incididunt elit labore consectetur ipsum magna et ut eiusmod dolor amet aliqua. labore sit et Lorem dolore incididunt tempor elit consectetur eiusmod ipsum amet ut sed adipiscing magna do dolor aliqua. dolore aliqua. Lorem adipiscing incididunt sit et do eiusmod dolor tempor ut elit amet magna ipsum labore sed consectetur magna labore amet dolore adipiscing elit et Lorem tempor aliqua. eiusmod dolor sit incididunt ut sed ipsum consectetur do amet do adipiscing Lorem labore elit dolore eiusmod aliqua. dolor tempor sed ipsum incididunt sit et magna ut consectetur tempor aliqua. ipsum dolor consectetur do dolore et labore elit amet sed magna sit eiusmod ut Lorem adipiscing incididunt Lorem consectetur amet elit do eiusmod magna et tempor dolore aliqua. adipiscing sit incididunt ut dolor sed labore ipsum labore Lorem et incididunt sed consectetur do ipsum ut elit amet dolor tempor aliqua. adipiscing eiusmod dolore sit magna amet Lorem incididunt elit dolor adipiscing labore consectetur magna aliqua. eiusmod sed et dolore do ut sit ipsum tempor adipiscing Lorem aliqua. ut consectetur sed eiusmod tempor et sit dolor dolore ipsum labore amet elit magna incididunt do ipsum dolor Lorem amet do eiusmod sit incididunt labore magna consectetur elit ut aliqua. et sed adipiscing tempor dolore dolor sit do et magna Lorem sed tempor ut adipiscing elit eiusmod ipsum aliqua. consectetur labore dolore incididunt amet aliqua. dolore do labore incididunt ipsum sit adipiscing dolor Lorem amet ut sed eiusmod magna et tempor consectetur elit tempor aliqua. magna dolore et labore ipsum sed Lorem do eiusmod incididunt dolor consectetur amet ut elit sit adipiscing elit sed ipsum consectetur amet aliqua. sit dolor do labore incididunt Lorem tempor dolore et magna adipiscing eiusmod ut Lorem sed ut aliqua. et elit labore dolor dolore, factors factors factors factors factors factors factors factors factors factors factors factors factors factors factors factors factors factors factors factors factors factors factors factors factors factors factors factors factors factors factors factors factors factors factors factors factors factors factors factors factors factors factors factors factors factors factors factors factors factors factors factors factors factors factors factors factors factors factors factors factors factors factors factors,a01-20260828-overhead_overhead_04_c1_seed3102_off,1787921119.044345,318477378007700,318478078741600,318478102834200,318478146401500,318478386393700,,
