seq,unit_dt,u_class,total_tokens,max_tokens
1,0.08412796471575415,0.7780699177875797,2007,256
2,1.0445065282864716,0.5890357126771668,2009,256
3,1.2093083203680475,0.883828499947184,2015,256
4,1.3931560116959318,0.7486738275457028,2137,256
5,0.7752203015042025,0.35970565992947845,1935,256
6,1.167216397390187,0.388355683072385,2012,256
7,0.20241675616367974,0.550339742121801,2136,256
8,0.1879415153727825,0.4676307695895342,2165,256
9,0.6911003920235785,0.20190929520483014,1991,256
10,0.6884540642401161,0.9914804229876428,2129,256
11,0.03856460550227322,0.9210795494569063,2131,256
12,1.0331593106237236,0.42940334349126796,2061,256
13,0.18004255506528688,0.8935766163425319,2046,256
14,0.07895476912647768,0.8040697830356601,1929,256
15,0.1346836432258069,0.18243095892086447,1982,256
16,0.6645976555379275,0.31309289203426127,1963,256
17,3.2923665290349264,0.5784540250688323,2045,256
18,3.17897743655311,0.9244637711241416,2170,256
19,0.7617960587225571,0.6895477443039459,2035,256
20,0.020096973644058314,0.537420181226079,2067,256
21,0.7872140303499435,0.01342749255913811,2021,256
22,1.0384563185945113,0.1633940999309973,2131,256
23,0.08958842780714038,0.28445915914133457,2008,256
24,0.42868960591183664,0.45681532066831443,1976,256
25,0.3639945950815335,0.7006229925983637,1926,256
26,0.39820743901599254,0.9288625010951638,2138,256
27,0.3575341557257401,0.003510715637070061,2170,256
28,4.631731308698644,0.4628576352674745,1998,256
29,0.8134799059140173,0.07022845777763864,2155,256
30,1.4051252615317282,0.5992910097361859,2126,256
31,2.838457382365153,0.24032809882071016,2042,256
32,0.18644217547655423,0.40935617153558224,2114,256
33,0.11242115045647699,0.8925870392920953,1990,256
34,0.28145344191736066,0.11710583655542639,1949,256
35,0.24868807103566598,0.5474349122542331,1978,256
36,2.2922961812013942,0.9324521029818524,2002,256
37,0.7236497607675981,0.655488873887782,2093,256
38,1.6387790282278687,0.08038320708989322,2105,256
39,0.4801864582266005,0.45669802510357504,2175,256
40,0.9305987737939458,0.8558281341298138,2136,256
41,0.9654146603594834,0.8191299077970311,2082,256
42,0.2309673481278129,0.9792794853019426,1951,256
43,2.0772488401265448,0.7704444479957412,2105,256
44,0.915518788365163,0.9576491362604949,1923,256
45,1.1484856368292558,0.9250407176955917,2066,256
46,0.4156381513433996,0.44976716417209184,2090,256
47,3.9753589546286516,0.3328808813703529,2151,256
48,0.06251899355399575,0.3185317100329048,2113,256
49,1.321864044726737,0.8158842712190965,2043,256
50,1.1567308648909755,0.6013019812435733,2041,256
51,4.678534469841657,0.8117875414578125,2019,256
52,0.45760894351656106,0.9876547629234498,2016,256
53,0.8511624295745019,0.03557158395733295,1986,256
54,0.14008117219815042,0.7385057490655345,1985,256
55,2.497182378211942,0.5043214353115147,2122,256
56,1.2740387012021415,0.1582889592185921,2069,256
57,2.696577567780109,0.23026363655184656,2146,256
58,0.4708655434269014,0.13274519319022093,1970,256
59,0.5150907777588922,0.16653701650772612,1943,256
60,1.3158622714071213,0.325973469552683,2149,256
61,1.3064578760263368,0.30766211368447005,2138,256
62,2.9176475202007293,0.43070093883926786,2090,256
63,0.06708157102830066,0.691299902171864,1946,256
64,0.8005503783150286,0.37407371160804026,2032,256
65,0.0893979054925609,0.907637250638976,2174,256
66,0.25713733083042417,0.38507229462127557,2092,256
67,0.4401367886702571,0.3369835607993885,1928,256
68,0.11641871908737608,0.15487904647972028,2079,256
69,0.10605139616363272,0.9363823051661853,1952,256
70,1.9071715072982078,0.3858562861734538,2056,256
71,0.6329427513299634,0.08027701145695576,1922,256
72,0.06229461305954538,0.7995151209847843,2110,256
73,1.5513725445571303,0.745283743169657,2141,256
74,0.393028837894665,0.15146971560044542,2026,256
75,4.949934462427108,0.42341663040221744,2105,256
76,1.2864699054943431,0.17666250341753043,1967,256
77,0.07066338967490957,0.49167537861899435,2004,256
78,0.5885225955672877,0.14676493528470014,2027,256
79,0.1777891251701056,0.3850715494600392,2023,256
80,0.6402520284380793,0.32205172134715576,2132,256
81,0.10042298127714376,0.37692545801744726,2028,256
82,1.873572904729419,0.6629675722116726,2016,256
83,1.2548918212434064,0.6929097912288676,2048,256
84,0.8883721897217303,0.8423864692001881,2077,256
85,0.16572435003440755,0.6307178733248755,2153,256
86,0.143150718778519,0.34831467259416327,2143,256
87,0.7102446839678918,0.7675451160441421,2123,256
88,0.6489480480544946,0.5680986914068663,1920,256
89,2.028790528454882,0.93695273477682,2086,256
90,0.00982187171453829,0.9237415243153979,2059,256
91,2.477434617601248,0.7080766228137518,1948,256
92,0.5099071797371879,0.4996210481710357,2115,256
93,1.3706881648641585,0.43582735155185504,1938,256
94,0.22323826578349162,0.1395431323039048,2076,256
95,0.36382864660890535,0.8618543847479392,2116,256
96,0.03384016483874949,0.9736413026859881,2075,256
97,1.4367163094419388,0.5886131428954786,2033,256
98,0.7911515679298429,0.3989375291490286,2120,256
99,1.2066791490809456,0.9287807938000103,2058,256
100,0.03797656145713108,0.9324923433715706,1993,256
101,2.421345802323536,0.8245552163560439,1967,256
102,1.5180365673445195,0.5462269899285802,1963,256
103,1.3169660433068116,0.4147063519715465,1934,256
104,0.9885823972185633,0.39926933971606327,2094,256
105,1.5821791611308382,0.5386899305353398,2014,256
106,1.2539985322969376,0.44214319325253726,2014,256
107,1.4294842694979366,0.09779446076971221,1925,256
108,1.88151228845322,0.634009395431804,2104,256
109,0.3085742545539342,0.4541075554318025,2092,256
110,0.6733457895548342,0.9464894683243682,1972,256
111,0.6302091200268225,0.7687095587790754,1935,256
112,0.2585363991099975,0.3961743228982729,2065,256
113,1.2382721170282744,0.7248791660513857,1992,256
114,0.06974702022429753,0.3381543966168816,2126,256
115,0.11083305199501589,0.696884678042381,1936,256
116,0.29465569278931847,0.6856347174443552,2091,256
117,0.47647383757325146,0.39272399506709976,1933,256
118,0.18244164044262298,0.9562003286597623,1929,256
119,2.1701308771644063,0.7871157401512268,2159,256
120,1.4523215476456013,0.8720389193478435,2077,256
121,0.40579797422610564,0.728579491951335,2059,256
122,2.0023745786502225,0.6582191694888861,2018,256
123,1.857797317741084,0.8682155966809703,2121,256
124,1.077564528327758,0.89753316125439,1950,256
125,0.3265902842961315,0.7028347787893536,1947,256
126,2.658170517383159,0.03251291613362661,1962,256
127,0.565806295154642,0.9097438549510571,2112,256
128,1.3384310694839403,0.4424345969244098,2020,256
129,0.8077121176369398,0.5513255034937049,2136,256
130,2.2255021201115097,0.1417768665555884,2033,256
131,1.433256304385108,0.9591117810076807,1943,256
132,0.1433141754885305,0.6286108864325834,2136,256
133,1.4635234681248892,0.3541734961507972,2112,256
134,4.819467855886018,0.5033075883020842,2009,256
135,1.1809001149390252,0.6423386900819182,2171,256
136,1.3790187058808494,0.05266984493097748,2100,256
137,0.6300089495838119,0.5940587635061745,1965,256
138,1.653761009664393,0.07224061320857755,2035,256
139,0.32545495170346167,0.43867531348640676,1925,256
140,0.5243668269189841,0.6562745262854088,1932,256
141,1.1936828547155915,0.9910100652188684,2025,256
142,1.1215985597888496,0.42104769211014537,1962,256
143,0.09998570956673052,0.8023890052153646,2034,256
144,1.1302862513842353,0.7018073250770824,2106,256
145,1.0126920738718646,0.06440615930885951,2093,256
146,2.0250034845688134,0.826880846523586,1996,256
147,1.5257174862427159,0.0666359004695366,1945,256
148,0.2640520239052593,0.40352389231452057,2069,256
149,0.7910335198310716,0.8750374229274336,2002,256
150,0.6663522697056165,0.45868814913743683,2044,256
151,0.0873484814042527,0.6540809227007762,1927,256
152,3.1858855350173196,0.5241852587727882,2173,256
153,0.34904858618447065,0.03898898833686992,2007,256
154,0.9956977192966273,0.9914944678784696,2121,256
155,0.5140135830652782,0.43602679636538,1964,256
156,0.37105502210233987,0.8560538239851219,2098,256
157,0.09211233436221318,0.48467981001016025,2144,256
158,2.338625384952337,0.22118185190050965,1982,256
159,2.37906295627269,0.027377967513678714,2119,256
160,0.12873582615276297,0.4555507304900327,1979,256
161,1.887561259910958,0.31588112225436904,2125,256
162,0.016692419444526336,0.2446366671957768,1953,256
163,3.5886767525800094,0.6081432437227389,2060,256
164,1.2120284620539574,0.8125257157931384,2154,256
165,0.7680564558008568,0.16535168582555582,1921,256
166,0.32760140546201466,0.07344545005197534,1974,256
167,1.096179786826447,0.04225754154829986,1988,256
168,1.4208261284024668,0.022941104358171316,2120,256
169,1.692187479907616,0.7379874227531353,2117,256
170,1.1984419282451453,0.659338178955413,2040,256
171,0.9423339379563753,0.99284885127112,2086,256
172,1.5524430421550972,0.579160326811501,2013,256
173,0.4437796904504129,0.22496535807293983,2009,256
174,4.111967205927312,0.3446624433174389,2144,256
175,1.2031978304971285,0.4476134492607483,2137,256
176,0.734721220503552,0.5468956755508613,2142,256
177,0.3983907578847263,0.7794458406764787,2125,256
178,0.3161543056506259,0.049661473997936745,1933,256
179,0.08164260419095112,0.5339159619163698,2127,256
180,0.07547759184147261,0.9999828156401028,2058,256
181,0.10228651844584825,0.8627119536305698,2116,256
182,0.20017845109576374,0.4620439167513193,2135,256
183,0.8098250331407324,0.40339603630902254,2136,256
184,0.4118384572943647,0.9383904440731857,2023,256
185,1.2836899177294574,0.12361150287580747,1943,256
186,0.12211824002641582,0.3203333242841707,2000,256
187,0.9586348643139571,0.8595987700479021,2081,256
188,0.46995520205902375,0.13348147174657932,1974,256
189,0.306937190988466,0.13444081630864968,1944,256
190,0.37825252523810027,0.6554867762790871,2073,256
191,3.5438682648243316,0.886669058446066,2003,256
192,1.917016607314913,0.16566845241812012,2030,256
193,0.44056571424360985,0.19832348510791364,2174,256
194,5.621433561906274,0.8344795533522472,1939,256
195,0.08615403543499855,0.5901601787388586,1971,256
196,1.6489098398921147,0.8356959338207904,2076,256
197,2.0394478420687703,0.2926625700973804,2148,256
198,3.2303985188067865,0.21142270689171905,2047,256
199,0.0868080080756653,0.34501271231113606,2000,256
200,1.149711526584814,0.6188542453514645,2143,256
201,1.1728327152484188,0.4680845656615046,2050,256
202,0.006443705760446165,0.7376335552198512,1963,256
203,0.08872602813420119,0.3323681997045148,1953,256
204,1.2224711420871146,0.15835400775767927,2149,256
205,2.44730119574406,0.24760752775905837,2072,256
206,1.7173255017527038,0.769386573142524,2096,256
207,1.3172192813822377,0.23089114858608262,2023,256
208,0.8648247084295987,0.6400484827409436,2171,256
209,1.732498662481753,0.9022106782072244,2025,256
210,2.3896550900927807,0.0963431492360598,2175,256
211,0.6675706948272382,0.8012101895302957,2163,256
212,1.8128395490194675,0.4545423604191523,2150,256
213,1.047993204559709,0.8317088849418162,2095,256
214,0.37052648484611106,0.987755650514396,1970,256
215,0.5088915109072113,0.9269003936335605,2160,256
216,3.4570528204269624,0.5007326695578427,2096,256
217,2.153998231257637,0.09553485126762284,2161,256
218,0.7214387302325511,0.39121950909340963,2037,256
219,0.21876966746464346,0.9328588706947019,2043,256
220,0.944507903039823,0.1302465318170346,2146,256
221,1.4180080543377043,0.04695851459313516,2085,256
222,1.8872441854814292,0.6299475271958416,2041,256
223,0.03176719408860829,0.997410495341875,2125,256
224,0.02917016202710078,0.19101914651422158,2060,256
225,0.5076852751497432,0.7279312916773251,2038,256
226,0.17294071321225885,0.3089234018834277,2089,256
227,0.3236684671832307,0.5382600282642712,2005,256
228,0.3197827388074068,0.5629580452169638,2083,256
229,1.0060528253270842,0.24426512898364194,2088,256
230,0.5028385176279894,0.8241787152264152,2084,256
231,0.4960129705602954,0.9443597483158856,1954,256
232,1.1591391436304221,0.15141982261549713,1941,256
233,2.0167454514793386,0.0791879378081436,1967,256
234,0.5247161023237524,0.3638322240203583,2137,256
235,0.3542702557572655,0.4687471623185321,2120,256
236,0.2869762608374693,0.09662204137588404,1949,256
237,1.6214987439284028,0.6446450769966332,1962,256
238,1.374639357060165,0.8825569018596539,2158,256
239,0.08314507254336191,0.3889344275620199,2006,256
240,1.2458380388089314,0.5140476059117143,1938,256
241,0.13551689485538557,0.7129827464243782,2038,256
242,0.3233752121714248,0.20082115596030514,2135,256
243,1.9485453852829469,0.37824949893672677,2114,256
244,2.4382486939425054,0.644993729546953,2089,256
245,1.4463838657871138,0.4681849228327638,1965,256
246,0.8665216883234392,0.05732413759143751,1978,256
247,0.7470400025678786,0.9015656296346078,2101,256
248,2.3425086852554173,0.6370094778170377,2101,256
249,0.37822287251118036,0.11232325538422283,1998,256
250,2.9914342053582508,0.6202420385148266,2081,256
251,0.174536612609682,0.42615453653903934,2169,256
252,0.3392606554985887,0.7043162973674961,2142,256
253,0.5583299349169654,0.021949957607567128,1946,256
254,1.1579596397405625,0.803435582398903,2027,256
255,1.6417974635541883,0.8143123381170827,2069,256
256,2.2712971006568288,0.7086112385216187,1986,256
257,0.928255880819932,0.6315102692780147,2144,256
258,1.2455190350308627,0.67818076617716,1990,256
259,2.2096647166102645,0.3716573658972814,2139,256
260,0.6897859061655425,0.13462072239817957,1943,256
261,1.2946694019478047,0.0013953104052517595,2073,256
262,0.3687977897470848,0.24124484694790493,2033,256
263,0.21089953677345513,0.73309057862656,2040,256
264,1.2816846598623426,0.9626241873131461,2151,256
265,0.22089628028355157,0.9869797911658916,2134,256
266,0.5111782448308424,0.1581637958126234,1946,256
267,0.3529902863568132,0.7735014556272841,2137,256
268,0.33548072778910326,0.542607710204478,2015,256
269,0.4575379831725459,0.19486378176122154,2024,256
270,0.061471265061404004,0.8210719876830771,1928,256
271,2.608449768628285,0.08524064233527939,2072,256
272,1.194107063907146,0.6565036432602392,2002,256
273,0.9283764112274424,0.3545032274474691,2126,256
274,1.4771889894423615,0.7800539419866218,2088,256
275,1.1798058665617612,0.10755971567286138,2112,256
276,1.0251940536549646,0.39815102631109567,2160,256
277,1.4975512924874346,0.10590829525394074,2040,256
278,1.8686150489177804,0.3042767328952992,2057,256
279,0.5171433387438348,0.8004848643365163,1967,256
280,0.4375075964481502,0.37884689038066144,2163,256
281,0.1733763769214288,0.4361785485503382,1943,256
282,2.22231399128001,0.06712383889590368,1923,256
283,0.40207792588063096,0.41914505798265633,1994,256
284,0.87595711793234,0.9916360216690546,2165,256
285,2.4142523428976337,0.9419139653198252,2057,256
286,2.7605679205472917,0.4614928519285756,1927,256
287,1.4405914929376067,0.5108667814918835,2022,256
288,1.20509538110936,0.9091540085313095,1968,256
289,2.243765596227725,0.7839791387665299,2097,256
290,0.4588752248449321,0.9570687522369292,2010,256
291,0.2393154261934241,0.04264230732914931,2102,256
292,0.0641444360145651,0.7882421032320263,1953,256
293,0.7295385842206883,0.5336492742536053,2131,256
294,0.44374642474874576,0.8458070870851336,2100,256
295,0.8194202401189368,0.9718687398233904,2158,256
296,0.9435371395491322,0.8776513556617564,2159,256
297,0.7370773189125465,0.22453398764262744,2078,256
298,0.5422673398583545,0.1993621331726383,1922,256
299,0.24271505358332143,0.42366255779796813,2041,256
300,2.3794225541541736,0.7841700062531057,2030,256
301,0.08968107028813398,0.686171572233555,1980,256
302,0.00845163211272912,0.8584390401893381,1931,256
303,2.000105593988744,0.27183426707364566,1920,256
304,0.04059434172760671,0.47076130816119943,2127,256
305,1.9212657788901195,0.06653997019847335,1926,256
306,1.6752312694715268,0.5414496131622585,1982,256
307,2.240914243830549,0.06692249114722015,1947,256
308,0.005813734578256144,0.11207706274375717,2031,256
309,1.5745162319917883,0.9904608081136413,1998,256
310,0.2594903546491318,0.213875842001913,2099,256
311,0.5203213414583919,0.7139149823822509,2090,256
312,0.3259748555737358,0.18459351033572524,2095,256
313,0.7479679207324732,0.8176509134618373,2162,256
314,0.5172260973801192,0.35031257528963344,1928,256
315,1.4405415890535114,0.44008424512716016,2075,256
316,3.859317672922489,0.9178115624931111,2033,256
317,0.40176007309254275,0.9774757625865818,2052,256
318,1.1822284572845203,0.355557681458026,2159,256
319,2.9450208075835205,0.6323053636223505,2157,256
320,0.1305567425265888,0.8281836328548773,1966,256
321,1.5593080949221176,0.34116051995534047,2159,256
322,2.2027851680713075,0.4291702870014791,1989,256
323,2.0316825150384323,0.048277384663775735,2146,256
324,0.7562699126603634,0.39848565909769007,1995,256
325,0.511387675290988,0.9817137299749676,2141,256
326,0.661138222709348,0.8805439008295539,1953,256
327,0.1076352480083705,0.4463314829195516,1950,256
328,0.8835039390030928,0.7962573720559143,2110,256
329,0.5714709415962197,0.8571950927264445,1933,256
330,1.0481548340289253,0.4853159837544946,1964,256
331,0.264644794990554,0.5125876277694038,2017,256
332,0.08449982582507744,0.6492504457519954,2034,256
333,2.3765046283295996,0.904498056913311,2032,256
334,1.1226909199563315,0.9885291125631294,2087,256
335,0.41806222494744893,0.014000946025094052,1964,256
336,0.23159520680195222,0.24316904572361564,1974,256
337,2.422534699217822,0.1214704704202696,2153,256
338,0.9443221910754802,0.9986262180022726,2147,256
339,0.07005714386533225,0.5356287492775849,1927,256
340,2.563889964725929,0.5307437487103354,1975,256
341,1.8056849781281576,0.676574769993459,2070,256
342,0.17289548368403243,0.8448596330524366,2000,256
343,1.7882288331966572,0.0636553662274405,2000,256
344,0.7110624391301071,0.38067069347881144,1926,256
345,0.6324283239995984,0.9295172164411241,1921,256
346,1.5685655612504301,0.9892273083712844,2053,256
347,1.0105353111663054,0.7979685386549203,1993,256
348,2.4775810568642402,0.13329650541187432,2082,256
349,1.912995117006415,0.8706470555489169,2008,256
350,0.2624770538988879,0.7435699141864005,2098,256
351,0.0790513522071269,0.12020792811287129,2066,256
352,0.45746537304852,0.26934539024245807,1933,256
353,1.2650886288535883,0.8592808792892916,2149,256
354,0.9861725820412431,0.16501347651109188,1944,256
355,0.7021157521969178,0.6252204391455113,2021,256
356,0.084566359418256,0.591617216294587,2098,256
357,4.165450128385644,0.5672950706492936,2176,256
358,4.04048866030823,0.9312045507174123,2086,256
359,1.104270105058386,0.14008780239452623,2175,256
360,3.9453717838406703,0.7975658560705553,2081,256
361,1.5204074672132872,0.7842875033613997,2118,256
362,0.29401088575479484,0.9211726340137623,2128,256
363,0.554890252273458,0.42731354928811927,2022,256
364,0.39996897915989044,0.9768797727321272,2162,256
365,0.09224980579312932,0.9557659052121458,2041,256
366,0.08609805574539829,0.32053167386296855,2126,256
367,2.5156530307606566,0.6589642415386456,2110,256
368,1.951143777409767,0.5939785404791543,2086,256
369,0.31229000568955584,0.4874031074367745,2091,256
370,0.6749129408595734,0.27188862860122665,1949,256
371,4.514473701259347,0.16480394696578315,2007,256
372,0.19007526043703996,0.5707616992837159,2157,256
373,0.8195922085211397,0.7074992172377972,2039,256
374,1.7517376473667543,0.3773698342085502,2092,256
375,0.13691791701700598,0.24193881995061717,2139,256
376,2.8041234812957443,0.7490728461759111,1949,256
377,0.5650331480382108,0.6795016679953831,2052,256
378,0.19384484811917144,0.744063763344641,2161,256
379,0.5477663275507246,0.8619548032084722,2154,256
380,0.6894201740213027,0.38111249391907454,2085,256
381,2.2663849289717897,0.5465945213179393,2105,256
382,0.20158288804669044,0.06064359683851972,1937,256
383,0.29318409673575063,0.2347221489386323,1993,256
384,0.9789691091658909,0.795701357769474,2012,256
385,1.0701649688446537,0.5499880148384033,2145,256
386,0.7656485353244603,0.6793672123982752,2049,256
387,2.4794301423076828,0.6107381701528791,2077,256
388,0.7581561770747444,0.018480595729537197,2116,256
389,1.551464451608289,0.9435167760889595,2122,256
390,0.2212875877346024,0.40551860393114036,2047,256
391,0.369238241036093,0.7536637135002783,2059,256
392,0.3885791510805368,0.1536350130574461,2176,256
393,1.3927853530866683,0.9080973333701216,2007,256
394,0.27089576302619467,0.5758014352900191,2035,256
395,0.8908041963600517,0.8654424219781776,2002,256
396,0.019324307156188318,0.8340327901541204,2045,256
397,0.59952233042376,0.7005433825000348,1922,256
398,0.14807700834134516,0.715409678278391,1985,256
399,1.145245528552017,0.3545105646949477,2075,256
400,0.09955580978691891,0.136839080091819,1996,256
401,0.01278257115439863,0.9984857813590051,2030,256
402,0.7052219681758003,0.44244607063243313,1973,256
403,0.48380544544687354,0.6936351516338072,2073,256
404,1.3392124445035472,0.24869003894203534,2002,256
405,0.3453324481751426,0.8113108088154741,2132,256
406,0.2804922045016275,0.8841722680453504,1920,256
407,0.8459263595369695,0.7481768474735476,2008,256
408,3.235628111841439,0.0001929210979877416,2116,256
409,1.7217938788497675,0.5945409622102538,1941,256
410,0.43894534961301596,0.8642879751539996,2046,256
411,0.9764314820246505,0.6577833873448079,2167,256
412,0.5266798725662861,0.34686485168719794,1990,256
413,2.3905320287269514,0.8966289365497321,2018,256
414,0.8722201600282021,0.002334418088076551,1977,256
415,1.549022833176809,0.03756045214576431,2163,256
416,1.3758688937666486,0.9081253214123983,1927,256
417,0.4900068201879083,0.7390009614629197,2082,256
418,2.757560744422144,0.45998805170729506,1937,256
419,1.3116267081657587,0.5217284889424524,2109,256
420,1.0375051403245412,0.38361776106493295,2012,256
421,0.27265096406229844,0.11800810593720745,2039,256
422,0.2114679461762858,0.4783172149774497,1924,256
423,0.2277423732793364,0.4151772470954047,2124,256
424,2.963710261273198,0.08388250906550765,1949,256
425,0.3879289985068605,0.8908806302981144,2175,256
426,2.560885582073816,0.8090954919769034,1994,256
427,0.5828494191406598,0.924148961821232,2135,256
428,0.19589447751266267,0.3085561005220062,2030,256
429,0.3780225932873235,0.8050238961424327,2078,256
430,1.2672266828954444,0.8926035896134031,2104,256
431,0.052972161398199255,0.2773143515299977,1961,256
432,0.054225911133794505,0.0456197733396726,2080,256
433,0.3390274854704597,0.7797222792512489,2014,256
434,1.6854931038734011,0.9394854653868033,2034,256
435,2.62586522649064,0.665912185056077,2005,256
436,0.43537915700827495,0.02052484680592015,1938,256
437,0.6628678469818926,0.6285844780108849,2047,256
438,0.8778980493753773,0.49211462912592174,2077,256
439,0.4017262836960045,0.5921814589582637,1979,256
440,0.9837159075403309,0.61294972010165,2059,256
441,0.2968195202687306,0.9055928945333446,2171,256
442,0.9819276029403886,0.05755619053365735,1956,256
443,0.7279507162833181,0.4647673008573362,2098,256
444,1.0518968476169266,0.201131428143701,2111,256
445,0.06631404152779072,0.6422294595641491,2032,256
446,0.2295298689347813,0.8825302214462825,2021,256
447,0.03077331021109476,0.8575350455945431,2062,256
448,2.8438164474049277,0.29727135784145475,1932,256
449,0.5077766978434427,0.9162441058217143,1983,256
450,0.13665092312090485,0.6596012614331929,2062,256
451,0.8174614151058609,0.8152788862921564,2065,256
452,0.7575378289040151,0.1568067535149742,2106,256
453,0.6029897287982129,0.4603637453524201,2122,256
454,0.5760458921984934,0.49228222639166597,1941,256
455,0.8107813866235232,0.7840138703995028,1976,256
456,0.03244992984414593,0.8838233237865886,2158,256
457,1.4775173114786724,0.6915452859553143,1933,256
458,0.22530510370854773,0.0380739067150464,2157,256
459,0.7146027624746257,0.8961720533833246,2076,256
460,0.5601818662304877,0.5002389427039163,2115,256
461,1.7640653532037704,0.6874498554318298,2154,256
462,0.03829415639192622,0.37005062279428014,2012,256
463,0.11052243088889374,0.347679982162885,2150,256
464,1.4209790204113677,0.03380374841634348,2031,256
465,0.5683935493037866,0.1151434438207356,2149,256
466,0.4544856945314829,0.08992502998657093,2132,256
467,1.5451446791591967,0.48731724570521273,1929,256
468,2.705944639292044,0.28826183611644773,2097,256
469,0.574507393869166,0.39087280035251215,1984,256
470,0.11140554505082262,0.581611360736336,1987,256
471,0.5369745564088944,0.7721847170960487,2170,256
472,0.8484349553609974,0.9195562356095782,1973,256
473,0.5901194739278752,0.007353345633137498,2012,256
474,0.15127096527024025,0.5345614811214837,2047,256
475,1.2796844939498928,0.33777449903661183,2081,256
476,0.3685019407858223,0.3361802858839905,2106,256
477,0.4399649960481653,0.4331798765480491,1954,256
478,0.13066916822594693,0.14476978031222731,1951,256
479,2.0469100837945677,0.6369016575508059,2162,256
480,0.057333683771792925,0.9210140401504264,2050,256
481,0.15502944977365402,0.4920412181118139,1943,256
482,0.0033858674508788628,0.4452282419495275,2167,256
483,0.36801575649125673,0.466275400576722,2057,256
484,1.5343403441588974,0.4456574666358927,2144,256
485,1.8839491347257327,0.42488304019666756,2030,256
486,5.898278650263259,0.7283575507016274,2077,256
487,0.22082103689619437,0.2241546778876018,2174,256
488,0.05134721256701169,0.2687686901423798,2062,256
489,3.997062286897271,0.1495741166763236,2105,256
490,0.49675441638841417,0.4189773510100252,2175,256
491,1.3508722077672854,0.39904321076770943,2036,256
492,0.6753267039010532,0.18159476697888632,1948,256
493,0.05589821603744376,0.023257639227843074,2001,256
494,2.9239521018033,0.7730116440409897,1987,256
495,0.32340632886808385,0.19986993134414321,2153,256
496,1.8013733572097348,0.2083159280232152,2127,256
497,4.707594508686007,0.36573476795294113,2129,256
498,0.007881601326237992,0.8801078401369282,2039,256
499,5.181631291573245,0.25405832566010145,1959,256
500,2.1960549309031467,0.6600103082301816,1936,256
501,0.07826079613443412,0.06816291611021552,1970,256
502,0.17363540495625243,0.7299085896802692,2013,256
503,2.9483510966210282,0.8750077712695828,2141,256
504,0.16106490966803422,0.40030262956313634,1995,256
505,1.858171361550988,0.40340557769627994,2035,256
506,0.23252636019595083,0.16771224889315706,1968,256
507,1.4526793449687074,0.9360663371559653,2044,256
508,0.3615118564065729,0.4031116403858731,1976,256
509,2.472041730090887,0.25152781098314425,2073,256
510,0.07440120982269374,0.23821543187485394,2122,256
511,1.0831055172806865,0.19141606124427735,2047,256
512,0.05676654064120556,0.6636914073874641,1983,256
513,0.35961514120611554,0.6987212640538359,2031,256
514,0.4062662106436664,0.357429769424903,2120,256
515,0.32721093374802573,0.8114490712640944,2079,256
516,0.16003755154919236,0.5783221933525295,2134,256
517,0.7848483984293045,0.35836771293126,1955,256
518,1.4631816500751482,0.27964873345710695,2019,256
519,0.5872742526078357,0.4117721493416684,1965,256
520,0.7813380784578997,0.5401284163467858,1966,256
521,0.19436988877722516,0.22688091943360333,2075,256
522,0.5779953473583844,0.1551106735365816,2038,256
523,0.3379138589083075,0.529675859450947,2067,256
524,1.0044312331908116,0.3824730575026203,2091,256
525,8.226015081849559,0.6111119925820309,2159,256
526,5.696226133840275,0.27498995724397624,2089,256
527,0.22326913617546265,0.46061020584203083,1993,256
528,1.2716169605160408,0.24255568871017785,2046,256
529,2.281190134689646,0.5685052374068141,2156,256
530,0.8802123328043846,0.28586092219400816,1961,256
531,0.004988954135507531,0.34928614072228004,1937,256
532,0.02811307356670409,0.6566967374729535,1921,256
533,0.891240269363623,0.6108679282347675,2044,256
534,1.3851522320501795,0.6982034317595963,2071,256
535,0.31259991923926583,0.006314181356538828,2110,256
536,0.34407092816184437,0.821494982553681,2042,256
537,2.307461814976497,0.47372473309927143,1924,256
538,0.05416828382831576,0.2994178767945096,2024,256
539,1.1582179534827122,0.9977130725881564,2049,256
540,0.22296731657986113,0.08937821666408574,2063,256
541,1.8363820686932506,0.816223650809077,1938,256
542,0.8996421200795248,0.896970554080868,1986,256
543,0.8816352967514364,0.8708521556915738,2024,256
544,0.057485400060455986,0.6077716146242453,2069,256
545,0.33139795476792927,0.05578690682280174,2123,256
546,3.1062415228965117,0.6318856158806875,1948,256
547,0.7062259750485301,0.748716092946747,2119,256
548,0.49710993739275344,0.37220291208396117,2013,256
549,1.349505639931341,0.6499955110659223,2027,256
550,2.5367970640903987,0.13871138302554042,2174,256
551,1.240215444423003,0.5660357140724702,1926,256
552,0.44602010818936255,0.05282680093986136,2054,256
553,1.0897521336990899,0.15217155042868047,2045,256
554,1.6629494198982462,0.10501311572752525,2159,256
555,1.816902037636627,0.09098859836646978,2111,256
556,0.45275873997461574,0.6656897293364903,2007,256
557,0.6677578003669818,0.368793187389017,1937,256
558,2.5254847991013465,0.3065725043819719,2044,256
559,0.38848612894123874,0.5602100419426982,2015,256
560,2.260763025549306,0.647880943845582,2115,256
561,1.521948685550584,0.364323329268861,1958,256
562,1.9979363496900084,0.047031401373214266,1970,256
563,0.5688413288573468,0.2483263154265759,1986,256
564,1.7833253090713397,0.5148560039265211,2171,256
565,0.008011528039166053,0.8144540829194082,2128,256
566,0.03381529738972252,0.09945402096272327,2148,256
567,0.6272698241720281,0.364948573020322,1973,256
568,0.9529660693910036,0.7808726963244508,2057,256
569,0.15686910866056442,0.7405300167705039,2158,256
570,0.29153446971627,0.7182902032893199,2164,256
571,1.1008150710704425,0.10673448815743791,2141,256
572,0.5719106649959774,0.7181443890691157,2039,256
573,0.16007227961239634,0.25010228136004076,2139,256
574,3.8064206103200773,0.9877804351753294,2124,256
575,0.9285980957191436,0.5987617933239031,2079,256
576,1.3032231178909095,0.2101833801140287,2077,256
577,0.6968443127097179,0.3358440438106647,2155,256
578,0.5337831167621526,0.4040540222893244,1981,256
579,0.4636459927371282,0.15285007032937137,1970,256
580,2.0773402240540397,0.658307353535872,2029,256
581,0.7620567161194565,0.9307513969298841,2099,256
582,1.1093550727099597,0.5468702017222229,2135,256
583,0.12598498303835073,0.7379330670218857,2128,256
584,7.2476999862744025,0.5392911654815731,2068,256
585,0.2721986917718217,0.7884230724319744,2097,256
586,0.14556147344598305,0.3017528498926877,1939,256
587,0.1086603982030203,0.3417690182450228,1923,256
588,1.348408889299747,0.15906982320995822,2002,256
589,0.1997431008791981,0.3772197102332864,2133,256
590,0.21678576738102687,0.23709599644818724,2149,256
591,2.764914886474044,0.5205724039305557,2091,256
592,0.8683803794730558,0.3237242326176972,1929,256
593,0.32348030418892465,0.12386794844048465,2102,256
594,0.7666481580596811,0.4293668753145159,1956,256
595,0.9074219186787057,0.5731706702833922,1990,256
596,1.1560606786768683,0.6564488051624855,2051,256
597,0.47519284471026035,0.9293648502638595,1967,256
598,1.2772634692312226,0.19670007606255968,2146,256
599,1.030688358014869,0.9694498708978208,1983,256
600,0.2608887098794572,0.6725985227560624,2167,256
601,0.06496390704645909,0.08716518327049261,1997,256
602,0.2878076586667611,0.8954050724049449,2172,256
603,0.8988296601737376,0.9669366381777087,1944,256
604,1.5740007565729812,0.20500559738216484,1982,256
605,0.18027414515662615,0.8439895704561978,2000,256
606,1.3782295302686616,0.0904467578018241,2049,256
607,0.15731872532492047,0.07213855663509638,1981,256
608,0.06576697058672752,0.726192033456187,2158,256
609,0.777151366374856,0.5341200705470905,1945,256
610,0.9123620690655806,0.2984263654160285,2145,256
611,2.516522580924501,0.4393750115827363,2021,256
612,0.11349306102809795,0.9111829780043804,2045,256
613,0.19678408869416217,0.6315998504433237,2078,256
614,0.5456175673119844,0.35370375484550676,2016,256
615,0.4599505628816086,0.9377593249469491,1937,256
616,1.429069893951992,0.308011775055236,1956,256
617,0.6138027081987636,0.9359746861228427,1993,256
618,2.2250680411256423,0.5179515651512234,2141,256
619,0.6897868974243527,0.5033962683148927,2051,256
620,0.4460848318136791,0.5147735629393515,2058,256
621,2.2292611066128587,0.9275838977591272,2142,256
622,0.05608453867522168,0.5265714486659215,2121,256
623,0.6789561136749267,0.03026816219347339,2111,256
624,0.3551674158133358,0.5402175688640561,2030,256
625,0.23769519867014832,0.547547516304591,2109,256
626,0.1690524343177382,0.02214536085378005,2147,256
627,0.18655015938541403,0.26374787653859955,2073,256
628,0.9977715586761587,0.5823451214219583,1924,256
629,1.2918453361307567,0.7463826331427641,2020,256
630,0.5989501091744667,0.8991157255545789,1926,256
631,0.48680934145455,0.6385921852157924,2075,256
632,0.7645043704324654,0.3213521240387178,2103,256
633,0.08279900942719354,0.6613174804338106,1942,256
634,0.512541697694536,0.2957413227851049,2088,256
635,0.0764763557428272,0.3149625982664911,1988,256
636,0.5910958870170929,0.16802008292447124,2024,256
637,0.9652217585103888,0.5787668087622481,2003,256
638,2.268580704326587,0.002036344402409851,1935,256
639,0.7545699743677582,0.4888935401112525,1943,256
640,0.14670850971999586,0.6269775764337784,2103,256
641,0.44420792809223875,0.9489380984047799,1974,256
642,1.3892844571166822,0.3758183993824631,2120,256
643,0.5325931060574928,0.04470880299495883,2021,256
644,0.39665190766735936,0.13927007011097237,1988,256
645,0.5875695616242259,0.118024650155783,1940,256
646,1.3765907185365729,0.9069927400122124,2108,256
647,0.11305089606369634,0.9816737874419227,2123,256
648,0.9396463336878138,0.5587501344371278,2097,256
649,1.27381064611639,0.8711440718120683,2066,256
650,0.47106865400772496,0.9118658256714725,2031,256
651,0.07990018775493206,0.027799037840314678,1978,256
652,0.5275186819730292,0.8633161234054056,2091,256
653,0.2736690324601234,0.7044584174924376,2065,256
654,0.07968949138749908,0.7889566319039802,1949,256
655,0.7792186945950349,0.9773794531911318,2127,256
656,0.5646586870705027,0.507734674780616,2104,256
657,0.5575244229184826,0.8316895694771675,1997,256
658,1.3697962051388104,0.2630003660650594,2060,256
659,0.6309387851133079,0.35610757745158306,1925,256
660,1.8503410121199309,0.7025452545499344,2001,256
661,0.6711108477312904,0.5829466931432672,2033,256
662,1.046483608326495,0.23507282568661692,1921,256
663,0.7573554988800174,0.1641068195019021,1963,256
664,0.6366974654432763,0.9602280313138434,2033,256
665,0.808525510068185,0.6616634064121063,2041,256
666,1.8845330899413457,0.331094999259651,2124,256
667,0.0016666752086799165,0.5257310111505497,2092,256
668,0.8012685459548876,0.9265264132609751,2155,256
669,7.147558976147536,0.8429941545204913,1982,256
670,0.8327390072600498,0.4447370975377425,1920,256
671,0.8635538156401309,0.41269470235367667,2176,256
672,0.24761198838234727,0.9281788554923718,2099,256
673,0.1575007863582578,0.25999269936860636,1952,256
674,0.07551577493217859,0.891083261650558,2160,256
675,0.7133516247724003,0.9682247287055058,2079,256
676,1.5837041271665508,0.4061174701853507,2116,256
677,0.5437323895568168,0.20270168908405284,2149,256
678,0.031101653724411104,0.658622984252625,2005,256
679,1.0841235164687135,0.8371478450096691,1960,256
680,0.1133647421685615,0.33982388083760473,2163,256
681,2.89839887959033,0.4664964777310513,1950,256
682,0.8463154401816722,0.22068150207060366,1970,256
683,1.6309338151603499,0.45229983034243937,1990,256
684,2.097780835215242,0.360388951425198,2058,256
685,0.2045744502118119,0.839458631878149,2145,256
686,1.0999485976946852,0.3017220782472574,2033,256
687,0.2743933186754293,0.083223947041702,2087,256
688,0.6534694521393968,0.6340611936872834,2148,256
689,1.2067262916808867,0.9378307449160657,2125,256
690,0.3982039929003254,0.6927176428350242,2057,256
691,0.026676872026798245,0.8067935263722971,2093,256
692,2.0426968420385987,0.5876000306103786,2008,256
693,2.267385864941089,0.6197559564391271,1963,256
694,0.32279867360826764,0.9268110882962854,2158,256
695,3.6007188739166986,0.24669867736257256,2106,256
696,0.18361684836520023,0.9360267689013352,2096,256
697,0.5553767246615747,0.06504387126808575,2066,256
698,0.723494200184389,0.13827686601340494,2121,256
699,0.5173023912266738,0.14471589381778016,2167,256
700,0.28452009647399945,0.6798911782238312,2173,256
701,1.3563535394692678,0.08059818609101721,2041,256
702,3.3196027715537357,0.007451450055371733,1937,256
703,0.28845950806865206,0.5625024662259621,1993,256
704,0.8703209795480595,0.4914353697003435,2069,256
705,0.9020849551805933,0.2382046900111432,1964,256
706,0.252475736880637,0.1851012581793149,1964,256
707,0.8930222807541167,0.5020679675201898,2082,256
708,1.9400660501060616,0.8712167293478524,2157,256
709,0.5721383041317631,0.42619634133525264,1976,256
710,0.35569916131620016,0.5470828995852519,1959,256
711,0.08506090811835804,0.4779952520474262,2049,256
712,0.2823416861479594,0.25456734484278376,1920,256
713,0.3057601576466924,0.389893356747955,1945,256
714,0.4719517709869722,0.23292935428792383,1984,256
715,0.8483397430184283,0.0497210111817018,2067,256
716,1.6726624891426294,0.45735428998649075,1934,256
717,0.23010514576617758,0.7666145247204446,2092,256
718,0.7151191002293976,0.2666357408555923,2166,256
719,0.46077178626554854,0.8335791418538482,2141,256
720,0.3700384058305099,0.23791000980149046,2173,256
721,3.243682783101537,0.3681001995519221,2141,256
722,1.0200701001312662,0.24306616416754534,2020,256
723,0.31652549351177806,0.25127956420383035,2078,256
724,0.5828685207179364,0.40298325133178337,2086,256
725,0.5380277273497592,0.782573522257233,2071,256
726,0.5319216396052531,0.1457844223540632,2161,256
727,0.9586228167792028,0.7592206944992754,1940,256
728,0.6712755936858776,0.9817309140997078,2075,256
729,0.73130160269235,0.945897625469144,1971,256
730,1.6416836818945568,0.1463922230546797,1972,256
731,4.129500737540998,0.5438508331637215,1939,256
732,0.1269108374004827,0.5917695455289199,1949,256
733,0.3449373614387041,0.014375717031674395,2001,256
734,0.6005320297167327,0.03023691821355501,2157,256
735,4.609447412855637,0.1310483010340734,1996,256
736,0.6116483481673178,0.7956432858776822,2149,256
737,1.7253750191676436,0.32308884882355393,2139,256
738,0.8566356379329134,0.13399687972380792,2061,256
739,1.0154644249608367,0.4777769381839235,1963,256
740,1.5145180565140335,0.8479520724289797,2010,256
741,1.8648997841174115,0.9471976211839598,2087,256
742,0.22773660689942538,0.8513499426008808,2026,256
743,0.9896726206201509,0.6282702981207189,2044,256
744,2.508518057793342,0.7163388793597062,2024,256
745,1.1379390819597879,0.7055697868036402,1949,256
746,0.05058833067157748,0.23046710941874804,2005,256
747,1.898542714760056,0.4808516940899241,1938,256
748,1.1909375755263336,0.8585471395192116,2139,256
749,0.6152366972826608,0.5573891700784336,2089,256
750,0.3658556813980987,0.24966726274912798,2040,256
751,0.6350221572753237,0.3526399991563274,1954,256
752,0.7513173155816867,0.7605831469149326,1995,256
753,1.5490654223336677,0.7590227660312181,2028,256
754,1.38038938670008,0.1818803062283224,1937,256
755,0.36088697972727685,0.8072662106873727,1978,256
756,0.9508355145096723,0.3228175563238891,2019,256
757,2.794013510014206,0.5024826062901513,2166,256
758,3.067124218878821,0.7306902737566676,1953,256
759,1.6754108169799766,0.9764919269215057,2095,256
760,1.3993544833921658,0.3928091320971011,1965,256
761,2.475958250369867,0.820891525981574,2088,256
762,1.6690593209598354,0.4605946621087399,2003,256
763,1.8627727390240967,0.9896738171325187,2152,256
764,1.4125809161523026,0.23942039080404998,2145,256
765,0.5847216558996797,0.1896152223314801,2062,256
766,2.3152432192816024,0.647225287124506,2131,256
767,0.1896587740652067,0.9176494778764169,2117,256
768,2.5304619422790853,0.45044502535563924,2086,256
769,1.7369625301602463,0.7743981106151373,2171,256
770,1.6191091931903459,0.03906581655789387,2056,256
771,3.4056017772104843,0.20218013315490868,2136,256
772,0.9537465106095452,0.38487645733982034,2095,256
773,0.08624086405965625,0.3090595018894169,2085,256
774,0.3017929915900404,0.4794874310259579,1988,256
775,0.18574065453673985,0.8744508872765231,2033,256
776,1.9499643660258354,0.16798221837850624,2018,256
777,0.08063989230750042,0.7238435384749168,2085,256
778,0.06879868773979486,0.2366407813151381,2140,256
779,0.3286344371274972,0.26744641530506097,1946,256
780,0.008646687938497162,0.9682006153905807,1922,256
781,1.3601899650907419,0.3687892447350172,2093,256
782,5.1270137412042205,0.423215849040405,1970,256
783,0.7299935908618863,0.5341120374141356,1991,256
784,0.8596185154592221,0.2674326193890416,1937,256
785,0.44241851483364847,0.4198145593750985,1940,256
786,1.1899772411666902,0.949679881796538,2136,256
787,0.37089668589265246,0.5219434979386791,2145,256
788,0.9182945606607771,0.8537171253120889,2167,256
789,0.008351250948152545,0.3745855032377433,2024,256
790,1.2495634529475372,0.15401921135242902,2000,256
791,0.8633600726495703,0.2588016504282803,2049,256
792,0.23144443687498192,0.8235252006968173,2032,256
793,0.9246911151409832,0.5642135797529303,2119,256
794,0.8383255370754619,0.7792687276345595,2174,256
795,0.8915092387943769,0.07381030055214988,2091,256
796,0.23485344864994115,0.09385908858264358,1992,256
797,1.2566652340376534,0.2817504690712198,2019,256
798,0.44309701475157304,0.808394335072926,2057,256
799,0.7099830333539913,0.26179464338182834,2121,256
800,0.297326638669046,0.14421647101526913,2139,256
801,1.407741964173066,0.24126906160229666,1958,256
802,0.09503123242543578,0.47757636908632606,2074,256
803,1.3888991423898798,0.7848407203151898,2061,256
804,1.4233047715342635,0.014806001526316726,1921,256
805,0.33773368756617717,0.03072210197880476,2154,256
806,3.9522354230002783,0.9888740255561009,1978,256
807,4.257906239710381,0.6545630689607909,2046,256
808,0.8391069193553625,0.7493290706363906,2018,256
809,3.2212173062453484,0.5521328445617925,2116,256
810,2.275618674331927,0.6580686874982443,2152,256
811,0.04488791423507325,0.14565580731871186,2111,256
812,0.047236054256648466,0.0391607930767115,2098,256
813,0.1094044459129601,0.5191374342870804,2000,256
814,0.6834118092522802,0.5914429621869942,1981,256
815,0.004134070294498042,0.5751493085344668,1928,256
816,0.380406735223462,0.9936739642361372,2022,256
817,0.5252785455731722,0.5706236965835313,2166,256
818,3.510439935132391,0.2758602899023864,1968,256
819,0.5833883109504582,0.9524777003056087,2176,256
820,2.267085543792048,0.2331318116544181,2032,256
821,0.5207586647910195,0.7036162151942091,2084,256
822,0.8486924791080197,0.2943806801277784,2046,256
823,0.04346474983687735,0.4157611353497448,2140,256
824,1.658513527571744,0.2881075869247297,2022,256
825,0.016568275542637952,0.6644556871316217,2149,256
826,2.1568595064001017,0.7318339216055976,2155,256
827,5.414008134581318,0.7805172029981404,2041,256
828,1.2047349014392932,0.6485525859969921,2023,256
829,0.762506089496634,0.43990997739260373,2069,256
830,0.356193019326873,0.8090034280822541,2101,256
831,1.190142431250337,0.5778387520078332,1932,256
832,0.8448080883488938,0.8016633125492245,2018,256
833,0.09598554194066215,0.6536610442222403,2036,256
834,1.1187676270832643,0.8974592441427206,2088,256
835,2.320319566025914,0.3690992216834409,2003,256
836,1.010782280218588,0.6387447862459245,2161,256
837,0.11029970827190133,0.11003503245328494,2148,256
838,0.39100033017480335,0.46725644646323894,2020,256
839,0.3112067017541159,0.9592804116327489,1929,256
840,1.090567805917955,0.9239022056789307,1958,256
841,1.2362477513725647,0.3088724196624504,2146,256
842,0.9058123997213142,0.099561889776423,1923,256
843,1.5563982974575143,0.45825354286403874,2005,256
844,1.0972636906718731,0.5020917712991114,2072,256
845,4.7783678858458,0.9041703043996333,1931,256
846,0.15241636136957595,0.26297526283261496,2093,256
847,0.6968870666052231,0.21424396635688203,2034,256
848,0.9568213875114184,0.05456537754152846,2132,256
849,0.30891858188285054,0.4534763052938079,2047,256
850,0.39023347307970935,0.9198838398556584,2132,256
851,0.3756393522269379,0.13067509911964903,1994,256
852,1.5543726393328325,0.2851186617697993,1962,256
853,0.6198129622157768,0.21936827826980032,1961,256
854,1.3020675484581516,0.9016918515892197,2173,256
855,1.2818510185753154,0.819766537300357,2025,256
856,0.31687826805282,0.02266950499331366,2091,256
857,0.2818856835075231,0.012728004859614228,2159,256
858,0.168032396627174,0.7080181531308218,1956,256
859,0.157971605067469,0.1662710287476067,1973,256
860,0.8400520021672767,0.5471626787052803,1935,256
861,2.4748586422516943,0.35712876196445686,2003,256
862,0.24862830461962498,0.5930925957148989,2025,256
863,0.2700274198804399,0.5725686293174705,2136,256
864,0.3692828353519078,0.24930170013791708,2028,256
865,2.5885625951709934,0.4853744912506005,1955,256
866,0.987379481347488,0.46990797833455966,2122,256
867,3.1894775808743736,0.2997601701601016,2146,256
868,0.9161177988285254,0.7086197909433654,1979,256
869,0.07979601534291994,0.5882319872351328,2106,256
870,0.08425545090669198,0.12992445381690798,2002,256
871,0.3158394636979102,0.8663669272211177,2071,256
872,0.8068819488320174,0.6744365217701112,1979,256
873,0.3352613056205359,0.795147838362761,2135,256
874,0.6561325754108089,0.09152917732653199,2143,256
875,1.1980454624274623,0.03525980924578076,1923,256
876,2.4081572669306626,0.23051653897607471,2108,256
877,0.33019918178871044,0.8486876729832479,2112,256
878,0.3947150891593807,0.18125765634015412,2158,256
879,0.06443877820872079,0.820230755612424,2071,256
880,0.7320457743529037,0.2701003421325542,1946,256
881,0.6169926227069186,0.9096232341262275,2168,256
882,0.27659156498527565,0.21795713104947223,1964,256
883,2.7478732769116534,0.6180262182728908,1984,256
884,1.4219465069038568,0.22398355201031583,2035,256
885,0.8276860751816028,0.07385225869408552,2052,256
886,0.11207546759482792,0.41420055687742785,2056,256
887,0.24956523792755303,0.2914736894676929,1969,256
888,0.30822803719596087,0.46082640380160733,1962,256
889,0.010943567811486372,0.1932818938775387,1988,256
890,0.43433671968448245,0.18491871053947218,1996,256
891,0.7051526322111851,0.6151213412056167,2008,256
892,0.9358724313041409,0.021470404168882906,2074,256
893,1.5231562547155377,0.8109053183374606,2093,256
894,0.5672467939445126,0.9911117356700022,2079,256
895,1.2704617264667935,0.21430444414503624,2053,256
896,1.6350443830185504,0.09288149666675904,2031,256
897,0.6665773172557119,0.5039933846857323,2067,256
898,0.764079896132244,0.6576364590775362,2105,256
899,1.3676083730840987,0.3998363361519117,2053,256
900,0.11365491535309334,0.946570398907867,2049,256
901,1.8247832029773259,0.1206650721652528,2074,256
902,0.5358994087472014,0.9702889336773237,1986,256
903,0.06888287011984989,0.2342727659319942,2161,256
904,0.4550058888182412,0.7386108571786593,2002,256
905,0.1338949494824771,0.004650061392017624,2158,256
906,0.37226568892779,0.008468214034041854,2175,256
907,0.7868841958587021,0.7404208564215055,1998,256
908,0.6565503898470705,0.47283725251702113,2158,256
909,2.162048191160628,0.08683636808069772,2140,256
910,0.38822968004132236,0.21614877221594075,1930,256
911,0.02788323266789394,0.6089289755643953,1991,256
912,0.374682674077868,0.1365816837101691,2054,256
913,1.4806194800590167,0.030308909253905503,2051,256
914,0.335160981821021,0.807579536110115,2094,256
915,0.37751694007148534,0.9115001042647819,1943,256
916,1.5501505171566392,0.03964628889715538,2161,256
917,2.502780277065127,0.26981413266078236,2100,256
918,0.0021656915775228863,0.3945885318320299,1982,256
919,0.2828002263884988,0.5849116133138087,2071,256
920,2.373461994372537,0.19732960111747855,2118,256
921,0.09836624985447177,0.6974497653331022,2162,256
922,0.27518133265872163,0.9551631755773082,2063,256
923,1.2730115489923992,0.22623713872297935,2125,256
924,0.5558318476766356,0.42774747287005344,1932,256
925,1.1198482233329707,0.37701704274121073,1928,256
926,1.52207850968608,0.32616454118928595,2038,256
927,0.026863436531244393,0.7085175985847646,2133,256
928,0.8382438654975939,0.780281705967633,2163,256
929,0.7088476027505497,0.26307449410458783,1953,256
930,0.0002418012809241555,0.5158906015096396,2146,256
931,1.0668567248858647,0.14983776919919345,2071,256
932,0.09750338083743848,0.2294239471529923,2062,256
933,1.3649940831072518,0.20851578203313648,1952,256
934,0.1315977063379656,0.4235107930716786,2017,256
935,0.5887494352646566,0.26906227945052197,2030,256
936,0.24930172626137972,0.427403646208913,2160,256
937,1.1128009700010741,0.3864656100693532,1966,256
938,2.8094510734957963,0.5771324956913213,2150,256
939,0.31361768610726626,0.18770731618052006,2086,256
940,0.7488657790497176,0.5335540666828946,2066,256
941,0.1770644936593618,0.41630840267175706,1982,256
942,0.7224994229576959,0.09417707899014238,2158,256
943,0.7220716324380287,0.6661099143048944,2102,256
944,0.8543462135626739,0.7090579684971807,2086,256
945,0.45382607729911556,0.18015563079768349,2131,256
946,2.9304038681778954,0.8791475731889435,2019,256
947,0.49203504491819444,0.05537772812125774,1929,256
948,0.25890851400268444,0.012756991899660064,2057,256
949,1.1894494800446953,0.9445467057255822,1923,256
950,2.061063246005905,0.06480933687319179,2144,256
951,0.4571775531894196,0.3455203504421972,2037,256
952,1.1042069900514098,0.22025275798405042,2086,256
953,1.1376921983825736,0.7984081931609516,2150,256
954,1.9801241225610156,0.8554896445823457,2058,256
955,1.1495508783707826,0.8844444828552988,2170,256
956,0.49449576581512855,0.2737952941065659,1974,256
957,1.5597295738739894,0.9212984668412648,2075,256
958,0.5483239241275863,0.8213839083051367,1982,256
959,1.2692621065365361,0.6056718713614442,2091,256
960,0.005944360198269712,0.6549929557822141,2167,256
961,1.7120064682783922,0.9865059748168481,2114,256
962,0.9767188434197143,0.15699985317842702,1998,256
963,0.6481421904985532,0.2955485782540139,2105,256
964,0.6375683079896635,0.4580228225162931,2034,256
965,0.9202403811681508,0.9032737552880629,2121,256
966,0.30352947215603965,0.9375018136748401,2064,256
967,3.3275627766830436,0.8971372833306188,2020,256
968,0.028761384685147804,0.6308784516852032,2094,256
969,0.2594203628299171,0.6806118893336948,2174,256
970,1.443961542910267,0.3154584434016624,2088,256
971,1.387297672928682,0.6927295298249809,1958,256
972,0.2763203104036263,0.4002646098262945,2125,256
973,1.4094547361521041,0.4934039247296407,2089,256
974,0.11484912168303284,0.5455255948537476,1964,256
975,3.4048646247569243,0.6537841650898082,1941,256
976,1.1841156823021417,0.5666652150866515,2087,256
977,0.13380707225369623,0.007285353275495288,2161,256
978,1.0021361892357892,0.04500653204417093,1986,256
979,0.40402866400419446,0.438513628697373,1966,256
980,0.6191623381482025,0.584426422716074,2137,256
981,0.6045447121100741,0.9263750175638251,2143,256
982,0.10102959244498061,0.7710727662480292,1949,256
983,0.6867812883490898,0.8131106203750781,2054,256
984,0.016660331602182325,0.22402134845620492,1971,256
985,0.6959880797397675,0.13278232243816812,2121,256
986,0.2515042080776525,0.6680918933048777,2076,256
987,0.13095004313618624,0.4329618963342665,2058,256
988,1.661196654848053,0.6186624819828502,2070,256
989,0.13914187902279757,0.3485214474153394,2122,256
990,0.49472663184362525,0.898015049388198,2033,256
991,0.7927335507147173,0.3431916148803833,2070,256
992,0.4376185763320437,0.8721945679293613,2019,256
993,3.463362231808936,0.33971047643820185,1948,256
994,0.8374352625530523,0.007519553460390016,2055,256
995,0.7864196590134017,0.3208901281874691,1930,256
996,0.22739482235279543,0.16353786725921138,2137,256
997,1.3569984672016555,0.23289902136381602,2119,256
998,1.132470652101391,0.37742465009617343,2080,256
999,0.03271153414798311,0.13531904828934616,1949,256
1000,0.8405440156890474,0.03422232888537269,2124,256
1001,1.7140547091027272,0.728974883799766,2069,256
1002,0.7268157467213641,0.559649735527539,2095,256
1003,0.5592615825404511,0.11235956886204546,2137,256
1004,0.9195815636423672,0.0679790382348121,1990,256
1005,0.04317500206972774,0.9952778086005873,2043,256
1006,2.6640797103456664,0.44488879939849224,1931,256
1007,0.639710430060208,0.8825274809884008,2150,256
1008,2.937082485157857,0.9533904716198738,2157,256
1009,1.0661070986579162,0.82797060603199,2072,256
1010,0.11251359143764524,0.33976738855294575,2095,256
1011,0.4073764552974143,0.8322065586347186,1927,256
1012,1.709790395547538,0.07173226441774394,2148,256
1013,2.0202279649284285,0.36697231283389453,1967,256
1014,0.6289963638166088,0.45716718321046923,2159,256
1015,1.8855799034145786,0.6651021376174188,2104,256
1016,0.7953495544045205,0.3507165714678836,1989,256
1017,0.5784591032951607,0.8554560937752853,2152,256
1018,1.6072511923631794,0.06967359709584753,2136,256
1019,1.0504522946005994,0.40630984780218293,2099,256
1020,0.13686237450399283,0.7174747973742,2080,256
1021,0.023156004055763513,0.8910171309456111,2168,256
1022,0.014779782478597367,0.4499466247191398,2035,256
1023,1.160920864783326,0.30423836209089117,2169,256
1024,1.6169912092155156,0.8865088518135841,1979,256
1025,0.18271219802688535,0.5461338463853171,2038,256
1026,0.6188265693871837,0.14833126812967123,2034,256
1027,1.3406714086697629,0.8960824011689325,2001,256
1028,2.5949039022659632,0.2745850676937912,2040,256
1029,0.17910572265710897,0.06871621011846829,1967,256
1030,0.9645098159092056,0.8575328910191801,1931,256
1031,3.582109616035177,0.17243744526918803,1924,256
1032,0.2951340710722252,0.7923657453498363,2060,256
1033,1.0157397146493496,0.4695306266628393,1929,256
1034,0.46631103469131974,0.6327147216447851,2056,256
1035,0.6474953105485827,0.795064486741795,1928,256
1036,0.5084135623364519,0.31287916866945564,2000,256
1037,1.1997405000302956,0.26088149837212726,2074,256
1038,0.6552774318496063,0.3039836643742654,2120,256
1039,0.18541726986756404,0.44275104548696753,1924,256
1040,0.4376747745335576,0.19215390206833094,2016,256
1041,0.40396532903664234,0.37038135037974007,2019,256
1042,0.977726272975871,0.8620592135922469,1932,256
1043,0.20929113898185495,0.39857455864602553,2121,256
1044,0.48056263423303,0.7718847721761594,2114,256
1045,1.6492672186305064,0.13063311450900272,1961,256
1046,3.5570025687734845,0.686010590670171,2113,256
1047,0.04466333613605486,0.5208148665328782,2091,256
1048,0.08885339056364323,0.669852750281427,2156,256
1049,0.30603509961922487,0.8114125230077641,1984,256
1050,0.8097144539125705,0.017163196678027237,1998,256
1051,1.701637602781804,0.01878299082209589,2112,256
1052,1.1294710972758344,0.602836015697239,2031,256
1053,0.38313713639056607,0.3721949518369735,2145,256
1054,0.38409060690779223,0.6463268268145166,2060,256
1055,0.8793987785023241,0.518984100952559,2026,256
1056,0.5391895259959696,0.4199872650233599,2064,256
1057,0.591643492238838,0.4044177206900268,2136,256
1058,0.11077515185253928,0.0011843903118542443,2007,256
1059,0.5752499599420355,0.547092975035575,2133,256
1060,0.3716337203995961,0.6002052839989424,1924,256
1061,0.3245997372638045,0.8454565042542336,1934,256
1062,1.5025902000559086,0.5182451211985377,2167,256
1063,0.009590221996821682,0.5885573532381547,2093,256
1064,0.25783171255572535,0.5104154238220495,2140,256
1065,1.0285350755538918,0.6321939993457092,2103,256
1066,1.0236570488641938,0.6614259960793625,2120,256
1067,4.608530590230226,0.38809840633022386,2064,256
1068,0.18711298956954178,0.29636167302981486,2171,256
1069,0.034473425576004524,0.3179923053260786,2059,256
1070,0.7318698987887654,0.8018300838205021,2038,256
1071,0.031330929679631775,0.8767276043333107,2035,256
1072,2.3287150806034935,0.43897623694608257,2098,256
1073,0.8182275716424461,0.6280126087869476,2020,256
1074,0.9465520865660401,0.5288670439723042,2145,256
1075,3.1879610985583664,0.24695052319166388,1951,256
1076,0.5845556331668997,0.4385441575957444,2092,256
1077,0.6222676645796278,0.32095644177629146,2124,256
1078,0.32695133131364706,0.22419128915111963,1994,256
1079,0.5213319408807899,0.9125774451028305,2167,256
1080,0.2569410333961635,0.6762180398629828,2168,256
1081,1.8540993533377934,0.1804980670421057,2067,256
1082,0.7170444849369135,0.6328112204869442,2109,256
1083,0.11282223932977657,0.7914560260201157,2005,256
1084,1.0989400697012575,0.7760488025239546,2046,256
1085,1.6439976998292996,0.6425093331610843,2129,256
1086,0.2961467311756571,0.6842478010267155,2005,256
1087,0.06064965676831444,0.8816279573491197,1947,256
1088,0.7551653627794902,0.9959112663201072,2150,256
1089,2.103272313048751,0.5764880559681681,2175,256
1090,1.120900865237337,0.07235981111062473,1966,256
1091,0.16885294844782592,0.5684295515355849,2038,256
1092,1.640089253137585,0.8358649767324693,2103,256
1093,1.0315583957574475,0.5709340621638869,2084,256
1094,0.8595281580988642,0.77395383258526,2147,256
1095,0.339590865746045,0.012048149467089209,1964,256
1096,0.3828545554368157,0.6107047278186376,2047,256
1097,0.6373165236456515,0.29666195432560993,2057,256
1098,0.5592071523558814,0.9043898313666157,2060,256
1099,0.015443309853210985,0.6706376000016585,2070,256
1100,0.11332429995242566,0.5317766488378486,2113,256
1101,2.684291382255452,0.15320949501847014,1973,256
1102,0.3316074708326204,0.527743625434948,2061,256
1103,0.5057530233667595,0.9909882791433716,1987,256
1104,1.5203445411219483,0.11570801837682632,2035,256
1105,0.40237707410112944,0.9963136666561488,1970,256
1106,1.609154025956814,0.7100154434783736,2176,256
1107,0.38623905296845207,0.41943996214006607,2147,256
1108,1.2786235006030675,0.2976046300651418,1946,256
1109,1.2825402343489942,0.31180406092280966,2097,256
1110,0.15122750267222032,0.22391658277120452,2071,256
1111,2.0360896822060934,0.4893021554460546,1991,256
1112,0.2805753798578218,0.40949308969472453,1988,256
1113,1.4002704454896344,0.6712123868274605,2065,256
1114,0.53734137369768,0.9134639993110525,1974,256
1115,0.3096429095864921,0.9240511425025218,1972,256
1116,0.26957347844973667,0.356615173136559,2010,256
1117,0.03139408055569925,0.5313089837740321,2082,256
1118,1.081154432538811,0.8886728746917819,1946,256
1119,0.4074629350049714,0.09427910732957145,2101,256
1120,0.7595933843944164,0.6168734626928055,2099,256
1121,0.12066973207318368,0.9501695826280746,2150,256
1122,0.5798950409320669,0.6726897800370728,2059,256
1123,0.3529083107686672,0.04289264015808081,2061,256
1124,0.3940756218864525,0.6850898598651282,2067,256
1125,0.29120125093849586,0.8186536790151383,2064,256
1126,1.1353148039449843,0.9099712276829666,2100,256
1127,0.3948136458780238,0.5294393479051897,2168,256
1128,1.217862250141379,0.5326117795833359,2037,256
1129,0.6102979557943237,0.6456357227756709,1986,256
1130,0.6188655230511747,0.4804134198394434,2010,256
1131,0.7110992200718115,0.419287872760311,2057,256
1132,0.5534501641422415,0.2833952198802562,2169,256
1133,1.877900074502262,0.9504634076222042,1994,256
1134,0.32976273138514095,0.47803497001598105,2141,256
1135,0.14758935690824365,0.4712039562660679,2043,256
1136,1.2949279545844832,0.12828963107736802,2039,256
1137,0.9478149443389061,0.7201397599032126,1932,256
1138,1.4866851707433977,0.312710639637948,1969,256
1139,1.8915125430149873,0.37246848614245887,2025,256
1140,0.5592391414157625,0.32019347259004094,2113,256
1141,1.2100103340884807,0.805033039820385,2115,256
1142,2.786325004990836,0.037689803575841174,2087,256
1143,3.9162660966956717,0.5698676067855439,2121,256
1144,0.13517203068484948,0.6036204229358806,1933,256
1145,1.0728407257695027,0.4049444697633606,2126,256
1146,0.6832111557723158,0.7768409150597738,1994,256
1147,0.20157817937646336,0.983371232936113,1935,256
1148,1.3423293298481824,0.7984564549049242,2015,256
1149,1.7825600435323734,0.39128801577029493,2111,256
1150,0.9425344348017572,0.9617733845940593,2041,256
1151,1.0964389804028447,0.3240707924462424,2125,256
1152,0.0447066025810764,0.07799505004687513,2077,256
1153,0.3107334329636594,0.07433488325221349,2122,256
1154,0.0027465843209169027,0.9620391071522404,2063,256
1155,0.660485700283067,0.2272887924465421,1956,256
1156,1.0710219136720616,0.6165681935640466,2026,256
1157,0.11082989540270154,0.9734656015220784,2074,256
1158,0.3205717066075848,0.33387403933800075,1982,256
1159,1.7839137792783857,0.19728314802906133,2055,256
1160,1.579396214043966,0.7264753799847224,1921,256
1161,0.37946850070717214,0.9795953670758026,2125,256
1162,0.2974295210236123,0.8312037053831114,1967,256
1163,0.2633162112118956,0.07658813274704912,2055,256
1164,0.7069208631611722,0.7843877120584262,2131,256
1165,0.8316996538136079,0.9101898282282044,2004,256
1166,0.398536256884979,0.2013186074074692,2023,256
1167,0.4911396730816262,0.4955705556558029,2060,256
1168,2.2347570762425564,0.7005651765471482,2150,256
1169,1.3073802787794861,0.6525048082234359,2109,256
1170,0.06151846798775129,0.8355158351310059,1930,256
1171,0.36465127264880437,0.013623541376394988,2171,256
1172,1.1388003262414668,0.11237880013088364,2097,256
1173,1.5506322887622102,0.2599640194706332,1999,256
1174,0.5578541113695056,0.6860354268330666,2176,256
1175,0.7385553894530364,0.6810429536791202,2121,256
1176,4.6514004098220205,0.7111649797917435,2074,256
1177,0.5142294429389752,0.9648288751682497,2167,256
1178,0.20635841237573485,0.644718386265896,1995,256
1179,1.6283428683375007,0.8861134798380474,1960,256
1180,0.3825127749589071,0.6536178900667926,2031,256
1181,2.642190307112725,0.9413095020955451,1924,256
1182,0.6331518864860997,0.8919129754674612,1963,256
1183,0.13571733494006571,0.059801539393114944,1939,256
1184,0.9123549972629706,0.7051956662141234,2006,256
1185,2.747308578264032,0.13301479427298235,1974,256
1186,1.6412024275317687,0.34566175683369404,1986,256
1187,1.0035214618556885,0.42728483298232656,1994,256
1188,1.7605036141087722,0.6120000202347561,2102,256
1189,2.8739820363201107,0.8395470183889165,2013,256
1190,0.694215717721951,0.4169223616927882,2131,256
1191,1.6674575705013055,0.8021208760275989,1938,256
1192,0.2900839932468863,0.8297665308439177,2024,256
1193,0.6951886547888021,0.5713027700355767,1948,256
1194,1.5702312177730255,0.04667125771262215,2077,256
1195,0.3205936558027895,0.5402872415905391,1929,256
1196,1.464715488796881,0.7897020943022136,2058,256
1197,0.01902294288813205,0.1506753129394478,2022,256
1198,0.01758804648358241,0.43674366938306297,1956,256
1199,0.38605659549442406,0.3433442980445458,1991,256
1200,0.9983263322294602,0.7987739065755597,2011,256
1201,0.25493753786708745,0.8675060127554102,2013,256
1202,0.22967356082861926,0.09332505889441078,2020,256
1203,2.9749407559743712,0.5567913165509067,2079,256
1204,0.6387847093006682,0.426711950353015,1988,256
1205,0.1357550455554903,0.16429576974131632,2003,256
1206,1.1961271477797288,0.8068467116287673,1979,256
1207,1.3754558258124618,0.1719281660487919,1945,256
1208,0.44730242029229983,0.012123641952597186,1931,256
1209,0.15198020724972944,0.47277910449787997,2151,256
1210,2.3260276922297156,0.7384093129770972,2075,256
1211,1.3930828881112056,0.378171496242638,2154,256
1212,0.5449963234153675,0.19914911156808857,2049,256
1213,2.554801668799354,0.18374070713429147,1997,256
1214,1.3785034246736823,0.7605372138171068,1928,256
1215,0.10195620449945651,0.10927740918045492,1993,256
1216,0.08711154027992148,0.26774162735063767,1934,256
1217,2.582247474831028,0.2068961814978253,2152,256
1218,4.669972226400213,0.39648215295011235,2077,256
1219,0.6367716369035084,0.62692656954834,1964,256
1220,0.16530662529699391,0.4157194475994378,2102,256
1221,2.457223454531525,0.6199643055557672,2014,256
1222,0.7170695579667269,0.7375655032629064,2153,256
1223,0.2824083240309213,0.3226715559138913,1966,256
1224,0.955578874334524,0.9078254649475708,2095,256
1225,0.7158590803288241,0.6095834332236068,1952,256
1226,0.7706972680823568,0.12192549868468094,1959,256
1227,2.2512164567870396,0.41994105178641217,1932,256
1228,0.3841692514673703,0.1265026288631561,2028,256
1229,0.01639286509688666,0.9205673731376562,1938,256
1230,0.2528409482947907,0.8328621716445598,2157,256
1231,0.22744259363292102,0.35057724469963747,2128,256
1232,3.372078345221954,0.7430570732267553,2048,256
1233,0.1579263547083999,0.21439167459018416,2045,256
1234,0.5771954042264562,0.3404751264333016,2130,256
1235,2.099139381132386,0.5546979115708935,2136,256
1236,0.24178100424240553,0.5663812419213718,2104,256
1237,0.6297602163523488,0.6356283061402366,1978,256
1238,0.2246616522689516,0.7886092463290809,1972,256
1239,0.9169403944600767,0.06985842380865415,2139,256
1240,0.9436373473513224,0.5733332980287965,2016,256
1241,2.4716732573770037,0.4820804056160012,2089,256
1242,0.028493186264653136,0.990382981313094,1948,256
1243,0.049454819281638196,0.8028590546519817,2032,256
1244,2.2503493048783523,0.2438649034693069,2100,256
1245,0.5589548352816606,0.23968378901871668,2057,256
1246,1.9764990201902128,0.26697553559105147,2046,256
1247,1.075082076137862,0.6508982964475857,2098,256
1248,0.7214399504048982,0.45334763902383945,2129,256
1249,0.06459661451807429,0.6639600322430445,1950,256
1250,0.2317319356935521,0.09266230011959642,1996,256
1251,0.3654920573915156,0.6131363831607297,2155,256
1252,0.4814433288245865,0.391216261774718,1995,256
1253,1.8164022151315145,0.09764641462756951,2099,256
1254,0.8201677458845555,0.2128537561418249,1934,256
1255,0.05561034157463297,0.859052801641144,2169,256
1256,1.209678180421528,0.20402100662240763,2174,256
1257,0.6306000433277951,0.6728181907123777,2100,256
1258,0.6719730447719126,0.5141067138355464,1951,256
1259,0.5321459963631777,0.578306622009952,2063,256
1260,1.0386604391574001,0.18085518549403068,2171,256
1261,0.2638459690907114,0.16954877574851512,1943,256
1262,0.9531012140821866,0.9827846858377665,2105,256
1263,1.4065050736199194,0.4218889463430816,2131,256
1264,1.5442000861644112,0.988902092151043,2052,256
1265,1.4135893312770667,0.9668169464473955,2059,256
1266,1.2749764944090396,0.3988300884046012,2017,256
1267,1.2548559539603987,0.14739500115635185,2154,256
1268,0.9238551005493028,0.038569725120698006,2145,256
1269,0.9626927711249399,0.8201846533566732,2031,256
1270,0.8479238092334396,0.9020290444270395,1940,256
1271,0.7777858783065416,0.4815383694391149,2135,256
1272,1.0413006112618866,0.11600018060184225,2137,256
1273,0.26022103842986444,0.14564643241697905,1936,256
1274,0.5394168796835517,0.2763847315358354,2169,256
1275,1.128767898942006,0.8555840379819284,2034,256
1276,1.0595176534470752,0.9220302704222656,1925,256
1277,0.4306565801527488,0.7310827185998661,2083,256
1278,0.7048973503424427,0.9594356870047994,2108,256
1279,0.13985718413737075,0.1425822129663339,2155,256
1280,0.8218363491399818,0.41122611294621814,2099,256
1281,0.06774450145666062,0.5882574847158468,2168,256
1282,1.1005549538075998,0.8419825710321466,2034,256
1283,0.1259724721386583,0.9596245177728907,2025,256
1284,0.4216952980624482,0.5092118387958824,2118,256
1285,0.4202875244720252,0.3945115987535047,2067,256
1286,0.30059058986382176,0.5361819605576736,2118,256
1287,0.4351397531184595,0.9145362560474368,2078,256
1288,2.16926858190765,0.5972680063326634,2104,256
1289,1.2536571504361838,0.06377132409406994,2038,256
1290,0.531833912249823,0.5082844807572978,1952,256
1291,1.299760127491993,0.004107328176604863,2021,256
1292,0.1118738768993357,0.9521690742861688,1987,256
1293,0.7654986680446036,0.9445726593862597,2140,256
1294,1.027532765267799,0.7319548944437857,2113,256
1295,0.5306304947929357,0.24659731006172625,2062,256
1296,0.5956903502053531,0.623100196357018,2107,256
1297,0.45901694713078206,0.3874324500376569,2102,256
1298,1.50939201434367,0.1522776806792009,1937,256
1299,0.2437645249117707,0.8387553617167475,2013,256
1300,1.951666174465218,0.23716083128851062,2029,256
1301,0.0026801345467988855,0.03898529279715224,2137,256
1302,1.7369946761759616,0.8616822926236364,1997,256
1303,2.272652618849096,0.8029824108189428,2056,256
1304,4.6649899602590965,0.5845849178096523,1923,256
1305,0.2389707461552187,0.2731995107350971,1944,256
1306,0.44705150584522185,0.2660072129333324,1952,256
1307,1.180294157641106,0.9454267142126724,2114,256
1308,0.07788625940600206,0.19621708263637683,2032,256
1309,1.773486549498703,0.06252010993103274,2117,256
1310,1.0279297187971879,0.48711315118398457,1939,256
1311,0.35713780042252463,0.07567519990324634,2166,256
1312,0.45784137387533075,0.3783944536008058,2137,256
1313,2.7968326385826745,0.4334815470319773,2026,256
1314,1.4193166589127046,0.8574816022576923,1944,256
1315,1.2606489040893034,0.15147717595356647,1937,256
1316,0.26654322967298416,0.5198390472263257,1998,256
1317,1.080884453028118,0.2241500911463543,2128,256
1318,2.3007788084376655,0.24265249129549327,1940,256
1319,1.8868903054963246,0.622889098356308,2071,256
1320,1.0588521367379833,0.08107422451891944,1944,256
1321,4.393132550892042,0.4012331217922296,2144,256
1322,0.10846377052698804,0.521506658643565,2108,256
1323,0.3155241711899252,0.6743978438029015,1967,256
1324,0.232137810550508,0.3936057015432395,2040,256
1325,0.1610211404607824,0.1461330270003136,2135,256
1326,0.4594085842439348,0.8055689694868311,2024,256
1327,0.940769477115735,0.6309414270019473,1986,256
1328,0.03567555056646385,0.44922055176105335,2006,256
1329,1.359953870022099,0.4627443515953469,1962,256
1330,2.5205408703266032,0.8119994587943686,2097,256
1331,0.9561440075594797,0.43107993829852786,2033,256
1332,1.0204176203484456,0.5960612779195932,1939,256
1333,0.43127634301571427,0.8138982837570713,1978,256
1334,2.415211546305127,0.14588936814845854,2047,256
1335,0.3792696464324067,0.5045180349115321,1994,256
1336,0.8902083235425315,0.4647909070558095,2032,256
1337,0.6008060231660145,0.9472755838269378,2163,256
1338,0.036301056028906625,0.6547363396503825,2042,256
1339,0.10490649590954519,0.7237012750321032,1931,256
1340,2.6599919288675427,0.30973196444924567,2166,256
1341,0.6603276082288664,0.6999825716083744,1933,256
1342,1.5850397460974928,0.7028224594549652,2035,256
1343,0.30024088737960836,0.7427174021913395,2166,256
1344,1.144578092105536,0.9562081583241938,2046,256
1345,1.3891667864266934,0.3483830887448619,1988,256
1346,0.8699347179247526,0.14938903245593582,2138,256
1347,1.1721822862201587,0.004714264996572792,2054,256
1348,1.0823923817371035,0.47741453484279595,2084,256
1349,0.7155033370980084,0.24323768452180872,1928,256
1350,0.7570757381106545,0.9329305809620047,2115,256
1351,0.0027048741664599443,0.3975197753266554,2114,256
1352,0.5149041423036808,0.578906995502509,2076,256
1353,1.346168322039599,0.6767969704009172,2042,256
1354,0.4006887530074915,0.31352405476142253,2112,256
1355,0.10084744956540034,0.9388932974108573,2005,256
1356,1.9503988364958478,0.2401231314050407,1936,256
1357,0.5735263933430527,0.7891121839507088,2104,256
1358,0.8842568140453381,0.1043525773079188,2001,256
1359,0.395720915068016,0.32090506705207245,2084,256
1360,1.5391788920419973,0.12444040217474317,2056,256
1361,0.5114808474038087,0.6206171830178908,1964,256
1362,1.8190695467689884,0.10408060004213782,1958,256
1363,0.12962465988318633,0.7264320730144083,1962,256
1364,0.6753683591087687,0.7070029379545256,2158,256
1365,0.4540127575048518,0.4099682593261369,2029,256
1366,0.37414510679705804,0.19738526762227893,1933,256
1367,0.6821590485188969,0.7056194688184725,2097,256
1368,1.3037562748806724,0.37782995578056533,2113,256
1369,0.2418440134679573,0.2260248247792771,1977,256
1370,0.8939821846155167,0.8861336918467647,2148,256
1371,2.65417844613688,0.5703404554941548,1992,256
1372,0.45106291417074285,0.2515439332407089,1920,256
1373,0.7959022834317447,0.3885948898625532,2023,256
1374,2.1304622941951727,0.7837643018323978,2091,256
1375,0.32366285469938844,0.012204406129199485,1957,256
1376,4.390192623664781,0.6131940646574959,1983,256
1377,0.4288886362306985,0.6488197574772947,2038,256
1378,0.11801863601746214,0.7688617394123265,2110,256
1379,0.7251879545340684,0.20202657257222734,2052,256
1380,1.7078864245315584,0.94055856929548,1941,256
1381,1.2718628108532548,0.6434894633159987,2170,256
1382,0.9149514418229496,0.886432324939095,1957,256
1383,0.9362370306790517,0.7650206064197027,1991,256
1384,0.48708415944082034,0.5022249054357556,2140,256
1385,0.2544982715256651,0.4709357656427069,2091,256
1386,1.8577851199123472,0.994606326100076,1990,256
1387,0.26237985648690193,0.7265459102590371,2044,256
1388,0.20576502492027232,0.5314252577374203,1995,256
1389,0.021365305758260813,0.8739003960032711,2008,256
1390,0.12100106593231336,0.18998376204795941,2004,256
1391,1.5330819777310996,0.01588750565754815,1986,256
1392,1.834508288961637,0.049076851307143676,2079,256
1393,0.9606625749938481,0.40186795130015307,2159,256
1394,3.605448290731394,0.8235015668782425,2056,256
1395,0.32071673655274374,0.726410277785632,2005,256
1396,1.2039626803618122,0.18036669336004474,2039,256
1397,1.6440024061196672,0.38423330734506655,1950,256
1398,0.1509917234893189,0.0638499189725018,1935,256
1399,2.2500770437389455,0.4172952714901138,2124,256
1400,0.3933615739397099,0.9615382951064633,2128,256
1401,0.23582394437055926,0.5798358169080614,1972,256
1402,3.3045693504478795,0.12611339878405836,1934,256
1403,0.4344709813776309,0.053142317542249184,2091,256
1404,2.244699643042104,0.0589473585905399,2039,256
1405,1.477759872451144,0.521630437357483,2106,256
1406,0.3286188200210264,0.6517862766167237,2076,256
1407,1.6507969948879413,0.9252793255029752,2120,256
1408,0.35922985877727864,0.7979787987754203,2033,256
1409,0.557880690501309,0.4879054794471265,1997,256
1410,0.609482565540237,0.34252643129741134,2008,256
1411,0.7126767806735278,0.03674187647550464,1933,256
1412,0.044734390546812705,0.5129741304336047,2038,256
1413,0.10350576578378783,0.6952111580097725,1951,256
1414,0.45260426042619434,0.9251746666422448,2021,256
1415,0.33915434040153636,0.7687972279912292,2013,256
1416,1.0954308596695042,0.8166582967791306,2159,256
1417,0.024142779864139284,0.8068363470238019,2080,256
1418,2.0442449261762863,0.6599543381161215,2111,256
1419,1.3894559587580546,0.33463318373474094,2041,256
1420,0.6122376229462407,0.6619224011683452,1977,256
1421,0.8124895005032422,0.32080157356775796,1959,256
1422,0.19358156865181037,0.0964004139757858,2034,256
1423,1.37797336024188,0.5262292671362645,2014,256
1424,1.4865654474590213,0.9321463011881657,2157,256
1425,1.19064836007605,0.25348690937048046,1995,256
1426,1.0838399529668779,0.3824632249323221,1978,256
1427,0.23384121328242152,0.017084127778744906,2086,256
1428,0.24408206018691134,0.08130338893760147,2124,256
1429,1.0049487867955365,0.15834019941707977,2037,256
1430,1.9277175125766082,0.7120526598786157,2129,256
1431,1.9416244628872026,0.18089244703676755,2157,256
1432,2.4043680083634302,0.7973665220218308,2028,256
1433,0.6970074132434659,0.04662563216989679,2140,256
1434,0.4209173210401172,0.17374037894402972,2016,256
1435,3.766705786740547,0.3740545341503516,2118,256
1436,1.4886607473485145,0.28148391484067337,2121,256
1437,0.5223417832493845,0.11030001785117605,2086,256
1438,0.6101443852202928,0.33576603600130583,2173,256
1439,0.18705519064925324,0.9265132996923836,1926,256
1440,0.8902546342556744,0.1769086002561564,1936,256
1441,0.2657411469344557,0.16408403501838598,1928,256
1442,0.6621982978380367,0.8135841280067099,2150,256
1443,0.5524975261308703,0.24157043663758826,1948,256
1444,0.26906001357736065,0.940343615495697,1970,256
1445,1.2840675148526293,0.10887738235594357,2090,256
1446,0.3282114796672691,0.6658351138671285,2160,256
1447,5.910581788649068,0.5522591734869079,1932,256
1448,0.6052020008808305,0.1432504279626644,2045,256
1449,0.39096973420011844,0.7654803592227024,2074,256
1450,0.4668586092573424,0.2799052973763847,2104,256
1451,0.5638694255801712,0.13849427329213393,1922,256
1452,1.597750787916051,0.9171644028582308,2025,256
1453,0.2662727795288089,0.7129087196323715,1968,256
1454,0.13870895394090035,0.6957219376808967,2004,256
1455,0.2640679579777592,0.4746711635660804,2035,256
1456,0.0745356908936261,0.9920606209199772,2001,256
1457,0.49443655680580834,0.6526424361905957,1944,256
1458,1.696889453619851,0.7005113321968729,2092,256
1459,0.8104729268039447,0.7365983296052829,1980,256
1460,0.37041935395424347,0.8146771716954274,2039,256
1461,1.1656727282901647,0.7997333074572415,2069,256
1462,0.3307924730700525,0.4959323917220354,2035,256
1463,0.9775245608683596,0.44476201274003957,1966,256
1464,0.2667498265979374,0.8819919384522928,2012,256
1465,0.1596262510872122,0.850142661985845,2133,256
1466,0.6305697331102009,0.025007503757006444,2013,256
1467,0.16120386086539995,0.052296919053415936,2097,256
1468,0.04308141570357876,0.0025432805819392,2021,256
1469,0.11709736101864385,0.9060384636873077,2064,256
1470,1.558239889525853,0.585065880053156,2009,256
1471,0.8547937444601619,0.14630208239095976,1969,256
1472,2.514057270938323,0.6961623289804794,2056,256
1473,0.5499563151547505,0.8359001746457159,2146,256
1474,1.8250518736476986,0.4689061953505367,1945,256
1475,1.0480300989375662,0.020039548704064214,1986,256
1476,0.5277167136001334,0.4370075681146912,2034,256
1477,2.298984605260371,0.5269277389706378,2136,256
1478,2.839198189610938,0.03388725966452011,2096,256
1479,0.871160062115397,0.8716879423767138,2031,256
1480,0.33492787714043765,0.0027091202273326065,1937,256
1481,0.8435566243751351,0.5328134718173422,1935,256
1482,0.016532254153337984,0.7421930034069526,2003,256
1483,0.757506799044613,0.9974376680120371,2065,256
1484,1.1020881162907497,0.6574509967012591,1939,256
1485,0.06277361443340929,0.678334445862514,2034,256
1486,0.1637073301852287,0.6291758095357417,2034,256
1487,0.1516288153005828,0.6811327536204511,2154,256
1488,0.7153952379213935,0.9189283171715771,1934,256
1489,2.9702957418093567,0.6459583179795853,1969,256
1490,2.0238792588277286,0.5222263259473745,1935,256
1491,0.2646674955027766,0.502738318958716,1983,256
1492,1.340592608181601,0.7374182335376552,2155,256
1493,0.35769987170275663,0.8157990964322153,2042,256
1494,1.3416636246889093,0.056923273546288455,2140,256
1495,0.9517377681062702,0.5396033010761768,1961,256
1496,0.08088968192288988,0.8670673660857219,1998,256
1497,1.9655876952373308,0.20359352420454224,2171,256
1498,0.2598169560980455,0.9675972985446396,1942,256
1499,0.06460591336348434,0.7523142753948014,2049,256
1500,1.388624271239874,0.0330951358381979,2004,256
1501,2.4001627183964436,0.5382833520311839,2044,256
1502,0.10465209729662024,0.3282733076191158,2026,256
1503,3.0271175911203496,0.0446948892947886,2143,256
1504,0.09263362069398187,0.12575644967482003,2009,256
1505,2.740768941011957,0.03598704995061974,2071,256
1506,0.24939433684027662,0.5159991816414945,2044,256
1507,4.6385026244152545,0.9867849340039113,2047,256
1508,3.0761618483983377,0.5434081315114189,2088,256
1509,1.3558001350498063,0.3848515620795222,2169,256
1510,0.3028537623904939,0.43860781869590115,2087,256
1511,1.0619690782251436,0.7575787198624893,1948,256
1512,0.025766982532908454,0.7124479381508871,2143,256
1513,0.1772461440387575,0.36742166014499966,2005,256
1514,0.8757592089842023,0.6996888756036693,2133,256
1515,1.7609159333381912,0.23312970961074575,2169,256
1516,1.2943501224004816,0.47547477014797046,1947,256
1517,0.7697553652479354,0.5182851989664737,2128,256
1518,2.968332638578932,0.002123856838470939,2047,256
1519,0.9871326108176165,0.4242189654074233,1942,256
1520,1.9065158147590284,0.0670081384918284,2024,256
1521,0.5203154926789946,0.3949078189944988,1934,256
1522,0.7621690641034111,0.8972316768094294,2027,256
1523,6.6773854501814585,0.006791748804688136,2156,256
1524,0.11817755730486379,0.09323550555362592,2101,256
1525,1.3408692604247499,0.8807900667341368,1938,256
1526,1.5453362931738264,0.8314532398349963,2050,256
1527,3.94815761588031,0.045850927512162465,1932,256
1528,0.1203702618249085,0.9998883560770246,1997,256
1529,2.8526383213689908,0.2010750239189112,1961,256
1530,1.1364946479135352,0.41404487476925833,1920,256
1531,0.3667585894854206,0.2137334022946974,1942,256
1532,0.3396489560690083,0.09404472417688114,1975,256
1533,1.031680176809195,0.6616181725610933,2120,256
1534,0.9086651435960242,0.3166323831119856,1996,256
1535,0.001759136046794196,0.30812405958087774,2036,256
1536,1.7057507518475419,0.623879462851942,2062,256
1537,0.9601008218431042,0.7330720682872947,2139,256
1538,0.10352092437700727,0.6690379624021557,2138,256
1539,0.5694266141971494,0.7667600416713765,2156,256
1540,0.0381542347227728,0.9539112290642907,2157,256
1541,0.14462206123520838,0.6806616887768483,2105,256
1542,1.6760986598904655,0.0993556836392897,1965,256
1543,0.29973272233219406,0.6847579095144714,2072,256
1544,1.7150470213504223,0.66894623066259,1966,256
1545,1.529406077008484,0.33217981384163586,1980,256
1546,1.2812193015257998,0.6908479815965949,2096,256
1547,0.32199604861924364,0.32294894006515407,2045,256
1548,1.0220095748410143,0.8464939798836902,1962,256
1549,4.281736818085411,0.9801661245854352,2058,256
1550,0.4839309612406382,0.902486686716566,2099,256
1551,0.11705400245323544,0.17502730269882072,2039,256
1552,2.342296232622467,0.5397851917416401,2051,256
1553,0.41211567900945706,0.9755330524999976,2041,256
1554,2.925644848964664,0.16892510430294272,2100,256
1555,0.4330057062000245,0.8344689887010406,2101,256
1556,1.2159204013522797,0.6801914503346016,1941,256
1557,0.6569888270833991,0.10427159749569459,1971,256
1558,0.8622460866377393,0.3205776909600506,1952,256
1559,0.11118476374452431,0.067907838991771,2162,256
1560,0.9344490882785019,0.16159704859248147,1969,256
1561,0.0603991445379108,0.7535581763887798,2165,256
1562,0.2403638021906818,0.8374613866950557,1990,256
1563,0.1270039258390164,0.3136235459780178,2030,256
1564,0.6287198022504004,0.6283547980354576,1952,256
1565,0.08558695369850557,0.6870758640868551,1991,256
1566,0.8669387447765451,0.8978015409872186,2055,256
1567,0.5757892544569835,0.9756774805055092,2139,256
1568,0.30161063480146505,0.045573136351367505,2061,256
1569,1.331394277984771,0.319680886595483,1998,256
1570,3.0197977535575187,0.5617242944071595,1936,256
1571,1.6343701259388628,0.3394970457184736,2108,256
1572,0.2453290434250374,0.727361423572832,2059,256
1573,1.8678791646697321,0.9097503296375606,2137,256
1574,0.6379798325669529,0.5471935236321883,2167,256
1575,1.328782297047268,0.29979927255945893,2138,256
1576,1.166518489972706,0.5759094334592312,1925,256
1577,1.3702958654452755,0.6787781165105112,1970,256
1578,0.4188021738249563,0.642621578663751,1961,256
1579,0.10066192424297066,0.6685634747384454,2000,256
1580,0.48616977908999504,0.22178685962614275,1933,256
1581,0.05492607859503303,0.7584599310064072,2137,256
1582,1.08954508338164,0.6870740357061138,2088,256
1583,0.883032857103411,0.577437370316513,2086,256
1584,0.8435941619344921,0.7781087082614201,1953,256
1585,0.8601605604320055,0.8171817945182569,1945,256
1586,0.496359721584,0.022494030550511135,2014,256
1587,1.3909784363098283,0.3532769751263787,2098,256
1588,0.2666490154958956,0.1590261351454645,1975,256
1589,1.2367915764612822,0.2938372628145408,1980,256
1590,0.2350031653054522,0.25954712021934856,2130,256
1591,1.016009193509176,0.8461877127665809,2067,256
1592,1.661483897993383,0.7768009492456703,2170,256
1593,0.8048306880311825,0.6620209376561529,2144,256
1594,0.05290395488151069,0.02155614045225418,2137,256
1595,1.5662280309338792,0.5485428766495224,2047,256
1596,0.143125051905925,0.25092084313363205,1990,256
1597,0.3454279999771478,0.13320463009155736,1922,256
1598,0.6700256801442915,0.029193381343187164,2055,256
1599,0.42651846159585566,0.6907750932968617,2103,256
1600,1.678731543407811,0.6413972319671879,2153,256
1601,0.4300858014804226,0.08432021827977298,2089,256
1602,0.5311896689700197,0.16006071681723932,2126,256
1603,0.5884299485943789,0.8642424710270559,2051,256
1604,3.966435531329179,0.15203405105263268,2105,256
1605,1.5317638798547009,0.8477949935325668,2012,256
1606,0.5785650084157087,0.7972873919407945,2038,256
1607,1.0679322548694592,0.9478467925659029,2127,256
1608,0.1172825923975721,0.7394191246638915,2157,256
1609,1.5337772113662966,0.2603564789346674,2093,256
1610,3.938693585416585,0.5906344740939636,2102,256
1611,0.04313938519585653,0.9400917178663345,1954,256
1612,2.1008322350652295,0.7026673966289355,2019,256
1613,0.3002366919501923,0.5806240735917219,2041,256
1614,0.7902940789752062,0.10093631998084185,2010,256
1615,2.961417703402412,0.5559906335391309,2119,256
1616,3.4375311117450438,0.4999835789492745,2032,256
1617,1.6575459012297062,0.5263732502221395,2021,256
1618,0.4280074584346932,0.21748451436223737,1938,256
1619,0.38508243157504335,0.36565464099816325,1948,256
1620,0.9384523302806825,0.7250785029641195,1969,256
1621,0.6131210243504643,0.6059941557352978,1968,256
1622,0.8939308666714817,0.7036242037424877,2113,256
1623,0.28323330389508045,0.21831787331210928,2003,256
1624,0.8568598763358866,0.5105686010532013,2152,256
1625,2.8886665322401486,0.3354870117520764,2135,256
1626,0.2846014125456088,0.3901826654330265,2122,256
1627,2.9556357758055785,0.0691728533058995,2111,256
1628,0.5291420422604262,0.8309990266121523,1941,256
1629,1.252335553764292,0.8885167213540458,1972,256
1630,3.1305245181750254,0.36769756931391706,2066,256
1631,1.6512400811760297,0.06281157850825059,2017,256
1632,0.4580718687306739,0.2620396590762698,2146,256
1633,0.1353920563221778,0.3307752623082597,1984,256
1634,0.16689442880193178,0.4438925201484051,2116,256
1635,1.4207260912825679,0.8784272492998685,2071,256
1636,0.14719678727326,0.6344575646720355,2090,256
1637,0.2265380955836412,0.7229585503867073,2043,256
1638,0.10089294427699183,0.41197377404571434,1943,256
1639,0.5995599209059532,0.7383080783378235,1979,256
1640,1.2392646665288012,0.0011717008295809572,2114,256
1641,0.6074245428574325,0.367537911790931,1977,256
1642,0.018139081024757954,0.3554701163185454,1971,256
1643,0.6026468024507919,0.7342052036374105,2054,256
1644,1.36416012442679,0.8800252256967892,2158,256
1645,0.2750729241189195,0.26279711893855273,1939,256
1646,3.458282565354427,0.7004072346899635,2083,256
1647,1.9464532272871848,0.15512987252624189,2064,256
1648,2.0904076367668147,0.2855514549149387,1921,256
1649,0.20418346282338287,0.1774225425127094,2126,256
1650,0.2312718996283541,0.722189736438554,2151,256
1651,0.19942946018056718,0.7073981184564114,2128,256
1652,0.4889161742986305,0.7785667772160734,2067,256
1653,3.7916435094431624,0.5745167488726883,1976,256
1654,0.13697459204104392,0.7330958169832621,2110,256
1655,0.6280096747883398,0.6405946498982195,2035,256
1656,0.8716639386601789,0.475584130480287,2133,256
1657,0.9323389493170856,0.3624681632431742,2137,256
1658,0.06975717645402192,0.003212849317352773,2002,256
1659,1.1423169740906256,0.5055377199152826,2067,256
1660,0.5977224772594393,0.3141032481301729,2142,256
1661,0.5177813443541686,0.2507577582208341,2162,256
1662,1.207986182298468,0.5557437212229233,2021,256
1663,0.09128133172063228,0.30940302839996725,2033,256
1664,0.10450929676774709,0.0026554940678293892,2123,256
1665,1.0022073778227738,0.32910085472007333,2018,256
1666,1.2851683491324521,0.08711541884733986,2130,256
1667,1.1527887661606038,0.3966736463816035,2124,256
1668,0.9362214032573227,0.5075932983542565,2014,256
1669,2.432811828055784,0.01784411159487098,2005,256
1670,0.37501716370797783,0.48091857806427907,1945,256
1671,0.1531205099200874,0.7806639999888029,2075,256
1672,1.2351843775483404,0.6969757180843489,2166,256
1673,0.3520933551536122,0.6210035140853623,2083,256
1674,2.644646421054523,0.11890901360691641,2168,256
1675,0.26965910741981963,0.996152600645021,1970,256
1676,0.9817213257182101,0.5017957065189936,2143,256
1677,0.3350263319975959,0.021040230135589977,2135,256
1678,1.235806859344616,0.7464286238879516,2115,256
1679,1.5934935874286957,0.9576283085519631,1991,256
1680,0.35180666261824173,0.2963294146820401,2103,256
1681,0.3311406976305571,0.01112610400792613,2173,256
1682,0.22746995179448923,0.6980564182950274,2176,256
1683,0.35571581317870415,0.7118441325243446,2165,256
1684,0.9741666459047956,0.12925093665221787,1921,256
1685,0.9798277908828563,0.8145949872389007,2172,256
1686,0.45480847190076906,0.6015092951468356,2073,256
1687,2.5326548784278886,0.9448996901391985,2050,256
1688,0.4291592887448546,0.7590443311408412,1999,256
1689,0.4824757675058635,0.9150226634827269,2028,256
1690,0.7664313894127567,0.08069480516921657,1984,256
1691,0.6201034397880825,0.8627459337943125,2071,256
1692,1.9591500106212647,0.49431592354574705,2015,256
1693,0.99811835152589,0.4346637896715272,2053,256
1694,2.0510241127733813,0.8101201755681765,2173,256
1695,1.0671748753543586,0.4350621214280428,2102,256
1696,0.3060190674406754,0.46863003983805285,1981,256
1697,0.6071424093575777,0.3459277196362991,2154,256
1698,0.0023137870714272676,0.2718722726778293,1993,256
1699,0.1108767966358955,0.6795469974021436,2093,256
1700,0.8173362685439436,0.4751107923230041,2091,256
1701,1.3258005065502783,0.8368820429873824,2031,256
1702,0.777033222942694,0.5185557399231001,1994,256
1703,1.4452805008858112,0.7936732727461046,2090,256
1704,1.854697554707199,0.04588346497441076,2078,256
1705,1.5581407708785742,0.986831560405564,2103,256
1706,0.16093972901096656,0.5718465124152962,1952,256
1707,1.1799278971825482,0.7909903645186778,1927,256
1708,0.15664542146110472,0.34770389786586986,2151,256
1709,1.2739163850836734,0.8241201099311104,2026,256
1710,1.2284730600034177,0.8181598571641453,1932,256
1711,0.9972006065354199,0.7588156839912239,1999,256
1712,0.09312942915845356,0.3445585535138287,2034,256
1713,1.4348724375793132,0.03899773620014935,1993,256
1714,0.4775134477391358,0.14241095269273074,1973,256
1715,0.105646516560159,0.9411784271370991,2091,256
1716,1.589079533449743,0.8167140066753388,2063,256
1717,2.277319360404858,0.7544392215315175,1939,256
1718,2.137769399806728,0.2807695528707814,1967,256
1719,0.13955827207316943,0.3779420939452738,1938,256
1720,2.2230633503600594,0.2975748804017382,1928,256
1721,0.5057193799867444,0.29497867960198,2078,256
1722,0.45291258134656837,0.5894131635745333,2161,256
1723,2.205655291565412,0.9726963690504177,1968,256
1724,1.1936122105710456,0.5351760291342075,1922,256
1725,1.8910016807564547,0.928672576417301,2045,256
1726,1.7752647001773805,0.9023848635635833,1979,256
1727,0.4979794216830179,0.5330154376054272,2159,256
1728,1.7767445707968628,0.2497520863315934,2146,256
1729,0.2945704676277422,0.2884072737063088,1996,256
1730,0.7250355310466373,0.5854339604699372,1970,256
1731,0.7813384425315685,0.2938656372739332,2129,256
1732,0.47830877315416576,0.8216947921737162,1979,256
1733,0.2872255015646791,0.7912243503462175,1950,256
1734,0.25393521219865045,0.350931167150065,1962,256
1735,0.9357856196023252,0.3600725209253841,2089,256
1736,1.3859972306377764,0.8838346008099218,2163,256
1737,0.8201998372534599,0.14910903608177706,1984,256
1738,0.45268081659458204,0.15174602706672846,2109,256
1739,0.22283287693613235,0.7593210222889677,2077,256
1740,0.941063607349421,0.04412995798193209,2036,256
1741,0.7043212412175323,0.5799843608788974,2138,256
1742,0.12779832079941275,0.2819422012638092,1971,256
1743,1.0719953028079547,0.5937239386392074,2013,256
1744,0.4338125706693563,0.6651690526607976,1964,256
1745,0.19699741515166594,0.1532249602897925,1971,256
1746,0.11143241903331218,0.8357964337428474,2161,256
1747,0.6838466860695063,0.4555367592806353,2069,256
1748,1.5079699004677525,0.9633342692557266,2159,256
1749,0.28963793002577787,0.8302414372182639,2077,256
1750,0.2802221779333867,0.9903255273237624,2102,256
1751,4.903575601835022,0.807691760205064,2119,256
1752,0.6193365054319683,0.4742225847172129,1940,256
1753,0.4762396435781616,0.7184779755004465,1978,256
1754,1.1093086955057585,0.8327222154686453,2148,256
1755,2.1410798769617974,0.494645686344527,2003,256
1756,0.2611210413469894,0.5723027627621013,2162,256
1757,2.616601386686071,0.29191472107471805,2036,256
1758,0.14506170249491598,0.381223026748454,1955,256
1759,0.36460699190622403,0.4691445270072383,2073,256
1760,1.317459509220347,0.23954097130684515,1989,256
1761,0.8570257027631475,0.7956036117207864,2060,256
1762,1.3308787730287723,0.0781576197623437,2095,256
1763,2.115763435657775,0.9496235509590889,2133,256
1764,0.3265290500244509,0.37182713469943907,1979,256
1765,0.48116424198191615,0.5482318798103418,2148,256
1766,1.9225090500918196,0.26624651059768967,2098,256
1767,1.2732828730963057,0.9126404440905862,2120,256
1768,1.5803840085514134,0.6553183343783153,2084,256
1769,0.6855289132578736,0.49249969082886713,2165,256
1770,1.2014833388105672,0.929017008885234,2006,256
1771,0.02462762364683464,0.8315893888814173,2095,256
1772,1.042823435578147,0.008095513979787916,2133,256
1773,0.024052101726005682,0.6464298264993229,2065,256
1774,0.31055782547922023,0.9239210071332903,1980,256
1775,0.2578432234600677,0.2665387943000085,2055,256
1776,2.874983280851549,0.7143095434132585,2060,256
1777,0.8456093153751213,0.1931100212865896,2171,256
1778,1.5895693364832353,0.9647478876647542,2065,256
1779,0.7396869232486113,0.5403842857435117,2006,256
1780,0.1841063582176359,0.49179280092289945,1977,256
1781,1.8485404607300142,0.43540876157815955,2095,256
1782,0.9411772618890317,0.11476733030373165,2028,256
1783,3.2139348296805244,0.2573852008796057,2040,256
1784,0.17330294153456355,0.9172964132427351,2110,256
1785,1.8666866802290103,0.7610665183625339,1967,256
1786,0.5184094474614666,0.5889931783649515,2139,256
1787,0.6528228730176628,0.030243002922338502,2046,256
1788,3.0623756628314847,0.26000875347680297,1921,256
1789,0.3030065793435012,0.7729226636473269,1982,256
1790,0.19772071189625862,0.6696074485711951,1936,256
1791,0.7832641906755541,0.3597470616999786,2044,256
1792,0.9734378737517728,0.49183963695292987,1968,256
1793,2.4671151114286465,0.7973913431055909,2131,256
1794,2.232857515806355,0.6173453473909967,2151,256
1795,0.02010157634032574,0.9846146430533937,2008,256
1796,1.37185728726065,0.4637821203177468,1979,256
1797,0.5197274846382476,0.9179102410172735,2119,256
1798,0.2937305601553937,0.9578771687677885,2050,256
1799,0.18315828304562498,0.4372392750730122,2149,256
1800,1.621413152190461,0.0029626672739626603,2012,256
1801,0.7461854890644697,0.619185872916772,2060,256
1802,0.11060576472983512,0.16366061986735292,2138,256
1803,1.0838850666932083,0.2709414437487462,1943,256
1804,0.20835786635398348,0.3053707568359356,2003,256
1805,0.01307437159737723,0.21069916612486428,1971,256
1806,0.5254415351790013,0.6832477963583649,2174,256
1807,0.3644157709428109,0.6190181456803886,2064,256
1808,1.8250715925883003,0.8253353114016659,2027,256
1809,0.6140778544803916,0.49427095533135257,2054,256
1810,0.17954389701033988,0.48604208983876174,1923,256
1811,0.1544420974539681,0.4949746195602446,2030,256
1812,1.282971012644278,0.6006014578499506,2163,256
1813,0.18154773483131212,0.6371426252948322,2087,256
1814,4.192458921202461,0.2111104522670616,2030,256
1815,1.042032654407139,0.2116415562464652,2079,256
1816,2.2792211304992884,0.8896284913125742,2170,256
1817,1.6499601621677262,0.2569370554723963,1971,256
1818,0.23434678076381327,0.6891780236185577,2139,256
1819,0.8081058236546775,0.7176104786480552,1974,256
1820,0.7747311994769276,0.40805081307432056,1954,256
1821,0.3949191705552057,0.14582842180780642,2113,256
1822,0.8546704655000762,0.590669404359897,2041,256
1823,2.5625489433344564,0.3667940791205144,1923,256
1824,0.457813193021566,0.566065800404436,2168,256
1825,0.2359341050851969,0.3113556442206219,2054,256
1826,1.6983671976523564,0.3439125994814878,1963,256
1827,0.15573540357931218,0.9461939719311567,2015,256
1828,0.6497721418599781,0.6100960803841429,2061,256
1829,2.7199724784330113,0.6202864032905178,1927,256
1830,0.332748244582748,0.6703625662990661,1947,256
1831,0.627502841051114,0.7205287906238566,1942,256
1832,1.1411737475691788,0.01661930852752047,2162,256
1833,1.8416263957725187,0.9276073391256465,2129,256
1834,1.1777784138489984,0.26521036955310595,2048,256
1835,0.08977655611232506,0.9106883243593004,1963,256
1836,0.23429504722055108,0.1577256327743094,2124,256
1837,0.34102703367793374,0.048773390104517866,2006,256
1838,0.14877315456918702,0.7552859374209577,2060,256
1839,0.4789484843094423,0.8572110637921981,1926,256
1840,1.4061455880424225,0.4073916036263837,2145,256
1841,1.3190845190259042,0.7782766572671431,2035,256
1842,2.0995993963783692,0.2135493816293862,2052,256
1843,3.9592606444620206,0.1052069974460681,1956,256
1844,0.04946238182615002,0.7681365012699166,1956,256
1845,0.6471287974027036,0.33635043244462637,1998,256
1846,1.1762827502251934,0.7003045766919335,2043,256
1847,2.166398029083368,0.7708879051723527,2073,256
1848,0.17680346859159152,0.7313966037545363,2124,256
1849,2.432406712356134,0.8322885160617239,2101,256
1850,1.6434785489937704,0.4136598442201823,1943,256
1851,0.18536238776253258,0.5049570371564368,2009,256
1852,0.18255532200575267,0.5321287403213092,1921,256
1853,1.215352479002724,0.5794795974531721,2165,256
1854,1.179393237290586,0.32640011338731145,2093,256
1855,1.8795168870258951,0.22168916755347035,2092,256
1856,0.7546826380147987,0.49684363436620504,2146,256
1857,1.1377072438550653,0.8465435196713783,2030,256
1858,0.18730360063585763,0.5887514478391243,2050,256
1859,0.5510669388345623,0.25723296341839896,1978,256
1860,0.5502836637186733,0.612541029732952,2107,256
1861,1.0307790352331618,0.46069112967483206,2037,256
1862,1.154592611326985,0.283804744362938,2075,256
1863,0.39205211788536276,0.42087810278616944,1940,256
1864,1.690555086262319,0.6336432534517429,2041,256
1865,1.785641819573014,0.884439086567015,2140,256
1866,0.1685512229981692,0.7827647141846308,2060,256
1867,1.29279606340385,0.8357067569937284,2125,256
1868,2.7059850513720445,0.47766846126629003,2091,256
1869,0.7850341491281178,0.5532222377363563,2173,256
1870,0.2361572109862275,0.22496514713158255,1997,256
1871,0.13841190908698145,0.8536245287116441,1938,256
1872,1.2067223655778923,0.36920735872279387,1921,256
1873,1.7390250376844651,0.36141636822219325,1928,256
1874,0.4930089342289353,0.5172064531325276,1988,256
1875,0.9051296675623625,0.5334177282533183,1985,256
1876,0.06655227997015552,0.6975798209219742,2061,256
1877,0.3332387235877212,0.35994157945200644,1945,256
1878,0.10320183529451742,0.06041710118664745,1974,256
1879,0.10991540732184583,0.17780955038546487,2105,256
1880,0.650718342522466,0.2910761363416279,2169,256
1881,0.7856396022886518,0.2824769784544213,2116,256
1882,0.5995062077811616,0.5168674285063053,2002,256
1883,1.0730908694734826,0.9475193811592305,1973,256
1884,2.5895020024916944,0.4157742837423123,1968,256
1885,0.9999440650042252,0.20073087364585462,2047,256
1886,0.26139535663991903,0.0747996857982921,2146,256
1887,0.44479485123700746,0.24601927340777463,2023,256
1888,0.07024247988134029,0.4259246880759562,2136,256
1889,2.68906644948988,0.927481672541108,2047,256
1890,0.014126743359870155,0.5958437885449517,2068,256
1891,1.6720200943892751,0.7706850720083169,1996,256
1892,1.0634026626630573,0.6840896318233813,2004,256
1893,1.2395918540404047,0.941263689164366,2107,256
1894,2.859096508276377,0.11907866755283214,2016,256
1895,0.9624221122804683,0.9456269162779227,2006,256
1896,3.457105873176757,0.2136806754683993,2097,256
1897,0.8407998913545282,0.012949680809424269,1952,256
1898,1.94639197532994,0.6986974239623432,1963,256
1899,0.8604751169306674,0.4255544689006474,2151,256
1900,3.7668637196834047,0.8031129413812211,2006,256
1901,1.110051953314368,0.12201818542395948,2152,256
1902,1.6083835999226785,0.7150097503560684,2018,256
1903,0.7426527288567875,0.0229968589105064,2023,256
1904,0.007512275155070682,0.2315665424886021,2056,256
1905,3.348210479588368,0.5622761131587029,2057,256
1906,0.8721442375346977,0.9558233452590966,1987,256
1907,0.40766318934100115,0.8263746384535915,2055,256
1908,0.27739383173817683,0.7960852947067413,2107,256
1909,0.1359833172839367,0.08663268978647609,2004,256
1910,0.3694630324239019,0.8792487997180639,1947,256
1911,0.5134766167723479,0.9742715061765678,1969,256
1912,0.8538924448840031,0.2199307188148356,1934,256
1913,0.1854258698451616,0.4875119392253715,2070,256
1914,1.3220957464599317,0.4629613843911162,2092,256
1915,0.21702991175526445,0.07994202259778715,2051,256
1916,2.398794717794669,0.8855142985407454,1957,256
1917,1.782717789201736,0.8676319778179564,2053,256
1918,0.1279977842616861,0.41789204409297376,2011,256
1919,1.0062442729259997,0.06269872054324421,1982,256
1920,1.3745936704696868,0.8997877652211959,1976,256
1921,1.628266504060278,0.9110809815950603,1926,256
1922,0.8478009700941039,0.30529707553792307,2176,256
1923,0.7196417561168704,0.8410723480858008,1964,256
1924,4.594162506916825,0.7618738429698955,2167,256
1925,0.8025249285206101,0.13575492373606957,2166,256
1926,0.24866274392790344,0.8855100071019816,2086,256
1927,1.5689254097140026,0.33860866334446393,1967,256
1928,3.681463081790502,0.5588050758233314,2046,256
1929,0.8756807994593565,0.18036889446925497,1929,256
1930,0.11754259054624544,0.3629951189054498,2140,256
1931,1.7102225916279035,0.6586588038283664,2099,256
1932,1.014031724099632,0.3528446398227354,2037,256
1933,0.3754857759858651,0.605450148157593,1993,256
1934,0.5860051256381208,0.4619907251286659,1961,256
1935,0.13942588398054678,0.7015461303270076,2027,256
1936,0.179005105977611,0.15963453923974447,2140,256
1937,0.4755432231926829,0.37968615850375476,2142,256
1938,0.022950290250304657,0.4043109073885942,1952,256
1939,1.0325099033389915,0.6452363388619189,2167,256
1940,1.1996322950107536,0.18503782351599152,2118,256
1941,0.25383284057202615,0.17567663566343272,2023,256
1942,0.6512597608655614,0.061496584162396006,2050,256
1943,1.7213155363692731,0.8981667642252246,1963,256
1944,0.11210158194211109,0.93479381857999,2113,256
1945,0.2021762459305643,0.6866419431118921,2138,256
1946,0.24976877201930478,0.20933774185705267,2068,256
1947,0.2901527593867696,0.20006622319745482,2083,256
1948,0.5913939523730907,0.018002565072942955,2008,256
1949,5.6920155489565,0.23854949503883005,1974,256
1950,0.7548816770013493,0.35183196734538247,1951,256
1951,1.1356494560401464,0.745171004696939,1979,256
1952,1.0349437430175434,0.724709787618221,2161,256
1953,0.8232306424861185,0.10113580005520895,2008,256
1954,0.9539683910878864,0.10409988722947305,1923,256
1955,0.23683184628961654,0.49222853357881513,2070,256
1956,0.13712592445419783,0.2457950071216426,2150,256
1957,0.18170198576486107,0.33257877163566807,2136,256
1958,1.5611296154128569,0.22146637897261467,2060,256
1959,0.08921248759859933,0.762655253152674,2018,256
1960,1.2575654428400365,0.4434410786411461,2136,256
1961,1.0053121004768546,0.4060385760906654,2115,256
1962,1.2617326217921054,0.8998429451893402,1950,256
1963,0.0742914753750917,0.636754285128262,1987,256
1964,0.49729925457344876,0.6776873206747435,2110,256
1965,0.42837073422649735,0.8433054248835048,2046,256
1966,4.0856211452361615,0.6889818040787471,2048,256
1967,2.7224999746633705,0.46456492062249943,2047,256
1968,2.3943800866420024,0.8349733982182123,2071,256
1969,1.08441684778587,0.31780540267872315,2055,256
1970,0.33506697054335016,0.8321278710872765,2092,256
1971,1.0374034727839343,0.5663527119409226,2102,256
1972,0.042895308481354914,0.18251582307057257,2139,256
1973,0.10859125782357726,0.9263754681799773,2127,256
1974,0.26124321441701415,0.31340777022260957,1949,256
1975,0.8176582170702192,0.6864279699207968,1929,256
1976,0.6241525974993187,0.3585799166238022,2082,256
1977,0.6259425331628782,0.798549273138865,2176,256
1978,3.1597714377595247,0.9212562791118307,2016,256
1979,0.3264536418474813,0.30699401285733585,1941,256
1980,1.0483443694574013,0.4269000572226255,2019,256
1981,1.5096554166965792,0.9998963406222713,2148,256
1982,0.3261244963292357,0.3314405037721434,1934,256
1983,1.793341926101239,0.891326215678184,1965,256
1984,0.3428194387557556,0.17058285152133634,1985,256
1985,0.4594785117769933,0.3254550897924262,2147,256
1986,0.11496871828483013,0.23500757747691492,2068,256
1987,0.9441680802239314,0.3882031154496828,2138,256
1988,1.2327944989981476,0.2851982727728527,2091,256
1989,0.20169750593520816,0.41284951109615176,2104,256
1990,0.5038179899930982,0.11997756334559262,1987,256
1991,0.2243243513082716,0.8757692208881103,1974,256
1992,0.33831564204157344,0.27463418107279014,1983,256
1993,0.6955855003291107,0.26651321452082843,1949,256
1994,0.34716910020400266,0.7552139161840554,2102,256
1995,0.38171263167757935,0.6422018886462594,1981,256
1996,0.6335817554281495,0.9777438571588792,2045,256
1997,0.35708051274098457,0.39967204609608975,1984,256
1998,3.3684786708781043,0.3287395245591037,2172,256
1999,0.5902492157154646,0.47859066631116054,2028,256
2000,1.941037633523994,0.950606826089647,2061,256
2001,0.7131092284272251,0.9760029146582268,2013,256
2002,1.3956968939602303,0.007852819762887209,1935,256
2003,0.32698058293077326,0.32961631202995734,2012,256
2004,0.37377790273872236,0.5505965133115671,2120,256
2005,1.9022122918803657,0.8626133152845359,2046,256
2006,0.20322148151085712,0.6071995195811312,2110,256
2007,0.36723609346504393,0.893269739934883,2158,256
2008,0.6333032849358614,0.5490863306528961,1983,256
2009,2.5200829275653116,0.8017876990375752,2082,256
2010,1.2345422453339019,0.9724115338132014,1951,256
2011,3.0200959453302927,0.8370954138527051,2018,256
2012,1.1205884790422753,0.6302967532222308,2094,256
2013,0.6620253530426125,0.30749310958528087,2115,256
2014,0.6422954801340138,0.24534553129758896,2060,256
2015,0.6634397247227168,0.1042903079322598,1996,256
2016,0.9402476633908479,0.678631160108978,2101,256
2017,0.20277848429568293,0.02454008846137823,1967,256
2018,0.8271467216905092,0.23752384661673887,2014,256
2019,0.6466331278748254,0.018722787106587813,1945,256
2020,2.2624325325922823,0.7912498813815281,1977,256
2021,1.85356837071968,0.36820140687700464,1941,256
2022,2.484129544009608,0.1293041256251959,2004,256
2023,1.95108395385626,0.5896273172679684,2031,256
2024,0.04710548265695411,0.779719901446411,1942,256
2025,1.3717206911854936,0.18326421131770332,2079,256
2026,0.7315958296771091,0.20600354103553886,2059,256
2027,0.5329878259936791,0.32032423048064707,2000,256
2028,1.4548628780852835,0.35757876948393486,2091,256
2029,1.034731878727588,0.6405026064355239,2002,256
2030,1.5033832889147145,0.9803821522040037,1960,256
2031,0.025319642994522176,0.3564805168727204,2024,256
2032,1.3086272611683638,0.723502638880017,1923,256
2033,0.28673716107583685,0.6660800698590472,2039,256
2034,0.547905410553495,0.5551754517384758,2082,256
2035,0.5574885995916782,0.7547905584413869,2045,256
2036,0.22195273889596373,0.5490051705884136,2100,256
2037,0.5429269068447016,0.40472941335486035,1945,256
2038,4.202514375587334,0.34437803073435713,2032,256
2039,0.014879278275766655,0.6283532056929151,1979,256
2040,1.1126120284096945,0.9029005383112279,1941,256
2041,0.18078495535252326,0.4812581987102067,1960,256
2042,0.30632856742155623,0.6257760392011962,2146,256
2043,1.7328574892626147,0.11056135910396869,1940,256
2044,0.10985614852585608,0.8118339141326865,1990,256
2045,1.466154447240517,0.8173096895714117,2156,256
2046,0.29941498348306783,0.8027539933237335,2052,256
2047,0.5356139181506245,0.8978047673365654,1952,256
2048,2.563629115820265,0.3838764976892044,2016,256
2049,1.5716332995030347,0.15951772994051316,1987,256
2050,0.3705475956407403,0.36635999290488885,2066,256
2051,0.547195611087136,0.9370164003444925,2147,256
2052,0.22332281547774357,0.5745312453797297,2038,256
2053,1.0897943349389776,0.7976897512487817,1928,256
2054,0.6378658143726077,0.2499349797514434,2091,256
2055,2.58548356709049,0.35329477995439706,1995,256
2056,0.41722112142708934,0.7040675125114719,2016,256
2057,2.991047439771923,0.571890863121163,2140,256
2058,0.8384179287963909,0.10891507648083687,1998,256
2059,1.2947218333310861,0.44751265511177185,1992,256
2060,1.8588198987307112,0.342069199036385,2137,256
2061,0.2691411358145221,0.4960310746612262,2089,256
2062,3.038095309353703,0.5218045513114272,1946,256
2063,2.369707656526774,0.2741293796363743,1952,256
2064,0.043557312109821084,0.006429260074416132,1981,256
2065,0.6285211478059217,0.6890618201808753,2174,256
2066,0.23545125386196034,0.6072391438994328,2080,256
2067,1.2056137353673215,0.08553529752168809,2139,256
2068,1.7101931364978744,0.8670246738536814,2110,256
2069,0.3801732344013047,0.3468996538033703,1942,256
2070,0.7067384805637696,0.9520362350921963,2070,256
2071,0.1112912284602728,0.1587343353936923,2096,256
2072,0.4981624439836663,0.40585561188718,1987,256
2073,0.7921691564648637,0.8249384452690833,2006,256
2074,0.656123326109626,0.7324098561960145,2163,256
2075,0.2551155937270446,0.6214569073515677,1994,256
2076,0.2449489436542322,0.6024743826374636,1957,256
2077,1.1493926255648916,0.5197516799684291,1959,256
2078,1.4019609393305237,0.6885691814322091,1964,256
2079,0.04306755881339356,0.16618443018718654,2064,256
2080,0.427844875111286,0.07710979590559996,2100,256
2081,0.9004601152168216,0.3205633495950697,1937,256
2082,0.05503099630687664,0.14979032095680955,1927,256
2083,0.6766040945596631,0.5112683304919398,1936,256
2084,0.02348634970700004,0.989875882483841,2002,256
2085,0.9350179869698364,0.7998050912875814,2145,256
2086,1.438776347528652,0.4272404094579769,2000,256
2087,0.021000483188602783,0.30524617675084287,1924,256
2088,0.09490915443177765,0.4324801606811597,1982,256
2089,0.035619628756319854,0.9353287464346205,1951,256
2090,1.2054968817273508,0.9847063909292597,2149,256
2091,2.4645578917661966,0.254675496415932,1937,256
2092,0.013402884610355896,0.35044858038763205,1949,256
2093,3.1735861326547807,0.7183277627993456,1976,256
2094,2.6634312093325376,0.09563025405053927,2128,256
2095,0.05996019253161264,0.4122059284699088,2105,256
2096,0.10289967274418613,0.46005846526851346,1934,256
2097,0.6017065742854361,0.1810957881301687,1958,256
2098,0.2335932282145656,0.47017201084915616,2070,256
2099,0.2694577576619148,0.8042616318562187,1962,256
2100,0.32251844130592594,0.7219860685238678,1957,256
2101,0.42076544415130357,0.4690888623572905,2065,256
2102,2.147868590180854,0.18856577121354723,2016,256
2103,0.21706347960173394,0.1870050720294325,1996,256
2104,0.8504921992647533,0.45742770312166503,2163,256
2105,0.5139880595548095,0.43027280488955433,2103,256
2106,0.5560814548650751,0.21111304669111253,2096,256
2107,0.4707852844680661,0.7107392594708968,1960,256
2108,0.042356720542621816,0.6380386167499618,2114,256
2109,0.10956570492147162,0.3323300101511667,2013,256
2110,0.7744609407955267,0.45659285873941047,2138,256
2111,2.8565650217930707,0.701155790704668,2101,256
2112,1.2601242901548533,0.7717586983768965,2096,256
2113,1.3177677473045333,0.2639918054066738,2128,256
2114,4.262328688992043,0.17827211039487711,2036,256
2115,1.905702243166736,0.9986293530132271,2043,256
2116,2.551965900630623,0.13449172301479573,1986,256
2117,2.487028837893786,0.906601988180135,1970,256
2118,0.2762024204901106,0.5234672427029256,2168,256
2119,1.9091486723790911,0.5610656767901947,2042,256
2120,0.10138247872985134,0.5565282700337416,2090,256
2121,1.6649173180509906,0.5026210116540892,1920,256
2122,1.2021548713788046,0.41604490046474385,2174,256
2123,0.6226488785822739,0.9467782921326175,2062,256
2124,0.8457365601823675,0.2853349733775131,2037,256
2125,0.15341985296188362,0.04989380594548942,2100,256
2126,2.1342329498068526,0.3715428808779575,2027,256
2127,0.6263379391565547,0.5137829082465933,2027,256
2128,0.32100191505734954,0.06212365182980695,2017,256
2129,2.150461149927197,0.5143221252258054,2104,256
2130,0.0424499096013791,0.40757668383638723,1925,256
2131,0.9381399987139548,0.9904515213110116,2046,256
2132,0.05376038839534495,0.03003338862871685,2117,256
2133,1.2343185611772602,0.18923336287052828,2092,256
2134,0.8606464400392763,0.11369763144286194,1930,256
2135,0.7690528983151341,0.5894274171631783,1977,256
2136,0.24816231093880572,0.20304857671882315,1949,256
2137,0.18365053704850223,0.7598339865994835,1980,256
2138,0.4467409607309232,0.44721965674866415,1984,256
2139,1.711861957234907,0.3477499546209738,1927,256
2140,1.7179389028424266,0.6913267216788606,1928,256
2141,0.05711456969708665,0.32416914405436426,2114,256
2142,2.908720595467332,0.38238546762986414,2103,256
2143,0.8116208951053471,0.8353874618660766,1991,256
2144,0.06706665659750657,0.9430013589244802,2090,256
2145,0.08822801874710395,0.8974369302885687,2085,256
2146,1.7203547179009455,0.029112148546758698,2074,256
2147,1.3323873806011006,0.3964318550121807,1988,256
2148,1.1420872390485166,0.24328702228680954,2102,256
2149,0.048371193401747496,0.4121274170340048,2098,256
2150,1.2426332398036728,0.2904786902795684,2144,256
2151,1.1742985279761051,0.7877194125308726,2108,256
2152,0.09204774654557012,0.6188211035537856,2173,256
2153,0.4298752899352461,0.5011614551730303,2088,256
2154,4.96051935660052,0.9243360162932323,2026,256
2155,0.8801513574255816,0.2648112918976344,2000,256
2156,3.3512691524880025,0.21661179338579228,1952,256
2157,1.1048164123279651,0.18102793734280742,2070,256
2158,0.8403454719367096,0.22844410424980222,2021,256
2159,0.14229827394084443,0.2063502660497728,2118,256
2160,0.49683861441412286,0.9790344607663801,2164,256
2161,0.08711319390639506,0.5045987784293291,2127,256
2162,0.15327402366205461,0.5075744490652003,2150,256
2163,2.132478273896802,0.4658784974872051,1946,256
2164,0.17663416045072733,0.29688778061013654,2121,256
2165,0.9759610551575671,0.982392762207961,1943,256
2166,0.45274008508775065,0.4665945551659204,1996,256
2167,0.2611087983627587,0.018078938490421192,2171,256
2168,1.1061063085638592,0.7056585852036227,2035,256
2169,3.3186006526410567,0.37197282786912533,1941,256
2170,0.2543252627323343,0.4812293458888902,2065,256
2171,0.5776807287724861,0.8300401015520072,1933,256
2172,0.29298099760629837,0.35010032065462515,2033,256
2173,0.014433361255505326,0.1568416394668236,2174,256
2174,1.8739647798542403,0.41253057379177827,2073,256
2175,0.45765281170357675,0.5458011572669328,2119,256
2176,0.17754543033492107,0.058455018913106005,1952,256
2177,1.386121719240674,0.08580734101776377,2079,256
2178,1.9172712869461286,0.6129993337820655,1970,256
2179,2.2507941723704366,0.7928553486706739,2106,256
2180,0.13052611953239085,0.7908756002222892,1959,256
2181,2.609142183966029,0.5823557185688304,1959,256
2182,0.6150220260472211,0.4568043666235445,2047,256
2183,0.9351262609588625,0.18915255090691974,2074,256
2184,0.6384205281046216,0.47703893238709416,2021,256
2185,0.039452223561067694,0.6099986350866379,2009,256
2186,2.019744149531772,0.9322400537850957,2059,256
2187,2.8965471380124654,0.5382747663308544,1939,256
2188,2.483328039515519,0.49843188154245754,2114,256
2189,0.3940825804527613,0.26595029837347595,2094,256
2190,0.8225659755587152,0.888891095015457,2032,256
2191,0.3057151679637525,0.25562878715905724,2019,256
2192,2.958229806934041,0.31140922101305524,1964,256
2193,0.05732575497907074,0.8285940011832955,2112,256
2194,0.5415229656347663,0.129061929041,1993,256
2195,0.38185608310164765,0.274982503487188,1985,256
2196,0.6358219996388542,0.41466743432635367,2052,256
2197,0.029846839127595556,0.35086111748840954,1923,256
2198,0.25184653065794893,0.2949092473880187,2043,256
2199,0.5897081846775627,0.6983787971683045,2148,256
2200,2.734492178136628,0.8406390300851473,2008,256
2201,0.022459311077588223,0.7044589787876021,2120,256
2202,0.904155476031441,0.2743277166599015,1984,256
2203,2.010306389938606,0.6332719901173504,1931,256
2204,0.6362310210181278,0.6278265172396588,2005,256
2205,3.4902416444848186,0.4876087560037019,2131,256
2206,1.3402858321219928,0.28913783359764533,2084,256
2207,0.9155673337613566,0.23577243244088475,1993,256
2208,0.9655811156658852,0.7424181846990794,1958,256
2209,0.3078294996188333,0.8691903302925419,1977,256
2210,0.611828335281568,0.2689849538951886,2081,256
2211,1.48059280698435,0.14148251085843966,1960,256
2212,0.41077869608849915,0.9562240823857251,2116,256
2213,0.30971078149677905,0.39023534675907434,2130,256
2214,0.17320011707575708,0.023566175636519415,2143,256
2215,1.12491897049921,0.49391548151043174,1947,256
2216,3.29742940583531,0.7645789810135805,1989,256
2217,0.31315650887641366,0.781327569414428,2053,256
2218,1.793130696447508,0.587351596717098,2148,256
2219,1.0769496536270342,0.6430610690911231,2031,256
2220,0.5481967433192717,0.41231514246522316,2120,256
2221,0.48091212937245437,0.8302666346728387,1970,256
2222,1.2410469998797298,0.4573895739914029,1945,256
2223,0.6249045726912148,0.9655120038415181,2062,256
2224,0.34633187978501534,0.5182607731953774,2042,256
2225,0.2567487156996506,0.13652507330864716,1957,256
2226,0.9724579624105943,0.42629228638748995,2140,256
2227,1.7530534647755245,0.711603197815906,1989,256
2228,1.6591287878337275,0.16614810512522427,2026,256
2229,1.5949714230178436,0.013835048987406395,1945,256
2230,0.15778971290782454,0.5051239336734117,2028,256
2231,0.8623595412802033,0.9392541973342985,1967,256
2232,0.691858794467766,0.31087359127075864,2041,256
2233,5.983649812080123,0.0573419526704263,2130,256
2234,1.674359275303702,0.6511840416093225,1994,256
2235,1.480850612579816,0.8051607502904419,2087,256
2236,2.609206190948729,0.19133407041835315,2033,256
2237,0.14163641196588803,0.8097490337381263,2147,256
2238,1.839926274506868,0.9368079250528693,2152,256
2239,0.13824434868721894,0.670957114861967,2142,256
2240,1.1952926759471336,0.44922334392333985,1927,256
2241,1.2117661824530315,0.5358969079073519,1964,256
2242,1.4657721033075108,0.40365529309086057,2004,256
2243,0.16354077806348738,0.1453093683568919,1971,256
2244,2.089141819102887,0.4646837035824316,2126,256
2245,0.05295072060616254,0.9201946479332052,1999,256
2246,0.17769713040385382,0.07184829779691582,2119,256
2247,1.6697226709214308,0.5213234439217695,2003,256
2248,1.4047589549382247,0.7447274523761183,1992,256
2249,1.5477318461854757,0.7481133742895155,2057,256
2250,0.5485526200102614,0.2847584175499386,2039,256
2251,0.1686152886644336,0.6022447700308533,1920,256
2252,0.30423071408262,0.648179881972694,2026,256
2253,0.058488787079358166,0.529787234424985,1962,256
2254,0.5783111361439955,0.00020211956533411346,1999,256
2255,0.9906073159682758,0.9927839903652328,2051,256
2256,0.9843635861055148,0.07093531852157531,2063,256
2257,0.19723381436406048,0.17943928907480533,1955,256
2258,3.677834863061829,0.9319216120077004,2135,256
2259,0.4082246623782999,0.6412225883106901,1948,256
2260,1.3921157015432308,0.7981401370528423,1970,256
2261,0.46721522874875593,0.4877337121754062,2122,256
2262,1.8481271063254248,0.5569805225190028,1927,256
2263,0.8657857540928882,0.13264282448460796,2006,256
2264,2.432101717454856,0.2712337326083658,2145,256
2265,0.891009326855717,0.40833882447704584,2113,256
2266,2.28201592586472,0.8898750287267376,2050,256
2267,0.11138916842182042,0.7923317650786977,1983,256
2268,1.8296294086587996,0.2476273127961185,1955,256
2269,0.7576198770349393,0.6297404275055375,1934,256
2270,1.4072100175900875,0.1209711912167043,1925,256
2271,0.3249497445202023,0.9440383151938034,1965,256
2272,0.19662389732517502,0.5857458355798625,2135,256
2273,1.2717474648004718,0.15559513792361002,2106,256
2274,0.18497357338808712,0.23770674613440634,2151,256
2275,3.0029752065277497,0.4062179178602918,2151,256
2276,0.7208875290005317,0.6387989527092014,1949,256
2277,1.8538489013994812,0.07050729130568179,2085,256
2278,1.863343327870175,0.5665380603437873,1950,256
2279,1.311715589348451,0.20414019990450627,1969,256
2280,2.930981718337967,0.11879130921910108,2009,256
2281,0.38878502566969175,0.20424132603616552,1978,256
2282,0.8057192053325537,0.2930654696089413,2161,256
2283,0.7660315087259889,0.3019999981301634,1962,256
2284,2.0835879844585365,0.22724772137757188,2091,256
2285,2.9423069893774576,0.8902291892645362,2147,256
2286,0.3845751606191354,0.2520018853908116,2156,256
2287,1.7892243733249587,0.6626158122751662,2059,256
2288,2.7816393072635623,0.38246064586861217,2156,256
2289,0.1911027075348854,0.20772992565428117,2034,256
2290,0.12932036471088343,0.8126140747785954,1950,256
2291,0.08223716794076488,0.1047026121670731,2090,256
2292,3.3478078206514352,0.492736828363858,1929,256
2293,0.8068324271726492,0.7504064827846849,2161,256
2294,0.8029102698843185,0.053452537106486786,2037,256
2295,0.02794829498986598,0.12857199322518165,2055,256
2296,0.22869142800465,0.4734015146802011,2100,256
2297,0.4747338195169002,0.40140359774748613,1940,256
2298,2.1196356641801883,0.8767455522806357,2172,256
2299,0.456387535993921,0.946316712012487,2132,256
2300,0.6567187444162846,0.46916849183767906,2175,256
2301,0.016864664545863196,0.43840851994864394,1969,256
2302,0.3830463243444812,0.17546926265524876,1976,256
2303,2.1634262096624144,0.5766693551117621,1941,256
2304,0.8847215102059145,0.6451490710717241,2056,256
2305,1.3411919052514847,0.8818359644763853,2150,256
2306,0.9304384687613723,0.5515261425908595,2151,256
2307,1.61511351240311,0.9618606132023061,2014,256
2308,1.0621346482449128,0.6736807432087991,2072,256
2309,0.1459180195185117,0.22039547869615295,2069,256
2310,1.8927705887430244,0.72881965110699,1958,256
2311,0.19134375884683766,0.1890589020555662,2163,256
2312,0.06663911564585204,0.12347598735653209,2100,256
2313,1.139239195928694,0.015809816517661335,1947,256
2314,0.9033873810922216,0.9819119974205388,2022,256
2315,1.2185188957117268,0.39767427763658414,2061,256
2316,0.20566019405069064,0.6863206315736069,1964,256
2317,0.04867861987327278,0.7059771297617378,1931,256
2318,1.5077349767937063,0.8778166991028047,2138,256
2319,4.478273169938385,0.7185428846629699,2056,256
2320,0.8713368068571862,0.15281677328369192,2158,256
2321,0.8200306107677184,0.7186194919831195,2131,256
2322,0.19416669107249232,0.500582901225857,2096,256
2323,2.673607231075557,0.5661323774244169,1950,256
2324,0.15967707101579331,0.6187889709491644,2003,256
2325,0.7478324464426094,0.07774315386307196,2089,256
2326,0.10956770985888838,0.4198386889413981,2161,256
2327,0.6403881497935197,0.7096179526567097,2068,256
2328,0.6480991247985277,0.022907044294864787,2039,256
2329,0.5033983263605905,0.9000753906156534,1953,256
2330,4.048963439558676,0.843402842508966,2116,256
2331,1.5477901605549698,0.32271211935422517,1964,256
2332,0.28014091252773227,0.1080505720569559,2094,256
2333,1.8061994239831893,0.04223873870924055,2050,256
2334,1.1399161946517988,0.8191194449520326,2121,256
2335,0.0006866962337167382,0.10543183965454717,2160,256
2336,0.3945429571278377,0.45423981037161665,1985,256
2337,0.8628582904690854,0.9748202893271787,1928,256
2338,0.992452657331285,0.4296735451317867,2018,256
2339,0.6118167341544399,0.21959520598483995,1979,256
2340,0.7856889793043339,0.28130817354434934,1938,256
2341,0.11499043466820193,0.12122298581727953,1943,256
2342,0.813393244329079,0.6850725095366881,2030,256
2343,0.7270975907144596,0.30304206171164283,2069,256
2344,0.6041703632527814,0.6704299186816682,2146,256
2345,1.7718889937547646,0.618949427126747,2153,256
2346,2.751554537967124,0.7923058351634366,2124,256
2347,0.12718870538563823,0.39558769048720066,2129,256
2348,0.7385874431181719,0.6088285910643108,2096,256
2349,0.3815320682053404,0.42091344426636224,2081,256
2350,4.190057145026056,0.5576484753455426,1940,256
2351,0.7673590744249522,0.5766248951079461,2069,256
2352,0.5406797533340773,0.6952593336342975,2042,256
2353,1.2091021660314216,0.8949758240187348,1932,256
2354,0.3853948417903045,0.40682149772111253,1966,256
2355,0.0730859557877169,0.8913289746076138,2002,256
2356,3.136296077678618,0.4224647664136798,2166,256
2357,0.6838943790930994,0.11128971787240116,1925,256
2358,0.7449107512738866,0.05156818985851397,1947,256
2359,1.6056357197637137,0.4826824317796258,2064,256
2360,1.221469746875651,0.3803276685165825,1927,256
2361,0.05731466045499666,0.007109812295279072,2173,256
2362,1.9421485847955822,0.5454488506821386,2119,256
2363,1.302939797604649,0.5741512596679468,1939,256
2364,0.5864222554454888,0.7721463219742695,2099,256
2365,0.3006516018414071,0.5778047104742682,2043,256
2366,2.3216475854228724,0.37428275337570405,1986,256
2367,1.027496877734948,0.7312024050031473,2080,256
2368,0.1316777484061106,0.9633547831955165,2003,256
2369,0.7791313904367723,0.775290294890173,2058,256
2370,1.3634824846265943,0.10421745256218062,1953,256
2371,0.4958301061596941,0.9058629503779544,2027,256
2372,1.4270015227172848,0.5199206911838675,2019,256
2373,1.4166298677607094,0.2399013931134002,1925,256
2374,0.41738646411444014,0.057038935182694206,2109,256
2375,0.13561795395954057,0.6639741377366725,2019,256
2376,3.911243951071399,0.8884433740474538,2095,256
2377,0.42326711871434186,0.021166672495512184,2003,256
2378,1.0865842867325797,0.7251336830305272,2057,256
2379,0.644967925253963,0.22997541191278315,2058,256
2380,3.515515687456874,0.44312906694358056,2033,256
2381,0.36943206397230005,0.6781725347036273,2164,256
2382,2.927557422668084,0.0634366911350851,2015,256
2383,0.29155068779533966,0.4782019328147663,1926,256
2384,1.270679395372966,0.1391072367198808,2029,256
2385,1.0697500414196701,0.6630973849639706,2162,256
2386,0.14979824596688748,0.0223558396647634,2136,256
2387,0.4545587184359638,0.0865583298878686,1967,256
2388,1.3346529190964582,0.7279622226788447,2016,256
2389,0.9410876026429993,0.9026845656544373,2028,256
2390,0.6258507832996799,0.15618719830977135,2151,256
2391,0.4663499363571435,0.08774650750684043,2138,256
2392,0.43390316270878565,0.2524636481367385,2015,256
2393,1.4789475962330247,0.3123349589388449,2023,256
2394,0.6254883014382339,0.11992456765727,2016,256
2395,1.619792124474006,0.9043554656636826,2027,256
2396,1.8224571946280612,0.9969005843813759,2033,256
2397,0.054090413478929754,0.7123648204934382,2099,256
2398,3.9436515996788435,0.49716204054069657,2019,256
2399,2.832694162124494,0.43192270357301954,2035,256
2400,1.0499968524025902,0.8014814086718414,2021,256
2401,0.9484770740114563,0.7394371542532787,2133,256
2402,0.28485884336508166,0.9682532638305656,1954,256
2403,5.2286926211738445,0.9324212765020391,1920,256
2404,1.6998115459322323,0.9080949528003225,2174,256
2405,0.8555101876467965,0.5693177185040104,1957,256
2406,0.7210745819849368,0.6001938025760994,1986,256
2407,0.04934566103295378,0.57070268676689,1973,256
2408,0.6855373795882285,0.8801589073509695,2174,256
2409,2.7303342105267574,0.17596213243398107,1971,256
2410,0.426841186913971,0.7676274889674815,1994,256
2411,0.2016250186248392,0.8793135696628138,1990,256
2412,0.64664284777155,0.4870727679950396,2018,256
2413,0.6685279471717523,0.645506288894961,1982,256
2414,1.8925032390112022,0.8122548876728662,2139,256
2415,0.2744785263568352,0.13561184782809577,2037,256
2416,0.18430453512761893,0.004527376183580345,2106,256
2417,0.8811044206393012,0.45440277660944217,1927,256
2418,0.4072411271176661,0.7918920644632294,2099,256
2419,1.1449160424142433,0.008681020291012587,2103,256
2420,0.4748319325796537,0.5700659215804057,2107,256
2421,1.309789703089996,0.6190205463839906,2123,256
2422,0.3191973782644485,0.2903871035839072,2070,256
2423,0.1255976596962987,0.3038602568672475,1934,256
2424,2.7814502393928944,0.10285931393513048,2166,256
2425,1.1009599986022247,0.8553861916617437,2043,256
2426,0.5495226473783036,0.4194284093788374,2173,256
2427,0.6042992466933389,0.65431204626162,1950,256
2428,0.0493846024429888,0.027694083532346925,1978,256
2429,0.09748609120033223,0.7529874007863221,2009,256
2430,0.11686184296100145,0.09248409935132917,2121,256
2431,1.7676511396619239,0.12138601058861276,2046,256
2432,0.42422419531325534,0.8298302064613933,2049,256
2433,1.529747143044015,0.8232253371862018,2104,256
2434,0.12183593345602708,0.712464065430564,2116,256
2435,0.2597509796063272,0.6751734148672521,2116,256
2436,0.7901484774634109,0.7612189870861732,1969,256
2437,0.2722663340470604,0.03009262452092254,2172,256
2438,1.5220525665062805,0.3775798519862721,2066,256
2439,0.38169031786847096,0.1550593444968802,2016,256
2440,0.9349645038920197,0.6556593984525205,1921,256
2441,0.16638363893316227,0.3540876367488658,2029,256
2442,0.10244311526906966,0.5780223557567158,2034,256
2443,0.24481150128064205,0.887394885485865,2138,256
2444,0.09045051756722304,0.045646380519971386,1988,256
2445,0.09082761514660986,0.14831778268010765,1921,256
2446,1.0697021764222296,0.8398917876918401,1992,256
2447,0.168569636396002,0.17092097894676583,1995,256
2448,0.6654986688830525,0.9649822713909203,2026,256
2449,1.6518043872262784,0.4237706420952433,2145,256
2450,0.49134531867742026,0.33751766013017115,2120,256
2451,1.4896494069689132,0.4204868265717535,2020,256
2452,2.0700938044041846,0.582434893565438,1973,256
2453,0.3941766666147516,0.0016913817412707033,2025,256
2454,0.06679929419696129,0.46610183045401354,2157,256
2455,0.8593268983272497,0.6982965720921952,1942,256
2456,0.6324192741915473,0.5734128558264784,2175,256
2457,1.3854922524442213,0.3635063896359837,2108,256
2458,0.16871407726264495,0.6316408231607062,2142,256
2459,2.060764937899343,0.06229056912977171,1943,256
2460,0.7061071873760318,0.35926719265389717,2092,256
2461,1.6991901719133609,0.0318213013110612,2110,256
2462,3.095494487561236,0.06102641520291352,2115,256
2463,2.111822137297913,0.09547284492508368,2116,256
2464,0.45364578079994866,0.7073299945422173,2172,256
2465,3.1671342589733764,0.7957113247519235,2085,256
2466,0.39168575250572174,0.38661943324758175,2072,256
2467,0.48764524961885175,0.29076901965506585,2115,256
2468,2.2421982441341655,0.9674714863633159,1973,256
2469,0.7078064763633983,0.6678329005743808,2145,256
2470,0.7376317921133142,0.3362106339277122,2011,256
2471,0.7251200728300392,0.5334050079072272,1997,256
2472,1.0725542679224127,0.9609375539756962,1983,256
2473,0.5594312553864367,0.2934223298682085,1986,256
2474,0.22195183512935007,0.8127986634888551,2087,256
2475,1.0103076429989806,0.7554644940125997,2044,256
2476,0.7311654320527703,0.5940259774953706,2057,256
2477,0.6686077727408246,0.41546407368878624,1955,256
2478,1.668358597904781,0.906091645498491,2038,256
2479,1.9021705929894652,0.7681304452191478,2042,256
2480,0.12268029766190898,0.10012502468737539,2048,256
2481,0.1254961378704312,0.46433229354726835,2042,256
2482,2.2503047652620216,0.1293111870388266,2174,256
2483,1.563718000270747,0.8316490399573003,2171,256
2484,0.22267272910794314,0.39691777757184976,2091,256
2485,2.302719654850685,0.806499124970196,2075,256
2486,0.47982756207958865,0.34448740843079484,2066,256
2487,0.34765623057084477,0.2778205204522497,1962,256
2488,2.190260529423427,0.273266854407067,2014,256
2489,0.07278770880322845,0.12514235675182206,1942,256
2490,0.48365118005546837,0.49788243485573447,2058,256
2491,0.8495719979888909,0.5393053733085361,2024,256
2492,3.047079639042486,0.8356962161645384,2086,256
2493,0.01841079651376317,0.5946211159640273,1997,256
2494,1.262219462284522,0.026743497890330703,2106,256
2495,0.048792242717995725,0.8042884767620637,2068,256
2496,0.9077869933373196,0.6261385433273966,1981,256
2497,0.24536460793083606,0.0740509543908664,2043,256
2498,1.3772897300259541,0.8680062209867673,2111,256
2499,0.15741278085557847,0.29727110618434505,2047,256
2500,0.34959516008610414,0.04133695541038873,2128,256
2501,0.14298147524157007,0.16153128094314873,2034,256
2502,0.09152479721989705,0.7487436440883832,2090,256
2503,0.34771862090155486,0.6269168358939067,2113,256
2504,3.992661646084441,0.9812466370912145,1957,256
2505,1.2943480285149507,0.6141487054037161,2090,256
2506,0.33730993052986624,0.8672321031318989,2045,256
2507,0.10943641827141973,0.4578106015100293,1990,256
2508,0.9760099836873679,0.4720504958317895,2115,256
2509,0.0055103641933374106,0.29861799444630444,1949,256
2510,0.22374616702548225,0.6041794790689291,2011,256
2511,0.3233538266048345,0.09570171045645026,2081,256
2512,0.23915289938215697,0.3866522522262955,2120,256
2513,0.32010534828181897,0.5393419478196604,2133,256
2514,0.859297007967519,0.03632601513524669,2022,256
2515,0.026058672148794502,0.6099885004784996,2055,256
2516,1.4858110945477445,0.0229138310938084,2173,256
2517,0.3831376016465635,0.24031592619161868,2158,256
2518,0.269483441707295,0.8941634095455159,2078,256
2519,1.1016134100944424,0.8502691199381651,2032,256
2520,4.084649075963681,0.48268007359886467,1966,256
2521,3.0228409199473942,0.4178752697363758,2161,256
2522,1.2121296926080067,0.8741456493147359,2047,256
2523,3.5787840304957474,0.7535410592223833,2044,256
2524,0.37496328772440807,0.0023229583379139607,2131,256
2525,0.4291099266629805,0.5520200240781246,2072,256
2526,0.8816154369905913,0.9982197014333158,2067,256
2527,0.2667653774120976,0.8310378591905263,2142,256
2528,0.39766827655764164,0.5146667096441232,2018,256
2529,2.1142971358109275,0.02141730512815443,1933,256
2530,0.39603044400378473,0.05822485507870079,2148,256
2531,0.31813947683895144,0.31143349993995995,2174,256
2532,3.18598902408179,0.17759698679626312,2140,256
2533,3.8083175126404147,0.1793690717968427,2127,256
2534,0.03576019464534237,0.5636115940198333,2117,256
2535,1.0977982490912508,0.22253463104644378,2142,256
2536,0.4187108090231206,0.20046549691675497,2143,256
2537,0.18931843278268387,0.07997777152121366,2172,256
2538,2.8305011990941704,0.03687638946395999,2133,256
2539,0.1846159763961123,0.1030621629988745,1956,256
2540,0.4170668068020339,0.9246165423154201,2014,256
2541,1.932719485914553,0.9916928131273101,2148,256
2542,0.6463401970020768,0.4072389192365774,2007,256
2543,2.366586581751914,0.17915017736726535,1950,256
2544,1.4553037568762073,0.047463306703810826,2019,256
2545,2.3501049879254428,0.3502587021463581,1932,256
2546,1.8956542469349935,0.8982005151730296,2011,256
2547,0.13881667108710516,0.17140588085009256,2082,256
2548,1.477559456300096,0.19596798203132804,2107,256
2549,0.33863823382917324,0.8780702754601708,2090,256
2550,1.490453910249656,0.737767713934202,2074,256
2551,0.7159252958442849,0.37774678372244597,2075,256
2552,1.0577050874291072,0.5811097655194011,2077,256
2553,0.4988839371169515,0.8096491336670921,2106,256
2554,0.32572017986671586,0.3690185451762956,2107,256
2555,0.16636218662815835,0.13318510778502246,1988,256
2556,2.564655172692418,0.29672956646754955,2114,256
2557,2.2038653909092427,0.1659050461325272,2176,256
2558,0.6695835270327257,0.15760012158476,1993,256
2559,0.10136476917303996,0.8889854999471102,2092,256
2560,1.4579920237393689,0.9473554115102927,2003,256
2561,0.5462561921891911,0.8363772410416515,1982,256
2562,0.07677054103080723,0.2886640563345042,2065,256
2563,0.9440721123174134,0.5664678374406609,1960,256
2564,0.7579827665986455,0.7844035878060166,2027,256
2565,0.10846122441341416,0.3075973276862166,2163,256
2566,0.6513427059382536,0.4631143435701791,2142,256
2567,1.2563743054716219,0.8664420440091107,2148,256
2568,0.29592573750965684,0.7901896544771223,2075,256
2569,0.20248783882722676,0.7305702459197558,2103,256
2570,0.1474371933926205,0.7898547393963288,2080,256
2571,1.091655878138792,0.7858030923876138,2003,256
2572,0.3698285468313961,0.35842520828428504,2003,256
2573,0.21481439155834206,0.8886444027807903,1955,256
2574,1.1506486530897733,0.1911852627151872,1937,256
2575,0.3792986409441145,0.21128348379754702,2025,256
2576,3.884563004653886,0.7579955328118168,1920,256
2577,0.46532363418785316,0.12871020966829172,2072,256
2578,2.0359908199713876,0.8536593343124256,1959,256
2579,0.8970219742149877,0.09554695021590731,1949,256
2580,0.4463825986771604,0.37505328197669274,1985,256
2581,2.472827019704701,0.5136396173758785,1959,256
2582,1.167322119680982,0.7319185995811305,1936,256
2583,0.6837013469673479,0.026550633041227845,2149,256
2584,1.4847145774607846,0.19273966372180962,2064,256
2585,0.6646310866671885,0.5810839091973796,2042,256
2586,0.3282360009692813,0.487112494583124,2117,256
2587,1.4491114179600018,0.3729033479628704,2149,256
2588,0.9215857123926929,0.8700014427491123,2111,256
2589,1.205461874034629,0.6051255997044624,2037,256
2590,0.6765058672488938,0.22501428269260138,1994,256
2591,2.4346543424126184,0.7878247655872986,2154,256
2592,1.7191588458963871,0.42383172588409523,2117,256
2593,0.5549090161897847,0.9042142157503565,2174,256
2594,2.055983504979047,0.1890794457398739,2082,256
2595,0.7090486078423259,0.33185192007903297,2083,256
2596,0.46517280950892254,0.9418705144952377,2007,256
2597,1.368430170374565,0.9770963104339103,2052,256
2598,1.261191474556862,0.08616576394554587,2001,256
2599,0.34344350627163955,0.5876877592825094,2166,256
2600,0.12977073734403222,0.1312643424199762,1946,256
2601,1.9421786783934785,0.1537963042906113,2150,256
2602,2.54064449327757,0.8666034831716152,2046,256
2603,1.620064350629326,0.6290010667954802,2103,256
2604,0.23903882254114192,0.9664440238282775,2176,256
2605,3.059797822203115,0.6308597947946809,2151,256
2606,0.03505175573924105,0.07057727310224826,1950,256
2607,1.9999639079698868,0.01746418419337703,1972,256
2608,0.13112309729101504,0.1938891001277151,1924,256
2609,0.061732585214175156,0.8529779251929308,1962,256
2610,0.7551682108837438,0.7504521997301099,2175,256
2611,3.6890214746849734,0.8581505486993484,2081,256
2612,0.408367026612017,0.53950345765942,2159,256
2613,0.65109597100518,0.04278340311056461,2123,256
2614,0.2300648232480543,0.7967031695728929,2165,256
2615,0.2204325279646467,0.32454040331166367,1958,256
2616,0.9564242830075745,0.8160420384288279,2054,256
2617,1.0062131818638032,0.853211639991238,2020,256
2618,2.1271295972908932,0.6018121417435054,1938,256
2619,0.11054905536332887,0.8878481126856093,1998,256
2620,0.46505579431064503,0.09027046460204158,2029,256
2621,1.7038053000247018,0.9617646637170396,1998,256
2622,0.3084626993553866,0.4443692643070929,2043,256
2623,0.20345938533646582,0.7847804513640666,2089,256
2624,0.895249961230507,0.3152954661718914,2124,256
2625,0.22845247421618278,0.8536928352468031,2083,256
2626,0.1454515912234506,0.4278936607018853,2046,256
2627,4.897873846110718,0.7033168448659916,1934,256
2628,1.7632506125459873,0.4964421437201144,2107,256
2629,1.9326249782084588,0.5433846716309386,2062,256
2630,0.2566172314233855,0.46472358263544955,1997,256
2631,0.06727771722643992,0.17824865015555968,1957,256
2632,0.1586766323220455,0.9684322559618807,1924,256
2633,3.2758961191501257,0.5660564542116472,2094,256
2634,0.8722252295926088,0.5912267981414623,2120,256
2635,1.297949334911309,0.6052625111713119,1946,256
2636,1.057788704106043,0.23710555772707942,2026,256
2637,0.6952363768787612,0.6151104269701887,2038,256
2638,2.9258308098525827,0.9403882562979725,2022,256
2639,0.08459613598889053,0.8704896291163776,2104,256
2640,1.1344550527649564,0.6103646852454389,2154,256
2641,0.25513963438413456,0.5046425491310351,2123,256
2642,3.6714250851633805,0.7165272832183571,1939,256
2643,0.3438901473238652,0.9819797424753482,2096,256
2644,1.9963652754742172,0.07607952781994265,2007,256
2645,0.4047424923114121,0.5997367628377,2116,256
2646,0.5110285548014268,0.04570320424376395,2070,256
2647,0.3300504763393858,0.9567008696542897,1983,256
2648,0.12471661128731293,0.12859860929772438,2073,256
2649,0.5184686007995684,0.5389730809182597,2163,256
2650,1.3705854445739263,0.494108055377535,2019,256
2651,1.3098726905494826,0.11286978324246899,2146,256
2652,1.4779941764973696,0.5750200486817777,2115,256
2653,0.7773521942269512,0.00585374636027769,2148,256
2654,0.5487125673093397,0.6312980384418867,2060,256
2655,0.9653204223135639,0.10428132608543295,2049,256
2656,1.5291632810078186,0.13978047945328143,1988,256
2657,0.4121289010789958,0.45970820954320746,1956,256
2658,1.2104551686185636,0.16310007646796953,1940,256
2659,1.0130214292808715,0.8718452399190422,2146,256
2660,0.0031714407372049795,0.4334467248345214,2021,256
2661,0.3159407232331389,0.32723925582153834,1944,256
2662,0.15374707800492907,0.6206441116118626,2079,256
2663,0.5589404740869214,0.0010625880333122728,2028,256
2664,0.9357100224322981,0.8319266499849725,2105,256
2665,0.4263608813333095,0.4267318886672401,1945,256
2666,0.5774078518576234,0.7827849378625268,1944,256
2667,1.2677292127807032,0.9140962695237145,1955,256
2668,3.6382162366370787,0.11195224345027255,2168,256
2669,0.38851024775314597,0.13954498454885933,2173,256
2670,1.985977735811015,0.3201490711051176,1939,256
2671,0.241483921915063,0.7981057144870387,2014,256
2672,1.149834727899241,0.4593326718691505,2008,256
2673,0.32283306405271095,0.012759794478862774,2140,256
2674,0.8743132274041515,0.6571140552885881,2135,256
2675,0.3222061320935775,0.6192870497136046,1970,256
2676,0.5133123527359105,0.831916535121266,1935,256
2677,0.07859352050750697,0.8469758622564283,2172,256
2678,0.28378161928765677,0.5828058572397483,2145,256
2679,0.33573425917626687,0.4723278023037114,2121,256
2680,3.0091800522761316,0.7435525037227995,2067,256
2681,1.8917238741984193,0.35583094952590155,2070,256
2682,0.16180529175154182,0.24939660617142834,2007,256
2683,0.5461781355937176,0.7473722338787889,1947,256
2684,0.5446488808934821,0.18239558437481207,2061,256
2685,1.360809193586334,0.9149921853554721,1940,256
2686,0.15311209462891714,0.5577195072569834,1926,256
2687,0.10048514614451476,0.3540638810781179,1941,256
2688,0.3765529976187095,0.7719023398371577,1967,256
2689,0.8467348182246884,0.5244903473084446,1962,256
2690,1.149644814340197,0.05947736353692967,2123,256
2691,0.6580606015000681,0.48885302680131437,2073,256
2692,5.013613861051043,0.6941239799017835,2067,256
2693,0.2062360294407097,0.6094957216179993,2011,256
2694,0.29048306134386903,0.8703810962364156,2097,256
2695,3.0378372434983296,0.9469865985460034,1922,256
2696,0.3329317844344377,0.6928424282499557,2130,256
2697,0.056496342756209475,0.32054055898277156,1973,256
2698,0.7110230136641029,0.06280269641183966,2083,256
2699,1.596438088958903,0.5988674751745183,2111,256
2700,0.31125134311129404,0.5271941265870851,2097,256
2701,1.6868553305817147,0.4101731226662416,1997,256
2702,0.20005868498547474,0.30007064378239456,2101,256
2703,0.02101221438058474,0.9277076855789395,2108,256
2704,1.6755491134646663,0.09028045713685229,2156,256
2705,1.2571418764770796,0.8989191618282639,1933,256
2706,0.6274526559111917,0.6628140359624036,2090,256
2707,0.3909701280246561,0.5250109184546365,2012,256
2708,0.11732388955076783,0.17331078641945896,2114,256
2709,2.344831919005531,0.6225790308658946,2149,256
2710,0.3127451804808649,0.09571817797758708,2011,256
2711,0.013065522591043714,0.19858271590870802,2010,256
2712,0.20920478366602085,0.6184122559152402,2064,256
2713,0.17972949788233392,0.7435723661848926,2133,256
2714,3.0616026770723295,0.4107966359848513,2106,256
2715,1.8572219417554723,0.5163520562537448,2015,256
2716,0.17165370296372956,0.6879118246080259,1989,256
2717,0.6904341792430125,0.7333076246843245,2002,256
2718,1.1246205991855343,0.5342939990183501,2052,256
2719,0.12231284873102637,0.6719228020031262,2129,256
2720,1.5389208327002388,0.1592074988993809,2043,256
2721,1.8525779757827174,0.6033060476570545,2160,256
2722,1.000656103531646,0.120740966169947,2087,256
2723,0.559912637818581,0.6183806327911558,2147,256
2724,0.06996169426917288,0.2910127743321075,2099,256
2725,1.3112774758482284,0.9252304126644867,1955,256
2726,3.0045331957051884,0.8356415051065285,2114,256
2727,1.1207445937498648,0.42422045895436555,2012,256
2728,1.8247358401056748,0.20486186705601683,2060,256
2729,0.242312144938433,0.7492817948733695,2125,256
2730,0.7858990165752197,0.8381737834920575,1961,256
2731,0.3618242751276377,0.9105221708162119,2161,256
2732,1.69891324753851,0.5426189197326353,2072,256
2733,3.329092902084172,0.3250400834596441,1925,256
2734,0.49152042453492933,0.9620878826630674,2140,256
2735,0.1397810595123711,0.6471905151401658,2009,256
2736,0.13549666971527805,0.7018910925700045,1954,256
2737,0.09852221205203153,0.971491394222512,2065,256
2738,0.1039564041692899,0.357894637601314,2117,256
2739,0.17281914879197835,0.8367000156308193,2137,256
2740,1.0462903735616422,0.8409152286951513,2093,256
2741,0.1690698523188068,0.24861165460109302,2158,256
2742,0.7885286090664717,0.29091660750607584,1957,256
2743,2.57399335987275,0.2370087426151516,2153,256
2744,3.0370554822496842,0.8117113363055062,2003,256
2745,0.24287398059396947,0.018024478493983698,2012,256
2746,0.28414808867737706,0.6097059133149147,2155,256
2747,0.7635076438815135,0.760191873214967,2115,256
2748,0.36705198344689816,0.1543074546814478,2058,256
2749,2.97438391048989,0.10783758665789434,2093,256
2750,0.08897080165238366,0.10591401393706845,2139,256
2751,0.9936784674498914,0.13689266899223973,2125,256
2752,3.16550758005617,0.8033634463686479,2127,256
2753,0.958599923028545,0.34371641721478297,2175,256
2754,0.18609152919681038,0.5183905928718139,2158,256
2755,2.4075775412102027,0.8383160127732886,2027,256
2756,0.06559434698897243,0.7397219147803574,2025,256
2757,0.601052515167112,0.5326927603761152,1938,256
2758,0.8973493591871461,0.189940775829038,2126,256
2759,0.2258201577244435,0.4277721636722642,2067,256
2760,0.1610142125169911,0.9217753703820597,1975,256
2761,0.2642567007152168,0.9517381725775,2020,256
2762,0.4255578517209814,0.40519639330103463,2053,256
2763,0.3843994414451027,0.7869518680669169,2143,256
2764,1.6745217302840552,0.3633958138723863,1994,256
2765,1.494967450852358,0.0012397370419497955,1962,256
2766,0.7006983307752858,0.17110149615171955,2041,256
2767,0.46391778831243335,0.20053935280705126,2048,256
2768,1.2689812604331465,0.5270842096082182,2175,256
2769,0.14733399647871323,0.24940439148713334,2089,256
2770,1.542425634544522,0.1811001139921743,1983,256
2771,0.08184157572269324,0.6080428843253951,1961,256
2772,0.019430768161042174,0.7651730569467031,1956,256
2773,1.364475337041259,0.4852705544870538,1978,256
2774,0.6810373992682244,0.7035179936923055,1928,256
2775,1.3944752175832063,0.03146277762639316,1982,256
2776,0.22221529565281317,0.866335378478008,1976,256
2777,1.923919559249038,0.6108657583316709,1993,256
2778,0.030916976474203807,0.4524101536884453,2044,256
2779,0.6339753018544723,0.3221813653815959,2053,256
2780,0.284647036398656,0.8298198990570851,2083,256
2781,1.8130616509860351,0.4765947071163922,2040,256
2782,0.3660681858408559,0.299479948555046,1999,256
2783,0.10281970945921319,0.41322967012756984,2014,256
2784,1.8098186512572276,0.3347074473316072,2109,256
2785,1.6189843751705058,0.040714837719505126,1939,256
2786,0.4063274391483215,0.893722177094125,2113,256
2787,0.5052783732370109,0.0321201738319522,1967,256
2788,0.8624120237307529,0.6282540920096755,1987,256
2789,0.05387027088616657,0.17526859509410864,1960,256
2790,0.4712097467118909,0.8625904844935194,2175,256
2791,0.9671595655358924,0.3674234043507506,2114,256
2792,0.7286768038018836,0.8551600104917758,1986,256
2793,0.7080901854844991,0.8616408166057338,2160,256
2794,0.026904760936666022,0.2710026395453583,2114,256
2795,1.4422288748062981,0.8070362641184862,2006,256
2796,2.4796322036817204,0.31332900549198295,2105,256
2797,0.8202523430890039,0.5522564912999143,1987,256
2798,1.2421383410940816,0.8355568072004949,1942,256
2799,1.1341371522927883,0.9668774959634996,1952,256
2800,0.12407549518329883,0.7507399479149313,2173,256
2801,0.38812293490824107,0.03491348195664912,2034,256
2802,0.4706656496476301,0.34699094469361114,2041,256
2803,0.2133611789850995,0.13975163649393973,2082,256
2804,0.900628438006568,0.9272822026470815,1924,256
2805,0.17111825869317537,0.31230427934690996,1999,256
2806,5.328698538545059,0.5811381716535796,2077,256
2807,0.5388354856116359,0.3923894395238351,1968,256
2808,0.9466434082380374,0.7652033268765099,2148,256
2809,0.08993103935598852,0.7252269080170726,2032,256
2810,0.7611218823322922,0.7255079702935952,1986,256
2811,2.182782340255939,0.7319559736590592,2012,256
2812,2.4414636684533013,0.19745353220727846,1960,256
2813,0.5086217401920272,0.52206473080908,1993,256
2814,0.10638086494510965,0.055806179122158794,1972,256
2815,1.878706354561905,0.35833483304646885,2159,256
2816,1.7655293376288161,0.09966234363205695,2093,256
2817,1.0699858938982536,0.8223905504070097,1962,256
2818,0.7187641351458196,0.1954656745555925,1923,256
2819,0.16259176001921413,0.6688959207714592,2004,256
2820,0.7079745855117775,0.5688433173829988,2003,256
2821,0.10485079416103141,0.9499510563362584,2080,256
2822,0.6905581674980457,0.835031024652446,2033,256
2823,0.025257718390444297,0.5444967896334193,1939,256
2824,0.697690414567377,0.6459746528999489,1976,256
2825,0.19532519864743422,0.2501244070102988,2012,256
2826,3.604108310490959,0.7549751551440659,2168,256
2827,0.07195643102338321,0.7290106653392163,1975,256
2828,0.16178687041744325,0.2085704874400951,2042,256
2829,3.1934383517412566,0.9954750339781013,2132,256
2830,0.6221523628257759,0.24681057116671734,1946,256
2831,1.7723590596531285,0.1778398328253188,1994,256
2832,0.4513218389258032,0.22867073099252433,1983,256
2833,0.17166356528541252,0.5660888366248308,2101,256
2834,1.0100586813417824,0.2759598585857964,1940,256
2835,3.934907144690348,0.9330450518074348,2037,256
2836,1.4487589310518654,0.21763992958988676,1923,256
2837,0.5136315200108261,0.6618183257702575,2079,256
2838,0.48753030612093606,0.4099755210606758,2080,256
2839,0.08714152029339449,0.07551032840662142,2142,256
2840,0.3502368226295578,0.11871304026310436,2010,256
2841,0.975242955881999,0.34994670975835707,2155,256
2842,0.8710735118898214,0.5847861951463208,2011,256
2843,0.23355666568309225,0.17618869190353004,1952,256
2844,1.3542780581296783,0.7615312228196781,2102,256
2845,0.4701325773365175,0.8419695024276546,1952,256
2846,1.7908736346667504,0.14323634009575503,2010,256
2847,2.734443847193182,0.25156511427197403,1936,256
2848,0.251589795303318,0.9902950230332345,1950,256
2849,0.02155048337580758,0.019441551605902108,1945,256
2850,0.32008165278030826,0.13592062161318597,2013,256
2851,0.5467297486458993,0.8917673277179782,1947,256
2852,0.734531614935997,0.688677546721196,2128,256
2853,1.8800462082807572,0.9046450815403015,1973,256
2854,1.4517666119089996,0.23353789024481597,2064,256
2855,1.2842038009320578,0.7603962614208051,2065,256
2856,0.09626542989461463,0.5873512439126739,2039,256
2857,0.5691459266162945,0.4467219480340876,1938,256
2858,0.9616961855308516,0.9878500594041589,1923,256
2859,0.17399642190397163,0.4959319922430817,2171,256
2860,0.866755525097508,0.36714518194842605,2059,256
2861,0.10145122843468174,0.6781744973347592,1946,256
2862,1.456691991950365,0.49690756721336315,2082,256
2863,0.47799521737267475,0.23101087320067448,1959,256
2864,0.5332782367090778,0.8808899885997897,2137,256
2865,0.7207607449179863,0.22423526498709,2028,256
2866,1.4317675611133995,0.21806979820994488,2126,256
2867,2.241786691182313,0.6691265314668954,1924,256
2868,0.2604087886098442,0.9000476837814867,2104,256
2869,2.6480861585195807,0.10830093992196266,2144,256
2870,1.8543546461461582,0.5775367928914903,2040,256
2871,2.3372965351343025,0.7025243828290214,2166,256
2872,2.8538965348251613,0.5843759611166714,1975,256
2873,1.3408093921677589,0.15469769120026156,2071,256
2874,0.5645263632215233,0.7629876481775747,2166,256
2875,2.5857521799329364,0.8301966545588604,2146,256
2876,2.9546028110140012,0.07763177282292455,2032,256
2877,0.05499768075029603,0.07275199808825594,2032,256
2878,0.4284700641771548,0.557220686942647,1989,256
2879,0.08961979076123856,0.27520302757388115,2092,256
2880,0.6408050530361817,0.929153573668967,2029,256
2881,1.464834987213186,0.5538162121683663,1932,256
2882,0.799984461505902,0.5037252301951534,2131,256
2883,1.2873978886716893,0.9694794676525517,2101,256
2884,0.10183353285131401,0.8990273122076029,2111,256
2885,0.8068949296326321,0.7340388226249303,2091,256
2886,0.006129145287394233,0.18201905586353784,1936,256
2887,0.8360142680611987,0.2272367370636431,2063,256
2888,0.11761992956762277,0.03566747971381057,2043,256
2889,3.9329937013407976,0.30781594872965257,1931,256
2890,0.10919306687056728,0.05963229252019753,2083,256
2891,0.5726605817671475,0.9766230121406353,2142,256
2892,0.5186590860983773,0.6625907453319143,2164,256
2893,0.28667747429359935,0.6714890117347873,2003,256
2894,1.0651801196400252,0.5326571501336667,1941,256
2895,0.9572021002650661,0.9917082420183608,2048,256
2896,0.08117274040163991,0.40367258563069786,1921,256
2897,0.9832019923068629,0.07303875361045065,2156,256
2898,0.014554835732488128,0.06462435232127484,2066,256
2899,2.9145647282113187,0.7134693124904742,2076,256
2900,0.0008364886391338149,0.5297073564910707,1933,256
2901,1.444583805123013,0.2409828643322247,2097,256
2902,1.6637098301307827,0.48040636405561676,2139,256
2903,0.7317711072031932,0.8228032925682518,1980,256
2904,0.8279201403783791,0.14746162103690197,2015,256
2905,0.3001661312683847,0.9489655278333187,2166,256
2906,0.8385165725592717,0.9996670333269665,1961,256
2907,1.322011751302704,0.5531326390798471,1956,256
2908,0.2228242439660061,0.49544925009693186,2069,256
2909,2.1895258782232316,0.1278022142847105,2158,256
2910,3.0823589989975235,0.8480730528859536,2061,256
2911,0.3025982021977788,0.12063640401386799,1981,256
2912,5.746707512833928,0.4720986851543393,1975,256
2913,0.2983864038342945,0.1763167353656233,2175,256
2914,0.10371465378920573,0.36416042567236206,1966,256
2915,0.9660965637246993,0.7457817059896577,1937,256
2916,2.4375938296850985,0.4149787953601696,1975,256
2917,0.6574150216236717,0.038085899727518635,2156,256
2918,0.6268456370749206,0.10553650794491587,2075,256
2919,0.9416880065690919,0.6693089954164674,2164,256
2920,0.196304150908331,0.34478115098576045,2083,256
2921,2.776676953080557,0.13183832019125508,2172,256
2922,1.526918720925917,0.397352333122873,1932,256
2923,1.2911901236358594,0.2338244337173404,2089,256
2924,0.4806894178059657,0.925818443587229,2109,256
2925,0.042586067213594335,0.43826923365684844,1939,256
2926,1.343293087720126,0.2003187932695114,1957,256
2927,2.314588218368432,0.11261577795340494,2065,256
2928,1.2714073100362144,0.2874917827505099,2082,256
2929,0.5851651279796168,0.9935239443466203,1974,256
2930,0.7644567232306052,0.6096860165854951,1972,256
2931,2.917026590747208,0.6832056715665691,1935,256
2932,1.2410020711236054,0.9234812277639406,2166,256
2933,0.28470172909356645,0.46254342918530844,2062,256
2934,3.4093983602198454,0.9078866008984684,2099,256
2935,0.15990450471240583,0.9542224293354855,1967,256
2936,0.20799655980164994,0.895117127106798,1977,256
2937,2.7769689216809157,0.04729384943945314,2020,256
2938,2.2715345356377195,0.9112607278017016,2157,256
2939,0.004937767560029969,0.07320110185425777,2113,256
2940,0.3565278016481564,0.8477047599290211,2144,256
2941,0.15799038958726583,0.41177553910595044,1973,256
2942,4.331433678399377,0.4564560708799179,2077,256
2943,1.8068675256552582,0.3359125765261003,2166,256
2944,4.205585533751573,0.2698871043616575,1955,256
2945,0.7802946835844009,0.10493522248413856,2005,256
2946,1.4641544385862792,0.437372401599622,1945,256
2947,1.9395575295068195,0.3953743565603499,2058,256
2948,0.7864173010894888,0.8196855566816638,2128,256
2949,2.2821380635369066,0.06944084666508099,2139,256
2950,0.6068911412586555,0.4275194963531499,2107,256
2951,2.5593373754638273,0.06305048386869627,2098,256
2952,0.30719664458618123,0.19647226361979198,1933,256
2953,1.2727460948129434,0.08892624916206104,2053,256
2954,0.1663436729805545,0.23194307825789495,2125,256
2955,0.001987059383632185,0.8314642537105457,2172,256
2956,0.2773910044314821,0.2908272779591141,1970,256
2957,0.07017939664845504,0.2240603938218012,2090,256
2958,0.03974081908865671,0.04547427410199578,2084,256
2959,4.424383837775646,0.29762726807692075,1996,256
2960,0.8346181254888694,0.08273845332368746,1998,256
2961,0.6118938024751865,0.5665810189357247,1983,256
2962,0.72805218762126,0.04706803791592773,2168,256
2963,0.1203599493332576,0.9288699520888488,2122,256
2964,2.5769426135175477,0.8125814691126523,2134,256
2965,1.8554367992198142,0.4592059288995263,2120,256
2966,0.026021448494080286,0.5238172954487551,1962,256
2967,0.30040133401762587,0.5461135420029765,1931,256
2968,0.48658947384126094,0.07960387266813729,2111,256
2969,0.5426837800262349,0.2687946070343158,2086,256
2970,0.7177257451540535,0.8021902151009002,2169,256
2971,0.7839201365748815,0.7977854359555544,1973,256
2972,1.3512953013443325,0.2454186744355208,1930,256
2973,0.4293272534859874,0.11649019065824684,2010,256
2974,0.2147690444062003,0.3754192136896227,2044,256
2975,3.8859691796864473,0.6456783062968554,2002,256
2976,1.1055702051117748,0.09863503010907526,2158,256
2977,0.6234451532111939,0.6166955332541102,1998,256
2978,2.552414751748633,0.42472439894361436,2108,256
2979,0.015697647247498357,0.05421481591314525,2122,256
2980,0.5363332946750409,0.07747766193776173,2117,256
2981,0.5605385662536851,0.24364388575971518,2010,256
2982,0.8623694905379405,0.5441727687154462,2002,256
2983,2.056629227504621,0.6687531145800717,1927,256
2984,1.0209751709143664,0.17992264532457602,2068,256
2985,0.026257500517801968,0.05957747301023253,1921,256
2986,0.5054776718307996,0.9324310008195124,2174,256
2987,1.8850583174546913,0.47074872638550624,1965,256
2988,0.17318548600823347,0.6358254701513361,2117,256
2989,2.749380491035693,0.8707354066344147,2084,256
2990,2.0179972302568996,0.8569875954019434,1940,256
2991,1.7838414268025478,0.9868700758789061,1931,256
2992,1.0525896124144072,0.8838616949356599,2074,256
2993,0.9015157755002345,0.5275173098207321,1945,256
2994,0.14165595109905502,0.4909257672506242,2089,256
2995,1.1483555772846104,0.8001649203403909,2133,256
2996,2.1053022162182797,0.1390761531997744,1920,256
2997,0.07967379771974446,0.6668359977882589,1988,256
2998,0.7981875796748201,0.677693865560062,2004,256
2999,0.6784133026732617,0.46785119754445936,1994,256
3000,0.6234128965267832,0.9758234503513991,1933,256
3001,0.8965619459599574,0.6103278890198685,2121,256
3002,1.7686529762838206,0.7685268884557276,2168,256
3003,0.3402515284061598,0.04086237261300396,1926,256
3004,0.4420090393692491,0.3408886052049436,1972,256
3005,0.09561935482379103,0.5528459578435374,2057,256
3006,2.065134170028965,0.5795012095459214,2001,256
3007,0.18284012443382003,0.15236003617416305,2061,256
3008,2.534452355235802,0.7307210009645898,1922,256
3009,0.13816455795811913,0.1923325771763913,2051,256
3010,0.3284773262866282,0.361429607140098,2092,256
3011,0.22153732982900243,0.05803442236993439,2058,256
3012,0.6763877244706176,0.036452193841263636,1972,256
3013,4.008955402392434,0.9009608647340077,2169,256
3014,0.3872648491031978,0.03665299801541899,2101,256
3015,2.5325167360157175,0.2789286275599887,1985,256
3016,0.24164616303209274,0.1888422769578495,2159,256
3017,0.9571328084601641,0.002390778491060952,2004,256
3018,3.44401405999456,0.8478099835043307,2139,256
3019,0.145815530903576,0.27637478834717877,2107,256
3020,2.1911514935472116,0.0632708131794596,1963,256
3021,1.181387367164628,0.5541805820727411,2170,256
3022,0.3832764935320215,0.7813206955718884,2117,256
3023,0.09108020283529916,0.783597144011234,2110,256
3024,1.3013317918149871,0.95630594868541,1961,256
3025,0.09804204286437031,0.9557391004203131,2130,256
3026,0.25299150645648355,0.8272672051468996,2173,256
3027,0.7253883421732019,0.5801181240379366,2084,256
3028,0.7952781365799385,0.5842118038931692,1924,256
3029,0.0454137767123557,0.23495992170189106,2175,256
3030,1.1557344470290383,0.8389802318568406,2161,256
3031,0.5175152751605805,0.7037399384499067,2096,256
3032,0.08879727607216995,0.3768422749083573,2151,256
3033,0.2395951704822421,0.028688531218383773,2038,256
3034,1.688407449653106,0.8664606837049951,1991,256
3035,0.4027010414324219,0.2075369606108406,2145,256
3036,0.21886843067023873,0.7951092486474961,2018,256
3037,2.10304581761139,0.27087967620234676,1980,256
3038,0.7701663298847794,0.44474860978520825,2119,256
3039,0.61148031641215,0.39532443621446167,1984,256
3040,0.20855434120064095,0.4527089908261258,2067,256
3041,0.03324235432376621,0.6403052134974775,1954,256
3042,1.55527532720337,0.6597850892616898,2077,256
3043,1.3737755857080938,0.8564914614100729,1939,256
3044,0.05405471380098501,0.4284567398211324,2112,256
3045,1.1152241098197453,0.3670748835484666,1972,256
3046,0.555288583854624,0.32027855066068667,2029,256
3047,0.28772006313811727,0.0021125393600279763,2114,256
3048,0.35033186893290863,0.6677485249742167,2146,256
3049,0.10840887051166864,0.7128095864878308,1964,256
3050,0.16045042571690332,0.5002046806738599,2089,256
3051,0.5305522689406353,0.24866446150929222,2060,256
3052,1.3809446214707208,0.9836810958345372,2047,256
3053,0.37532420279334716,0.4417041061248689,1933,256
3054,3.4085659524035754,0.800532675557572,2152,256
3055,0.15781050829943358,0.9112419357050342,2043,256
3056,0.4492833795381898,0.7543226152663626,1931,256
3057,0.8675844941846865,0.0839799542702695,2164,256
3058,0.1789137927578627,0.7942754286418453,1985,256
3059,0.8430775416104141,0.5127081186803479,2158,256
3060,0.9915498098182562,0.18171866057340302,2061,256
3061,0.29032609675983706,0.3256225203063545,1963,256
3062,0.3869247706791384,0.816486521863815,2053,256
3063,1.5242872444725655,0.6479418217189338,1954,256
3064,0.07313695853403769,0.1580041167699039,2065,256
3065,4.246275401410504,0.47394573142381835,2166,256
3066,1.7485415312702894,0.052586302058602374,1951,256
3067,1.6117314529145437,0.3216821541115239,2099,256
3068,0.765153477093869,0.04860496744496712,2002,256
3069,0.035035122597355466,0.6823589208688459,2087,256
3070,0.7803064156723996,0.34433435346239694,1984,256
3071,1.098504123424616,0.2225040455390649,2099,256
3072,1.110552831029327,0.4067001618695748,2161,256
3073,0.30371928437994183,0.7812666380595256,2048,256
3074,0.4824241789980861,0.27870887217483387,2164,256
3075,0.07596280090103545,0.8797017820620932,1981,256
3076,0.8146110855092197,0.017688278236529298,2031,256
3077,2.038681678270348,0.41416534995255505,2124,256
3078,0.7645303940398525,0.7995111399992195,1955,256
3079,2.793331627032755,0.005354785779369653,2161,256
3080,1.1525012384958486,0.6843416206606019,1997,256
3081,0.5390962692695621,0.3769867474984121,2037,256
3082,1.2362020910387195,0.5521586192420855,2097,256
3083,1.685611566261552,0.7536164946315778,2116,256
3084,0.46661054099349764,0.8785738780151019,2016,256
3085,0.0724383329131448,0.7182449726097414,2088,256
3086,0.24925270066026592,0.033648779033259246,2072,256
3087,0.9059456475335591,0.9150557376039581,2098,256
3088,1.4177229204726274,0.5061682101290376,2041,256
3089,0.037038453387061035,0.6525997908735633,1935,256
3090,0.9505849329762011,0.5218177979227564,2008,256
3091,0.5610552497636394,0.6642615109637358,2074,256
3092,0.6686056557176403,0.9341040616591137,2127,256
3093,0.4475506107958043,0.3415161240568285,2101,256
3094,1.8012222208519104,0.28646141454461194,1961,256
3095,2.4067461334332236,0.4089571453727483,2175,256
3096,0.0680028617423447,0.6337921929963186,2156,256
3097,0.025325014747765297,0.40457261851505355,2005,256
3098,0.6099814621683998,0.6778888960619877,1940,256
3099,0.12182723596499037,0.4385640232693131,2090,256
3100,2.4197954195262255,0.06790105015789716,1926,256
3101,2.4904703288787386,0.04111614368371841,2059,256
3102,1.1850272948833467,0.8106886831135159,2111,256
3103,1.0172245498923091,0.05955787097654053,1930,256
3104,0.3839387983381863,0.17292170267053264,2083,256
3105,0.5536633192482493,0.7545713774587647,1946,256
3106,0.3326139060722603,0.07169447659316486,2152,256
3107,0.660739018655553,0.5071667827153442,2174,256
3108,0.2133814953042756,0.930094727107015,2065,256
3109,0.9407863350591557,0.6356710792477493,1999,256
3110,0.43507359906267823,0.2600949727129923,1970,256
3111,2.7246265544388253,0.09982090450125158,2176,256
3112,0.09260527943052768,0.0013478907228422488,2148,256
3113,0.27957801291280077,0.025000035007262,2045,256
3114,0.22321481384135983,0.8118950675088062,1972,256
3115,1.3619801653954087,0.5098250880116812,1949,256
3116,0.06251410691620816,0.3509635708411082,2065,256
3117,2.3990735455486782,0.9934950317827079,1935,256
3118,0.4274695524192429,0.5391750645349128,2057,256
3119,0.3235760974040405,0.05600636221967625,2104,256
3120,0.038432976231119916,0.12131284412225019,2102,256
3121,1.4151428864538012,0.2031450938930025,2066,256
3122,2.613251737652417,0.8803949695344223,1954,256
3123,0.6663669227337461,0.19167833890809827,2156,256
3124,0.2946952287177158,0.25456415443919667,1990,256
3125,1.223382423657686,0.7160264977780603,2162,256
3126,1.6199561801808884,0.5305936989583786,1959,256
3127,1.044795819808564,0.14128489919480458,2130,256
3128,1.5117220523879935,0.6451766487591978,2094,256
3129,0.41846076629023976,0.13528046990044795,2010,256
3130,0.527966370514341,0.72703535022819,2016,256
3131,0.9725009956666414,0.9703365511018393,2072,256
3132,0.28133118437569116,0.6551144677027416,2015,256
3133,0.26337887173940033,0.013242008215111678,1962,256
3134,0.7168589150529054,0.5286450263521768,2118,256
3135,0.306659903123111,0.2430500319656841,2052,256
3136,0.15487963720943154,0.4580841997728067,2000,256
3137,0.782794587986212,0.47509778406068703,2169,256
3138,0.11546080966514612,0.40599274257878726,1949,256
3139,3.099629584452996,0.5206091842444741,2104,256
3140,1.3627350515348664,0.8782827203076014,1969,256
3141,1.1276483986897894,0.9471262252695942,2135,256
3142,1.732772753456845,0.9746279108675213,1950,256
3143,0.4828781964582656,0.8905381038462902,2091,256
3144,2.6639042656944265,0.686305477409701,2059,256
3145,0.023937236893863234,0.3825751116413634,1935,256
3146,2.1322493896644508,0.4373949390348636,2057,256
3147,0.1451865358669634,0.11787995317174293,2073,256
3148,2.225557777204878,0.26708480162669324,2138,256
3149,0.6520739334472461,0.1932750605179674,2029,256
3150,0.28822377381989267,0.860581672776275,2156,256
3151,0.6575327652035758,0.9932734955919057,2040,256
3152,0.3532899103900212,0.995651542172305,2076,256
3153,0.4715708140813167,0.4981922358436991,1980,256
3154,0.31059322768003034,0.5902204284555983,1945,256
3155,0.7419808505225286,0.7308655333377074,2169,256
3156,1.082524363872469,0.4435917756531589,2152,256
3157,0.3739941110949348,0.7817786946817273,2106,256
3158,0.49552500216557266,0.6766190481165935,2093,256
3159,0.9765995035946564,0.3585666105935261,2123,256
3160,1.8759995734465176,0.892918013099407,2120,256
3161,0.2270507237022295,0.02268229102855046,2070,256
3162,1.8362491441270068,0.7015821085791526,1934,256
3163,0.07760346390985508,0.6986218611353306,2073,256
3164,1.1079970572105426,0.9735842123407508,2118,256
3165,1.3496976929591622,0.5496407394590457,2170,256
3166,1.3894283653078148,0.8549622471921119,2009,256
3167,0.2449783973567121,0.8964358241976306,1999,256
3168,1.606858641028244,0.03173406302228554,2010,256
3169,0.2677871464912868,0.6697218921578105,2150,256
3170,1.8405320389982665,0.9102597458264611,2127,256
3171,0.049488132633380325,0.7617694177023108,2050,256
3172,0.19807771241763056,0.6966527664295091,2139,256
3173,0.003115342337012301,0.7455499321795902,2102,256
3174,1.081039999233208,0.2937996080455857,2099,256
3175,0.9922417382113724,0.3398090867982154,2062,256
3176,0.014509208831911891,0.919344636548499,2130,256
3177,0.5545717777450437,0.39355009880568625,2104,256
3178,0.08716503491090657,0.194146970311168,2150,256
3179,1.0883898694119256,0.36801880568800815,2161,256
3180,0.42912591893925717,0.2096020261019529,1921,256
3181,0.6499555606977381,0.4443926156856386,1953,256
3182,1.4162076141571802,0.19576580697853196,2060,256
3183,2.0165461977299337,0.8038442963699882,1952,256
3184,0.12868044619067498,0.1813507878200683,2049,256
3185,0.7881128259516498,0.14257619622098106,2162,256
3186,0.19199998378636815,0.677232951651103,2062,256
3187,1.2465459896070903,0.16455734560163882,2069,256
3188,0.549183052489062,0.6141027126933614,2128,256
3189,0.20363742146759628,0.09555317157931331,2082,256
3190,0.0805617299922255,0.8299307128156057,1922,256
3191,0.004129113859381351,0.8190941576746217,1954,256
3192,1.599685945227968,0.07468869017313273,2119,256
3193,0.004063627151232626,0.12397378278996363,2162,256
3194,0.5063108350545447,0.10093844715426181,2142,256
3195,1.0328920013349727,0.17311250621481522,1977,256
3196,0.6643116241271313,0.838125147289894,2023,256
3197,3.836319734272562,0.15376133561084793,2090,256
3198,0.4914247452715105,0.47553871802667014,2002,256
3199,2.0727998463618897,0.9580073264701799,2156,256
3200,1.4849905613888599,0.6409393199350893,2163,256
3201,0.840413088470654,0.7812243130153739,2008,256
3202,0.556920632772387,0.6430996868458045,2174,256
3203,0.5965064873581317,0.5402597710460318,2039,256
3204,0.08602660058168823,0.588275049964649,2161,256
3205,0.1529208731515892,0.2602450653847522,2093,256
3206,2.788355833206858,0.9951217128108037,1988,256
3207,0.45115575406463054,0.16471317083025583,2138,256
3208,3.3358659757312465,0.42660362624921555,1951,256
3209,1.755673340897516,0.38930269046309507,1991,256
3210,3.563732086731362,0.5472791001603323,2019,256
3211,0.9141173155290955,0.629204798782974,2006,256
3212,3.1067908961366166,0.07540105653739948,1944,256
3213,0.6187705374696748,0.7108868768026808,2070,256
3214,2.5249103582669035,0.4171680169331421,1931,256
3215,0.005738126140993222,0.7950667859026159,1920,256
3216,0.12091448545574467,0.16778965313823524,2155,256
3217,0.46290438444126725,0.015262281072155659,2018,256
3218,1.3997502470283298,0.5954017214115117,2032,256
3219,1.6213723019804325,0.896219099683075,2011,256
3220,5.146875908694724,0.14889677631624043,2021,256
3221,2.655954051481512,0.8272974148554663,2113,256
3222,0.8483450956032578,0.4161576900957996,2173,256
3223,0.3547189238948017,0.4578386595469358,2133,256
3224,0.7471515806247412,0.5962432049779224,1961,256
3225,0.8900815609305708,0.09560648044875886,1956,256
3226,0.4731634401089311,0.40236373309568063,2162,256
3227,1.6404912860031549,0.17978171257233566,2082,256
3228,0.06264764207193989,0.33445257014560703,2169,256
3229,1.6484533849921963,0.8622776966353013,2126,256
3230,0.6215081778728986,0.45762813639492805,2054,256
3231,0.6729929888397056,0.38665925002698076,2155,256
3232,0.5734259681838463,0.6680083701520136,2150,256
3233,0.4533511835562463,0.029336659548180988,1965,256
3234,0.19843013137776766,0.2714206500828975,2132,256
3235,0.40096536064016297,0.6486117917743964,2115,256
3236,1.0118691526005055,0.6452491119738835,1987,256
3237,2.2615257394421824,0.8067220708647551,2053,256
3238,0.6629681514647772,0.9900581838092705,1985,256
3239,0.21286390089664614,0.24301053345475088,2163,256
3240,2.3328350557475517,0.563155700717627,2140,256
3241,0.37118609782355244,0.6539681632729404,2156,256
3242,0.034702822699393905,0.8802360857387572,2110,256
3243,1.3712661414361909,0.5980251472694083,2114,256
3244,0.3509045564810147,0.446063170486084,1936,256
3245,0.26351675257459894,0.4148399453606896,2158,256
3246,0.34150327693669635,0.46810234447140964,2091,256
3247,0.560702215622485,0.8006961280230617,1966,256
3248,1.3747212936478868,0.23392740911275256,2085,256
3249,1.7392320430182413,0.013565347961996488,1936,256
3250,1.3576780092076846,0.08941872409619422,1931,256
3251,1.9208073819602185,0.9251187940778505,1965,256
3252,0.7961667249666838,0.298355548654226,2067,256
3253,1.9937368043818846,0.5465635868590478,2004,256
3254,0.7740622819249244,0.09915171738078998,1958,256
3255,0.14164130018169546,0.028856058468897938,2139,256
3256,2.8153571385768386,0.38013409014874566,2127,256
3257,0.5518279717729218,0.42319301695464107,1953,256
3258,0.3903913529127723,0.03319117120654691,2068,256
3259,0.901679168388575,0.060666375580373466,2111,256
3260,0.3771387341873034,0.8739401363979118,2043,256
3261,1.463103074088714,0.7820724799195488,2045,256
3262,0.666338571718348,0.08810172784363102,2156,256
3263,0.5168042178613858,0.7924792719991892,2147,256
3264,2.2954946508712775,0.22094489535341344,1975,256
3265,0.31143883356362,0.5173157361801098,1981,256
3266,0.2701279992664689,0.6342234754701443,2144,256
3267,0.06659276873131034,0.9927685028733912,2122,256
3268,1.0039869731548516,0.4097100556080261,2033,256
3269,0.0681762602899049,0.15171292186185958,2079,256
3270,0.36571494532050475,0.4851230934487931,1991,256
3271,4.520308122269991,0.3864780417051915,2167,256
3272,0.48043728196036256,0.2848798225656427,2071,256
3273,1.009230846778318,0.2336325408678136,2074,256
3274,0.7675548557456242,0.7795522387356514,1954,256
3275,0.00809130995023348,0.46531362396865306,2170,256
3276,0.05453807162614152,0.37862645685586926,2067,256
3277,0.5901503283579925,0.11277668531130558,2119,256
3278,1.4812755741725223,0.3240679488609479,2139,256
3279,1.8254317098181176,0.5366871248806024,2076,256
3280,0.15871386567962625,0.676553824682325,2153,256
3281,0.5200919326311593,0.13592628594521206,2118,256
3282,0.38342530843479994,0.07564638822367842,2175,256
3283,0.8347398657362817,0.5360708460775061,1942,256
3284,0.12669594451951693,0.8108081133923434,2142,256
3285,1.0219758479296366,0.7727626157108294,2081,256
3286,0.7119336553643746,0.662295306388632,2079,256
3287,0.35867888104468826,0.042449527483157556,2147,256
3288,0.6895100761245124,0.7991580131591758,1948,256
3289,1.4442338245737996,0.7228123876582717,1975,256
3290,0.2800054833965851,0.18392384595119704,2066,256
3291,0.649658878413028,0.9411090963034994,1953,256
3292,0.7597955556196545,0.2996208531329849,2065,256
3293,2.028033544287031,0.011688412763150913,2115,256
3294,1.133441156890259,0.8684077547846322,2153,256
3295,0.32909252040287845,0.5089653828498065,2031,256
3296,0.33145036824347274,0.2719372044071344,2173,256
3297,2.1600888451614884,0.6866806099227155,2153,256
3298,0.1936959207721461,0.33647200892787377,2001,256
3299,1.9265320205615968,0.40743317625041375,1986,256
3300,1.021900377134739,0.07930019950467093,2057,256
3301,0.20846518904434344,0.41163411302753583,2089,256
3302,0.42037785498155555,0.05367168820816448,2020,256
3303,0.48884438480225717,0.3590468615953417,2031,256
3304,2.010633598141839,0.4158843402481306,2129,256
3305,0.11891562450794893,0.2629194870269034,1962,256
3306,1.3089318116359745,0.9283878670623369,2067,256
3307,0.35348507468283086,0.4073851378671157,2135,256
3308,0.677969996044272,0.754986153787119,2169,256
3309,4.882619565085067,0.5064839905797088,1948,256
3310,1.551102106438142,0.25051787715998364,2176,256
3311,0.9221277392909533,0.034824525883212165,2015,256
3312,0.18141264740967716,0.8716865688248523,2074,256
3313,0.833708972198344,0.8701071499210411,2157,256
3314,2.095041851974378,0.3722179466239709,1997,256
3315,0.4862942840174073,0.7824492640295777,2010,256
3316,1.1946397076591324,0.4004148071639657,2071,256
3317,0.8897345743112574,0.6713633928559375,2165,256
3318,0.35696327537548406,0.12871762123211794,2126,256
3319,0.4578405769588746,0.5320259337936051,2131,256
3320,1.0721895527607022,0.585307045128474,1991,256
3321,0.0016770995430593762,0.4460675832029878,1944,256
3322,2.5514803133708606,0.9542005957417236,2127,256
3323,0.07722591766495522,0.7379461169128606,1937,256
3324,0.0738536312098822,0.45024466638195826,2009,256
3325,0.2713052811062689,0.42619853378792083,1944,256
3326,0.09393729025103395,0.932425769010777,2079,256
3327,0.6975448699876587,0.8494517968394493,1932,256
3328,0.6171546671697491,0.6308504432759046,1985,256
3329,0.26127603709954067,0.042161481351048136,1955,256
3330,0.08028474232999777,0.6294257310765131,2020,256
3331,0.42697676074721,0.649082713170965,1935,256
3332,1.0315061876423632,0.38819278708505656,2163,256
3333,0.12767714106719538,0.4351513940947178,2109,256
3334,2.4985284282908387,0.5195147352350127,2031,256
3335,0.35692159033182297,0.19121511936634972,2003,256
3336,1.0503968795342329,0.3105999762667233,2156,256
3337,0.7568378474963638,0.8832937314733028,2093,256
3338,0.7373689289806874,0.05207780698294373,1971,256
3339,0.6276775915824873,0.2884623036517986,2124,256
3340,0.2738716200609338,0.14714729879488464,1947,256
3341,2.059038882620905,0.5115080871044345,2057,256
3342,0.7541047948936794,0.7055349151742253,2011,256
3343,2.6569277122166723,0.2856704728552172,1937,256
3344,0.03929974381604458,0.7308687662659991,2071,256
3345,0.4550040517349261,0.562396909082112,2106,256
3346,2.9051616609239326,0.270836930797146,1981,256
3347,0.8560416563638352,0.06301293750579129,2002,256
3348,0.44948985136743325,0.928342422795057,2171,256
3349,0.8265801855391484,0.7928149227327305,1996,256
3350,0.509377136538298,0.6689625951859534,2164,256
3351,0.8103654298180013,0.7260232713601257,1986,256
3352,0.05392327435239199,0.5432637310727253,2112,256
3353,0.47659088441305125,0.025942306815253224,2039,256
3354,2.1137245529489226,0.24758556547359722,2044,256
3355,1.8817118747686232,0.44066399281041824,2003,256
3356,0.3281941384853572,0.7847953799407108,2171,256
3357,0.35309073253781914,0.7798477518711733,1964,256
3358,0.6823793423357083,0.6341854147267415,1944,256
3359,0.2660184925676175,0.8940062049335236,2115,256
3360,1.5863905059553518,0.5441753541378834,2066,256
3361,2.045405078108743,0.6290559844205327,1976,256
3362,0.3309837251850618,0.8568518537946258,1962,256
3363,0.13707422696068103,0.4088028023000526,2164,256
3364,1.2108911459257086,0.34540120739756186,1945,256
3365,0.1931149846645578,0.4741947194347912,2128,256
3366,0.12371491155834262,0.037724452435832,1997,256
3367,6.318416728307343,0.8882869795511975,1981,256
3368,0.058727215708713185,0.6427436240088135,2109,256
3369,0.4036514584290291,0.5738905064389659,1997,256
3370,0.543920884890303,0.4126742991551845,1991,256
3371,1.1870826777271124,0.06874424769417165,1938,256
3372,2.5461482706399514,0.09238879663986488,2076,256
3373,0.040502566820438436,0.5464125180464308,1990,256
3374,1.59972292814584,0.9876475519132496,2002,256
3375,0.3644027962782282,0.7732819504763426,1920,256
3376,0.6290628607810353,0.5358506499004608,2124,256
3377,1.2319500680852993,0.9686710646166665,2000,256
3378,0.9761332745220602,0.4144002097097609,2051,256
3379,0.22276934279568197,0.4776111403447668,2068,256
3380,1.6106542901398337,0.6137690988281611,1940,256
3381,0.6944735294184597,0.14998935571205052,1960,256
3382,1.4913725915782383,0.572167890334388,1973,256
3383,2.2302822723347755,0.7508430914464994,1996,256
3384,0.09866390472288607,0.6132965961473109,2104,256
3385,0.18252631997153673,0.6968721488010227,2022,256
3386,0.47427322748954215,0.5231409601718244,2003,256
3387,1.8250651815952494,0.4728420269256771,2013,256
3388,0.5399384107496364,0.834996425577016,1966,256
3389,3.0984621769764593,0.6806673736751415,1985,256
3390,0.22990087814493787,0.948886050760957,2040,256
3391,0.3527015539240723,0.49873180916645565,2127,256
3392,2.887451871924023,0.7936348100757099,1941,256
3393,0.15411246534846926,0.3021021242763403,2029,256
3394,1.1653288394950676,0.08548247895066052,2089,256
3395,0.37044420685397056,0.1219108791668645,2080,256
3396,0.9685229992976139,0.192686517791551,1924,256
3397,0.2791882105580683,0.3234037519256874,2081,256
3398,0.6848841033591061,0.3001647964241505,2175,256
3399,0.09215343681620801,0.9443028221955265,2050,256
3400,0.49564221798290176,0.9407236258959468,2118,256
3401,0.0998290261291576,0.7280712379809114,2135,256
3402,1.1879236953060588,0.5237972770816861,2047,256
3403,0.22391182865015086,0.17502854028547155,2131,256
3404,0.6509449063707609,0.57042185636805,2026,256
3405,0.9816963471771135,0.05772563027467836,1973,256
3406,2.964732998026141,0.6093725832577108,2154,256
3407,0.8876650447616478,0.2758457674011936,2153,256
3408,0.16672975029635342,0.7272697520935987,1960,256
3409,0.2766210410856718,0.03420989476810965,2121,256
3410,1.028254947600839,0.2516911993087493,2081,256
3411,0.22905070959624413,0.2993901568145705,2092,256
3412,2.9009368616358158,0.6043962554137138,1928,256
3413,0.69336056450539,0.16366680701207992,2058,256
3414,1.212362694791664,0.041141079560310656,2163,256
3415,0.25443225894640825,0.11755177058971567,2139,256
3416,0.8902182277055007,0.4437326935582102,2038,256
3417,0.09135371169785127,0.38896521574191323,1958,256
3418,0.2211613564261626,0.44465972312335766,2084,256
3419,2.7561361713613386,0.2299712605106281,2033,256
3420,1.1703343431505517,0.12544216695062416,2073,256
3421,1.1027969688518087,0.3180347761288591,1921,256
3422,2.349147386448669,0.4483905151263856,2152,256
3423,1.7400009321548662,0.907015994835674,2054,256
3424,0.09214010004167618,0.7464794468369731,2085,256
3425,0.5730118077211543,0.09026229533931895,2042,256
3426,1.7253215165254436,0.5987230339339655,2146,256
3427,1.014901443651229,0.6697458540055283,2148,256
3428,1.6722127153999673,0.21804353212224625,2021,256
3429,0.345955993352054,0.9836784503809403,2158,256
3430,0.5525065506045878,0.1936992694140679,2024,256
3431,1.4039417582824743,0.25962393953476426,2124,256
3432,0.3397601283622958,0.38029203832843317,2173,256
3433,1.9339117003991222,0.04478140637074479,2029,256
3434,0.020012957830278667,0.4093365871593495,2081,256
3435,0.4040885040462304,0.06767165915181905,2110,256
3436,2.6335326681195976,0.5593970317342345,2054,256
3437,1.6151652746326084,0.3349721485853996,2059,256
3438,0.08288820183813932,0.32194565369384165,2019,256
3439,0.9114332950085874,0.39179838865721595,1950,256
3440,0.9541578305016265,0.07853168412256029,2100,256
3441,0.34919491670845104,0.4107629961499454,2104,256
3442,1.2153816536008764,0.07924627369343429,1973,256
3443,1.3811834986853793,0.6992354244737027,1993,256
3444,0.5342224376886447,0.04035776348858344,2069,256
3445,0.807448192929015,0.453700230584939,2175,256
3446,0.46523245849341016,0.31672333371764627,2169,256
3447,0.25927447768137996,0.7352216083639151,2027,256
3448,0.19039513244659662,0.05891291205114879,2027,256
3449,0.8046640280278589,0.6917469549181311,2021,256
3450,1.0230767837834656,0.11049655637767641,1963,256
3451,2.074325514067475,0.4627672690441249,2038,256
3452,0.622741732927777,0.0075178346099924465,2015,256
3453,0.5949020021190529,0.8234950999637863,2068,256
3454,0.27411103130273257,0.513349400254789,2076,256
3455,0.03715131861251633,0.30604950131807374,2097,256
3456,0.2714281268245857,0.7732591178928505,2132,256
3457,1.3074543795019171,0.10618257643011375,2146,256
3458,0.7850003565170577,0.1164625828750856,2015,256
3459,2.814584405607784,0.10388773918822924,1962,256
3460,2.4305654031231643,0.9867568725044408,2017,256
3461,0.4930435123284339,0.6428692783908677,1976,256
3462,0.40009449601644215,0.7784669941958449,1966,256
3463,0.29071636981339155,0.9939735800315321,2137,256
3464,1.9403329650866477,0.5604936485736671,2146,256
3465,0.14262685975852096,0.6435415473302184,2111,256
3466,1.4921497907392216,0.22605290695343916,2093,256
3467,0.1628498195298776,0.16904565144726824,1952,256
3468,0.8724494433597729,0.9695111640442272,2121,256
3469,1.546591432827974,0.9700273091760458,2155,256
3470,0.40311867427632614,0.06353024202602864,2061,256
3471,1.0639872433996334,0.3023882828840043,2032,256
3472,0.0020312200712258046,0.7502378896351125,2097,256
3473,0.7598382346838966,0.24616801216926576,2113,256
3474,0.024063283280921544,0.5826166762136765,2134,256
3475,0.7892249472571877,0.2771314707001621,2073,256
3476,0.13391041764722453,0.219436003238221,1943,256
3477,0.7370437813046967,0.29658312405824705,2080,256
3478,0.30862330555421397,0.9687717315287657,2119,256
3479,3.403089253633427,0.48715000611784476,2013,256
3480,0.09576140473109374,0.9768159555654786,2113,256
3481,0.07510408066424984,0.0002492447620628946,1979,256
3482,2.712056649418908,0.7896207678770134,1951,256
3483,0.14970509856126896,0.7993529917930418,1979,256
3484,1.326786133334674,0.93011415281901,2031,256
3485,0.3375916842360203,0.28322808065737104,2145,256
3486,0.07037162618500788,0.3255561185803235,2116,256
3487,0.6387691361887375,0.03224335489914154,2097,256
3488,0.07065450684948307,0.09664106422473384,2050,256
3489,0.5081115247242457,0.80624799394205,2013,256
3490,0.05359856048566205,0.26156098168511477,1958,256
3491,0.9148625825183717,0.791635446932574,1941,256
3492,0.0938886946945279,0.28927802153050597,2052,256
3493,0.22789977161182243,0.2252885922704837,2011,256
3494,0.0269415487758663,0.7367098816800948,1942,256
3495,0.5341643347410142,0.8986642623910096,1951,256
3496,0.01561032824336256,0.0803592534499541,2067,256
3497,1.0015356087177105,0.9328797807767655,1954,256
3498,0.22234121056817732,0.21876394016415657,2030,256
3499,1.5272904315785174,0.8939948915957462,2004,256
3500,1.6712681946027568,0.6998466588163097,2140,256
3501,0.8883371292454222,0.4948906685633545,1934,256
3502,2.599758945642113,0.9082480897949597,2126,256
3503,0.8409489946645909,0.30314476665879964,1982,256
3504,1.9283450805267346,0.795434554194593,2142,256
3505,0.7025891354310074,0.3652190674549296,1961,256
3506,4.157236875308189,0.6698852990685783,2143,256
3507,2.31604052653772,0.23284902370475968,2061,256
3508,0.31816580635044023,0.6331026750412785,2002,256
3509,0.9625045776963377,0.5307074222237359,1940,256
3510,1.2987591887206833,0.547489225466464,2056,256
3511,0.2694945558601899,0.07256117352627944,1970,256
3512,1.5907767396961396,0.19740438268637006,1955,256
3513,0.6416034115592595,0.980995070769651,1949,256
3514,1.262531359978726,0.2423359721642636,2004,256
3515,0.4084798247061866,0.12312901566417134,2095,256
3516,0.4653828723462176,0.14162475398855634,1962,256
3517,0.33288084583269384,0.8054958062577601,2032,256
3518,0.4965543436801934,0.8440717929577387,2148,256
3519,0.2086126294813736,0.5098254354126975,2066,256
3520,0.18451849173053844,0.47685273273803463,2016,256
3521,1.0751368268605301,1.8683964698729127e-06,2161,256
3522,0.46655183165300523,0.7399138173160802,2126,256
3523,4.138230073250094,0.23371229665713078,1949,256
3524,0.6547476434265904,0.5635291044234756,1990,256
3525,0.14564337857563014,0.04635203060545323,1937,256
3526,1.7939220175118706,0.4569670272411469,2143,256
3527,0.43297698727107387,0.7076940745569181,2154,256
3528,0.2892204524593441,0.4237993178368622,1951,256
3529,0.8485160727615636,0.052771056929682314,2041,256
3530,0.27486780786903714,0.8229122686332209,2075,256
3531,0.48876662810556903,0.9955819977275191,2156,256
3532,1.4955413455996385,0.38335015604260314,2089,256
3533,0.5857585599961533,0.29226118549952773,1942,256
3534,3.906969397407162,0.606264452542241,2174,256
3535,1.1096228304583513,0.4918443580972852,1981,256
3536,0.2298403452034269,0.8436991889947651,1984,256
3537,0.19534717496692183,0.46480619081588515,1934,256
3538,0.660295666549535,0.19710068640855116,2160,256
3539,0.2624854086502213,0.801893236951666,2143,256
3540,0.3469174912758991,0.6386428282643907,2090,256
3541,1.1464323697262666,0.49042825128619005,2105,256
3542,2.0013885981996147,0.2673063712449846,1990,256
3543,0.048224739595137754,0.017706439516287475,2156,256
3544,0.622158162257343,0.846823713769988,1956,256
3545,0.8254199888457919,0.38577092462473694,2175,256
3546,0.08989667428999534,0.527476610750386,1944,256
3547,0.14488427655645716,0.9773387504532043,1927,256
3548,1.502073015399904,0.8650626015314091,1930,256
3549,0.7209477926970442,0.7805279053894562,1970,256
3550,0.3779129272616339,0.34912238703755083,2108,256
3551,1.589059049865712,0.4272055429414001,2019,256
3552,1.031883670453664,0.09874715552536051,2068,256
3553,0.15907734690366346,0.5407659472190927,2066,256
3554,0.10048039427658188,0.12466509805723214,1961,256
3555,0.6862126297588204,0.14437151319919495,1951,256
3556,4.754989451578511,0.0005073618660605961,1932,256
3557,0.4396636056929193,0.4903291140273647,1976,256
3558,0.3752548711084836,0.8490790283464447,2164,256
3559,0.09439621092094219,0.8674221972675116,1943,256
3560,0.1039871964539969,0.7591770879917823,1936,256
3561,2.986430962047956,0.6294070836624425,1940,256
3562,0.26777275372181825,0.13504419401688195,1948,256
3563,0.2533981207911896,0.7750213254499327,2151,256
3564,0.962709682604982,0.7712739676511006,1950,256
3565,0.7538003451585473,0.6234152105469696,2013,256
3566,1.4991702989387206,0.2080573516312676,2115,256
3567,0.43656851036833677,0.12804976341152874,2123,256
3568,0.4894408749983878,0.8987312380408521,1976,256
3569,0.05008947591547235,0.7760508908431062,2176,256
3570,1.5243532478085848,0.6786793486882418,2098,256
3571,0.909918940989538,0.2623774119595046,2014,256
3572,0.3755441575932528,0.8079915460037805,2170,256
3573,1.8740604907488545,0.9812222938130735,2071,256
3574,1.4954685796834288,0.6030810138870623,1934,256
3575,0.26451335186617697,0.4791509496959424,1961,256
3576,0.01829386613418585,0.41123948464357907,2153,256
3577,0.15266784130274652,0.7886911773150894,2128,256
3578,2.052016344077475,0.8568038802691949,2136,256
3579,0.12189898295469771,0.03662282955341545,2004,256
3580,0.49152478382179227,0.03804715529415503,2066,256
3581,0.3815567285283785,0.474477443752399,2004,256
3582,1.014287097088842,0.4727104812074705,2108,256
3583,0.01621333219273815,0.8652939122226945,2163,256
3584,0.3879848342261632,0.129158677776109,2064,256
3585,0.06112257124984,0.4393410349596567,2119,256
3586,1.4655650811914898,0.057417750623308006,2159,256
3587,1.1796340125595937,0.2581630593184716,1995,256
3588,0.9356237436481288,0.7406775798975999,1936,256
3589,7.497044730300481,0.5582548326911347,1989,256
3590,0.17557693660546364,0.10464788331525876,1968,256
3591,1.4217397306707011,0.5151538306608724,2079,256
3592,1.6678230812355062,0.8423872032337987,1963,256
3593,0.3199724607653378,0.3085732788097759,2147,256
3594,1.5452666389369683,0.24162418063729107,1984,256
3595,0.9772061906616295,0.49415034035978356,2006,256
3596,1.7373648098538896,0.6519956410139369,1968,256
3597,0.27877678190816846,0.5595432891332153,2149,256
3598,0.6806974495347708,0.5802055788586993,2124,256
3599,1.075991443980586,0.14240154954289963,2062,256
3600,1.717893552666737,0.6460167403517392,2004,256
3601,0.033066193883120695,0.4005069396611489,2128,256
3602,1.9995574160605638,0.15501533447145832,2063,256
3603,1.616500796642023,0.39036303881184387,2002,256
3604,0.5913812114914619,0.4780751280869898,2132,256
3605,0.4283368205795345,0.09493729284028274,1972,256
3606,2.1873516504677046,0.32540508679108204,2043,256
3607,1.193278367218926,0.012737559238109264,2056,256
3608,1.362915031794157,0.5234775089304857,2061,256
3609,0.92185262917669,0.23695559517068765,2175,256
3610,0.9513891967784076,0.30381103502812923,2157,256
3611,1.3273621500475121,0.21936054699014373,2160,256
3612,0.1688706047280928,0.19531484697466628,2160,256
3613,0.549143808875775,0.3807453967553265,1935,256
3614,1.3163483580219937,0.42200925978478765,2052,256
3615,1.452169567264146,0.9193419552419613,2035,256
3616,0.12406753718683365,0.9348552012875712,2122,256
3617,1.047920739435434,0.9947508691292818,1959,256
3618,2.1182125081078285,0.4293759709578642,1963,256
3619,0.3059789335933511,0.41560311355223944,2106,256
3620,0.5431401396439423,0.4551956806562957,2055,256
3621,1.8220434883755743,0.4788182055969964,2084,256
3622,0.7144051711712613,0.6878511523186281,1953,256
3623,0.3953408955906226,0.713310177388831,1934,256
3624,2.825736075919783,0.7693386932417038,1990,256
3625,3.1098712672951905,0.6139298284992081,2117,256
3626,0.3803805425291526,0.05172431778289854,2062,256
3627,2.3300500256154435,0.01405135667027091,2132,256
3628,0.7375716758888192,0.4396917793009564,2162,256
3629,0.4058251271885401,0.7585808102367535,2053,256
3630,0.09828123313240773,0.9726608089945109,2049,256
3631,0.0019922729882696673,0.655489730909945,2174,256
3632,0.2364907470762313,0.4456924895555695,2132,256
3633,0.3139718223915031,0.36969742920379356,1950,256
3634,1.1890970350239074,0.16312063863532666,2082,256
3635,0.06668501766428693,0.5784085910546117,2031,256
3636,0.6355055804205657,0.6868959957059652,1992,256
3637,0.7095806604546322,0.011416192623783572,2004,256
3638,0.6258940162799099,0.6250874778297417,2164,256
3639,0.40464336815204177,0.2381395714961111,2124,256
3640,0.16247719838940766,0.24982383427781707,2110,256
3641,1.6843189112084742,0.8060220289296041,1973,256
3642,0.4399651432249809,0.9535715236033477,2101,256
3643,0.4566297553315433,0.9664814214406177,2005,256
3644,0.3138071999864179,0.42501043674254413,1933,256
3645,1.6933593838276173,0.489862645186103,2081,256
3646,0.5333272669438668,0.7948316124476623,2018,256
3647,0.05842167068461566,0.2931009865236227,1981,256
3648,0.3184407990990405,0.5552726311514767,2071,256
3649,1.5003089356058388,0.45264216285011316,1938,256
3650,0.4939712074538577,0.710330895497975,2035,256
3651,2.2499476776453164,0.900479682501133,2002,256
3652,5.495095238111338,0.319899948321936,2084,256
3653,3.732061690908362,0.6739088530604301,1961,256
3654,0.17819343504534826,0.6968081791432043,2117,256
3655,0.22997386781876228,0.49106389675993534,1970,256
3656,0.1509541171498601,0.1704829706207015,1995,256
3657,2.3006631241215,0.13516573093368578,2093,256
3658,0.506948087706563,0.9646836308005184,2174,256
3659,2.201864168953306,0.5881611269476122,2011,256
3660,0.3184916050570703,0.334139030655623,1944,256
3661,1.5727160982622415,0.07702556112220749,2172,256
3662,1.1622862666052212,0.708038114140748,2048,256
3663,1.0163542797898764,0.2699213417547106,1994,256
3664,1.8170050516286684,0.06480081838137142,1979,256
3665,1.1461438426405088,0.270993094153279,1997,256
3666,0.3506992015614949,0.19104107746228294,1988,256
3667,0.14162869626488825,0.11780310650472181,2125,256
3668,1.2080098595350135,0.005219147765315735,2034,256
3669,0.1597959503725202,0.6844144411705678,2091,256
3670,0.5384192259575257,0.7745294590251888,2098,256
3671,0.7726577141933663,0.12477199246762838,2084,256
3672,1.232510795782562,0.08646851756588336,2039,256
3673,0.8160001277417275,0.7129254821209139,2051,256
3674,0.6139056938363531,0.4686969383315496,1996,256
3675,0.028749041406222066,0.973320771344717,2163,256
3676,1.9788538788794754,0.03778131663239903,2083,256
3677,0.19909869325606175,0.3943239534100518,2137,256
3678,0.5550760697403341,0.669993491103136,2147,256
3679,0.8913490583821291,0.8081434704673595,2097,256
3680,0.04464055585532887,0.7209805054781646,2169,256
3681,0.9123003701828747,0.2202974906973877,2084,256
3682,1.2661325489963835,0.8693528447743404,2091,256
3683,3.2609389771748267,0.9099112828608429,2064,256
3684,0.32550670284642386,0.9907812535407466,2034,256
3685,0.29644841124969146,0.5017187151794998,2022,256
3686,2.2952126050921535,0.5110572125100028,2078,256
3687,0.19776271624726185,0.7507704530975358,2135,256
3688,0.21771845882576094,0.2042909823339406,2062,256
3689,0.5410857089049537,0.3779981235707488,2074,256
3690,0.5876964256872542,0.8792507217289806,2108,256
3691,2.6887988871963455,0.625219177484343,2074,256
3692,1.4139014356320625,0.5306267639578502,2150,256
3693,0.4422139951951625,0.92353638012773,1960,256
3694,1.6604212681711454,0.4408132593697003,1995,256
3695,0.43939524930687657,0.9951643498850041,2133,256
3696,2.330819783032586,0.6264641674505033,2076,256
3697,1.5731017639883027,0.2558282752861145,2116,256
3698,2.4572911903527324,0.6223633633101404,2140,256
3699,0.8924277038529063,0.7994457590465636,2064,256
3700,0.6057137555490208,0.42529376216954606,2124,256
3701,0.049730213466385086,0.5589267803519851,2140,256
3702,0.20365051693373912,0.8322432668930521,1956,256
3703,1.0861137390215096,0.2493318714682744,2128,256
3704,0.3156388997954603,0.008225531979958123,2002,256
3705,0.6499376572328449,0.7657328874680404,2046,256
3706,2.699233942222892,0.5944862450512668,2127,256
3707,2.308511705092456,0.2831187834160316,2095,256
3708,0.06969241524222382,0.3130799768100718,2077,256
3709,0.10554125879583227,0.686041407632995,1931,256
3710,0.8647242461584507,0.8245539213898233,1974,256
3711,0.9827691221019291,0.1092469861764146,1988,256
3712,0.2333105061280452,0.7937353362254899,2007,256
3713,0.1458925465056057,0.6543804273176569,2141,256
3714,0.2886936590349389,0.46744146565948663,2074,256
3715,0.1312033172173329,0.11848912594867855,2070,256
3716,0.4419537293151647,0.6187631882131119,2044,256
3717,0.3508172721242366,0.28957368547382245,2094,256
3718,0.8304209114039949,0.8129048686389388,1932,256
3719,0.9308493073708913,0.5312128651740263,1991,256
3720,0.042507173503789235,0.41975805624835427,2133,256
3721,0.9042166275449879,0.10551356945209744,2022,256
3722,0.28104099120201914,0.3082222365071181,1939,256
3723,0.7349320865249852,0.8464116795940261,2046,256
3724,0.7976921094617904,0.09643694822442472,2022,256
3725,0.9337934941882141,0.7839076971740511,2174,256
3726,0.2713691929605462,0.2480560182296352,1966,256
3727,0.4603690354814455,0.6338439540401789,2030,256
3728,0.07666227647570173,0.7004135841035601,1940,256
3729,0.2609335419135189,0.7494093043590715,2032,256
3730,2.0748957354598807,0.5250155197042179,1944,256
3731,0.17362375133230903,0.8902722363543905,1985,256
3732,3.1446980314363633,0.6639785653694389,2012,256
3733,0.6531564865619186,0.4936371349232028,2167,256
3734,0.7566044532547226,0.14910098563971286,1925,256
3735,1.210576929941288,0.10123888711959095,1969,256
3736,0.2251293012147803,0.026956563120509425,2053,256
3737,1.5142428266939885,0.12970921589391182,2132,256
3738,1.6827778405398095,0.46508619721683253,2133,256
3739,1.3025692595302842,0.7774823781290013,1933,256
3740,1.615649719248848,0.487977428146699,1922,256
3741,0.709520602799845,0.9640489434637287,1943,256
3742,1.5003595395226612,0.1984305227861073,1946,256
3743,2.742035146865353,0.5350266172755977,1927,256
3744,1.1444359276980824,0.047811321193721,2050,256
3745,0.38282444092753687,0.2589940286689669,2095,256
3746,0.026263981388931514,0.11381577154620881,2055,256
3747,2.1580625005793146,0.9529002282673912,2022,256
3748,3.3608501766512013,0.711622224159458,1932,256
3749,1.3040383895424041,0.20963262990990428,1972,256
3750,1.6991327675742673,0.5688816540386633,2018,256
3751,0.08107227614285385,0.8594055762515045,1967,256
3752,0.12391609106452438,0.5992894159859291,2168,256
3753,0.44142857175006867,0.22781877331587808,1981,256
3754,0.39543356382193556,0.9864451520659657,2097,256
3755,0.5537035988934478,0.4164761083446922,1983,256
3756,0.9983095339436489,0.6552599068265791,2100,256
3757,0.1459211883626417,0.1370655823135537,2145,256
3758,0.04380317850198288,0.6133349795038787,1951,256
3759,0.28873738203319393,0.2946525203325645,2053,256
3760,0.041055153919885096,0.36413037545648363,2120,256
3761,0.2321923543268776,0.9891336511916208,2135,256
3762,0.6122341496714467,0.6013242360619201,1962,256
3763,0.828240936317389,0.7943430666815908,2044,256
3764,2.3062577861150197,0.2758310576493672,2089,256
3765,1.8302420882249966,0.36791689742089007,2092,256
3766,0.9297830142800182,0.2599234707532706,2137,256
3767,0.08699162019664788,0.20362554436764768,2066,256
3768,1.0378978331270323,0.7782518988872836,2022,256
3769,0.467899712396211,0.5276624481647858,2026,256
3770,4.292198680930084,0.42979297366472813,1940,256
3771,1.3746989807774375,0.06660422070189964,2137,256
3772,0.8631045637705692,0.16014752417279154,2017,256
3773,0.7482330290964936,0.785960158758825,2056,256
3774,0.19119692098124752,0.5862338450192203,2129,256
3775,0.03996455070648862,0.6592705752600313,1983,256
3776,0.8457274095887894,0.5491449783766307,2106,256
3777,0.0561055451821292,0.1199406276214725,2161,256
3778,0.6203115232129509,0.8492660365843563,2099,256
3779,0.008234391813487917,0.3114539795868042,2111,256
3780,0.5758200429353166,0.6548957631845421,1954,256
3781,0.01933037187638401,0.19190785345631156,2158,256
3782,0.711477485881048,0.5367368510280275,1943,256
3783,3.744658756485192,0.4273874199401754,2162,256
3784,0.9603271449814901,0.45806214896549424,2112,256
3785,1.2168119384367055,0.33701440397564875,1957,256
3786,1.6797827865455004,0.6387919600178616,2170,256
3787,3.1391765115054358,0.5563768644244959,1920,256
3788,1.2068710514372893,0.26914784240072454,2041,256
3789,4.0839678771159855,0.8178072514335688,2032,256
3790,2.333895556851806,0.4476345721722391,2143,256
3791,0.9904271547191551,0.8048404515500145,2020,256
3792,2.2002464149792225,0.00786230014936562,1972,256
3793,1.2830109445503581,0.5322000249880237,1930,256
3794,0.40499301995550985,0.5844745764484015,1973,256
3795,0.6862579642830936,0.0835542782544818,2081,256
3796,1.6171741239142923,0.3600980222289686,2127,256
3797,0.5209479801174071,0.6794420720371538,1930,256
3798,0.5186188940327002,0.5322652513279819,2054,256
3799,0.27128826831401764,0.6511040050276562,1998,256
3800,0.013907177988566234,0.7109958569234686,2106,256
3801,0.19758941592672474,0.7316874467648946,1991,256
3802,0.14046275880558795,0.8503318407735581,2175,256
3803,0.6292209549805359,0.21981781536156686,2098,256
3804,0.4053635351325736,0.5258792704148532,2041,256
3805,0.9583035131848687,0.8563394201342768,1992,256
3806,0.05148827767534137,0.9659101136334717,1981,256
3807,0.06219017846129594,0.41561160239409045,2131,256
3808,1.3544233426945327,0.461827880926885,1951,256
3809,0.6226633924136709,0.24823803812300593,2094,256
3810,0.6714660512482695,0.7581151994598831,2011,256
3811,0.6033821929107762,0.8067563097089456,2066,256
3812,0.4750356960198477,0.03258291879848996,1995,256
3813,0.08073178038624383,0.7169957928289,2121,256
3814,0.0857588979927092,0.8680051154263487,2101,256
3815,0.8383249645811491,0.7932924778165726,2070,256
3816,1.7366728999572605,0.817270148968992,1959,256
3817,2.80023521518659,0.6671939969747738,1925,256
3818,0.04956001536984179,0.161570110301678,2133,256
3819,2.311748478484685,0.457322882923776,1968,256
3820,0.251626524946355,0.9839266802087564,2125,256
3821,1.448074368724466,0.5270943870327175,2145,256
3822,3.617443547516167,0.6121863122771707,2165,256
3823,0.2508444376430672,0.6149227405597079,2020,256
3824,0.38161681564880856,0.22874542842013512,2112,256
3825,0.8772387225810604,0.7826051395517373,1970,256
3826,1.4084137024136565,0.26103158746914346,2132,256
3827,0.8531174868832067,0.7454333561953144,1997,256
3828,1.5064797100944392,0.4090619219641617,2080,256
3829,0.6347624433449677,0.5875680731603424,2156,256
3830,0.9301980490353903,0.9914859587223358,1950,256
3831,0.3445694780275328,0.20935933203241563,1995,256
3832,1.0101634026457702,0.08889988453375886,2133,256
3833,1.903091390637771,0.6917736485393706,1927,256
3834,0.2035654160648354,0.3637395649927472,2107,256
3835,0.13229820488716354,0.5484768034747428,1922,256
3836,0.0305800376954951,0.11605006795356487,2003,256
3837,0.07136639520948165,0.618555103461339,2155,256
3838,2.307787681061647,0.15239337270965814,1966,256
3839,0.8553600413042942,0.5309744904172392,1923,256
3840,3.167403096955904,0.753427828152996,2075,256
3841,1.9120873878557487,0.8025064675518978,2055,256
3842,1.5736172788778753,0.47399316502804845,1960,256
3843,0.0031497657036482904,0.997732307956928,2067,256
3844,0.7795621271463877,0.20196223272712777,2144,256
3845,0.7633616110446192,0.12644042077012807,2043,256
3846,1.0314501968677088,0.9973176547933056,1926,256
3847,0.4358044182006069,0.5133483270915103,2112,256
3848,1.1941530939256304,0.276539187166564,1969,256
3849,0.040990116912180234,0.8499368205180492,1946,256
3850,0.9044427700744071,0.3979148430368672,2168,256
3851,0.5336347252527256,0.9181784737774613,2026,256
3852,0.6366842956396309,0.19360713566406307,2164,256
3853,0.24872920896217124,0.6856598576950346,1984,256
3854,0.6057191152740091,0.8946320443844794,2014,256
3855,0.9041007487419875,0.7407999298783896,2058,256
3856,0.09565255446068621,0.4815666517840146,1937,256
3857,0.9993425158419446,0.009423441673438004,1997,256
3858,0.8891417775198422,0.6645099691756609,2031,256
3859,2.643392990836042,0.3313241523704692,2109,256
3860,3.725593236455539,0.2050581871309043,2114,256
3861,2.8859545624897875,0.4507288853666356,2130,256
3862,0.26394768417703346,0.8463663803479297,2168,256
3863,0.8396315761745525,0.15026766373782896,1993,256
3864,0.5475108907493398,0.12194836270727716,1959,256
3865,1.7557729583968391,0.47763680294883915,2028,256
3866,3.0541361569637537,0.1589679208111937,2172,256
3867,0.40887366335307995,0.7913926455771267,2137,256
3868,0.9687321660684872,0.9252650331796144,2051,256
3869,0.04526645551079749,0.09770420378362044,1944,256
3870,0.6835625503287562,0.1498094146595349,2033,256
3871,0.5312839835324462,0.7231343550664562,2097,256
3872,1.0278105959152686,0.34587266521913507,2108,256
3873,0.5997023400874388,0.03604782288640618,2148,256
3874,0.06199808677002222,0.6879115486555684,1933,256
3875,2.9769289902316363,0.19159863765422913,1968,256
3876,0.06343268109346266,0.6428329381927114,2076,256
3877,1.8872546297200261,0.5029613624190294,2132,256
3878,0.002470027184821244,0.2663380629628376,2052,256
3879,0.1180187988863923,0.38670613296587153,2140,256
3880,0.3260610939525142,0.14349083740071789,1993,256
3881,0.2183670051476983,0.2824171148458984,2009,256
3882,0.2994016577863277,0.7630195202296307,2016,256
3883,0.028930132591608884,0.46109997641326894,2025,256
3884,0.006783024461074874,0.14250305624258042,1948,256
3885,0.5297858190651152,0.6602251758950752,2059,256
3886,0.8007385572913635,0.5600848014196798,2080,256
3887,0.7219685031687296,0.8359872970603016,2105,256
3888,0.046387585343369266,0.7579554592938359,1942,256
3889,2.531852653543804,0.10187671110765184,1963,256
3890,2.2101152637550032,0.25642981936382525,2007,256
3891,2.1894974558911384,0.39118304985185226,2114,256
3892,0.15644614816924096,0.040781420666772816,2120,256
3893,0.8131385745330753,0.20702542205657892,2007,256
3894,0.3130970998713311,0.7913243956964899,1933,256
3895,0.2821999010678736,0.17933620985918863,2009,256
3896,1.1074618493577184,0.6111189353246107,2131,256
3897,0.2936656258336686,0.3341003140426452,2100,256
3898,0.295891836324499,0.6798282487917882,2143,256
3899,0.06666926851906566,0.9718332811107374,2084,256
3900,0.8522345589732535,0.6235034259946545,2131,256
3901,0.47016173091396385,0.3336392686389177,2103,256
3902,0.3890479560507155,0.16037957967313354,2139,256
3903,0.737118418114672,0.12741052636026062,2098,256
3904,0.4313802851846554,0.6290294194452727,2134,256
3905,0.17421966280538062,0.7435846021950199,2104,256
3906,0.7350288399968659,0.6690151211871838,1955,256
3907,0.40513907845117714,0.5178392679718556,1984,256
3908,3.735351185895921,0.24849028914934013,2130,256
3909,1.512139935963067,0.4998513516471612,2039,256
3910,0.08087079247515361,0.04441824047608378,2077,256
3911,0.09178500548038782,0.8375584384130126,1991,256
3912,0.49324713359472827,0.8775435804614435,2116,256
3913,0.9410248905991624,0.48213920256840703,2155,256
3914,0.29404192827838677,0.8817216217645161,2069,256
3915,1.1798142556414088,0.24210966484046414,2089,256
3916,0.49363143420147076,0.22613181684152228,1963,256
3917,1.7015319707666887,0.630804321697783,2160,256
3918,1.2584299754069994,0.7707211891198729,2075,256
3919,0.2790446041870496,0.21192980960999885,1936,256
3920,0.5285521316138141,0.017891035015916712,2091,256
3921,0.7902942079698807,0.6907286011266979,2152,256
3922,0.1621991893358473,0.9859028159180809,2149,256
3923,1.1934993494657027,0.23002278788443042,2084,256
3924,0.3181703603939453,0.5259428918212756,2151,256
3925,1.5340268740833618,0.15503280856292756,2023,256
3926,1.2548042983647347,0.26671313056667145,2026,256
3927,0.3193832562560769,0.518425923727174,2173,256
3928,0.814668485395499,0.0003121483466749231,2018,256
3929,0.1233417196918569,0.3410223457523093,2006,256
3930,1.3581401692052517,0.47129669389168694,2033,256
3931,0.43675325712538376,0.1681334998862788,2156,256
3932,0.4698528529480336,0.33010619259230023,2122,256
3933,0.7176049394250467,0.5250172746039656,2079,256
3934,0.5717410835663804,0.09140899203076902,1994,256
3935,0.7151445063787731,0.7275199272818139,1949,256
3936,0.39746723215573604,0.3358171925189143,2035,256
3937,0.7321183434101884,0.09675639083754728,1984,256
3938,0.42153950943178886,0.04017456564662625,2176,256
3939,0.4858541313493142,0.10426094515950535,1948,256
3940,0.7012418597879199,0.10510139714140043,1943,256
3941,0.648844819485759,0.21393781639532272,2174,256
3942,2.364340207821894,0.8908142169705151,2145,256
3943,0.4751020999062455,0.5990136439570929,1991,256
3944,0.005736442900054343,0.12526244166502754,1986,256
3945,0.3556153342137583,0.43265097151285414,1932,256
3946,1.02039734019856,0.7081316425362042,1993,256
3947,0.22105813891634962,0.6304003692324505,2100,256
3948,0.14361675091051834,0.1036478626597308,2108,256
3949,0.9513453773219601,0.7946211003363712,2058,256
3950,0.6861159063983039,0.911198667860311,1959,256
3951,0.4993261407472317,0.6657794453692217,2027,256
3952,0.34186746938685497,0.2997508788024046,2097,256
3953,0.4875811981254079,0.5325057336204962,2091,256
3954,0.4075133384710973,0.6085208351496736,1992,256
3955,0.5187583723018333,0.49012627238893913,1939,256
3956,2.699071858970586,0.13214569560576994,2090,256
3957,0.6169728545541593,0.7904795689512182,1976,256
3958,1.022263603986545,0.3019972838645367,2141,256
3959,1.3493998089421824,0.1226735206267322,2142,256
3960,0.035041666536154405,0.09272473109514567,2171,256
3961,0.5916574475140749,0.3597104927074215,1994,256
3962,3.340191548249435,0.6623360857765396,1955,256
3963,0.6157194796107924,0.954904598852951,1927,256
3964,1.4380161438641466,0.6209565009690458,1934,256
3965,0.3434696144517055,0.21138779789943574,2121,256
3966,0.1625736161565492,0.012211619607469415,1946,256
3967,0.2881524466495836,0.7355599496923445,1937,256
3968,0.07789415997148501,0.833453905761232,2133,256
3969,0.49716722582584777,0.8899091128396203,2170,256
3970,1.1804308640958667,0.7192884120624079,2049,256
3971,1.9778294088399353,0.016840311245159167,2095,256
3972,0.8567725386908124,0.258114196803229,2115,256
3973,1.574495410541498,0.5584459337613413,2021,256
3974,1.0451833617078972,0.5689466832520885,1994,256
3975,0.020140663960964564,0.6341622893600039,1980,256
3976,2.546139385932584,0.1433591449666738,2120,256
3977,1.848391018343129,0.9835224034596396,2036,256
3978,1.4962886606120893,0.7307264888582201,1947,256
3979,1.847288024773147,0.260366816424639,1965,256
3980,1.4502321034270478,0.7617293445664314,2044,256
3981,0.9883682343530086,0.20663154588212485,2136,256
3982,1.5859267307749185,0.15945928566373346,2078,256
3983,0.15927697564529603,0.3992763682054705,2024,256
3984,1.2943182643044286,0.8983473022306953,2081,256
3985,0.079785727153935,0.1201270510793846,2095,256
3986,1.1288761789055173,0.838250943467724,2160,256
3987,0.6522440188421479,0.29037185013859335,2050,256
3988,6.739980688584963,0.1736233663975334,1991,256
3989,2.014928623410219,0.5682400829596029,1961,256
3990,0.9022311091030589,0.6838046648466987,2056,256
3991,0.8733119427183501,0.057996153999424704,2095,256
3992,2.0347305699015905,0.05912907818035695,1989,256
3993,0.013994930878057144,0.8118808119059964,2064,256
3994,0.10664789686912561,0.05489223803778631,2150,256
3995,0.05743854778077763,0.5847329929966782,2040,256
3996,0.9179093542544595,0.38128308513230436,2102,256
3997,0.7549878927601494,0.8599475174266323,2100,256
3998,0.7813665896603957,0.884645321096894,2134,256
3999,1.2666722496862166,0.012310008289828644,1926,256
4000,0.4130093391053065,0.35993022699309696,2091,256
4001,0.5927511514912831,0.6562173337702415,2171,256
4002,0.6602212569893593,0.4671145495587432,2069,256
4003,0.4766193993042643,0.775121944758123,1923,256
4004,0.570536601796871,0.06326032393214487,2090,256
4005,2.9301457582623405,0.3338056523687921,2097,256
4006,0.20624217058352243,0.0475190904090006,2003,256
4007,0.8905334703639544,0.6505466118084056,2139,256
4008,0.5333875730998687,0.8942139132476767,2123,256
4009,0.8109266140647482,0.539917421957554,2042,256
4010,0.478380477299046,0.31810983456484776,1970,256
4011,0.4586450341577964,0.8585688613318594,2170,256
4012,0.4432028843533933,0.9481459606852625,1961,256
4013,0.45423151618814134,0.4794211412153364,2097,256
4014,0.8862696150623165,0.8282977743145244,2068,256
4015,0.5263523664888294,0.1609088833856097,1969,256
4016,0.4294278900171533,0.02365196184399654,2066,256
4017,1.1697729627320947,0.10369918024522218,1972,256
4018,1.1911565858156512,0.4463021953837206,2105,256
4019,0.2766639479666391,0.3783993814375374,2072,256
4020,0.7592479625345614,0.6350993129211742,2025,256
4021,2.228731661373635,0.8902616462273768,1923,256
4022,2.2212228783856216,0.44907072367548206,1931,256
4023,0.3626306851475141,0.33385863458827714,1958,256
4024,0.040376842157970126,0.248828787937044,1993,256
4025,0.24088843548203936,0.9742781807726038,1996,256
4026,2.9337719592766547,0.9397032048965374,2001,256
4027,0.3151396090611299,0.2792842675701166,2152,256
4028,0.8897560399940909,0.17074072104597282,1952,256
4029,1.1519632020842392,0.9355009793806367,1986,256
4030,1.6170544874519828,0.31674177534459125,1986,256
4031,0.3729094511504925,0.6709491392886605,1970,256
4032,2.1606666913814734,0.1696691443206081,2010,256
4033,3.4806865558621936,0.2835356595424833,2040,256
4034,0.24887746018525753,0.24932466751208848,1947,256
4035,1.8469888156419516,0.6123929746440452,2035,256
4036,0.9457498774332037,0.21117046038685272,2168,256
4037,0.768507299914963,0.38401257471710715,1954,256
4038,0.008170077522410758,0.36567473597985134,2095,256
4039,2.233202601608959,0.5171462839704049,1935,256
4040,0.9161485114970349,0.5241431317196823,2015,256
4041,1.0087776941591642,0.21509180076592016,2064,256
4042,0.5749434471952339,0.1301843893318948,2054,256
4043,0.012569645577193376,0.4419738199714607,2162,256
4044,1.3672953602175768,0.23090033529627074,2122,256
4045,1.5085435310619792,0.5054143910867859,1946,256
4046,1.073276181942617,0.7995225859625165,2124,256
4047,0.8663544948413885,0.4242584823280118,2063,256
4048,1.9727947663979366,0.3715009160886954,2146,256
4049,2.8513062747239144,0.7787136524011127,1952,256
4050,0.878728882976523,0.7038540591940919,1943,256
4051,0.1204298459023657,0.864748345252514,2032,256
4052,1.2323408392359028,0.14481158415918893,2166,256
4053,0.05872151093320795,0.44384726967048205,1994,256
4054,2.5811560704849006,0.30462594267689547,2066,256
4055,1.074444115526751,0.24482091225849945,2082,256
4056,1.1341533303401603,0.11334451677638502,2006,256
4057,0.49838423998031206,0.250380303264771,2156,256
4058,0.5306265762581311,0.09283321678283396,2113,256
4059,2.3059793043394254,0.05875566136058741,2091,256
4060,0.45664443209242955,0.9729406470798527,2092,256
4061,2.7660055968259876,0.9509019239813964,2076,256
4062,0.6020260783384733,0.2770324342822863,1975,256
4063,0.5742680503566534,0.8115349905287156,2031,256
4064,0.909440954868139,0.4031707842926062,2014,256
4065,1.7170292708404524,0.6815629145357105,2168,256
4066,2.1124797932358783,0.6110462486380694,2074,256
4067,0.41613655757416307,0.13390889923706562,2050,256
4068,0.3607359974903693,0.8617312975021922,1968,256
4069,0.4534249314259725,0.8775618134217639,1973,256
4070,0.23075294157534867,0.6837540893947371,1999,256
4071,0.2637006757570878,0.2652014418557883,2135,256
4072,0.134706818336942,0.5308013780339947,2166,256
4073,0.20822863609654185,0.7013919732121449,2012,256
4074,0.9962203111136158,0.24252466778839854,2128,256
4075,1.2695841843355526,0.9773413705465932,2084,256
4076,1.1825961642728415,0.670444145552026,2065,256
4077,2.458390517193231,0.01945976448881903,2011,256
4078,0.29692074128238904,0.7913353386132325,2055,256
4079,1.2869073054144808,0.32535136203322557,2107,256
4080,0.7645343318912504,0.4961282393299722,2169,256
4081,1.0473762937797815,0.38409636121099877,2015,256
4082,0.18056526836520811,0.754001511915007,2144,256
4083,0.0727736043438465,0.6588453001271274,1931,256
4084,2.0449969896935616,0.6264196727269299,2029,256
4085,0.5540092333555549,0.3445975705197192,2097,256
4086,1.1989682725756463,0.008070314017192493,2150,256
4087,0.3438474312556188,0.993423332541169,2040,256
4088,0.453137214352874,0.621903656775914,2039,256
4089,0.934760932615366,0.7010738454773189,1928,256
4090,0.5017897228366323,0.805953541636001,1988,256
4091,1.379901643323718,0.6504023112789473,2006,256
4092,0.6223579338947696,0.4097682646128016,1972,256
4093,1.007120333166794,0.7277641641934852,1993,256
4094,0.40272466933655565,0.8691272424339382,1994,256
4095,1.7408729655567035,0.10804392061519275,2099,256
4096,1.4795655531914007,0.5034153941068616,2014,256
4097,0.18793651980807774,0.6450169926551818,2073,256
4098,0.3823149273537868,0.8289936389286497,1931,256
4099,2.0372143361767354,0.5723055289718685,1979,256
4100,0.00959503326606933,0.24002311116106834,2007,256
4101,0.13492640272649228,0.6199687157989026,1960,256
4102,0.9622597427744384,0.3805750111850853,2039,256
4103,3.0612760830940395,0.22288766573990404,2124,256
4104,0.8402763214140513,0.3341713624915573,2147,256
4105,0.5249425032057821,0.5386604679968453,2078,256
4106,0.4710062821315732,0.3268122539433215,2125,256
4107,0.10124451479679168,0.5247485921027149,1954,256
4108,0.984177000580082,0.5788551529506032,1993,256
4109,2.1085066596426847,0.9449482774237743,2168,256
4110,0.18998864329804388,0.1611545361870006,2034,256
4111,0.17382273670711074,0.3718768558389556,2128,256
4112,0.9235042121426615,0.9269109259580439,1953,256
4113,2.5631242085814283,0.1071316813427684,2123,256
4114,0.8883137394388151,0.9889685850239024,2129,256
4115,3.870077918395475,0.011249379297480155,1935,256
4116,0.5692595874595959,0.8519097092197078,2144,256
4117,0.7923556684688137,0.19987261546454194,2155,256
4118,1.1921726238471133,0.5673369360366998,2103,256
4119,0.7386638575902601,0.48467348000327104,1975,256
4120,0.7838384500340552,0.31467920446555986,2034,256
4121,0.2637949188688584,0.23050586633406245,2039,256
4122,1.4626842219350116,0.7341930331792026,2021,256
4123,2.126295629241102,0.6933777676964664,2154,256
4124,0.9055617385204241,0.05369787388820313,2091,256
4125,0.02722347689557933,0.7627443335892846,1939,256
4126,1.1157708099282826,0.6295189685163642,1984,256
4127,0.5511225827336012,0.44880134650690984,1986,256
4128,1.0340366622159192,0.11678203425562328,1941,256
4129,1.71321963444873,0.5671069972265124,2080,256
4130,0.17698316707257097,0.9989087335654268,2046,256
4131,0.03240068051949075,0.21588165108768143,2073,256
4132,0.6388962639240205,0.17553158019828297,1943,256
4133,0.42017194490519466,0.5890134818521093,2119,256
4134,0.07947240181431851,0.610188817990243,2135,256
4135,0.20237877273129717,0.06036758396459552,2159,256
4136,0.21460906302544008,0.47354928945765695,1952,256
4137,3.7174739082698225,0.899789624268525,2139,256
4138,1.9446146121895445,0.6451216201950614,2088,256
4139,0.3640555776833524,0.6088015077690753,2098,256
4140,4.74107185513307,0.6589255633192456,2090,256
4141,0.08974454674149719,0.6519953838895494,1965,256
4142,0.8256903190474721,0.7775920844747407,2170,256
4143,0.007691682873333321,0.2431635679936912,2144,256
4144,0.6591481923646096,0.0720267839955342,2016,256
4145,2.0222867442762844,0.9155402529211871,2162,256
4146,0.22594815416432923,0.11328289108468326,2176,256
4147,2.2260449453275006,0.9580776978579243,1932,256
4148,0.3645070224636409,0.5354362223750608,2062,256
4149,0.887476867215033,0.35806422495078294,1927,256
4150,0.15174526386308185,0.5666374970428711,1985,256
4151,1.2051012298641819,0.3853892164933055,2109,256
4152,0.4636573916352945,0.4756530725126389,2161,256
4153,0.9189315368020903,0.39675902466497737,2085,256
4154,0.0003624866643214966,0.015309129712753111,2094,256
4155,5.2560180860057795,0.878401733941876,1970,256
4156,1.872000375809723,0.04672632791954734,2026,256
4157,0.6545301678129641,0.3127343745221578,1939,256
4158,0.41868658849767765,0.3104641751367667,1926,256
4159,0.44301699792546206,0.5395097206163058,1943,256
4160,0.45747917283427086,0.4467652725200111,2031,256
4161,0.18151017685817086,0.31249530191944797,1976,256
4162,0.2395602383938841,0.37570490792706035,2026,256
4163,1.6773013119212732,0.8222771305783413,2008,256
4164,0.16464594807207536,0.369573108882561,2175,256
4165,0.0721011263890753,0.39681523816412145,1924,256
4166,1.0573019785783668,0.7188094532909862,2019,256
4167,1.6835067431994164,0.09824511275818759,2081,256
4168,1.2819231096381616,0.635998618779961,2105,256
4169,0.10244888610433699,0.3286524175397876,2175,256
4170,0.5367515629381225,0.7747593581880494,1982,256
4171,3.0216594714493685,0.3672583508931935,1933,256
4172,0.19471977821663994,0.4636437270704511,2058,256
4173,0.7146240809733977,0.7091309466292874,2113,256
4174,0.3898418725132246,0.5011649557327114,2057,256
4175,0.34132703422773275,0.05854045834400412,2024,256
4176,0.7772096295433357,0.6492635226767521,2155,256
4177,0.32183695362041503,0.6517860600215801,2045,256
4178,0.6772370999164035,0.34100761244682887,2124,256
4179,2.359034188029037,0.0703287681549919,1986,256
4180,0.14619121676222957,0.9814792620020709,2129,256
4181,0.1705593309985044,0.6372668205530762,2027,256
4182,0.17729748670809872,0.9501476875448064,2120,256
4183,0.5600008305525882,0.32559797149631486,1954,256
4184,2.226314330832705,0.3477939536166388,2132,256
4185,0.5893006636304872,0.8172215017636683,2059,256
4186,0.3579639984989052,0.42673373811993187,1992,256
4187,0.4014468901724028,0.09940814460384517,2078,256
4188,0.2726196675449329,0.35989492714198823,2124,256
4189,0.9024840481500865,0.7713412364946388,2176,256
4190,2.016551445399528,0.7733668425245903,1968,256
4191,0.15144160529499442,0.8472732477421254,1929,256
4192,0.08379433924586659,0.07307313355867273,2128,256
4193,1.506783279840605,0.5189526751712376,1947,256
4194,2.1238984605828515,0.7549770540009,2034,256
4195,1.1301159529269535,0.5934583956606215,2016,256
4196,1.8088663795083844,0.3297819023934583,2139,256
4197,0.32033213176190833,0.17536192570599984,2154,256
4198,0.4223645370902147,0.1879318272727818,2157,256
4199,0.38715746322294636,0.5158435080304509,2145,256
4200,0.7299395770909267,0.9832857990709815,2042,256
4201,0.2573646553939394,0.5074294158049907,1981,256
4202,2.4650622997098286,0.21383626437087289,2160,256
4203,0.8766636797250196,0.4568764101600876,2128,256
4204,0.9652726048639664,0.5715959105284636,1974,256
4205,0.41240509248736684,0.9539418504440348,1967,256
4206,0.2467339888172383,0.5849180620583835,2173,256
4207,1.7986648223886568,0.23543354989265775,2112,256
4208,0.4884251966788571,0.8241260849694687,2127,256
4209,0.115627364094006,0.484418646680305,2106,256
4210,0.12386015458924247,0.9594942142189575,1997,256
4211,1.8632963412450043,0.05021992181092416,2154,256
4212,2.0263270858646356,0.21157737135097343,2047,256
4213,0.6419717627760045,0.8629149809619704,2096,256
4214,0.2398397379307642,0.6382522180869904,2170,256
4215,3.664965688998127,0.7053436811866947,2097,256
4216,1.3103634024402078,0.31527036284817833,2075,256
4217,0.12773926569953964,0.2707644662048936,2073,256
4218,0.024077736055005038,0.46698635370905306,2007,256
4219,2.3637775996307986,0.7727115563239647,2083,256
4220,0.47904513292066364,0.33664169339461847,1941,256
4221,0.6071902525807943,0.35723709182784225,2000,256
4222,1.7648096301513856,0.10083255003034186,1992,256
4223,0.027738688318912862,0.4146579001860572,2171,256
4224,0.6087439715940486,0.8925652858861669,2163,256
4225,0.3725050327383481,0.7889113938662151,1968,256
4226,0.989332761699402,0.6754191755740818,1995,256
4227,0.20157127862950103,0.666061656078154,2095,256
4228,1.11580591966223,0.1294487061334867,1928,256
4229,0.3371943134841696,0.9631403324144848,1966,256
4230,2.000476665835706,0.16282304875784848,2078,256
4231,1.4212801871414882,0.7319467556559508,2016,256
4232,3.71816947954128,0.4926156207432979,1932,256
4233,1.1305704415675277,0.7782446586100509,2157,256
4234,1.3878525844906546,0.6069849054518226,2077,256
4235,2.76956691134558,0.300848457240977,2099,256
4236,0.6354668394981424,0.8591200358637974,2027,256
4237,0.7287487110879213,0.9768171790481999,2166,256
4238,0.4542625210191657,0.3623799525955973,1996,256
4239,1.5986245068321077,0.4089630369468412,1950,256
4240,0.9623482615919194,0.966497227035746,1939,256
4241,0.2797373837920843,0.7187386062373193,2022,256
4242,1.1136409899414939,0.3582124913046332,1929,256
4243,0.30127653116230846,0.703624297370604,2120,256
4244,0.5115764494167793,0.3422373353349967,1925,256
4245,1.992753989348971,0.13411320238243662,2025,256
4246,0.7975575560521625,0.04583778948143935,2120,256
4247,0.0907455824252438,0.09986329730235832,2119,256
4248,1.0753875058370193,0.6557006835280208,2091,256
4249,0.6896084265272144,0.9304679502576755,1946,256
4250,0.14899420382585774,0.725335896296656,2155,256
4251,0.4279079604138314,0.7486045930637439,2030,256
4252,2.6503213114898645,0.5672560016330055,2041,256
4253,4.7104379305678945,0.6592411515668207,2051,256
4254,0.4450444763769896,0.8386133890582275,2121,256
4255,0.1324272364966549,0.024129123545657327,2061,256
4256,0.9195056789642296,0.9735626296148201,2113,256
4257,0.26569642671339816,0.6442497687680688,2119,256
4258,0.18426493596425653,0.06621691646796202,1993,256
4259,1.0728227164981705,0.04642814934994455,2056,256
4260,0.4776665793389123,0.027435049581565285,2064,256
4261,2.937276410395911,0.9742520075550554,1942,256
4262,0.3731795913454434,0.19333753592335068,2036,256
4263,0.8019238002552871,0.635401845221493,2068,256
4264,0.8218629688737177,0.05482766850454723,2060,256
4265,1.2267206200822924,0.07735808598807092,1945,256
4266,0.9923085766618791,0.41158425821274536,2075,256
4267,0.8046154290264284,0.48063473414338875,1970,256
4268,0.13245623280976024,0.9281290708136517,2004,256
4269,0.983613682223024,0.2683777603251659,2150,256
4270,0.2686569514396524,0.035270788724744206,2153,256
4271,0.44654730499633455,0.7506025641976902,2093,256
4272,0.10096670522645458,0.4048657310079725,2123,256
4273,0.10625538554616681,0.8923511348934661,1953,256
4274,0.012508494586019745,0.9861696868977973,2049,256
4275,0.07863712851263374,0.4684507478963973,1958,256
4276,0.043673383233926076,0.33443984324203724,2110,256
4277,0.853158348899157,0.0873633238954652,2018,256
4278,1.0307318559962497,0.9070030578856546,1964,256
4279,0.5768590139329411,0.05284560330432453,2136,256
4280,0.1616537958242375,0.9752101941447878,2159,256
4281,0.5256831375702563,0.03851760138041871,1956,256
4282,0.5326987084421193,0.5817909976650246,2040,256
4283,1.0096800303877123,0.02487612347437862,1951,256
4284,0.7670777083221749,0.9772705945655746,2051,256
4285,1.6760039918360583,0.0637507442092955,1988,256
4286,0.009496961448950857,0.6901556776900324,1965,256
4287,0.09038292631299383,0.3313122833603477,2096,256
4288,1.8290544758171303,0.5389345427308849,2019,256
4289,0.33059629600808665,0.568772219809145,1980,256
4290,0.5311219393878375,0.5675517266578549,2161,256
4291,0.417158085672697,0.3045530259506064,1984,256
4292,0.3525199040407902,0.3862267611766589,1999,256
4293,1.3024250311129832,0.4110931761529908,1965,256
4294,0.4634336894598096,0.2759577390596033,2093,256
4295,0.08602770179584444,0.037805310816680704,1920,256
4296,4.736599525331584,0.8367526771987636,1966,256
4297,0.6064140281180873,0.04663906612493862,1945,256
4298,0.4302059077401767,0.10363949008610673,2081,256
4299,0.8503960780074402,0.14396796963403058,1972,256
4300,0.07321698767085993,0.12011870901923039,2106,256
4301,0.40523078974944854,0.20897886169429958,2102,256
4302,0.024443747868406453,0.6921571037170157,1937,256
4303,1.2119576341039804,0.24117087449614893,2057,256
4304,0.5238507364924058,0.7128258737194977,1995,256
4305,0.48333663627351847,0.42377337492172407,2074,256
4306,0.7826181814081887,0.17365949877916687,2119,256
4307,1.773575690890822,0.6333582338026045,1936,256
4308,0.3331114485877066,0.7931087983952358,2033,256
4309,1.8325448345657869,0.3787779165863713,2135,256
4310,0.8881051684324752,0.47586918090397157,1944,256
4311,0.3317803151488984,0.2761090794432455,2126,256
4312,1.0421733580128927,0.4436212403227251,2060,256
4313,1.6696892891903456,0.8194411914542347,1951,256
4314,0.004166585824968384,0.9156665122788061,2051,256
4315,2.456263397461002,0.7104343050778756,2094,256
4316,0.48661082474713613,0.3475563588468975,2135,256
4317,0.2828013909717231,0.16847675779807259,2080,256
4318,1.3779539721178728,0.6988877484419298,2028,256
4319,0.08359891714341187,0.9101650690682567,2088,256
4320,2.9635171579932535,0.13137868224984584,1962,256
4321,0.09810635829452327,0.5592897325398962,2070,256
4322,0.014550506940939898,0.946105883232321,1991,256
4323,0.9564607668577342,0.9039868263193526,2073,256
4324,0.14091309115748607,0.5090443745098131,2080,256
4325,0.7211252967862721,0.7224692569381137,1925,256
4326,0.47702548508133485,0.6135827149947681,2044,256
4327,0.5193273219862191,0.03440656478598225,1946,256
4328,0.48900074488720613,0.12299887899067785,2147,256
4329,0.18434529929339372,0.06532716924780813,2172,256
4330,0.03253314459014196,0.5693247466811188,2159,256
4331,0.5953874964015089,0.06439667633952462,1948,256
4332,0.4870663429281252,0.6404498420219953,1982,256
4333,0.38323463428079074,0.6520599471595824,2010,256
4334,1.512471721299307,0.5770284673587899,2131,256
4335,0.5544821237341355,0.29756996995580076,2124,256
4336,2.126777840713406,0.19396733207860284,1924,256
4337,1.1815785597426924,0.7563309891555028,2059,256
4338,0.25420058329129885,0.20591643883732136,2076,256
4339,3.3438281235863525,0.5827404560188885,2136,256
4340,0.6593848056293709,0.02349686690054209,2089,256
4341,0.08159863548021735,0.980292429621518,1973,256
4342,0.3202232258649478,0.3502637916856026,2134,256
4343,2.249169654552304,0.03603254987182314,1993,256
4344,0.8775862025891698,0.8993366937706967,1983,256
4345,0.06306796265535793,0.7607895523823165,2011,256
4346,0.5578443981344905,0.25900317791083804,2158,256
4347,0.3624081999124959,0.6585582243557045,2040,256
4348,0.4874263559111897,0.5403306123691811,2081,256
4349,0.5648677741476074,0.05469286652647576,2100,256
4350,4.122510104622662,0.08229187193896126,2114,256
4351,0.30909115895576017,0.14163120665819495,2164,256
4352,0.18871039031198536,0.8151608423298925,2125,256
4353,1.393387357967913,0.40940719789596236,2084,256
4354,0.9913843893789641,0.816944808320187,2104,256
4355,0.10687019053431533,0.2663798108006675,2106,256
4356,1.5813826413735816,0.3332921367091728,2156,256
4357,0.815092882276667,0.877734590825044,2017,256
4358,0.35127115441648715,0.41656391347278765,2015,256
4359,0.678066882424689,0.15961783702009735,2045,256
4360,1.0471254114428103,0.7759741329220758,2139,256
4361,0.6142281742239493,0.0860952324095523,2058,256
4362,2.3151042900174996,0.6967832147617349,2129,256
4363,0.8655654930877299,0.5220443909283938,1977,256
4364,1.6934860933084934,0.6731773533741313,2089,256
4365,0.5239619634968758,0.24104078712456878,2064,256
4366,0.6731560576714055,0.939902382037293,2143,256
4367,0.04713836805961937,0.5235945411303269,2106,256
4368,2.159395982558328,0.8466748047596059,2026,256
4369,1.3000102894988896,0.6953251430362618,2120,256
4370,0.6828994101138409,0.8571289039496723,1979,256
4371,0.9140003174201792,0.3205422831447523,2172,256
4372,1.07132300832861,0.4800342839753551,1975,256
4373,0.09987326309175205,0.4858925576254216,1967,256
4374,0.24368535405482653,0.6918036093693836,2173,256
4375,3.8911929825794065,0.46626966268119463,2076,256
4376,1.1788437105061211,0.650699706487638,1999,256
4377,2.5155388213342618,0.8237865364777847,2171,256
4378,1.1113263351483305,0.1809524905302976,2004,256
4379,0.5787730981183299,0.6994266888207248,2004,256
4380,0.5405176421076314,0.49463684472403213,2054,256
4381,0.45012339631159765,0.9605207984372377,2132,256
4382,0.8905604453457648,0.11505677913256851,1946,256
4383,0.49231037087248897,0.5375604237281737,2009,256
4384,0.511611174616758,0.3288468193785119,1973,256
4385,0.1866491613946467,0.20823829664659887,1943,256
4386,0.0385241616067543,0.0050863893232234725,2172,256
4387,1.5777675322293456,0.21030939268419524,2132,256
4388,0.42945726483096214,0.486132535084838,1935,256
4389,1.646743617883364,0.7503807519828136,2071,256
4390,0.23650035598312424,0.8307079215511924,2046,256
4391,3.4634715285980344,0.6573548364471469,2050,256
4392,0.04109997916291746,0.41154251136057873,2061,256
4393,0.28245675895130284,0.02705753976671621,2102,256
4394,2.7101789322848746,0.21946108148879728,1970,256
4395,0.36160965917166615,0.9271429297992114,2154,256
4396,0.999537562797306,0.8836420869931507,2059,256
4397,0.2603581764708899,0.27544451684410276,2053,256
4398,0.3625517129134203,0.37016994316956975,1982,256
4399,0.8579548793878273,0.5305243261743235,2146,256
4400,1.0058416828934662,0.8511381382652524,2077,256
4401,1.9785386932516211,0.7151913692768822,1956,256
4402,0.2588315043104655,0.5505291621446661,2112,256
4403,0.5645688233882392,0.8552215693470507,2123,256
4404,0.5156343086539034,0.013489354976194523,1982,256
4405,1.1015566566942303,0.11813164761067108,2022,256
4406,1.956748275642183,0.41717356956604623,1987,256
4407,0.5397559237677727,0.9562344878813511,2054,256
4408,0.4330001323593821,0.02822969970643796,2028,256
4409,0.988115861202428,0.23258013431331925,2014,256
4410,3.606376977725677,0.20331766921671723,1998,256
4411,0.06073809087877773,0.13467113799447994,1982,256
4412,0.24217849123706073,0.31171738877022737,2132,256
4413,2.2245579154542963,0.1959020284449391,1924,256
4414,1.3157031009596947,0.6088801300141065,2128,256
4415,1.0890817674096638,0.8672417587762461,2066,256
4416,0.6405495986137291,0.30999423044100727,2102,256
4417,1.5577559018158296,0.9548149940357954,2119,256
4418,0.38355062994558353,0.47202032659003645,1934,256
4419,0.8966569508365045,0.8363020258989143,2125,256
4420,2.1816301368076156,0.4693553065963695,1996,256
4421,3.1787614031159683,0.3082817571476767,2021,256
4422,1.2761010047581252,0.5048958393813981,1966,256
4423,0.14698480354174945,0.8631607440296174,2139,256
4424,0.31650714033439836,0.5833073382876021,2063,256
4425,1.2040358457911855,0.9537989848057417,2139,256
4426,1.4961054207225795,0.9649468146210318,2108,256
4427,0.06446126926022316,0.27881634002483036,2151,256
4428,0.5268341798829009,0.8755921973928475,2157,256
4429,0.3277252365521717,0.3345254403836889,1953,256
4430,0.7559854426749552,0.1639457277498092,2104,256
4431,2.4728281622076422,0.03071719787589544,2029,256
4432,0.72812490676486,0.2951982231052557,1922,256
4433,0.11643384455210179,0.5109110131974075,2083,256
4434,0.6327895711285514,0.5066556409529236,2097,256
4435,0.6796452668380485,0.9355808021716138,2077,256
4436,0.518735752968546,0.9054342727160553,2051,256
4437,1.0086250799426062,0.8721427076699635,2169,256
4438,0.32684549435953314,0.5185516361670623,1960,256
4439,2.386368383956986,0.7743816472823597,2107,256
4440,0.7593102098213972,0.3452138385564678,1993,256
4441,1.5831689752922256,0.4634484495750296,1993,256
4442,1.6160498167799326,0.19277670098891897,2164,256
4443,0.1127165492954801,0.1057738777083439,2056,256
4444,0.12035552660776949,0.8498950371775679,1947,256
4445,0.8606960612411749,0.13023269823676675,1986,256
4446,1.852508450098085,0.5071478676832433,2058,256
4447,0.3920519461164964,0.010734742726722368,2075,256
4448,0.9851878147457662,0.4946705687506482,1922,256
4449,0.9190324717966468,0.01836080095170367,2014,256
4450,0.8624984018241443,0.8781842477296965,2099,256
4451,0.7548176648645346,0.6641050553641041,1969,256
4452,0.24304857381544992,0.8961726882358662,2077,256
4453,0.7896886798755094,0.17670413934339235,1985,256
4454,0.026440002854633684,0.7856733899303698,2075,256
4455,0.17190850454137477,0.9259023108068241,2159,256
4456,0.9545704842239409,0.09444829520015252,1972,256
4457,0.41020187765991417,0.11879470339401765,2104,256
4458,1.2158422460924265,0.5239993586617364,2022,256
4459,0.5868347636489788,0.6787375785600723,2056,256
4460,0.2925274134518642,0.9750316680418998,2105,256
4461,0.1254448789802913,0.23181637691616785,1966,256
4462,0.7643240837819163,0.03760664836100136,1925,256
4463,0.24429827522479342,0.48721812946627663,2086,256
4464,0.080163624131846,0.7577336002714038,2115,256
4465,0.2077024927215771,0.07214883402431205,2089,256
4466,0.9307841473342031,0.9351489127308018,1931,256
4467,6.257549203605581,0.5137346276721956,1963,256
4468,0.14723573004663726,0.25266252450212234,2072,256
4469,2.6467987874489554,0.18560318085950034,2155,256
4470,0.15546528228767761,0.19910910836294282,2056,256
4471,0.15653205870246453,0.028746224671164833,1951,256
4472,1.466030440298062,0.5036503475858916,2155,256
4473,0.8901923714805952,0.8126993988304689,1934,256
4474,1.0866841293540304,0.15623677826703075,2029,256
4475,0.6069917408457951,0.5010821593078221,1969,256
4476,0.17679009564926657,0.886310535250433,2021,256
4477,0.4086819535870043,0.36672253251758047,2127,256
4478,0.5041491840112702,0.17267104319124693,1928,256
4479,3.3833975364470046,0.10054551876527051,1994,256
4480,0.33825635616502325,0.35900722045740263,1929,256
4481,1.6251520431547304,0.9450541521644237,2144,256
4482,0.428811213270009,0.3537662673082239,2121,256
4483,1.5441078032519635,0.14847221526929089,1973,256
4484,1.0044433663235646,0.30835578169171307,1994,256
4485,2.4719768757126914,0.5272596110942651,1982,256
4486,0.57770568249967,0.738481110979447,2023,256
4487,0.24942698650559397,0.7602402268283959,1975,256
4488,1.6437601649817504,0.12024153527511217,2139,256
4489,0.657717498101027,0.04773597189790968,1997,256
4490,0.4148490240743391,0.7601203819231281,2036,256
4491,0.7044168260230733,0.12034673870811152,2162,256
4492,0.3360656937800738,0.21830352782608176,2018,256
4493,0.5635354983310915,0.207754661775569,2012,256
4494,1.4823924139954887,0.9695618542675711,2170,256
4495,2.079964033274073,0.04752550428214941,2150,256
4496,0.4481203953858818,0.3592965820667311,2109,256
4497,1.2954409272634295,0.005533230931302091,2083,256
4498,0.5420955996663528,0.876183516430039,1970,256
4499,0.694793825857263,0.19169648064952094,2070,256
4500,0.6691529368501548,0.4975399596431116,1922,256
4501,1.7993203507924183,0.3713915187385093,2134,256
4502,2.5965670926691544,0.7866244016969514,2155,256
4503,3.0062699291410695,0.8143443574261965,2149,256
4504,2.328976181251608,0.7460857663391633,1972,256
4505,0.8954680591671069,0.48689872616448626,2126,256
4506,2.1256538900645294,0.7209952817834807,2005,256
4507,0.03077038500914784,0.6971516733017895,1927,256
4508,0.1478360788902737,0.18221619336865602,1969,256
4509,0.430382782501355,0.5733592648364522,2025,256
4510,1.458116646965,0.7802629803519965,1926,256
4511,0.9119765640596958,0.3563893796633988,2053,256
4512,2.877393057042326,0.005575845486651687,1946,256
4513,0.77158106797209,0.30905166320675503,2114,256
4514,1.9871477908733015,0.4903573342881907,2154,256
4515,0.4444934899592537,0.8519479622147528,2078,256
4516,0.6988407014935669,0.9189697607980988,2175,256
4517,0.9759816178640003,0.23458078069430877,2140,256
4518,2.395503094412839,0.5499478457005366,1920,256
4519,0.41592348488709086,0.5336767305575195,2136,256
4520,2.4272059745267858,0.2920586932550623,2146,256
4521,0.5193780533294909,0.8749489354812131,1935,256
4522,0.5272879507979844,0.23112321556614923,2149,256
4523,1.0973473717245132,0.19162702548961075,2009,256
4524,2.3013753237961514,0.33777751844551673,2134,256
4525,0.29302829496914995,0.20784747166692363,1922,256
4526,0.2881964354787836,0.9428279459876272,1946,256
4527,0.7388427529332455,0.7435788918119092,2157,256
4528,0.13405376762182203,0.34830692185386125,2046,256
4529,0.141798436744636,0.9212955553757372,2071,256
4530,0.0957602657836063,0.9373576646504308,2053,256
4531,0.4772565208509797,0.13545002972754638,1926,256
4532,1.141942716976783,0.22030998529566181,2070,256
4533,0.4737966119743169,0.0005262728580788245,2000,256
4534,0.09277561190148424,0.42415075404031644,2117,256
4535,1.0845446458807355,0.5331383522019534,1978,256
4536,1.4102696204813348,0.13941981137431503,1990,256
4537,0.2484478070875399,0.037600826215965166,2163,256
4538,0.17447120884663223,0.6243590311910849,2027,256
4539,1.8724969525207036,0.7261527892514885,1987,256
4540,0.2669914944069622,0.4439098809293407,1942,256
4541,0.19360846300042336,0.03915815353038432,2092,256
4542,0.47900021292285666,0.031994023963049845,1939,256
4543,1.238715708265299,0.5370629211971719,2047,256
4544,1.8850164842057133,0.14068231472795467,2072,256
4545,1.043590539907319,0.9030978749697902,1961,256
4546,0.16718155374317817,0.2475697818072159,2109,256
4547,0.10345485199543226,0.31290277109507536,2043,256
4548,0.6177878238566056,0.6807864623356654,2095,256
4549,0.2780477264040276,0.3609064555844641,2164,256
4550,2.3297099787165165,0.12466724901761317,2152,256
4551,1.3534904079294152,0.48582885449812485,2041,256
4552,1.7768521797976335,0.32669482906493774,2089,256
4553,0.31583327816694684,0.5284513769881926,2025,256
4554,2.697208765682288,0.12488066925762176,2063,256
4555,0.06638188587129024,0.2664554244136299,2023,256
4556,1.4853678888807267,0.24259186829705537,2132,256
4557,0.8750015651985004,0.5980537435836775,1965,256
4558,0.823575658913109,0.22020389862323686,1963,256
4559,1.9232358355925057,0.058540329822504344,2122,256
4560,0.7292602035590737,0.49209793194635554,1955,256
4561,1.2769813974123145,0.3032613497692034,2172,256
4562,0.941443988566458,0.7873959264344857,2009,256
4563,2.2753381860944173,0.19762184714929043,1939,256
4564,0.4579937899721023,0.6007528097524784,1943,256
4565,0.37135948202228475,0.43053138183965967,2061,256
4566,0.20691290057443898,0.7544939366083884,2097,256
4567,1.0265353149381302,0.36967891598294045,2107,256
4568,0.31018759825055536,0.7171384077771829,2026,256
4569,0.058951412088566336,0.13629261396766046,2100,256
4570,1.2909481083367136,0.5158544780307122,1920,256
4571,0.08971835260617445,0.16403790740592405,2099,256
4572,0.31912888079732465,0.06145551420200468,1991,256
4573,0.9299936840392569,0.6293753426583963,2028,256
4574,1.5874154654946426,0.9666799706795163,2015,256
4575,1.080538607749084,0.7565293145672219,1969,256
4576,1.538756382735191,0.753704782011191,1960,256
4577,0.505149590216274,0.9947533878128848,1934,256
4578,1.4939788847344653,0.06655969326613032,2155,256
4579,0.25087803095999733,0.276011444035971,2142,256
4580,1.2716814383710284,0.8521017192997683,1928,256
4581,0.8493830139045698,0.4938454739722067,2088,256
4582,0.7111331294624645,0.8301589215955827,2145,256
4583,1.856075219719163,0.6525896312616477,1951,256
4584,0.2933134036353465,0.4864345939506276,1956,256
4585,0.9519530909911645,0.5567953723432525,2173,256
4586,1.2372591507311255,0.8017439915168049,2049,256
4587,1.0127949277562083,0.13491077695764375,1983,256
4588,1.0423477691670517,0.6951547928516092,1964,256
4589,2.6626958733938406,0.8204036061316562,2147,256
4590,0.4013702734027593,0.3720857256340956,2175,256
4591,0.0036353507053552953,0.8155608981837196,2055,256
4592,0.4276863161791847,0.8867583036364987,2151,256
4593,0.16740351658196165,0.7594054598194526,2161,256
4594,0.25814237552156954,0.9000986197609414,2069,256
4595,0.7403002694587629,0.3707755777956475,2076,256
4596,0.40233256360338093,0.4236659640980843,1997,256
4597,2.2719682822288316,0.7656093150811024,2121,256
4598,1.4664295876754037,0.3025165024275923,2134,256
4599,4.355609542163683,0.678667269815138,1953,256
4600,0.13829317360507754,0.7030636779973863,2007,256
4601,0.6736156973172046,0.9526365322378795,2080,256
4602,0.8701666567045219,0.5366304697308064,1987,256
4603,0.6822587177370243,0.9488544330307552,2129,256
4604,1.6217627538929744,0.3945281320150359,1960,256
4605,4.356710735378831,0.6020311002609654,1987,256
4606,0.6380348165939683,0.5035646385765361,1930,256
4607,0.07005813257971485,0.2554767697197702,2098,256
4608,0.12176857136369855,0.823493910782973,2067,256
4609,0.720941181211875,0.21097233119324788,2142,256
4610,1.3605537767084075,0.7537246153519155,2145,256
4611,0.6444887845158584,0.09855899838953386,2065,256
4612,0.288498690006613,0.5959357928402979,1923,256
4613,1.4624125054560257,0.9657648508956782,1939,256
4614,3.1837876130181626,0.47636280621915605,1947,256
4615,0.22813386031627983,0.3202544548084266,2024,256
4616,0.4741887259010464,0.9806757419456213,2076,256
4617,0.8953681861727769,0.03884956095388559,2143,256
4618,0.4565250625616932,0.2313355043766533,2092,256
4619,0.08112911967274607,0.3193264476522093,2105,256
4620,0.4351849071645024,0.4221576962862228,2157,256
4621,0.25270942697181487,0.42939544262505247,2044,256
4622,0.13338096771777022,0.6208122037790847,2153,256
4623,0.43808092974140916,0.34835333729012163,1937,256
4624,0.273758483765005,0.2976806498910709,2139,256
4625,0.8554039681964206,0.006638025362529887,1952,256
4626,0.5919382803670504,0.5208562380808832,2081,256
4627,0.3952300080638963,0.786843470426001,2070,256
4628,0.823354942654904,0.9459373843725185,1935,256
4629,2.241406275481897,0.4098525288915229,1932,256
4630,1.5956664435463055,0.7939439802898085,2155,256
4631,0.07477010236155494,0.5143560411912887,2103,256
4632,0.2970312257282083,0.23186916161560056,2014,256
4633,0.7598084214764566,0.3207991467083471,2058,256
4634,0.8669895802854005,0.7175610777950042,2052,256
4635,0.6302573835335092,0.45036722242179306,2129,256
4636,3.2999396923109057,0.6359791604820102,2057,256
4637,0.3249111198064394,0.423546941269872,2126,256
4638,1.3728411704281989,0.6080511722698921,1964,256
4639,0.7013369780882704,0.6010747370282947,2023,256
4640,1.0422423145049984,0.5224524972096164,2148,256
4641,0.6752627603308465,0.6712139407473036,2002,256
4642,0.2964705407070219,0.21684060604371336,2091,256
4643,0.03016197429460496,0.27973819306563175,2056,256
4644,1.3850202314011335,0.41639647920431044,2051,256
4645,0.11920827741369769,0.4192127861901812,2130,256
4646,2.595171537087495,0.9499287928036847,2089,256
4647,1.0832220017096763,0.8529148635802167,1999,256
4648,1.5563991457407573,0.04950769455070503,1932,256
4649,0.6177920069339127,0.23921339723484436,2090,256
4650,1.3379999814997303,0.2759310241267293,2105,256
4651,0.8742109876888716,0.44468239966984635,2030,256
4652,0.1377233655620151,0.49101447241072116,1993,256
4653,1.0988643486968452,0.10946311355573579,2020,256
4654,1.7672844743390657,0.7740650505297152,1953,256
4655,0.10777573722289167,0.9528783583216078,2113,256
4656,0.8247082445885263,0.31697293389961634,1920,256
4657,2.034162876056944,0.8784120579656503,1996,256
4658,2.966793507301179,0.5960638389030631,2037,256
4659,3.193361599204731,0.8854317512978372,2127,256
4660,1.2239823021467668,0.697681216030423,2125,256
4661,0.16605870761828204,0.5562443985729024,2054,256
4662,0.8574349053649755,0.2388641086021983,2058,256
4663,1.051208138903783,0.5400560680981841,2016,256
4664,1.2533485638920363,0.272112422340111,2079,256
4665,0.5166397886362292,0.9043826214924475,2148,256
4666,0.6340717994756355,0.1309081655460318,2102,256
4667,1.479197195882211,0.3809394230766513,2171,256
4668,0.2706512666875765,0.6321569198294913,1963,256
4669,0.9706126009145547,0.07876748605282946,2091,256
4670,0.05132914423145795,0.7599141692501864,2071,256
4671,0.3279546354607672,0.9742941689782467,2085,256
4672,1.0895768772796202,0.12753527642973195,1927,256
4673,2.767900407705974,0.8397549634710226,1946,256
4674,0.005122205760866363,0.14293544345767528,2074,256
4675,0.15117825378339209,0.27531920580934166,2064,256
4676,0.7917922125121619,0.15690065224777983,2002,256
4677,0.0319165635726174,0.2860756996570627,1973,256
4678,0.719396462386255,0.046642141308998464,2090,256
4679,2.274896898695398,0.26381822204395533,1999,256
4680,1.2183091881697974,0.7287964036575079,2153,256
4681,0.7258028397772428,0.7611704203088121,2109,256
4682,0.3112531672949605,0.5657800065467675,2011,256
4683,0.003581400851055962,0.09395848348072733,2155,256
4684,0.8300073898090531,0.41917544091519243,1930,256
4685,0.14222946035900208,0.4155005622909711,2151,256
4686,1.2297831391103555,0.21116891121297288,2076,256
4687,0.15166631869926075,0.34635884699168606,1984,256
4688,0.8477640576505919,0.5466863267200066,2132,256
4689,0.12682065327477585,0.07799273037089072,2135,256
4690,0.3195823796613716,0.7954692503782645,1977,256
4691,0.5616034784021452,0.409094876273289,2125,256
4692,0.22961983191292232,0.8932036688450512,2154,256
4693,1.4068731477931897,0.5343809635902127,1971,256
4694,0.5440219846358048,0.48120080695950085,2018,256
4695,0.2665758979998768,0.763287386615611,2141,256
4696,0.6963399404811359,0.3954730756338726,2048,256
4697,0.7194198944726802,0.18278349512547842,1931,256
4698,1.1836250917605058,0.09024826601187275,1965,256
4699,1.8798328455012334,0.9923140881102468,2012,256
4700,2.271828580446816,0.3246962349786816,2082,256
4701,3.328260413338932,0.7590350591270791,1930,256
4702,0.14668317804698014,0.8891089034805933,2147,256
4703,4.046828736562768,0.29216571331364527,2108,256
4704,0.3946160010714476,0.7346252413155072,1996,256
4705,0.42282428517423026,0.16195657109691475,1967,256
4706,2.523498234060174,0.8650228884095541,1958,256
4707,0.9746952577008949,0.8313590497116666,2090,256
4708,2.0479512904598223,0.6267422559657887,2067,256
4709,0.00870727896312679,0.1753154621833538,2118,256
4710,0.24570170254979046,0.7077129552090053,2137,256
4711,1.5198244126568747,0.5941470761661363,2022,256
4712,2.768188477758543,0.8499068723073997,2171,256
4713,0.35745153415596165,0.34039860347750883,2095,256
4714,2.251363384556014,0.7871581999434153,2121,256
4715,1.3288367820886124,0.3184172069004697,2070,256
4716,0.3519404375800188,0.4592616826882331,2034,256
4717,0.25755626396160075,0.9787527819408299,2078,256
4718,0.3236107756771155,0.9886008938010147,1929,256
4719,0.03080066288430648,0.10441734796769941,2123,256
4720,6.929431253361178,0.37861934611711134,2101,256
4721,1.2243558826789034,0.17581518037243926,2121,256
4722,2.3965705737639817,0.36961504381538346,2138,256
4723,3.238567755527379,0.4596011569320856,2067,256
4724,1.9058080647418933,0.37505562574242446,1960,256
4725,0.7617472932868141,0.6032762751309791,2093,256
4726,0.5333312616368259,0.4621133973178453,1920,256
4727,1.4747998160732345,0.06798076507466111,1982,256
4728,1.1518542534252827,0.7201248596120392,1950,256
4729,0.39777349811278245,0.9318316609109832,1924,256
4730,1.682182553063293,0.802925600647807,2095,256
4731,0.8682026493815103,0.11023140530573627,2159,256
4732,0.44106399110434474,0.17426634632739635,1937,256
4733,1.2481103987535196,0.28165924086607763,2114,256
4734,0.17481285924150866,0.32837458009605647,2162,256
4735,0.7783642248353602,0.7651644654728778,2169,256
4736,0.07315045936742923,0.10874182044833236,2143,256
4737,0.9405776580801689,0.19565617113703604,2069,256
4738,1.355244553933028,0.05369732058454724,2005,256
4739,2.5025773144872137,0.8350723649572912,2002,256
4740,0.4945212916189769,0.7412916747500894,1948,256
4741,1.14776862894533,0.9095546934130018,1960,256
4742,0.5362224842745048,0.92501244511478,1967,256
4743,1.6774285696939966,0.32905135789251716,2034,256
4744,0.4131434120446303,0.7130458286058781,1963,256
4745,0.792528715851696,0.1876901130845149,1980,256
4746,0.04076951122460755,0.465158643472406,2018,256
4747,0.09783298074329433,0.7871100062143818,2057,256
4748,0.08880397374766794,0.6373676526185522,2098,256
4749,0.273682522895498,0.18981302052497995,2080,256
4750,4.015176586568295,0.4159325790700499,1937,256
4751,0.6395395519134098,0.3878051611909805,2059,256
4752,1.1605552399427934,0.04243450145707117,2012,256
4753,2.941866921592055,0.1385045747081579,2011,256
4754,0.09802459503693328,0.4391326837188947,2159,256
4755,0.24374084540496005,0.4603837852778426,1971,256
4756,0.2949672414928585,0.9740790814412981,2033,256
4757,0.044438959307384736,0.8265038899492193,1952,256
4758,0.004637198268436721,0.5868791574263721,2001,256
4759,0.034422760784633834,0.9067315305405204,2072,256
4760,0.5927675995862278,0.7822148365735797,2019,256
4761,0.2121774332310051,0.6063580314966093,2075,256
4762,0.9123321887432999,0.4957240858985549,2017,256
4763,0.6580997626574709,0.8696833448233446,1967,256
4764,0.39711774508576025,0.05107737221774589,2005,256
4765,1.170608213911141,0.7611163274459003,2114,256
4766,0.6753996161253472,0.11687241308027563,1967,256
4767,3.3657338423852114,0.01772879315031317,2030,256
4768,4.97297744021226,0.38836387187244814,2146,256
4769,1.9072395825989472,0.3592693570387623,2150,256
4770,0.9257855201342775,0.7612685272900519,2155,256
4771,1.3337878848777271,0.7808873108475725,2100,256
4772,1.2495711206126876,0.7331621370610619,1960,256
4773,0.530656386518591,0.18159881831611557,1978,256
4774,2.3590857415115627,0.35820477262283856,2142,256
4775,0.6646770428035165,0.8241556480892906,2138,256
4776,0.843896038451843,0.6164757105133064,1999,256
4777,1.8629025897320417,0.0482660634939408,2118,256
4778,0.4283215170292971,0.5899397008224523,2000,256
4779,2.437870140117892,0.1134195802658613,2107,256
4780,0.24669219971000345,0.6913119067616158,2077,256
4781,0.07213671161402685,0.9426692452686095,1964,256
4782,0.9073437008764116,0.4608987265549864,2129,256
4783,0.5711211221325695,0.7449735326458203,1936,256
4784,1.3315853289808246,0.46159044813591577,2135,256
4785,0.5696092226488271,0.28453258322328934,1954,256
4786,0.49043286457990365,0.47393727160863464,2108,256
4787,0.04615962860470077,0.4894998468655637,2038,256
4788,1.096442070114875,0.41986651495727245,2111,256
4789,0.9040243090818502,0.7315965415415997,2122,256
4790,0.21577344614489524,0.4805078675853892,2025,256
4791,0.020063644650007397,0.5249537193734907,2061,256
4792,1.1372390769086003,0.8151598064225327,1958,256
4793,0.8738854173671458,0.617665001285724,2063,256
4794,1.1081683105819378,0.31443543076349967,2151,256
4795,1.6671977688660427,0.5550048781890078,1968,256
4796,0.8174519530392854,0.38238262055333183,1973,256
4797,1.6573397230441442,0.3861078635962326,1970,256
4798,2.888976576662742,0.15621589912360656,2154,256
4799,0.2598010745564094,0.37849385367578336,2086,256
4800,0.9435652290627058,0.3794200643685671,1956,256
4801,1.8995589309414735,0.3933349464520772,1961,256
4802,0.1837890631414572,0.3090467336249617,2030,256
4803,0.12568797954400418,0.5138635092564201,1990,256
4804,2.355523113850764,0.4297002307902479,1948,256
4805,1.424646645880909,0.40968825001028164,2025,256
4806,2.919992968978458,0.19689444855362603,2107,256
4807,0.2997573359372922,0.09888532158058494,1982,256
4808,0.3685360677840041,0.10301511373521721,2082,256
4809,0.030272418514950144,0.6293489430754574,2109,256
4810,0.6207400571793678,0.827147118437805,2025,256
4811,0.26126136105168274,0.8540763555491333,1981,256
4812,0.25759166330854105,0.14231400688416262,2045,256
4813,1.4107360732582412,0.20919047689682368,2010,256
4814,0.5313199299371686,0.41067409264160304,1955,256
4815,1.4078462983614481,0.28568449568659715,2114,256
4816,0.39747019710183085,0.0029674229688284592,2025,256
4817,0.6726514352015244,0.5663874038221833,1990,256
4818,1.3452969135801383,0.6208386476277827,1996,256
4819,1.1504650957992935,0.512170623965757,2061,256
4820,0.9511089239927224,0.12372891116035711,1943,256
4821,0.40820131526326725,0.14539858139096884,2054,256
4822,0.09755822269435753,0.1709960650082003,2096,256
4823,0.26340726126648223,0.5050032698030197,1984,256
4824,0.17487770210557402,0.2488766036480048,1952,256
4825,0.5026308385328985,0.019744221958844732,2170,256
4826,0.18020704834615503,0.2160284065034428,1921,256
4827,0.1781552144847741,0.01154842063306194,2165,256
4828,1.27296746377529,0.504996160790903,1944,256
4829,0.3389883416692006,0.48371693520757175,2072,256
4830,0.17340138461817184,0.8138759244662545,2161,256
4831,0.46151970103058465,0.1746381733232556,2171,256
4832,1.0054140505324356,0.12809413204056797,2083,256
4833,0.30439801325121935,0.5305367320072796,1996,256
4834,0.36388052031526447,0.01065121780923195,2116,256
4835,1.60234804843225,0.3353125578952072,2063,256
4836,0.8599050909751996,0.17276669899769348,1956,256
4837,2.475042748131845,0.7806198902837302,1951,256
4838,0.1596654321917003,0.14601598772360302,1979,256
4839,0.10423010342390283,0.2923294582339625,2149,256
4840,1.8853363244258814,0.3280277070988007,1989,256
4841,0.7728225402125255,0.5461456161182966,2029,256
4842,0.17470977874756086,0.29565723571477776,2101,256
4843,0.567843426432059,0.003481059867377012,1949,256
4844,0.0865257394979283,0.5440136241270265,2169,256
4845,2.5049255599718308,0.8555570412892044,2115,256
4846,0.3769761446005051,0.7282078210740321,1976,256
4847,0.0026903094651962683,0.7209671823485937,2137,256
4848,2.1521538934043276,0.4428001655395426,1922,256
4849,1.6541929591271707,0.1249499496936225,1978,256
4850,0.08726621705749808,0.3988468943576132,2033,256
4851,0.0007691593732743062,0.8552265203241601,1963,256
4852,4.9250127088112094,0.8232456463987637,2141,256
4853,0.5690169061521432,0.36307660975053824,1922,256
4854,0.16654249874970836,0.3262749822130051,2014,256
4855,1.5080747109293853,0.810814250900504,1955,256
4856,0.34611193471086255,0.15409909399287347,2169,256
4857,0.44497439765785246,0.7465314900835027,2132,256
4858,1.4278034874429946,0.6600850509916236,2010,256
4859,3.0067326972580295,0.8238229784758829,2011,256
4860,0.8903313469699519,0.29695660163168636,2042,256
4861,0.058287552765584776,0.14347684859700505,2070,256
4862,3.62154106190937,0.4036606262120199,1958,256
4863,1.6899129471333505,0.20148346403432682,2024,256
4864,0.9911924877950126,0.06105143536951374,1994,256
4865,0.019996059388342455,0.7268611215388496,2086,256
4866,0.07414315165192578,0.7453659378971103,2150,256
4867,2.4313969689484547,0.722360914348195,1928,256
4868,0.5563695687573668,0.050068133498679446,2166,256
4869,0.028761487986708526,0.9923517073847873,2141,256
4870,0.1862040169781535,0.35931533238718993,2095,256
4871,0.8269995423821571,0.5717064878501885,1997,256
4872,0.4749293775189609,0.035473190661918785,2047,256
4873,1.9296270602715684,0.5532033108773158,2030,256
4874,0.6890582395761851,0.7383094229019617,2025,256
4875,0.11587235731726697,0.41580349915957826,2111,256
4876,0.18820594538147398,0.6917907271347041,2082,256
4877,0.3647468160727992,0.6784730039901276,1976,256
4878,0.16998006080120798,0.9711402950492392,1950,256
4879,0.6732499060322448,0.1978847364670654,2094,256
4880,2.2583759573729116,0.19020695799975307,1936,256
4881,1.2533503424199783,0.940191187047137,2134,256
4882,2.5550452108204005,0.5690418144977915,2150,256
4883,1.7068214075425936,0.4267114571002075,2006,256
4884,0.9781510083308533,0.9637799586193875,2138,256
4885,0.4182517848699633,0.02557233471360143,2034,256
4886,0.2588605627069283,0.5531356756020455,1931,256
4887,1.2527707321250616,0.5607265011203679,2096,256
4888,0.7139735184881038,0.25425469603312356,2084,256
4889,1.3797195121211019,0.3976819287818387,1996,256
4890,1.617657215456593,0.22810288284272962,2111,256
4891,0.4050130579077655,0.4937831696429881,2101,256
4892,0.3968638855550577,0.8278122315758004,2126,256
4893,2.016323601518636,0.4094173032641405,1955,256
4894,0.28252714718420047,0.4936129107795296,2009,256
4895,2.9103702323503358,0.2672055648466217,2055,256
4896,0.9701138099371517,0.16349889368717385,1980,256
4897,0.8632837157361416,0.4020266416224977,2125,256
4898,1.5526102713845458,0.8667295114288999,1945,256
4899,0.17050321539558286,0.10451225223724492,2125,256
4900,0.2557930325646447,0.7546063763857338,1967,256
4901,0.1940615468201307,0.5399336359968847,2035,256
4902,0.8462018372410846,0.2046940523108597,2153,256
4903,0.7436802587782242,0.022381021192387496,2011,256
4904,0.21864532919864432,0.01642572839993306,2171,256
4905,0.2612601153777915,0.2682283781392979,2151,256
4906,0.7675278843198488,0.4156466168712236,2120,256
4907,0.26065823263772053,0.24982728270750354,2084,256
4908,2.869088458568264,0.8601358450246714,1991,256
4909,0.21469532308434983,0.8645511945973092,2001,256
4910,0.02526406114087258,0.613836294655843,2084,256
4911,4.222900233918894,0.8681394315790195,2148,256
4912,0.2816464721718471,0.459263630975816,1961,256
4913,0.1660686018770173,0.6231524346498362,2022,256
4914,2.120835355334076,0.3702595894909517,2081,256
4915,2.4404538537952485,0.8141615809879553,1934,256
4916,2.300125597674563,0.48953786320616266,2080,256
4917,0.5308323903991784,0.6919828479642015,2049,256
4918,1.1581878981765241,0.8500387904986388,2041,256
4919,0.15125877706384078,0.46047920701252576,1992,256
4920,0.2825213729875069,0.02332407992007257,2052,256
4921,0.3221020708738745,0.6703664585669856,1996,256
4922,1.3058009004586248,0.01583370805257489,2002,256
4923,0.06923594341085974,0.038686896774572266,1928,256
4924,2.5280296753803384,0.4709066456300455,2010,256
4925,0.613033784139136,0.08385688617733111,1992,256
4926,1.127950720632532,0.004198033601322426,2028,256
4927,0.8490878173951039,0.5997128857675742,2146,256
4928,2.1650972112985944,0.4554144060084495,2115,256
4929,0.1679735866647501,0.977232174339077,2161,256
4930,0.7365189102845034,0.8615264110821396,1924,256
4931,0.2629019183777462,0.3635534195818858,2094,256
4932,1.7896352813622463,0.9962915253700924,2135,256
4933,0.42785817365070755,0.029330704962229226,2157,256
4934,0.3872053277378554,0.22647315523332545,1938,256
4935,0.9569110508590564,0.7934762146396218,2019,256
4936,0.18712856210380585,0.9114803751381053,1955,256
4937,1.0451554513459635,0.02794186154156708,1925,256
4938,1.965936262041385,0.7941208212097625,2056,256
4939,0.7715056384335662,0.05344929575631718,1928,256
4940,0.5942999683844076,0.12779927029269222,1938,256
4941,0.7611935675898645,0.9923310757446574,1952,256
4942,1.2205942684875184,0.12214042856773888,1935,256
4943,0.8643047181288517,0.39677274517391814,1979,256
4944,0.6991184143915294,0.3839883854665803,2122,256
4945,4.333085884200925,0.46175117430346857,2125,256
4946,0.1329380129918061,0.7039586412844009,1999,256
4947,1.8161784653896578,0.36697381679071805,1927,256
4948,0.29205162604458407,0.424342462738866,2156,256
4949,0.6052924729172879,0.46444372375299314,1953,256
4950,1.1800382715853177,0.771601101311996,2032,256
4951,0.41323375892705,0.6038530264163697,2102,256
4952,0.5375766769748441,0.9351069105237545,2087,256
4953,0.4858894532277377,0.4424221006666905,1962,256
4954,0.5304811186019375,0.3359275134684435,2043,256
4955,0.5753913395000694,0.6972058566438041,2145,256
4956,1.7460677708245742,0.2688843314903713,2120,256
4957,1.2759995563829003,0.1691312381528728,1950,256
4958,2.7520634384244724,0.48081085223008946,2021,256
4959,0.27304143480284415,0.6604542614459697,2028,256
4960,0.46393857435315966,0.23906577625949332,2081,256
4961,0.12800513498393265,0.5576347827304378,1929,256
4962,0.752892898011495,0.23976338382510753,2141,256
4963,4.517234844141809,0.8616869089544041,1931,256
4964,0.2946269920093338,0.05402339725380756,2005,256
4965,0.5675913652020106,0.8003799552219417,2080,256
4966,1.0526244669819205,0.22088431425701394,2023,256
4967,1.3167417804497772,0.5533657777567151,2145,256
4968,5.47114040464951,0.6558689007266261,2123,256
4969,1.5753927764260054,0.38293191081532585,2174,256
4970,0.4372245382776828,0.6008707381865255,2070,256
4971,0.3827685433950177,0.0774425091257176,2121,256
4972,0.4321219995176233,0.2676267706706177,2100,256
4973,0.10981534489325044,0.5714389680747437,2169,256
4974,0.306363030349336,0.15782265354567582,2012,256
4975,1.50481859488736,0.6018186570304366,1952,256
4976,0.23596832464569456,0.8255012187587765,2134,256
4977,2.217006298438198,0.24636747797414016,2169,256
4978,0.5074342975479094,0.8376122833265658,1974,256
4979,0.0535940720075418,0.36757539635654546,2114,256
4980,0.43016315756103096,0.906013049293289,2037,256
4981,0.07163617437381357,0.6311477187889637,2021,256
4982,2.64049200008641,0.3955657286993931,2167,256
4983,0.34273931152614345,0.2740651202066512,1929,256
4984,0.9065923527092745,0.01703997985829131,1996,256
4985,0.2744821164552403,0.9167774842464269,1934,256
4986,1.9702095963766775,0.1724913154534271,2156,256
4987,1.8461113073435236,0.31991926429275674,2125,256
4988,1.9279534167944643,0.29047380215122176,2121,256
4989,0.2094847994728183,0.6604597681227201,2173,256
4990,0.9669173874463953,0.2373687806723439,2101,256
4991,2.315471997891063,0.4337155125664285,2097,256
4992,0.05630295838318265,0.33718243042068696,2069,256
4993,1.4429654050670937,0.7536430034658631,2175,256
4994,0.904503679204959,0.36445769128916616,2026,256
4995,2.252245832690893,0.25006089399182885,2119,256
4996,0.7920408043078668,0.18711109546717186,1992,256
4997,2.2526390161967726,0.9017774619867834,2113,256
4998,2.4732390266589226,0.7861416407128929,1960,256
4999,0.01299142401238817,0.16635605127804687,1965,256
5000,0.5710173413684609,0.3135617388004951,2157,256
5001,0.17051736112873284,0.7745284285978999,2037,256
5002,4.364713564641503,0.9224929755959325,1941,256
5003,0.4290286957042721,0.9781221551319368,2117,256
5004,1.981386080028574,0.2144877773998668,2041,256
5005,0.046289471098802625,0.0008950989564374678,2062,256
5006,6.760422336173844,0.10346978459672052,2070,256
5007,0.02920371031581246,0.6953866505239251,2035,256
5008,1.6088826150007705,0.852214608964719,2063,256
5009,0.0785177660809593,0.7180273890029946,2140,256
5010,1.447279825789529,0.1766403614304174,2064,256
5011,0.11415891432560851,0.06918677537585294,2075,256
5012,0.37574014434997577,0.5062228016167672,1923,256
5013,1.5804973812055776,0.24745274627965863,2065,256
5014,0.6722629604085852,0.7377537239781632,1931,256
5015,0.8391821090859101,0.7420055404570938,1933,256
5016,0.26294668875062677,0.39108826833654964,2042,256
5017,1.6556877648659603,0.18653123671400373,1926,256
5018,0.6000045706855278,0.8492698880215868,1955,256
5019,2.758185581196711,0.7275275528247327,2004,256
5020,2.35798199732898,0.6918047358191742,1960,256
5021,0.7929094512520017,0.580995086667639,2086,256
5022,0.08375964725429443,0.6820208986681108,2055,256
5023,0.13807099633731545,0.004657832683344965,2002,256
5024,0.31080598763963513,0.5270464459247433,2066,256
5025,0.25956904458068886,0.29292384371333213,1998,256
5026,0.013689410447093922,0.012761852608497493,2067,256
5027,2.2611169578056467,0.8290952335895059,2050,256
5028,1.4061402875611857,0.5381273905908774,2018,256
5029,0.12605545565449774,0.2980492228617708,1943,256
5030,0.5800023315475424,0.10474115595258715,2105,256
5031,0.01423163839702342,0.6816122956460694,2096,256
5032,3.9566129366625664,0.5580446974783071,2158,256
5033,0.7964809328022725,0.7606899237086243,2001,256
5034,0.5771659326040042,0.5894797732093188,2118,256
5035,2.6000030091347606,0.788670050619101,2069,256
5036,0.2434598493872154,0.17368043202739503,2081,256
5037,1.8252625434802188,0.44142755051673355,1989,256
5038,0.5145673504502821,0.8683608304026837,1975,256
5039,0.32881757399717426,0.9001847052271971,2091,256
5040,0.29077273839988,0.4326602490869338,2038,256
5041,0.44374903682242733,0.4316058213865698,2049,256
5042,1.1758321330002488,0.7874577756712234,2039,256
5043,0.07166957801768885,0.9756409861061938,2112,256
5044,1.0684909977874815,0.9493048861356389,1959,256
5045,1.6404937037419105,0.046646514939470696,2001,256
5046,1.2595186070820512,0.5471327493869533,2033,256
5047,0.7859170175841045,0.7286165499314537,2161,256
5048,0.648173536621097,0.23542750198912765,1958,256
5049,0.9033860837734992,0.5383209521798792,1946,256
5050,1.2657531762621006,0.28318667191724445,2069,256
5051,0.06821129005033208,0.9997029193425321,2107,256
5052,0.033583302452446805,0.28563250317429667,2032,256
5053,0.4016416016581916,0.7863514268595613,2100,256
5054,0.33050129487434426,0.4712143151717647,1997,256
5055,1.1003680288303528,0.33337284876859863,1946,256
5056,0.38676180983474157,0.2265024254843373,2084,256
5057,0.2969467987099184,0.15245143919648807,1934,256
5058,0.4569112411262719,0.39310934760893124,2030,256
5059,0.11261809014528014,0.24400163080156978,2061,256
5060,0.19740871693481604,0.3182481460262472,2029,256
5061,1.4735667212271841,0.44743469357829324,2088,256
5062,0.34743420556072874,0.7782180312296265,2047,256
5063,3.17430692656641,0.3864482392033879,1928,256
5064,2.5437858907260105,0.06870845704463768,2047,256
5065,0.5192566626635327,0.46333305671362623,1940,256
5066,1.1639955644544502,0.9395165137856186,2006,256
5067,1.384936554922526,0.227529872365412,1987,256
5068,3.0812317104417226,0.08436053993474024,2131,256
5069,0.31857029951570676,0.07384910587811111,2137,256
5070,0.020377736510274785,0.10338680947998935,2054,256
5071,1.4745347191665203,0.47903011336060153,2003,256
5072,0.16719858570212212,0.6150125504890412,2004,256
5073,0.3712524376808451,0.27646211844181945,2151,256
5074,0.3488987262951175,0.23098993715744132,1938,256
5075,1.0180958135033626,0.1709387657737922,2006,256
5076,1.5541685620307029,0.4294689054782439,2045,256
5077,0.5743615663425834,0.6295036335813686,1937,256
5078,0.2659378074012862,0.9802586013437151,1966,256
5079,1.1622032546759582,0.5134680968936975,1995,256
5080,0.9492711245855815,0.7699763319614569,2056,256
5081,0.6566267581457289,0.18808940061570723,2034,256
5082,0.34607723048743705,0.6512448763985691,2150,256
5083,2.247212253997874,0.9000407928426658,1961,256
5084,0.07591456835847796,0.987948095448544,1966,256
5085,1.0005395686833474,0.1496655081093491,1926,256
5086,1.0241854912996529,0.11322062123818555,1942,256
5087,0.2977330690659347,0.16788948335731446,2063,256
5088,1.8432475619373585,0.1522224665394477,1998,256
5089,0.6334152805781008,0.8391695763585258,2105,256
5090,0.08119297317293042,0.8506610098535362,2035,256
5091,1.8857442327104288,0.1862725263843369,1950,256
5092,1.080086057096901,0.9388603587372897,2084,256
5093,7.130048594984359,0.9883392261973757,1978,256
5094,0.07563761764506471,0.14128240923325042,2085,256
5095,0.7259627607365075,0.9349383350161171,2111,256
5096,3.5777727243109334,0.348515782792983,2135,256
5097,0.12352884351105596,0.9663349437907626,1980,256
5098,0.012145478861970625,0.033222713885654565,1986,256
5099,0.2371378267438438,0.08194547225297488,2094,256
5100,1.5426892931145932,0.10592684093182425,2144,256
5101,2.140172970479983,0.300991885658776,2068,256
5102,0.280052532419653,0.994654820557399,2009,256
5103,2.252221206493706,0.11256406618332637,2168,256
5104,1.3499482784800327,0.9934197933520866,2148,256
5105,1.6197413880798945,0.18209675862659425,2073,256
5106,1.4112649871915754,0.6076063807651179,2143,256
5107,1.2560414830992699,0.07009768634284319,2119,256
5108,0.015243850035379815,0.20066823614136375,2174,256
5109,0.5272837356931498,0.2705596837468267,1965,256
5110,0.21138076351718055,0.07314635497879585,2060,256
5111,0.39577243081351404,0.8871453414738609,2094,256
5112,6.680987869392244,0.872902297921918,2117,256
5113,1.3222279894455398,0.6998983020003289,1997,256
5114,0.09177495865752179,0.358998974031032,2128,256
5115,2.448890563552175,0.40966404447099714,2120,256
5116,0.42789458756120113,0.7942532474563462,1949,256
5117,0.9960713771750475,0.7721491158431434,1921,256
5118,0.8069332787115874,0.42828599221833485,2169,256
5119,0.2127181997090312,0.4345457405334473,2085,256
5120,0.9840658820781555,0.8449674754784053,2106,256
5121,1.7698300826436024,0.712935376479627,2018,256
5122,1.1204075768588218,0.06952113948173633,2091,256
5123,2.5724819874745948,0.43204547445280816,1994,256
5124,2.2824947236216095,0.05465093000043297,2124,256
5125,1.108489319910308,0.7808446517876869,1995,256
5126,0.41952408930461754,0.9368870193819295,1973,256
5127,0.10677699794867195,0.6134207886881438,2105,256
5128,0.1096879472197483,0.7781172344220267,2049,256
5129,0.3172181701808284,0.2702505249759032,2160,256
5130,0.7036576482192984,0.26108760028902345,1992,256
5131,0.45017123218083,0.2739536531356843,2154,256
5132,2.1818339631173154,0.6613486031291697,1925,256
5133,0.8736203779177668,0.33042966786212513,1922,256
5134,1.2112947630118307,0.48911806841250627,1980,256
5135,0.2352774669950414,0.7159526389030665,1998,256
5136,0.14354923811318263,0.22205642502583645,2075,256
5137,2.6121770528774717,0.5671605895030559,2141,256
5138,0.7592875730451543,0.40859615713888886,2064,256
5139,0.37578291344296616,0.16406050840463982,2009,256
5140,0.5677534976762962,0.17499954051193622,2028,256
5141,0.18056250716779512,0.9910192368241967,1934,256
5142,0.14145978732944192,0.03212683980966513,1938,256
5143,0.024579063877309165,0.4170579134244847,2053,256
5144,0.5744686984529717,0.09635133570705412,2053,256
5145,0.002782322924095755,0.553098222069867,2087,256
5146,0.30969961982172817,0.1835753361884357,2063,256
5147,1.7049210990768544,0.46495184868286876,2064,256
5148,0.14190160333579488,0.86496811080554,1981,256
5149,0.16445952985228895,0.9509302860570444,1997,256
5150,2.7732012920365476,0.5652360335600372,2104,256
5151,2.1107831289431043,0.24195535894931897,2061,256
5152,0.31650406087123895,0.6559410088019354,2160,256
5153,0.38838858379139474,0.7811883986252589,1987,256
5154,0.959816290113759,0.798508739373786,1931,256
5155,1.181342796690348,0.851873264325295,2024,256
5156,0.8197178245450037,0.3968314350869806,1944,256
5157,0.8581939477764753,0.30313596784592267,2175,256
5158,0.038521016134082584,0.15463561995300867,2067,256
5159,0.050634115337228995,0.8978877344125313,1981,256
5160,0.6562593680651643,0.7565989967343727,1949,256
5161,1.9069079097939243,0.8145994776375446,2054,256
5162,2.135654891339199,0.799852463630413,2144,256
5163,0.5649293582482843,0.7011846845869135,2025,256
5164,1.8272469040210126,0.3069612020614071,1982,256
5165,0.13633460020717872,0.0729215884470249,2029,256
5166,2.8453854379270602,0.2508248659721498,1969,256
5167,0.07602695791540584,0.28259342780925356,1937,256
5168,5.872314419704185,0.36973674443076254,2166,256
5169,0.06064331702239297,0.351063146803533,2049,256
5170,0.4845100176002443,0.7970026721724265,2062,256
5171,0.33734905051947817,0.054016583895703296,2158,256
5172,0.43219717321209783,0.3738916690071271,2072,256
5173,0.2089432848554205,0.8929901393243815,2169,256
5174,1.2595512385162846,0.3712058271968549,2167,256
5175,0.5946115422156532,0.6971610144709268,2109,256
5176,2.1311698602956115,0.4903163613088347,1979,256
5177,0.07245919421906367,0.43263160436941617,1957,256
5178,0.78810357147618,0.9322289023321997,1984,256
5179,0.1104765729444008,0.47460699571699616,2092,256
5180,0.09518331900069149,0.29562575587936823,2001,256
5181,0.89424199901094,0.6200007020887962,1957,256
5182,2.0234201915242984,0.44524438119870857,1938,256
5183,1.0278438696221301,0.04592075811208696,2174,256
5184,5.485910189978185,0.05574346712730216,1996,256
5185,0.017509027106601467,0.22053911614229582,2075,256
5186,1.8603083739063238,0.9948188921134443,1934,256
5187,0.15492590439849369,0.2590274088888108,2116,256
5188,0.2397633942016264,0.19535701241779257,2047,256
5189,0.6429911478350917,0.49255438762792747,1990,256
5190,0.38477499691738176,0.7753979195818147,1949,256
5191,0.05985446086889179,0.046367766146366396,1938,256
5192,0.22327772806320245,0.27684443306237194,2071,256
5193,0.04534644498086259,0.07594878381741621,2128,256
5194,1.5533405530575024,0.9337979306027938,1964,256
5195,0.07776690489660894,0.6739406502186408,2026,256
5196,0.40491305142746187,0.6200100914813598,2057,256
5197,1.559083634002884,0.8172920453324283,2135,256
5198,0.259029697727756,0.42031267479006074,2029,256
5199,0.1682809824035856,0.7125659058508845,2081,256
5200,1.2759908640936561,0.13751415458589356,2000,256
5201,0.06848491934832496,0.7450169080769287,1971,256
5202,2.333897023083771,0.5808954411166951,2042,256
5203,0.5227901591492556,0.19718276370974186,1986,256
5204,1.6615378471658648,0.6218481159684078,2088,256
5205,0.08072809169963896,0.3602256373263474,2111,256
5206,0.28614294761765413,0.29075710872082783,2132,256
5207,1.204497469319795,0.32563167869043297,2120,256
5208,1.1369011848179174,0.9644630841507744,1938,256
5209,0.08486695165766564,0.7819646799054912,2159,256
5210,0.08029338993629613,0.8486689240080136,2027,256
5211,2.1256664939933763,0.9295173255988262,1923,256
5212,0.03138377847382316,0.831102581335541,2036,256
5213,2.622405980864471,0.5855091885345296,2015,256
5214,3.3150519161851335,0.7825456851805566,2128,256
5215,0.7826519182937646,0.6182978177338004,2044,256
5216,0.2564666438619457,0.9205019906917364,1944,256
5217,0.9183149694012473,0.6465077310421129,2161,256
5218,1.2921879763506314,0.6684852747290935,2061,256
5219,0.6416680688107901,0.7024649036783608,2105,256
5220,0.2150439914578981,0.8063774253040186,2002,256
5221,0.02261728473841224,0.17177318478882875,2169,256
5222,0.44124551551924274,0.14641218715324722,2068,256
5223,1.166619870949374,0.19071430343372442,1992,256
5224,0.39109904167104903,0.8244491457438596,2166,256
5225,0.6961013065818142,0.09981055240543746,2120,256
5226,0.9699701956547644,0.036373037036636635,2021,256
5227,4.4972432804420315,0.15619572024143302,2047,256
5228,1.7336359484357557,0.26986505959919616,2171,256
5229,0.7453029003663758,0.20062679903225744,2053,256
5230,1.6521386739646473,0.4347013928366146,2137,256
5231,1.14648715487371,0.21060876302845144,2090,256
5232,0.044010206313635676,0.6399194665115859,1930,256
5233,1.025984805780732,0.31697266836942684,2104,256
5234,0.5678025961390849,0.2699071671808032,1961,256
5235,2.8357812891944,0.995778369819017,1984,256
5236,1.0315493371182607,0.03805086311088213,1980,256
5237,0.49545176289708553,0.3605076962782987,2095,256
5238,0.07916554889475667,0.05945574122420316,2113,256
5239,0.7110012832175017,0.12228778957989961,1972,256
5240,0.12255836833189813,0.019219230297573775,2010,256
5241,2.4668089377417655,0.5111152115163116,2103,256
5242,0.035083525114290276,0.6577830664266673,1920,256
5243,1.4519822230235235,0.807287804569704,2150,256
5244,1.3504087514617376,0.6196369219108243,2081,256
5245,0.21200951104932259,0.49003111165801894,1962,256
5246,0.35572905315208,0.2547830299264908,2021,256
5247,3.441696632288157,0.009734651894370283,2035,256
5248,0.6062906318848074,0.046452272471509626,1923,256
5249,0.8235986738248299,0.6973056760671056,2159,256
5250,0.7697130570260086,0.012377161337566167,2080,256
5251,0.6015247313352168,0.7523453411930463,1942,256
5252,0.4835538190366558,0.7535923907728614,2075,256
5253,0.3276970573122556,0.5816088763073384,1943,256
5254,2.3448114933388373,0.4609004141703593,2028,256
5255,0.7742442406789657,0.3203518293981409,2072,256
5256,0.6345565463574001,0.42660951420515625,1964,256
5257,0.1941456321618053,0.691385948146325,2120,256
5258,1.2572563805145607,0.9798180503930323,2169,256
5259,1.4533292487710516,0.31751363645324493,2151,256
5260,0.5083074229738339,0.7172048504731018,1969,256
5261,1.6443140614130283,0.37856354573480144,2057,256
5262,0.2297686441670259,0.959930553934208,1988,256
5263,0.11705313089971023,0.45345844023957094,2161,256
5264,0.6617576802046855,0.5203869305725288,2143,256
5265,1.1196768536452673,0.5392213762880559,2142,256
5266,1.3687769017321327,0.6559570934507982,1955,256
5267,1.7428958349333843,0.060750257599550106,1967,256
5268,0.35792884297418553,0.23444245592097324,2133,256
5269,0.3648921039119129,0.4699936781991926,2016,256
5270,0.10484864109257545,0.12599740962114658,1987,256
5271,0.045369285679013154,0.06327071904765191,2029,256
5272,0.6564981400668063,0.9386604608131532,2076,256
5273,4.402507137628471,0.030380458645390962,2128,256
5274,2.36004271442058,0.9016362106795779,1939,256
5275,0.2224308527973496,0.17683638586481765,2000,256
5276,0.315315783730352,0.8321642530145479,2054,256
5277,1.4436688521579795,0.11114976299935408,1977,256
5278,1.547241378504101,0.6055459787637018,2115,256
5279,1.3686847611587627,0.8848938461520127,2175,256
5280,0.028387013438726613,0.40108165039481125,2121,256
5281,0.32604778267583373,0.7585295311985334,2136,256
5282,1.0309810853055208,0.16835625851092018,2076,256
5283,0.8324208858251876,0.2435192301737148,2038,256
5284,1.1640568657356307,0.5369451964298084,1974,256
5285,0.5083853876872552,0.22350426417866454,2018,256
5286,1.0887827467486726,0.4157887790048749,2033,256
5287,0.517383944478315,0.9614506256136164,2032,256
5288,0.9010214309322947,0.27141064197019404,1985,256
5289,1.6494472746549753,0.9822666981723097,2028,256
5290,0.07931218875557511,0.04400590570586849,2081,256
5291,0.4475966618216991,0.7008799726338115,2096,256
5292,0.9626605106850392,0.748614399817446,2106,256
5293,0.4301760140452549,0.20690857421952102,1984,256
5294,1.426567439598345,0.5305145181002597,2102,256
5295,1.0735624525716467,0.15284478399240464,2061,256
5296,1.835270350443772,0.5083596781280834,2022,256
5297,1.1398958611710066,0.24408938307166927,2155,256
5298,1.7005323564080768,0.1563045896819708,1968,256
5299,0.9410334557546701,0.8331637403012814,2013,256
5300,0.14693060230678928,0.40443705808730335,2081,256
5301,1.2556392151770628,0.9988892289967224,1925,256
5302,1.3431992474210506,0.2275623515751467,2174,256
5303,0.2506200246298622,0.21408187927871736,2124,256
5304,0.5928795178049187,0.5418114792584903,2002,256
5305,2.952101655016505,0.1279254039258182,2116,256
5306,1.1104043103757593,0.7806788466493653,2081,256
5307,1.0265950176501912,0.6633040502243394,2170,256
5308,0.8052053949607992,0.3622465155863235,2095,256
5309,0.4540256127540437,0.5604790820176998,2058,256
5310,0.23459806706021835,0.2303213210072036,1934,256
5311,0.5935532074498943,0.015818500453703144,2019,256
5312,0.11392284646891791,0.020839281817916278,1963,256
5313,0.6911665478791859,0.42226763859739835,1963,256
5314,0.06375690679518504,0.6203715880090667,2139,256
5315,0.641853588166906,0.8466504691008353,2018,256
5316,1.0140649974127347,0.8968811795455999,1944,256
5317,0.1162055040791894,0.02029965420918234,1987,256
5318,0.1799655598787418,0.2228348692728006,2047,256
5319,0.1558488032588076,0.8970264635014153,1929,256
5320,0.35256629864955424,0.3828681440372169,2025,256
5321,0.5909332056749518,0.8088088888962068,2157,256
5322,0.13117250032424302,0.9485709538790835,2094,256
5323,0.7678150223245985,0.5942518117071728,2119,256
5324,1.2935953648079803,0.3760075736599552,1997,256
5325,1.8134377457211854,0.2952962298692109,1928,256
5326,1.573889760488754,0.6611424515875872,2174,256
5327,1.8659035318290802,0.014271837395577358,2093,256
5328,1.7326548017269559,0.7460695020538439,1944,256
5329,2.374237776421105,0.23736523107523455,2137,256
5330,1.8785498420116267,0.570956041534217,2104,256
5331,1.742800899757528,0.5026572921152462,2158,256
5332,2.0903090070973187,0.6578060627253501,1971,256
5333,0.7254873291284147,0.3942816924051077,2046,256
5334,1.1331385943853127,0.8864749916137226,1958,256
5335,0.1391530744956867,0.5534836343532232,2120,256
5336,0.48555581910880935,0.24240960522517696,1996,256
5337,0.39531669836582145,0.5527258120032809,2121,256
5338,0.42543104590370384,0.4055909592602578,2052,256
5339,0.36767412220546597,0.6068045642914761,1961,256
5340,0.4885400171310156,0.4574183444811982,2080,256
5341,2.2532832358067867,0.5015966613008525,2052,256
5342,4.6165520856875295,0.6285962596741391,2008,256
5343,0.4216802926903488,0.36805363351606735,2136,256
5344,0.3409558497858001,0.09801818069168278,1986,256
5345,0.7654368526047077,0.9984776571092512,1920,256
5346,0.7935970108679883,0.5635864728450478,1985,256
5347,0.42725927029504057,0.475415143614643,1937,256
5348,1.3946546369952861,0.8206281406753075,2162,256
5349,0.1117075857696014,0.6664517196086177,1984,256
5350,0.22441948817416582,0.11947225831599106,2087,256
5351,2.2410341884332103,0.3403579694768679,2067,256
5352,2.566394013447368,0.8956113719410846,2054,256
5353,0.5941605846943253,0.031064488745625507,2148,256
5354,0.44321934731320967,0.40042273176022025,2090,256
5355,0.10861490499584821,0.8774743720096804,2114,256
5356,2.7258397907939225,0.5257985641991375,2066,256
5357,0.32566415253958814,0.5099036979685585,2035,256
5358,0.6805137499127637,0.7464963373505152,1932,256
5359,0.1504513975066473,0.9885736765329423,1972,256
5360,0.05313921941290121,0.5879219157313135,1967,256
5361,3.137900873256428,0.18484040508221566,2166,256
5362,1.9545691115825647,0.4590615641203438,2156,256
5363,3.170664759703254,0.44795038975480383,2148,256
5364,0.1577021728692934,0.011308935111429164,1948,256
5365,0.2530320373385067,0.9992383186288063,2090,256
5366,1.4822283176986764,0.428774621251763,1977,256
5367,0.09253854419206173,0.83821921352707,2044,256
5368,3.846377771542507,0.5514564163194162,2159,256
5369,4.3826936612991005,0.8186743935625503,2109,256
5370,0.46578383476228313,0.6323312271156102,2053,256
5371,0.7529129816667134,0.7581215710301957,2075,256
5372,0.5781388564664425,0.31917677427345914,1990,256
5373,0.011543657629864703,0.7468848632910111,1936,256
5374,2.437662861615655,0.4968021103233008,2131,256
5375,0.10698289771079468,0.12677542320017587,2103,256
5376,0.6652030543727792,0.9446975133890502,2090,256
5377,2.117155857364689,0.6266826975054218,1940,256
5378,0.9180444849731518,0.526431822148416,2147,256
5379,0.08145661303087952,0.4741504139944903,1963,256
5380,0.029651626302382002,0.28239775497556585,1959,256
5381,0.02340633001903142,0.10477717227094796,2083,256
5382,0.24992246157598436,0.24718463469101248,2105,256
5383,0.22200675864961095,0.7130147456883348,1945,256
5384,0.6949005387697442,0.4442517548387437,2129,256
5385,1.8091085354847607,0.7037117430553438,2025,256
5386,0.9219217461432834,0.2939854455822489,2060,256
5387,0.6958424726464745,0.07161965807562964,1967,256
5388,2.022511931994339,0.4013988362662194,2143,256
5389,1.05225704822634,0.9752206427896714,1944,256
5390,0.7971038724965264,0.3312298353207008,1961,256
5391,0.17921258652966338,0.9106681424499958,2173,256
5392,0.014003498751474247,0.43582603026723954,2015,256
5393,0.9462222652462452,0.0975173135785179,2005,256
5394,0.8810645733379342,0.5631166216515705,1984,256
5395,1.6671180736316042,0.07956753125063065,2126,256
5396,0.8434338479758481,0.18454272101391533,1929,256
5397,2.3022700660595983,0.7094355164147108,2174,256
5398,1.2425505267327128,0.9500087100577274,2086,256
5399,0.05471302726693986,0.07157108057082584,1968,256
5400,1.6189635182018571,0.8204416523331396,2061,256
5401,0.43109142716582943,0.1414183030983499,2156,256
5402,0.32188373430300193,0.5611659017818593,1986,256
5403,1.2266666047024992,0.5150268443697702,2005,256
5404,0.004639147155245772,0.26111434834040936,1989,256
5405,0.8258336042815947,0.03915505574278677,2111,256
5406,0.8537947853339365,0.43160474664072745,2038,256
5407,0.7551799644045135,0.17482036301226656,1987,256
5408,0.5001043267175458,0.880051214855201,1966,256
5409,0.678835642162459,0.7364265676417384,2169,256
5410,0.007318407757534784,0.5003144735005165,2134,256
5411,1.068048278204651,0.550566582406211,1990,256
5412,0.38280581465843394,0.14420445151630223,2125,256
5413,0.5115363921843662,0.1759753009320978,2102,256
5414,1.3416286794189802,0.84946310128212,2123,256
5415,0.060662350479089334,0.1430377151996982,2170,256
5416,0.04860363319989202,0.3904445355368309,2120,256
5417,2.5146246741783274,0.4475563116058503,2152,256
5418,0.28352533879344793,0.08551197973895353,1950,256
5419,0.218905827873497,0.18628670807204317,2076,256
5420,0.09350943543504643,0.1744158815099376,1923,256
5421,0.024528822548897034,0.4901557057370264,2156,256
5422,0.5066040306316081,0.8055664586713365,2172,256
5423,0.028285002742840164,0.5483156060140101,2125,256
5424,0.7168499195536311,0.5072080814559928,1962,256
5425,0.10670182136350467,0.6333124687172327,1925,256
5426,0.7219164906135107,0.07495860504343932,1943,256
5427,1.6860361863556885,0.3572043850460508,2058,256
5428,1.1458598465497079,0.5257904146911903,2051,256
5429,0.4916837318409864,0.8308820887345165,1944,256
5430,0.23437247371104264,0.4698617920731808,1922,256
5431,1.0716541830493926,0.8855214676216846,1941,256
5432,1.234850300317423,0.26765466296598595,2050,256
5433,1.9217505127577705,0.7250651737848638,2109,256
5434,0.19904950158127008,0.5311054916585229,2057,256
5435,0.8678375903354713,0.54441619306231,2136,256
5436,0.1049145075328249,0.1728164170698977,2020,256
5437,0.7003446545573303,0.6327822993255947,1980,256
5438,1.1461108646778297,0.1643448941623924,2143,256
5439,0.08116065066084721,0.3164955305144508,1991,256
5440,0.7097628688023397,0.47448128707681936,2124,256
5441,0.03220303216145976,0.8939004935435882,2033,256
5442,3.129618799098777,0.21777144473352217,1951,256
5443,3.581382698545387,0.24846783139036355,2072,256
5444,1.7711288364831852,0.5608010707684652,1995,256
5445,1.5302038971772205,0.17539708073084037,2049,256
5446,2.5708293996651648,0.14903374972951966,2034,256
5447,0.09631735825120011,0.07473744264133542,2037,256
5448,0.9141918850150282,0.5262759919917355,2100,256
5449,0.8203045397932573,0.30352692871557463,2035,256
5450,0.36900184955790777,0.0680651189558591,2023,256
5451,2.105285131506003,0.11638070751866336,2032,256
5452,0.3096016555360589,0.9821067127880477,1942,256
5453,3.7982642299468434,0.6165603094146135,1993,256
5454,0.12336512533093352,0.9254959100360486,2032,256
5455,0.22956609383384563,0.0024990306409540253,2060,256
5456,0.07117201133153847,0.13505654573192427,1989,256
5457,1.2241647048449842,0.7842565510536414,2046,256
5458,2.0831294468894925,0.606261958509678,2103,256
5459,0.673698461692572,0.2551439668253105,2021,256
5460,3.0862698246076494,0.07597308709977701,2171,256
5461,0.6634368590769061,0.5683498356068342,2001,256
5462,2.03314851182501,0.9690294034762651,1974,256
5463,0.8563790291851037,0.8171599684679467,2167,256
5464,0.8073736676935841,0.5992883686767244,1932,256
5465,0.3533891527773532,0.8434189732896775,2011,256
5466,0.267870157084006,0.9339810837623524,2092,256
5467,1.2452398666061657,0.8357833033951827,1981,256
5468,2.709557472140682,0.7603207593183839,2149,256
5469,3.58167994565194,0.14634972647241629,2134,256
5470,0.17868309198677296,0.03786323101763722,2125,256
5471,6.170959249435925,0.2152287304291851,2161,256
5472,1.9498643370048698,0.5728445501994781,2000,256
5473,0.005106145768235734,0.03263774435378064,1933,256
5474,1.306494608591511,0.0513234993048618,2065,256
5475,0.17744680454458062,0.027723002697225385,1949,256
5476,3.887505478355634,0.2736366531519564,1975,256
5477,0.5403009871887237,0.8782113834979319,2147,256
5478,0.20501224579682725,0.069104669053211,2074,256
5479,1.6192441689320725,0.45414386303571863,1974,256
5480,1.1503241740845567,0.5089083087684795,1959,256
5481,0.17407683874506397,0.5388370287870284,2034,256
5482,0.1895278028673319,0.8367171063795485,2054,256
5483,0.37559159421391325,0.7729257989484017,2128,256
5484,0.05929035197271996,0.5187023687758014,2129,256
5485,0.5049920235320446,0.037148545290681234,2158,256
5486,2.5256112364229852,0.9857026166744377,1952,256
5487,0.10755995526076877,0.30614426617484036,2128,256
5488,0.3973932972889862,0.010667862267585315,2174,256
5489,0.00977495761810799,0.16900981140514015,1953,256
5490,0.26895601629659477,0.41535276994452064,1963,256
5491,1.099893931336034,0.3426423443020432,2029,256
5492,2.5252939534818903,0.17058745653334306,2058,256
5493,0.12282800774218029,0.3137076576180231,1992,256
5494,0.7787854757923502,0.5747608210344161,1988,256
5495,1.703611132874413,0.2505221652943165,2064,256
5496,0.21059444968285426,0.8897499844151286,1985,256
5497,1.9017934333362618,0.4619896960041121,1966,256
5498,0.42802567630944693,0.3119268715071678,2123,256
5499,0.5742477475076255,0.31632340962993033,2024,256
5500,1.0427158986354033,0.052608288843798645,1997,256
5501,0.9540928604077666,0.12746232367637356,2131,256
5502,0.9605281740301524,0.21982554380208486,2091,256
5503,0.928517785727966,0.9613227852600167,2171,256
5504,0.5346997026477932,0.22864392187936966,1980,256
5505,1.316920255101946,0.055344868620474275,2134,256
5506,0.47351762465255937,0.10320180880468166,2004,256
5507,0.1213400088263956,0.35024930864138415,2062,256
5508,0.7693521017604635,0.24156161135118237,2125,256
5509,0.2753993812266632,0.25939791019282576,2087,256
5510,0.05278347395156217,0.28313101709112076,2093,256
5511,0.9659842079732803,0.5460022519405285,2160,256
5512,0.5716007277688057,0.27691294074860295,1921,256
5513,0.6432401929549663,0.715881907327802,1969,256
5514,0.6037524599657057,0.31640161010924817,1927,256
5515,0.029182660126625046,0.9180264741143292,1966,256
5516,0.3600773472118535,0.5773838449676146,2000,256
5517,0.41122588376517627,0.09185856887209709,2129,256
5518,0.15597320302449677,0.9563024642759401,2050,256
5519,0.32019390155248706,0.1367214844888619,2040,256
5520,1.6833607841999938,0.5746078992543141,2135,256
5521,1.0173214510836703,0.11619914357736738,1959,256
5522,0.3386741371783818,0.22655252613850418,2167,256
5523,0.8437402607876676,0.24052892242106982,2045,256
5524,0.1741971592462176,0.3372834272017765,1962,256
5525,1.534400110516068,0.3778383110521115,2089,256
5526,1.348014251053873,0.2545202637845517,2165,256
5527,0.5425778215316444,0.5222828951081663,1932,256
5528,0.6028625659136772,0.4015337524183481,2029,256
5529,0.762989617084338,0.7191152544374713,2146,256
5530,0.32049429197311713,0.37458238290350265,2071,256
5531,1.5949217182560986,0.1458642063518193,2014,256
5532,0.006775232223569445,0.319810797607888,2035,256
5533,0.5859174931432887,0.28402118481644956,2024,256
5534,1.9588945544931335,0.17409504618630922,1963,256
5535,0.020727460896445577,0.351946724330203,2005,256
5536,0.6064877422945057,0.5750229399831899,1944,256
5537,0.9073101233984118,0.09870324612359382,2116,256
5538,2.6897726468627243,0.8590827984500689,1971,256
5539,0.18717627569676992,0.3740337831725995,1988,256
5540,0.0019023236199382126,0.12534106205355078,2084,256
5541,0.2400852266272168,0.36961501260824703,2053,256
5542,0.4671075932609124,0.9422789535545338,1942,256
5543,0.6765947446728554,0.6170470750969581,2121,256
5544,0.18597139333578486,0.9805541185025581,2125,256
5545,0.0373918478048655,0.6035405872872279,2174,256
5546,0.5004761689827709,0.12195368014958063,2128,256
5547,2.6107878365165407,0.8085772947456271,2144,256
5548,0.9671054698784337,0.7707616926764128,1943,256
5549,2.07287233045644,0.9260041260681003,2041,256
5550,1.04601647330104,0.6140512241264442,1980,256
5551,0.16863114947141952,0.08773989926280878,2149,256
5552,0.2744631823315505,0.48271127532958613,2097,256
5553,1.012089397352105,0.25145889217839823,2150,256
5554,0.5773487742726183,0.4620377633565591,2052,256
5555,2.192809213045557,0.9601796809754612,2104,256
5556,2.331435453102316,0.4029893320146761,2003,256
5557,0.5844511862342345,0.4907316948181505,2030,256
5558,0.07343133058706512,0.48537652341779325,1967,256
5559,0.8430154958334198,0.10294388256769582,2167,256
5560,0.47491664462756633,0.43945436387175396,2132,256
5561,0.11705469142067519,0.44719345544483413,1980,256
5562,0.5984275289730424,0.9026156071365072,2175,256
5563,1.4540734510435032,0.3411753487407877,2015,256
5564,0.22578283740797708,0.49397918936157037,2071,256
5565,0.9777134093981006,0.18062882043002482,2014,256
5566,0.6877159894311075,0.9830024732242381,1951,256
5567,0.7889372634756933,0.024993443594681697,2071,256
5568,0.15709414303892885,0.16375652759104598,2075,256
5569,1.2703767479615027,0.017814496868972296,2044,256
5570,0.45458063035159113,0.36310517288726796,2089,256
5571,0.8663343904231208,0.2659683362122356,1950,256
5572,0.7845146073202536,0.9969282217222362,1938,256
5573,1.551496268490756,0.30247967248182783,2062,256
5574,0.7833774540425568,0.24992871455305776,1951,256
5575,1.3093754247543827,0.3339718118731311,2141,256
5576,1.5950953831711454,0.4377431968568608,1983,256
5577,0.38971573421381894,0.9546977410228734,2077,256
5578,0.8252225396829451,0.5329358568035032,2095,256
5579,1.4195087928690624,0.11679513743812864,2072,256
5580,0.5432362231759995,0.3167198854043153,2005,256
5581,0.0509819978987565,0.2543834262016299,2132,256
5582,1.980701041182351,0.3045728732088685,2017,256
5583,1.043241519535043,0.8559606087431728,1953,256
5584,1.616650140570981,0.05725029596486253,2076,256
5585,0.1512904316595925,0.8944615333172092,2033,256
5586,1.008088741891763,0.22746347488988905,2158,256
5587,0.17487141556558627,0.11024292003983638,2027,256
5588,0.6965878332235359,0.08446677351214682,2162,256
5589,0.9604553736194092,0.3347097055339724,1925,256
5590,0.5467397648410821,0.829995034658742,2043,256
5591,0.8525464469926105,0.16362773557321575,2053,256
5592,0.22269055496476353,0.7452536555553406,2019,256
5593,0.06850127542052266,0.8933800356379098,1943,256
5594,0.5981178977375081,0.939947886846801,2093,256
5595,0.09837086754854492,0.3357025675289491,2171,256
5596,1.3726463891877,0.7693005818812689,2126,256
5597,1.5011653213753118,0.7462466755485712,2007,256
5598,0.2198214967113662,0.521458964169389,2010,256
5599,0.3594000235908454,0.6896677602129885,2171,256
5600,0.35456656799862446,0.3777802598218004,2093,256
5601,0.40309620974828264,0.3035615223451371,1969,256
5602,0.8056387322808158,0.0841654282059594,2048,256
5603,1.5320890851803435,0.028862274278509514,2091,256
5604,1.6808545800634105,0.3207762385386794,2141,256
5605,3.2592103644034,0.6351851845723667,1977,256
5606,0.6039204544743876,0.12850977235518357,2071,256
5607,1.3438181918979661,0.9588294649951299,2152,256
5608,0.7031934190235081,0.8228075392997091,2162,256
5609,6.409833362752431,0.8374313582987879,2129,256
5610,2.17201298526985,0.5964039542936449,1958,256
5611,2.8072882325508925,0.5263024164195841,2003,256
5612,0.40295492200758426,0.3224996660708763,2051,256
5613,0.5026291251394029,0.8520062572231221,2117,256
5614,0.31518327452286055,0.9862028117443419,2025,256
5615,0.41744016777917914,0.5148796050283982,2166,256
5616,1.1091157585837041,0.19519695599935283,1969,256
5617,0.08097101779881653,0.8756870215410834,2079,256
5618,0.7210245717638468,0.058690340589576895,2084,256
5619,0.314339913942865,0.6300282621986758,2014,256
5620,0.6656379881813597,0.5795625475005989,2099,256
5621,0.973653233396296,0.4116967857420082,2029,256
5622,0.6348926063859688,0.8034293465685561,2051,256
5623,0.659398877278123,0.6735098996613113,2125,256
5624,0.2558143233210113,0.037626990204867816,1934,256
5625,0.7001967062558515,0.2180918387950438,2044,256
5626,0.0807811063172941,0.03860339394935286,2107,256
5627,1.7871108076694806,0.7566208737266369,2083,256
5628,1.817004031621216,0.14723128648965567,1957,256
5629,0.6034327797261843,0.20757461139608602,1964,256
5630,2.9675878853944266,0.8660935010513415,1927,256
5631,0.7404309293284728,0.29182043672502467,2168,256
5632,0.5699237125069911,0.4055567397161487,1936,256
5633,0.3626228252587887,0.1372799803395769,1967,256
5634,0.05380895637860366,0.5250263489795306,2042,256
5635,0.08853144044638657,0.5622283863322153,1956,256
5636,0.5840906925406181,0.4031131157144163,2100,256
5637,0.7889512579832668,0.6455585250919624,1980,256
5638,0.7793966088065803,0.41779412197088484,2091,256
5639,0.7143400379698523,0.8636871941198176,2118,256
5640,1.3024259938403953,0.6728671890751811,2140,256
5641,0.22865824191937292,0.3060080946086664,2094,256
5642,1.0978922313501431,0.3694771963727399,1983,256
5643,0.7767533635847234,0.24401624943068567,2107,256
5644,0.44628284058767925,0.34631309564255763,2123,256
5645,0.3892489848342631,0.443844236031708,2170,256
5646,1.9078378539075647,0.6187785897690338,2101,256
5647,1.3771094942728206,0.6867564119501496,2020,256
5648,0.6020640883731158,0.2709645875242367,1979,256
5649,1.8833452305175304,0.2858277263565091,2036,256
5650,0.0941428670751486,0.22636235719091335,2107,256
5651,5.261813008839987,0.5396965975412393,2135,256
5652,0.4242193655709789,0.8385689703708648,2017,256
5653,1.043272016297278,0.013050386609110065,2044,256
5654,1.7448986223451015,0.04151222132327159,2086,256
5655,0.4105552388910981,0.9595321600972408,2079,256
5656,1.0065602212895555,0.874723943292833,2047,256
5657,1.0213493797601907,0.33938621399032753,2089,256
5658,4.2418851504597965,0.7100609591119481,1933,256
5659,0.47519372848738645,0.21984814624081328,1950,256
5660,0.88361205535358,0.5815027221351479,1935,256
5661,0.5896626753907617,0.13374167899569378,2088,256
5662,1.2559685363621849,0.3729229141687397,2136,256
5663,2.3771929606833684,0.18361127303575409,2030,256
5664,0.7320410027725848,0.06396827413581785,2070,256
5665,0.6962808572225015,0.8045361074723346,2105,256
5666,0.39666039434014017,0.0548659181089326,2148,256
5667,1.6393259601371437,0.8660063716320511,2022,256
5668,1.0558532261345845,0.4626290440699722,1954,256
5669,1.5787368381297902,0.05090055591925824,2079,256
5670,1.7758383396274366,0.302128151098231,2155,256
5671,0.4314776914633458,0.6014533523581793,1943,256
5672,0.8005822229823032,0.7561178991204419,2155,256
5673,0.4845767702308128,0.8389038613274138,2116,256
5674,0.15964518892674334,0.06764838010987073,2166,256
5675,1.7189002462676275,0.5503988055584937,2176,256
5676,2.8342153171079256,0.5082594314468232,2085,256
5677,0.830982287278861,0.9703877859383185,1983,256
5678,1.7900184370774148,0.04809903972742857,1952,256
5679,2.9398571103243643,0.15469890858127466,1960,256
5680,3.557881071033199,0.9828649822549845,2139,256
5681,0.21226544331293581,0.3630263243606907,2016,256
5682,0.37021990315164255,0.7207538660823903,2016,256
5683,1.4415193061772413,0.8263210221320431,2070,256
5684,1.1777450887445238,0.5533079730371852,2030,256
5685,2.013608191451915,0.8067978434163461,1925,256
5686,0.19767826082547105,0.038842708002878035,2138,256
5687,1.078552769540506,0.9805408828193495,2078,256
5688,0.7849734960835925,0.6900886328607303,2088,256
5689,2.0823483637816134,0.8392596139560122,2014,256
5690,0.35246139330902243,0.24594683498483116,2059,256
5691,0.6903326148250756,0.66080670564713,1956,256
5692,0.5479223074047426,0.32216922611638066,1967,256
5693,0.03910187300730405,0.6926827784000812,1978,256
5694,0.6906789498509626,0.6956505863625243,2167,256
5695,0.5705342995168892,0.31907780103228367,1926,256
5696,2.493114184595975,0.05784664736240852,2096,256
5697,0.20787800954661206,0.8574427318469703,2046,256
5698,0.11452010460361813,0.3448811613379754,2081,256
5699,0.3168525980098331,0.9759632971629165,2123,256
5700,0.6609549688596725,0.7327736955018657,2071,256
5701,0.33521001598171846,0.30986354106307024,2053,256
5702,0.6111765228690822,0.6007624681481258,1969,256
5703,0.48466936127499555,0.4385499241776838,2093,256
5704,0.503043490276492,0.3527882572907066,2086,256
5705,0.13729738847469442,0.5744940291225736,2071,256
5706,1.111957977480135,0.4948714529752144,2067,256
5707,2.415679279074062,0.7547664599550685,1978,256
5708,0.4786108266168409,0.1342139490074652,1978,256
5709,0.8544509401047358,0.7905248431006753,2006,256
5710,0.3935062891257215,0.5148646389715094,2085,256
5711,1.6353781359916273,0.7511577925677069,2072,256
5712,0.41515155497374756,0.021166371673439044,1999,256
5713,0.5898012171170287,0.8434553406376095,2110,256
5714,1.2497044522985987,0.7253334943220316,2159,256
5715,0.48743869955432906,0.738086755665887,1936,256
5716,0.000847073512199657,0.5938111534325927,1933,256
5717,1.4897785882539647,0.8780434110238158,2095,256
5718,1.581918136250863,0.8420460829065569,2120,256
5719,0.29151890923226953,0.9389308021735987,2045,256
5720,0.503850966545211,0.7691358548809166,2045,256
5721,0.22641650667249585,0.831772449109057,2155,256
5722,0.8623212348584111,0.581947094383496,2100,256
5723,0.7424206919942508,0.27509448656920465,1958,256
5724,2.601685328862368,0.33859571831459767,2024,256
5725,0.8750260707019702,0.19527495630345104,1960,256
5726,1.8626719671153136,0.42665300363916925,2125,256
5727,0.18091100928090356,0.6329724406548278,2045,256
5728,0.6992599225393001,0.9233838436580504,1997,256
5729,0.06388618059178425,0.19024203478750423,2111,256
5730,1.4256132863429896,0.5933178483194403,2143,256
5731,1.1052625294840352,0.5525883345369478,1955,256
5732,2.282686416191896,0.7168720852078888,2029,256
5733,1.091482037452265,0.08203006025396464,2160,256
5734,0.41385175813568775,0.09084494002201182,2120,256
5735,0.9872975807681833,0.6494527506038218,1991,256
5736,0.4455471290118049,0.2667084151427167,2005,256
5737,0.3235595794921892,0.13404514516767918,2073,256
5738,3.663865864681688,0.11170660328490545,1983,256
5739,0.7553010473137004,0.9544771880158833,2174,256
5740,0.6504454914285789,0.7091146353352651,2136,256
5741,0.17125764443310992,0.28448444140045515,2157,256
5742,0.3499688016662218,0.2534709305269013,2018,256
5743,0.1888617220677018,0.6634057709395519,2054,256
5744,1.636430455277021,0.0011454016764673725,2114,256
5745,0.34084075113877976,0.579633785720232,1984,256
5746,0.9619590281491415,0.7659309113287494,2063,256
5747,0.15512383544100813,0.9552449503785517,1987,256
5748,0.387902010719165,0.2034223663453648,1993,256
5749,1.1291500781982278,0.2066888533489497,2001,256
5750,0.19285511647070938,0.33247496033338253,2155,256
5751,0.06321992445201105,0.5448333125445638,1970,256
5752,0.6092945723273805,0.2888198883041043,1981,256
5753,0.09558575178553044,0.009115497428736852,1975,256
5754,1.1160633518583685,0.5390133387460209,2170,256
5755,0.11522104073240509,0.526574739018691,1999,256
5756,1.0297577443524366,0.2014173637835761,2079,256
5757,1.2657001689731417,0.6476212802426313,1927,256
5758,0.03244239898168571,0.012624922043646625,2015,256
5759,0.9639110044838703,0.4159774574077012,2040,256
5760,0.10206045791005355,0.936049547305045,2056,256
5761,0.1375129697814058,0.36897398307004003,2024,256
5762,1.2677961455743245,0.8542503004545065,2049,256
5763,1.6704114799046872,0.24416032384535669,2024,256
5764,0.6186578370195642,0.4016345933750568,2054,256
5765,1.7365669212546044,0.4324163996526532,1976,256
5766,1.7549084664177828,0.15183455329996565,2171,256
5767,2.019279692356827,0.9927650816817708,2029,256
5768,0.22296984072169498,0.6833635087987241,1958,256
5769,0.2984800879854177,0.7194207909334409,1939,256
5770,1.6412638630646545,0.10534097557724131,2052,256
5771,0.08504330588699073,0.8633054229441695,1948,256
5772,0.7487716011512052,0.10210548649715734,2172,256
5773,4.167975900024066,0.4296426141352542,2042,256
5774,1.605758041372606,0.6038473364883901,1941,256
5775,0.9894497583758303,0.5618140396769907,2011,256
5776,1.9530970769348739,0.3017019645673281,1945,256
5777,0.9177198825709477,0.710353215292722,2147,256
5778,2.1041920840034676,0.5864854777500706,2050,256
5779,0.9097495086175157,0.8490660126621505,2059,256
5780,0.6231115543124783,0.31549291096758814,1986,256
5781,0.2376486241072038,0.11394510101525146,2125,256
5782,0.7381099386615024,0.6941582276478366,2161,256
5783,1.3524943693561153,0.5639182589698174,2021,256
5784,1.0274334205631575,0.598596974177871,2132,256
5785,0.23231701205296287,0.543426634152485,1969,256
5786,0.5397868203442433,0.8245409868431063,1993,256
5787,0.5142293638575244,0.5691958807806664,2110,256
5788,0.3645162981141645,0.8624541216086905,2088,256
5789,0.3490843954428986,0.41077167003419424,2164,256
5790,0.8466668420846888,0.0019313569156181876,1993,256
5791,1.7041946414743507,0.3674619436974237,2174,256
5792,0.6902601413038495,0.19887513290098346,1993,256
5793,0.10747907496062857,0.5555190927142195,2016,256
5794,2.7189031159037715,0.4762529426540103,2003,256
5795,0.27930287212054533,0.4800692781655541,2010,256
5796,0.8217210607332717,0.5591383360784349,1938,256
5797,2.144030952614217,0.7070203402914057,1979,256
5798,0.11761670183594518,0.9041313005116927,2134,256
5799,0.6161254451411242,0.2511729737425139,2170,256
5800,0.13048382539841447,0.169882671351697,2148,256
5801,0.5475839532873537,0.1321644245773016,2071,256
5802,0.09483164238654945,0.11805096704538454,2122,256
5803,0.9830583572527976,0.4203114822500186,2091,256
5804,1.5481120943853472,0.3251086576544894,2108,256
5805,0.4539161845618628,0.8821514974471119,1932,256
5806,0.9157904990187621,0.5722921876239195,2161,256
5807,0.7513219125882323,0.07496996849314996,2132,256
5808,0.7695814783690348,0.5542767305867892,2079,256
5809,0.698124210021475,0.07225324314084947,2135,256
5810,0.5148767166423504,0.3844426642178672,2074,256
5811,1.6236066150553843,0.20815581787688509,2119,256
5812,4.0315093900562,0.4417627619103448,2166,256
5813,1.24572598835664,0.7799853698188725,1935,256
5814,1.1908082971626717,0.5796008355101722,2091,256
5815,0.3444707916296965,0.0998042991483814,2057,256
5816,0.4486021405106668,0.3230645182502283,2032,256
5817,0.9826159749777443,0.9092593208561843,2140,256
5818,0.6492834291708145,0.3889831547563166,2116,256
5819,2.207957952696218,0.4858731799113385,2018,256
5820,0.5462244325559652,0.1305444613961496,2061,256
5821,2.0220807595925065,0.28038051504501493,2083,256
5822,0.9891877949323065,0.2251732195713706,1983,256
5823,1.0221716945797958,0.9816410345845138,2001,256
5824,0.4470735128604322,0.552449449180613,2044,256
5825,0.14346809980270642,0.7765923177050545,2169,256
5826,1.1444653977868637,0.12285059160856793,2109,256
5827,0.903889712250517,0.3181871370620717,1956,256
5828,0.07937831922747313,0.8388523033175459,2130,256
5829,0.10677693108243913,0.7785769761360556,2038,256
5830,0.6590503152693904,0.588048641548871,2054,256
5831,0.21839184094496694,0.7894354979098288,2157,256
5832,0.08731169724609077,0.13312513839972184,2014,256
5833,3.186170029970055,0.9639389268984525,1962,256
5834,0.4143956847538467,0.5675096009169956,2087,256
5835,0.0959522743052934,0.6983628341647733,2166,256
5836,1.2629965754885764,0.7137083643307641,2147,256
5837,0.7943863396635072,0.6049283908264484,2024,256
5838,0.5486325842083447,0.9936112807601348,2056,256
5839,2.8645709257515937,0.17551702502389266,2018,256
5840,0.17282394726031397,0.5422847746497004,2034,256
5841,2.299512722451213,0.2664711852043372,2112,256
5842,1.0945966198568937,0.02955029106750795,1980,256
5843,1.081032524196968,0.8417638612935996,1985,256
5844,0.07771860326559171,0.512276045697882,2045,256
5845,2.5996741021373904,0.10770904327906472,2117,256
5846,0.04938644783764775,0.19971313031524685,1970,256
5847,3.637461542882414,0.22586139932637617,1997,256
5848,0.9012409590932167,0.15820805272090543,1951,256
5849,0.11816089006095926,0.42326809445148494,2012,256
5850,2.725492794984102,0.8375142778912601,1994,256
5851,2.968170647524822,0.170069851076317,2002,256
5852,0.6689215822950637,0.12885268806943484,2173,256
5853,0.7264639419070649,0.39824316286013206,2112,256
5854,0.4613598729547707,0.24709395902555908,2033,256
5855,0.09567729266243004,0.5087101917075876,2062,256
5856,3.412148436633894,0.1166397359923641,2131,256
5857,0.4764895759385213,0.714344013234267,2113,256
5858,0.557686815910501,0.3745985585685363,1975,256
5859,0.10616068772463035,0.12336453847791251,2142,256
5860,0.001043132286910243,0.18495688967426172,1995,256
5861,0.5730876232782357,0.5975078053004584,1945,256
5862,0.2046188365290076,0.5204227803794472,2003,256
5863,0.08580827495585854,0.5285942847868529,2155,256
5864,0.28984964702615257,0.332301484730275,2115,256
5865,0.23361369384905034,0.6878454723374373,2079,256
5866,0.290744910764004,0.7381198141439156,1977,256
5867,1.617108929816407,0.06626022258585818,2087,256
5868,0.7335127846243812,0.46250476688980535,2077,256
5869,0.1745624448536,0.397115841968692,1971,256
5870,0.2398844753847418,0.6849522915840672,1948,256
5871,0.7042313682269958,0.2354364150418432,2079,256
5872,0.0007489955199509868,0.02999568025951116,2173,256
5873,1.3222756402135998,0.9654929863013023,2173,256
5874,0.9096381089791241,0.47078651400932203,1920,256
5875,1.7612634555770725,0.5593794156915144,1976,256
5876,0.4391831110652562,0.7044763714175029,1937,256
5877,3.809787700257071,0.21620548047299504,2013,256
5878,0.5882191636535594,0.6678999606162783,1964,256
5879,1.8540048857051872,0.17650152641089267,1947,256
5880,2.3396243779759933,0.8006650885494985,2110,256
5881,0.19330671056373416,0.649551120960993,2018,256
5882,0.5016744717971509,0.829045773408779,2123,256
5883,0.3398031707769755,0.10769072462223772,2051,256
5884,0.28909022503397,0.1915141145725281,2021,256
5885,1.2082666463470335,0.8455310074081631,2133,256
5886,0.1183691892217257,0.8444856496622074,1973,256
5887,0.5485281939019064,0.9558068081416334,1997,256
5888,0.17585903305173123,0.8067919908858004,2036,256
5889,0.5670243253267622,0.6386860475374051,1966,256
5890,1.9928813362574742,0.9282141627105752,2065,256
5891,0.1149796634385642,0.6873519145451853,2106,256
5892,1.5119528035890308,0.8934010233157078,2023,256
5893,2.861475610671796,0.41390697532044207,2095,256
5894,0.593655519849849,0.28203237955904004,1921,256
5895,2.030493727677403,0.9046413804495111,2053,256
5896,1.1370250626266745,0.7607459379917488,1957,256
5897,2.5654554786796306,0.8768185666576395,1957,256
5898,1.2410577488914365,0.14753721205002812,2029,256
5899,1.1688792372179388,0.059158964505687806,2110,256
5900,0.16309033198322176,0.043080358110273775,2083,256
5901,0.6366120563191385,0.7845034893026406,1943,256
5902,3.0315799368919114,0.9240256540774121,2115,256
5903,1.264164330397338,0.9537214441996167,1941,256
5904,1.7926080790908463,0.03210682112356977,1981,256
5905,0.5001318226731867,0.06507921882015455,2106,256
5906,0.6159026579971985,0.8717933175217987,1938,256
5907,0.11315168536027069,0.6030695862379036,2129,256
5908,0.7056988646970127,0.3479579598613708,2135,256
5909,1.1726944510831787,0.30528504224915665,2074,256
5910,0.010707006350096714,0.0032995305847082212,1967,256
5911,1.96967650204181,0.15426324760935783,2098,256
5912,0.6715005174907867,0.5715305446527515,2141,256
5913,0.8773194168128945,0.35609731947035084,2049,256
5914,3.1624197173951556,0.9902359233346897,2031,256
5915,0.6790136789210302,0.9208953992144447,2149,256
5916,0.5028455163221699,0.5487425350232643,2073,256
5917,0.0014146165209816676,0.980549612183004,2156,256
5918,0.3515722839721727,0.025114935917624814,1939,256
5919,0.16665562336784276,0.9620960171067151,2089,256
5920,0.878786880128754,0.9255910624696345,2140,256
5921,1.2175581035907779,0.6698949426365143,1997,256
5922,1.0287407079701731,0.807985852241359,2058,256
5923,0.928965511394704,0.9794381220623286,1982,256
5924,0.32659331404161807,0.6194419108148193,2053,256
5925,1.8826674312005225,0.2654623296119021,2128,256
5926,0.9391606156544864,0.6754337060017169,2114,256
5927,1.177116709897789,0.8987399781773382,1936,256
5928,1.0973207967903111,0.5929283584116809,2038,256
5929,2.0064030687160543,0.2919288236726729,1934,256
5930,0.11497040004777678,0.5694590582067661,2134,256
5931,1.004457784394452,0.9660703806977108,2119,256
5932,1.4279715710527816,0.6282598936853127,2071,256
5933,0.7270319297214072,0.3626579678808547,2157,256
5934,0.6170031064533402,0.21513345071379952,2066,256
5935,0.35080989379506133,0.6894249673291111,2024,256
5936,2.5545131621685235,0.363471499311698,1978,256
5937,0.9530354059597557,0.7363480133590712,2112,256
5938,2.8257370853508483,0.5617034390203349,2048,256
5939,0.4277999435613586,0.23848340962004555,1993,256
5940,0.44688407903921956,0.6185072916943749,1957,256
5941,0.7928051596978428,0.22902072098409965,2111,256
5942,2.3303637045232337,0.30411626106102885,2027,256
5943,0.19010109814646894,0.9709605632391393,2034,256
5944,0.16950117593960615,0.7567381009536415,1942,256
5945,0.00507707298693001,0.6632499562885619,2137,256
5946,0.07306304497866832,0.3954176370371899,2109,256
5947,0.9906900385837902,0.5125020022874975,2029,256
5948,0.01983531325243657,0.6761154395604332,1990,256
5949,0.42197959391260287,0.694584148549876,1931,256
5950,1.904328176685016,0.5153953772544314,1959,256
5951,0.17140408396884,0.4891900320199758,1986,256
5952,0.22025003499304868,0.1612697199627532,2100,256
5953,4.322110238404802,0.3586349229385779,2094,256
5954,0.8566977725462445,0.9121117528005231,2091,256
5955,0.7201942585176019,0.2385971201550947,2126,256
5956,0.15009561541182162,0.11127667018020237,2075,256
5957,0.7893475354208133,0.4781656189643444,2042,256
5958,0.2962417051900597,0.3353782801552839,2030,256
5959,0.7928501472692381,0.2835406905484592,1931,256
5960,1.8209628618149576,0.3914715649237972,2113,256
5961,0.033756528375973226,0.14821647912131142,2118,256
5962,1.9587773613836477,0.03576673577881451,1990,256
5963,0.7370016014481933,0.006430620342957716,1975,256
5964,0.4726294548516047,0.8104222832196618,2025,256
5965,0.10654015515087438,0.21520165672730207,1950,256
5966,0.3093409745672682,0.4221143119363562,2016,256
5967,0.3123221753133735,0.7875448302866417,2088,256
5968,0.2291153756471415,0.351860113524615,2098,256
5969,0.01854771662724983,0.2866706295484769,2072,256
5970,1.238671244822844,0.9239642772310459,1977,256
5971,0.3113600749522853,0.2993675078409844,1942,256
5972,0.14123779884280516,0.8938259293847027,2113,256
5973,0.8364439881209698,0.10787404096354547,1954,256
5974,0.8401890484630578,0.6818781319096365,1943,256
5975,1.0108898845683925,0.6545303314871939,1978,256
5976,0.9440871634187354,0.37411083396083566,2017,256
5977,0.6680074144699565,0.6879117164576244,2000,256
5978,0.9747867457152257,0.5229039062273949,2015,256
5979,0.6149457214819694,0.39599514321988083,2041,256
5980,0.03504335025949277,0.5005659408371765,2047,256
5981,0.6920244988308336,0.9371151693224975,1920,256
5982,1.1835459409009785,0.9481970303994937,2083,256
5983,0.411669430350431,0.7259282736702996,2059,256
5984,0.4515408425216963,0.2539049247097057,1966,256
5985,0.14583807641467406,0.5894099708790063,1993,256
5986,0.5879122208401962,0.997724076274702,2124,256
5987,0.06798786052893821,0.0033418384142737123,2052,256
5988,0.37787364925564665,0.809775291259256,2098,256
5989,0.2447300491050587,0.1954427186851867,2029,256
5990,1.171105141204653,0.9776185087552322,1970,256
5991,0.1397865691930206,0.31446338701741583,1931,256
5992,0.06842473112437174,0.723797278938554,2073,256
5993,1.3381309033131963,0.1830950822170988,2043,256
5994,0.47392419099380273,0.270921445150593,1928,256
5995,0.24228825349154243,0.09706999658294657,2092,256
5996,1.37153848809485,0.2295040984964396,1973,256
5997,1.0626093288338345,0.5298410042223102,1971,256
5998,0.5844875978588087,0.35287019125165264,2128,256
5999,0.7256330110539249,0.06296475135921265,2142,256
6000,1.172574092835112,0.7768180815378334,1923,256
6001,1.1188194161524005,0.29598312894080014,2167,256
6002,0.4999362147189816,0.92012263256722,2006,256
6003,0.4195329822626417,0.542058070529165,2025,256
6004,2.7523908043404344,0.5467127584412681,2083,256
6005,3.9103646233841713,0.943162891215704,2063,256
6006,0.07240832946738267,0.8527783438741907,2163,256
6007,1.2077952019582456,0.2906471658301054,1951,256
6008,0.2709317881691705,0.6861308409530388,1989,256
6009,0.4087211616831218,0.6314716130328951,1924,256
6010,0.09219942620141236,0.983910859352907,2012,256
6011,1.2102319585866212,0.5092346902236284,2047,256
6012,0.581727029664031,0.43612072917635314,2000,256
6013,0.0064732321121920774,0.34207211993733333,1972,256
6014,0.040812520634953026,0.12977511103790684,2098,256
6015,0.9339360789550784,0.826275331151166,2155,256
6016,0.36351330992037156,0.9476090400150915,2098,256
6017,1.9343336556027666,0.8633538707114528,2062,256
6018,1.2744821093723815,0.8168692446540052,1944,256
6019,2.58853406705362,0.36579368189188644,2121,256
6020,0.37697837230808273,0.4305244105429673,1998,256
6021,0.7661357665470396,0.358858603975563,1991,256
6022,2.3086957040578704,0.7479693211806899,1980,256
6023,0.24883743774088002,0.757634297625846,1930,256
6024,0.316578658149211,0.5641062326664914,1980,256
6025,2.0061468608409463,0.5443255801409133,1941,256
6026,0.5958532573480448,0.36327933018135194,1923,256
6027,1.8608537809138843,0.4835576694548015,2090,256
6028,0.08194744375962533,0.25966851615175957,1961,256
6029,0.8487517620148648,0.7003377883789845,2012,256
6030,1.7027852678674567,0.512131317440526,1960,256
6031,0.22342916191606066,0.9632920678688165,1940,256
6032,0.8710581928138277,0.37754817287290987,1978,256
6033,0.13322900984658084,0.7449037430789661,2071,256
6034,0.20830435930023827,0.2847665611415412,2103,256
6035,0.6631551365141514,0.9375364671156731,2027,256
6036,0.6352302297325484,0.25726256559453975,1970,256
6037,1.8908500712475371,0.22001042562225437,1953,256
6038,0.2605980728945216,0.6369739933576374,2025,256
6039,0.8722887748819169,0.5959433361019563,2024,256
6040,0.7075836645865636,0.5607113434825423,1967,256
6041,1.3803395157309706,0.24480221733264196,2176,256
6042,0.5281551634240367,0.057492184878276786,2034,256
6043,0.8395625748332318,0.6954471601471216,2092,256
6044,0.8848492078296907,0.9539732158652495,2072,256
6045,1.927248031537531,0.5784560272560131,2036,256
6046,0.5195528957159148,0.05250174195952284,2066,256
6047,0.8849177073894982,0.37222794127037073,2089,256
6048,2.11195816301415,0.2122258209554092,2053,256
6049,4.147346868447618,0.5785062308150123,2105,256
6050,1.909615320976181,0.19226130220791593,2042,256
6051,1.2228037124053968,0.2853967951766039,2121,256
6052,0.44113687411557095,0.8041770809946458,1982,256
6053,0.7142310182431857,0.5093528225675699,2015,256
6054,1.5351782693452465,0.6255530340198528,2095,256
6055,1.0842499546033126,0.7373026228524879,1967,256
6056,0.6056159786916989,0.5451334036901453,2026,256
6057,0.08151401491044948,0.18776248718931188,2009,256
6058,1.4162970494714215,0.5884929586697502,1996,256
6059,0.06312977521521836,0.6846862839606407,1946,256
6060,2.134817174313519,0.009283545921614844,2091,256
6061,2.0561738520558945,0.9243101914488052,2061,256
6062,1.4737064354205274,0.6247737886826087,1966,256
6063,1.003037055801289,0.9535170865599716,2008,256
6064,0.8921576832012921,0.8622046470571499,2036,256
6065,0.6474404098477597,0.8052310042815314,2026,256
6066,1.204350217356052,0.979678884749575,1930,256
6067,3.216054602332267,0.9784158366422129,1982,256
6068,0.13823876720023676,0.16736378869237567,2115,256
6069,0.2133959010132264,0.9663039871539045,1993,256
6070,0.5421254563082218,0.3716664509665616,2087,256
6071,0.7502228369870975,0.20534643978647737,1946,256
6072,1.8151840343645274,0.507196152401467,2153,256
6073,0.8036297976520382,0.36841853912830225,1946,256
6074,2.783211288271547,0.4834940604474257,1990,256
6075,0.9566012557704521,0.18018135967989635,2040,256
6076,0.708115863701649,0.24302176869066672,2016,256
6077,0.9525254776148571,0.5958419382294707,1945,256
6078,0.49392126645428736,0.4024177145989355,2163,256
6079,1.9245557061160672,0.3711280875830224,2002,256
6080,1.1058953621229457,0.4943770564654305,2150,256
6081,0.6751233955432261,0.38622064650626653,2078,256
6082,0.2723863513344496,0.009444883483581856,2059,256
6083,0.8545013510498506,0.5779973716084403,2014,256
6084,3.462275361097694,0.6797526467572279,2040,256
6085,1.9433217175250053,0.35817965114000727,2008,256
6086,0.21088165075623436,0.9353843934574033,2072,256
6087,1.218491981386038,0.7339800298346101,2091,256
6088,0.7064177984401044,0.22825309701275276,2012,256
6089,2.156356957239797,0.6329922041041434,1961,256
6090,0.6867005064057581,0.4205093356468558,1953,256
6091,0.48212608998329687,0.08493670680283394,2095,256
6092,1.8794178970878839,0.9465966607689665,2072,256
6093,1.5838426259614666,0.2631208281657247,1987,256
6094,0.24605644156704318,0.34164420584952926,1991,256
6095,0.09565012410139138,0.9162527005826911,2163,256
6096,2.260877601455502,0.24552580097399002,2063,256
6097,0.29134319429106814,0.0018943899553832688,1993,256
6098,1.8096985492585222,0.5902462809262333,1951,256
6099,1.1565317476899444,0.10309299649612613,1969,256
6100,2.1524504298026077,0.5873445238818847,2112,256
6101,1.2241677054083941,0.9162600888818875,2047,256
6102,0.08193017569129205,0.9842226851127431,2085,256
6103,1.873684249732535,0.5227617425253162,2083,256
6104,0.35815901022931657,0.8937195964934584,1954,256
6105,0.26525606709778077,0.45979587613039696,1965,256
6106,0.030969824397494277,0.21196453654900105,2119,256
6107,0.17364572356292163,0.22784964429449628,2111,256
6108,0.3534741563785752,0.7921815393701934,2090,256
6109,0.1203548837168939,0.5500027976354875,1937,256
6110,0.09108364601396227,0.3506356063621944,1928,256
6111,1.6473983931764506,0.59724592598828,2108,256
6112,0.6440270134591615,0.2260167391248633,2172,256
6113,0.6716747661196765,0.06143116222227485,1989,256
6114,0.35464962966107094,0.439414934523108,2149,256
6115,0.5348599182005918,0.6649261581512458,2037,256
6116,0.06224891857462878,0.9878900457205038,1950,256
6117,2.3047144837309,0.250483766980757,2175,256
6118,2.491643661308212,0.7955950941669956,2091,256
6119,2.9734427340836853,0.9112960653934931,2083,256
6120,0.7926310336945339,0.9006805088362172,2092,256
6121,0.9755547105228937,0.4124314766055269,2032,256
6122,1.3690689984208497,0.8881095026968117,2091,256
6123,0.6303140856128604,0.559758723034686,2166,256
6124,0.6254290165362532,0.463103709861557,2119,256
6125,0.6990463307026951,0.5172179356528597,2063,256
6126,0.03762865772935098,0.3392783088443957,2017,256
6127,2.020993472827597,0.9536770722690886,1955,256
6128,0.33668780591491215,0.34341579849024406,1992,256
6129,0.237124631226105,0.2834554213065523,1942,256
6130,0.6695451342436486,0.6881370504988013,2084,256
6131,0.029403001040063784,0.7373735616294502,1973,256
6132,0.3238295357258846,0.8590930976558886,2056,256
6133,0.4980484085577678,0.5548761585333369,2083,256
6134,2.221534786890528,0.3527423330764463,2150,256
6135,2.4724737318308545,0.3239754364325773,2122,256
6136,0.27563083918486087,0.8401228564156633,2105,256
6137,1.1570379064241338,0.017136082371416617,2056,256
6138,1.3405094066763374,0.2968902633232162,2086,256
6139,0.4260977126069698,0.45821279578434204,2083,256
6140,3.1517353876124745,0.07948407042909,2175,256
6141,0.15020681395984903,0.15203360032590685,2119,256
6142,1.535124579153777,0.8274608702242789,1933,256
6143,0.18984018169106487,0.41706998686508157,2147,256
6144,1.1972668415534693,0.41616099908132576,2058,256
6145,0.9503533583627293,0.10668855868299365,2070,256
6146,0.41313568001556905,0.050678293758110726,1972,256
6147,1.5163075567074225,0.6431042435933353,1993,256
6148,0.13743325398643552,0.9577974365349459,2041,256
6149,1.3621031089050408,0.28613218571994115,2141,256
6150,0.026823096094076633,0.2371119969032971,2078,256
6151,2.072499078062764,0.40888077017904534,2102,256
6152,0.22774006648730624,0.9693019691875449,2091,256
6153,1.4607696643624462,0.9850243873548605,1924,256
6154,0.08536838948218052,0.22321600219262983,2077,256
6155,1.0172292088468384,0.9835129063788515,2096,256
6156,0.4707018375813224,0.4701660271360838,1996,256
6157,0.5881449498523854,0.4846125684072541,2110,256
6158,0.09186842340392876,0.7670183071606591,1973,256
6159,2.1321027168013225,0.24628087740055682,2086,256
6160,2.292500482939149,0.2923061767923306,1984,256
6161,0.07231147024548762,0.1590416433261327,1981,256
6162,2.4208556953476075,0.13830361677767133,1932,256
6163,0.9724392160555699,0.29382277978567606,1965,256
6164,0.07025904426612133,0.4487128362573729,1983,256
6165,0.3091325308239819,0.40969640804579877,2029,256
6166,0.3802923820561591,0.7142354178222837,2026,256
6167,1.0894189567345056,0.014527187891193005,1956,256
6168,1.3016670577471712,0.9919888557618323,2158,256
6169,2.4199159014005183,0.3406872916098236,2174,256
6170,0.04854648335846935,0.9622768847281181,2094,256
6171,0.8040794688495075,0.848434185866223,2141,256
6172,0.7421633941170713,0.4601644383447464,2076,256
6173,0.6919818527233182,0.1311455813575949,2054,256
6174,0.07626868294751583,0.36001210204038037,2005,256
6175,0.8764556677506407,0.7853884956559745,2121,256
6176,4.095597785128964,0.8913781196665638,2073,256
6177,1.14883993144808,0.7778464530927106,2155,256
6178,1.351354610226804,0.3199642247423202,2036,256
6179,0.4046948859235566,0.1528570722553424,2150,256
6180,0.08012335775307612,0.08616655636753712,2024,256
6181,0.020326332987181693,0.9750760179665358,2134,256
6182,0.17743195450091725,0.3171491952669371,1927,256
6183,1.2242007371499013,0.8809921125464057,2067,256
6184,0.2907266201865651,0.6612170543376054,2134,256
6185,2.385849990415043,0.22579679998086943,2126,256
6186,1.2615086861076519,0.5440309069338508,2175,256
6187,0.47083801260720043,0.3120669914909675,2036,256
6188,2.0349393750853797,0.8948326161187691,1989,256
6189,0.7764445307024741,0.9506254770730719,2161,256
6190,0.4015412209128101,0.7780349716617347,2072,256
6191,0.9569224127616056,0.7928382850417844,2068,256
6192,2.4032499955523754,0.15067769828063104,2152,256
6193,0.13869090927088668,0.5924679795176515,2055,256
6194,0.3207108543159348,0.14955330978509218,2001,256
6195,3.7131393265742343,0.48068909042828734,2058,256
6196,0.10458561396097041,0.6405992040552316,2086,256
6197,1.3454796770852546,0.16644552047990013,2035,256
6198,1.1137942824152887,0.7245119749082051,2118,256
6199,0.4571028869013777,0.13059799563379137,2075,256
6200,1.785000023600476,0.5966329003967944,2141,256
6201,1.4982800167449726,0.7852509152689942,2127,256
6202,1.9083725840746795,0.4164839673373687,2055,256
6203,3.301735109757325,0.3850970498959957,2111,256
6204,2.3936149840339898,0.16985882201071667,2164,256
6205,0.5265589793126777,0.1155864289791001,2018,256
6206,1.166957676821127,0.16306895846628588,1937,256
6207,0.7804778282962157,0.9542365129078118,2015,256
6208,0.5044049320168403,0.4305610109439535,2092,256
6209,1.2592590047545247,0.32712616716462284,1995,256
6210,0.6312425585664602,0.8850015324569317,1925,256
6211,0.6746732931061464,0.41982508861106116,2020,256
6212,1.0397296204805817,0.3692565537018846,2069,256
6213,1.0663377916660672,0.6861165675130799,2122,256
6214,0.9311154701673169,0.8649879349337276,2004,256
6215,0.03503402551216633,0.719297750315087,2153,256
6216,0.43734265398266964,0.08876777973607175,2112,256
6217,2.0924551463545202,0.3771315322473141,1978,256
6218,0.8906235796676748,0.29336820110971085,2057,256
6219,0.05275418939577472,0.2226394887707781,2125,256
6220,1.474438987976646,0.16105261620821554,1974,256
6221,0.35968796510034434,0.7288180158957497,2131,256
6222,0.23590057116997687,0.5719765599376564,2073,256
6223,0.2254286358058869,0.44938157571589077,2094,256
6224,2.1351951690575817,0.4609732928562842,2172,256
6225,3.6362102372212646,0.8238672032219287,1965,256
6226,0.14650451475271933,0.6900394675005324,2118,256
6227,1.0581071164620157,0.5166964199613002,2094,256
6228,1.3249076514502707,0.6727097660929621,2080,256
6229,1.9795047748913943,0.7705338309170473,2056,256
6230,1.1503993593494068,0.11314017390287423,2046,256
6231,0.24151826855530023,0.5462062394739804,1939,256
6232,0.2331181751524451,0.9735879802362609,2019,256
6233,2.8575494666445023,0.4665380164179084,2049,256
6234,0.7668258330514609,0.6666095395016546,2012,256
6235,2.2880298438121405,0.16791382837975377,2130,256
6236,0.777301278730208,0.5057545193915237,2136,256
6237,3.7562675015270437,0.32269646786047956,2147,256
6238,1.1280013521073713,0.058054829024558385,2142,256
6239,2.04363681984989,0.966564509972426,2011,256
6240,1.3092577011422675,0.8734463371135436,2105,256
6241,0.10398424110321107,0.8582669331317357,1956,256
6242,0.01772467068837629,0.351151402970994,2037,256
6243,4.1191593605525085,0.19926958847901233,2154,256
6244,0.31522668366658874,0.9031301401399662,2138,256
6245,0.03986668983559319,0.8666241565364984,2037,256
6246,1.0900237579240741,0.2952754267188834,2176,256
6247,0.6574901436945316,0.33394465349841795,2103,256
6248,0.9061082905368079,0.04285588371349991,2101,256
6249,0.016440748594555243,0.009819008141682684,1961,256
6250,0.07895086715748244,0.7509382259285395,2013,256
6251,0.3037948228614858,0.9165308841528321,2140,256
6252,1.0055315405066005,0.5482287179687368,2133,256
6253,1.562957384746089,0.7846779375778984,2058,256
6254,0.828772435347466,0.9339568319269457,2079,256
6255,0.013623940529607175,0.10114709640995312,1924,256
6256,0.22562486917344873,0.16482035891704616,1937,256
6257,0.077469198945069,0.06177745320515049,2093,256
6258,3.398671204554582,0.11199780665929904,2115,256
6259,0.29872425352218757,0.4023704877480103,2145,256
6260,0.3507109305448793,0.8150682769989543,2037,256
6261,0.03643873026499429,0.313824122384721,2049,256
6262,0.5108943819242875,0.7657817343893235,2084,256
6263,0.27693650062904107,0.30833532968189903,2146,256
6264,1.2076414640529844,0.7303762134562589,2072,256
6265,0.8279313505864838,0.19359290069906898,2135,256
6266,0.16807474539571962,0.031101043821298968,1993,256
6267,0.20782676610645967,0.6511437850846795,2037,256
6268,1.552076365181369,0.7495523176453598,1966,256
6269,0.0397493318903612,0.29612108268767023,1940,256
6270,0.12203437529195157,0.3812791375644161,2065,256
6271,1.6948767546471082,0.8975107994147322,2154,256
6272,0.3345067067095055,0.4194605449812693,1998,256
6273,0.4453385233370342,0.34097041441126286,1959,256
6274,1.0807652579681128,0.9243121979630788,2075,256
6275,0.36975730080251507,0.7020787666734447,2163,256
6276,0.3267220848073202,0.23279373770734368,2105,256
6277,0.2713646567122995,0.7007331461842392,1984,256
6278,1.1080738596303459,0.9784643321828013,1938,256
6279,0.03475388110146754,0.9176168351241832,2054,256
6280,1.0004009990220282,0.5544496060419898,2056,256
6281,0.08722249044619078,0.6029073531088663,2007,256
6282,1.479585975046096,0.35589124778926917,1972,256
6283,0.10183860616832131,0.7071825481351401,2156,256
6284,0.7745029697797196,0.9008196518454241,2031,256
6285,0.03853615058583536,0.6115057404003225,2095,256
6286,0.13676330141841878,0.6267196468311003,2013,256
6287,0.2676652013966356,0.47945536190637406,2085,256
6288,0.1446119239715755,0.3233175094709667,1988,256
6289,0.003361717552970237,0.5001598108428381,2105,256
6290,0.368809156724815,0.21910688901876307,1971,256
6291,0.12804337620402992,0.18827456912268015,1991,256
6292,0.5022788556875262,0.3200309971264884,2099,256
6293,0.15099323953742952,0.8124458401528668,2043,256
6294,0.026537059473083175,0.7444101435782925,2002,256
6295,2.104029178651398,0.6549724218468723,2114,256
6296,0.6073079348850782,0.7931910816771244,2048,256
6297,1.7671409385288452,0.48167871661422756,1934,256
6298,0.9304953579119601,0.6286304231442559,2077,256
6299,0.19103093345920794,0.3788939037194937,2159,256
6300,1.528956457434646,0.34758853241658993,1999,256
6301,0.15826031206272095,0.5617654637383425,1987,256
6302,0.5068263845207838,0.739449241582137,1927,256
6303,1.0062143024656915,0.4398525005551145,1925,256
6304,1.1186684143053318,0.6960010060004361,2091,256
6305,0.03508711285972868,0.18944685071950507,1974,256
6306,0.9083381331312759,0.5305810029453976,2145,256
6307,0.6445268109475433,0.04915181332565832,2116,256
6308,0.044011726102940504,0.4342740004935304,2072,256
6309,0.9027411791246437,0.7583066963326487,1999,256
6310,3.4904662562812416,0.5517198598990154,2058,256
6311,0.571007438905503,0.7150012035694867,2159,256
6312,1.554067023779895,0.4615780584231317,2122,256
6313,0.12374547367297464,0.7450849009880466,1958,256
6314,0.06618884869899119,0.0003511485624539956,2093,256
6315,0.08218748408179545,0.16257770806077076,2018,256
6316,0.2925599305204427,0.8077526498580302,1961,256
6317,1.1707525804708594,0.914412619154154,2044,256
6318,0.4081986406699124,0.6850780445285726,2021,256
6319,7.656255529856453,0.5782528967517225,1927,256
6320,2.138239658736213,0.46935417906202614,1988,256
6321,0.007588653788294591,0.44271717024025525,1970,256
6322,0.5167837785453835,0.9797872901784858,1966,256
6323,1.830999455408016,0.9161781884812813,2040,256
6324,8.484580815641326,0.2959331364526938,1937,256
6325,0.23903683144824273,0.5837472759766454,1922,256
6326,0.809844302263823,0.8408121636009862,2017,256
6327,1.3476617810710516,0.5076584477514503,2145,256
6328,0.012690928297926845,0.34906667087322507,2041,256
6329,0.1719596181989209,0.9596611001064962,2028,256
6330,0.74559810549844,0.4703465865278038,1952,256
6331,0.9184429195228581,0.2880654436562069,2026,256
6332,0.6395981307233144,0.942432448400037,2086,256
6333,0.7662576882712214,0.30311809977889304,2149,256
6334,2.2550487361684466,0.3050850076172805,2156,256
6335,0.2564714989302163,0.6814503881592635,2175,256
6336,0.015184597388150601,0.6174282770310636,2065,256
6337,0.20945751315540215,0.6804854297685803,1962,256
6338,2.09941091249242,0.1783233478957299,1963,256
6339,0.24691919202738735,0.8149240414905273,2025,256
6340,1.5566532415528564,0.4053953235904417,2063,256
6341,0.885683374821306,0.04476622191583546,2162,256
6342,1.954061444896832,0.5455292259066266,2054,256
6343,0.8549198823083424,0.43864969570531076,2076,256
6344,2.7909357087669,0.3361424200571602,2018,256
6345,0.16416321761097497,0.3108621671183627,1927,256
6346,2.844455401553387,0.5917139447801643,2099,256
6347,0.30316968742845485,0.6162375383687283,2001,256
6348,0.19748256382003276,0.26010420976852244,2018,256
6349,1.4331404403896109,0.8517513470404663,1930,256
6350,0.260562009866675,0.3397242488009048,2024,256
6351,3.552856997864094,0.705978807899095,2016,256
6352,0.5632287864709862,0.8821541914621245,1989,256
6353,3.266077124394443,0.15155263808393793,1973,256
6354,0.3839758860199284,0.20456704952663485,2075,256
6355,0.7405925473667314,0.8481400156194893,2070,256
6356,0.6208273693043164,0.6058190744046842,2068,256
6357,0.47345634635678024,0.32177494814170327,2163,256
6358,2.8577318933343157,0.7075648449395334,1960,256
6359,0.7603488252889612,0.21063454718658203,2114,256
6360,1.3957508046419254,0.58580260066624,1975,256
6361,0.8746159093721174,0.44436454056020525,2120,256
6362,1.4796439726461619,0.7415208449781816,2071,256
6363,1.2854705821682593,0.6557797929494609,2080,256
6364,1.0892417984815959,0.2093169115759398,2120,256
6365,0.12630994000390972,0.7417986468303441,2142,256
6366,0.0749337735756687,0.45583526980403766,2124,256
6367,0.17747904964781672,0.4796123608530085,2146,256
6368,1.316952343893959,0.463871875777748,1939,256
6369,0.6909920481040401,0.7104987741603119,1920,256
6370,0.7337475569277462,0.42914990402159525,1968,256
6371,1.054964679315641,0.2603697592759806,2130,256
6372,0.13573160108372445,0.897373933101195,2048,256
6373,1.7409513065346478,0.2249194497307786,1948,256
6374,0.10288251153196094,0.47466979259799325,2091,256
6375,3.7833987443261394,0.9989026571296984,1985,256
6376,1.6827810148572202,0.5975355007148576,2049,256
6377,0.4340501165630056,0.8564664421396191,1979,256
6378,0.2454705217967805,0.27535874925281867,1985,256
6379,0.8730631266979312,0.3113974390407993,2051,256
6380,0.7725661023127286,0.556150530616214,2026,256
6381,1.9121702576335908,0.533596966981664,2098,256
6382,1.0876188588318312,0.5354013655396013,1956,256
6383,0.9867681735342798,0.06955255919152192,1952,256
6384,0.10348211658019531,0.5258096114577937,2043,256
6385,1.1513132399673502,0.5641726603639302,2035,256
6386,0.5351497719995918,0.6576063081228903,2014,256
6387,0.9272532653903967,0.9160892985629125,2133,256
6388,0.935150561970923,0.9276799543632508,2154,256
6389,0.12165733150632976,0.5837428280477208,1998,256
6390,0.37450884402349377,0.7508592713179455,2060,256
6391,1.4239536677477307,0.23330750262187516,2093,256
6392,0.03198373480884529,0.11724453477898389,1975,256
6393,1.034740249036637,0.4217703402683881,2102,256
6394,1.4617333789476068,0.7483625290673757,2148,256
6395,1.5979265500113327,0.6113871585590858,1928,256
6396,1.540903713470886,0.39618078832580406,2167,256
6397,0.12616430185922936,0.44021376233941956,2162,256
6398,0.17075769974005725,0.93831585314583,2064,256
6399,0.2017300842325846,0.14314813803398319,2175,256
6400,2.161804074640059,0.566615184891032,2121,256
6401,0.16983099169540264,0.7289536537060045,2141,256
6402,0.5648549974646407,0.021046422377448137,2159,256
6403,0.5971200376619558,0.14116893424303512,1944,256
6404,1.2829201310388811,0.9926714096814373,2020,256
6405,0.905231369125686,0.29935647689647127,2144,256
6406,1.1624920874587823,0.930330625987312,2095,256
6407,0.5049534734551488,0.15574862523033517,2076,256
6408,1.1494863258767603,0.3895162305385179,2091,256
6409,1.2558004000052263,0.8167207040889385,2070,256
6410,0.24350180388569695,0.3490978397170257,2037,256
6411,0.2730578927424518,0.31053118132467394,2086,256
6412,1.557345386312624,0.8052717624502373,2141,256
6413,1.0487548388915058,0.46973533788029087,2156,256
6414,0.0891775323647009,0.3865875229482503,1940,256
6415,0.7585811318615904,0.7242764963079322,2079,256
6416,0.18279643330077414,0.2478087701250149,2028,256
6417,0.2487844800713768,0.8078395580678682,2004,256
6418,0.4905599840039842,0.4021063820209775,2139,256
6419,0.6087037855534765,0.2570319327985082,1971,256
6420,0.058385687471462014,0.808324219010378,2097,256
6421,1.8118126888002821,0.49932081156914143,2054,256
6422,0.1143038840320356,0.12952531082342422,2011,256
6423,1.0691159686936276,0.5867764655170796,2100,256
6424,0.13008852355604159,0.44655682880533387,1941,256
6425,0.8664455422753476,0.9418398355215978,2104,256
6426,3.888774135966552,0.042670045325064354,2008,256
6427,0.5852475824561669,0.5497161108107966,2164,256
6428,0.201068047880053,0.4604282122904988,2088,256
6429,0.5604392958924288,0.8467408234065961,2151,256
6430,4.207426935138506,0.13545272938125774,2128,256
6431,1.761756944805177,0.523064236679117,2111,256
6432,0.018657305249538743,0.405871156382141,2077,256
6433,0.32275528508231954,0.49369027612510286,2028,256
6434,0.22056280558440788,0.06752188752839072,2084,256
6435,1.2630823640092663,0.8496345869220068,2014,256
6436,0.04304323121477441,0.33941861651055205,2143,256
6437,0.6239078941167685,0.16441063462495265,2096,256
6438,0.07254809324661046,0.8341809849799974,1972,256
6439,0.991494450849746,0.436844610829602,2155,256
6440,1.273235336838273,0.1857394870486634,2069,256
6441,1.1183205681607404,0.2668743016121381,2132,256
6442,2.3741943723743257,0.3895367705313556,2006,256
6443,0.15435429544345158,0.5079406981144307,2109,256
6444,0.09459983870136528,0.6006648431479802,2091,256
6445,0.5523941150266154,0.5873243447877794,2036,256
6446,0.2283837833697011,0.7578205644661674,2153,256
6447,1.5619741016213917,0.4078206788813612,2032,256
6448,0.4437717290274164,0.6117234560244063,2143,256
6449,1.77068966462802,0.9005967267194858,2046,256
6450,2.088587505802343,0.16821722666083605,2110,256
6451,2.2078079248648614,0.7909754586776347,2097,256
6452,2.4062486116187007,0.9646301474899872,2098,256
6453,2.93439062625836,0.34813987799675006,2034,256
6454,0.2196100003802278,0.30590153118893915,2133,256
6455,0.48468498850830716,0.6803399464037921,1920,256
6456,0.15457627904918358,0.7936140110181483,1996,256
6457,2.71439212821373,0.6541852213046253,2087,256
6458,0.4723409166118204,0.09533481212237227,1928,256
6459,0.020161156177234366,0.592347711941209,2005,256
6460,0.7826722203387452,0.47258811101564746,1971,256
6461,0.6141913806925666,0.8799144992374303,2138,256
6462,1.4437029279915352,0.6208829241360566,2147,256
6463,0.716386604960598,0.011666085018187111,2091,256
6464,0.9614179176898184,0.07746975076703422,1999,256
6465,1.9714655266295191,0.422488549694366,1964,256
6466,0.2658290192823516,0.7020158588757808,2150,256
6467,1.6959446562241045,0.5097775030135957,2020,256
6468,0.8989439925390007,0.6067775422122967,2117,256
6469,0.9557172917200099,0.2943660948907224,2081,256
6470,5.096573987237128,0.9225664185016371,2002,256
6471,0.047472031766026615,0.04690140049582503,2155,256
6472,0.07592388385083876,0.26792488057661235,1952,256
6473,0.6292855482328772,0.39563203184367945,2151,256
6474,2.5453690385347785,0.01317979348612175,1922,256
6475,0.7750504843325207,0.7542183693541383,2123,256
6476,0.7542986274571677,0.2529814989812993,1942,256
6477,0.4465862538935481,0.04214097491141866,2061,256
6478,1.6355279154064484,0.3184415629871621,1949,256
6479,1.4352038372690377,0.010583811698488543,2035,256
6480,2.3564463223904415,0.9185732572330189,1960,256
6481,0.4211815500130821,0.7732896785741478,1940,256
6482,0.30349619310630455,0.7543845510627402,2039,256
6483,0.7351039059198489,0.5946497216750178,2003,256
6484,0.6240805983390285,0.09369490568087491,1952,256
6485,3.2409974109435864,0.25261823710789566,1944,256
6486,0.4093275545783105,0.49228746753654395,2091,256
6487,0.012513489000016463,0.7725336390143875,2130,256
6488,1.7975284245919556,0.6384186657087259,2126,256
6489,0.7854839454573871,0.9751227803853999,1930,256
6490,1.338157245516649,0.3311835816287796,2152,256
6491,0.167595652562366,0.2917756219428216,1934,256
6492,0.31077750048207337,0.6305768074305921,2025,256
6493,0.5482717410856264,0.2353621231236358,2124,256
6494,0.11936239155159764,0.9619584355827586,2023,256
6495,0.3514687751958364,0.3644875138760213,1928,256
6496,1.5531997324792717,0.17812996435038275,2032,256
6497,0.3602433269462537,0.9333154382598212,2123,256
6498,0.036500191587954735,0.9106857635175098,2056,256
6499,0.6186722032035834,0.6465405599223447,1955,256
6500,0.5097416953697181,0.7817467238901208,2148,256
6501,0.2175703415554926,0.21389821164092204,2152,256
6502,0.4545152999300848,0.9201894910267268,2111,256
6503,0.7610939266156445,0.7653941312376341,1958,256
6504,0.05901656766234211,0.5696458117921076,2001,256
6505,3.1238070921042844,0.4740920728852982,2093,256
6506,0.4149880730993049,0.05339402199171528,1968,256
6507,0.5648724116493046,0.6304648179255297,1935,256
6508,0.0542111113257804,0.0066385975192418956,2108,256
6509,2.265557691194918,0.021911558897741767,1951,256
6510,1.3683402993618932,0.14509623488876633,2093,256
6511,0.12159086650388802,0.9399612713680965,2083,256
6512,3.349387272389686,0.1424733574571856,1972,256
6513,0.01888650981500712,0.4082077192700191,1964,256
6514,0.0008708443200267668,0.23124742100477136,1921,256
6515,0.5822046557506484,0.7539119408029774,2028,256
6516,0.01140231334233341,0.1454204885512025,2107,256
6517,2.004184665398927,0.4684860823531032,1941,256
6518,0.5831830089102396,0.9924674339044058,1948,256
6519,2.047443223964986,0.7822426765434273,2123,256
6520,4.622120075130001,0.9240762966785732,2001,256
6521,0.29706266853201635,0.7979055885265737,2143,256
6522,0.9733430097659747,0.16062713762719372,2037,256
6523,0.10442250268770183,0.956942878383315,1952,256
6524,0.6915580027273861,0.007642703638727322,2109,256
6525,2.5182500663537133,0.46462475224790334,1939,256
6526,1.9708989934944678,0.25002091426811135,2122,256
6527,1.012533202338141,0.16264299682951022,2142,256
6528,0.23033761891693838,0.6190570947307644,1968,256
6529,1.322897427880408,0.689170373401467,2058,256
6530,0.49258173891700124,0.5912512738179435,2038,256
6531,0.1647731573200666,0.9923090339891186,2142,256
6532,0.36466676380616353,0.18519872743371213,2111,256
6533,1.2941906275616053,0.7370046585780488,2099,256
6534,1.5387404492846977,0.07630739056658953,2111,256
6535,2.4633421316186763,0.7028519674877489,1960,256
6536,0.05644118243070982,0.7901144461981681,2114,256
6537,0.32553682346776047,0.8317142907471925,2142,256
6538,0.3262059602898845,0.8782181249252908,1966,256
6539,0.2124339916002296,0.9324124805553158,2113,256
6540,0.4486882820408394,0.4075984660016101,2004,256
6541,0.20785738757292677,0.35863627190280434,2020,256
6542,1.448604875282526,0.03639931405410768,2054,256
6543,1.2419060838947034,0.021214210606660844,1954,256
6544,0.6032866522440633,0.5131304499689707,1928,256
6545,0.1398125884139618,0.2682971566800786,2132,256
6546,1.2968101786937054,0.10252107527350984,2003,256
6547,0.2478644795816197,0.695945747254577,2050,256
6548,0.6446578823077143,0.2778759298910367,2006,256
6549,0.13206179560692138,0.37097466162240067,1996,256
6550,1.178199292463231,0.24579411162697895,2053,256
6551,1.1807025122813817,0.2860893667617377,2108,256
6552,1.2940780647457413,0.1325304772807785,2096,256
6553,3.6228754389289355,0.2101988039170659,2167,256
6554,3.365018642032449,0.20374665026437944,2001,256
6555,0.34244087799391,0.5620467329538604,2165,256
6556,0.3292150493867526,0.567054209081804,2043,256
6557,2.800269453246959,0.8248569675974677,2161,256
6558,1.6302476962134114,0.6333022742151291,2152,256
6559,0.5369123307449675,0.009250104516890678,2080,256
6560,0.7878896300368721,0.25808332464342976,2108,256
6561,2.6100771089279498,0.2801902377569614,2070,256
6562,0.5918232721450238,0.4312845559759241,1947,256
6563,0.2541995043463229,0.8277007231581137,2132,256
6564,5.190658909033776,0.7254233545428478,2021,256
6565,0.20596181363053487,0.1706342592570429,2012,256
6566,0.18526312886024485,0.9546047080778801,1964,256
6567,1.5345961865773758,0.37340657778011244,2006,256
6568,0.8941760129326015,0.18667691876511394,2153,256
6569,0.8783895142516339,0.5459985415012352,1999,256
6570,1.3079808238772184,0.6301480045997573,2023,256
6571,0.07255177539497319,0.22420369027297526,2155,256
6572,0.20144817118160271,0.8610512734573839,1923,256
6573,1.7071784137375092,0.8026807924436481,2023,256
6574,0.23928878558968658,0.059471513202304815,1981,256
6575,2.8342596192954024,0.907614870103963,2175,256
6576,0.15100200126579008,0.5225478595735205,1945,256
6577,1.46057193997715,0.062315593460726126,2116,256
6578,0.2914961596177517,0.38635042991829505,2005,256
6579,0.8293931381454062,0.17562192444964475,1952,256
6580,1.524721341839922,0.6306083354879252,2105,256
6581,0.7290858838918396,0.41511493805162536,2160,256
6582,0.409087985150684,0.06952432446833756,1972,256
6583,0.14483528286148406,0.39240690633177255,2161,256
6584,1.3668334000414497,0.24872982241236719,1959,256
6585,0.10114378423843759,0.7641363614502586,1973,256
6586,1.5013321683338416,0.49659057695176345,2106,256
6587,1.3412573787492557,0.07985422728114044,1972,256
6588,1.0062170310450451,0.440519372272576,1976,256
6589,0.34485115384507736,0.72897826581717,1966,256
6590,0.6402435773346936,0.6857924220311488,2066,256
6591,0.08021062214855756,0.9163164985708686,2012,256
6592,0.2359219570352217,0.553164349574091,2023,256
6593,2.63374075960356,0.5819304005183034,2134,256
6594,1.0954907616526603,0.8307702244195139,2014,256
6595,0.5079141432361247,0.19780823017514337,2124,256
6596,2.118029864264182,0.04336954109072766,2033,256
6597,0.9388620925831983,0.6970582994434994,1921,256
6598,0.29111697859039115,0.11395965024979027,1986,256
6599,0.33446301310765336,0.6028948628919839,2064,256
6600,0.3685344327176072,0.22070580089525194,1959,256
6601,0.9204358584773163,0.9276219228195683,1968,256
6602,0.9651818781060421,0.7285410112530355,2070,256
6603,0.33429553314517957,0.5035722469277893,2121,256
6604,0.5245981323987702,0.31669483335881743,2051,256
6605,1.2780948371150067,0.07376878492210415,1988,256
6606,0.4322726479884964,0.24956622604698786,1987,256
6607,0.59024726024812,0.6099918180761676,2164,256
6608,0.6821875605888638,0.14420883033304532,2145,256
6609,0.40590103088476515,0.43525806031748804,1991,256
6610,0.3226183394475224,0.06740190389537104,2107,256
6611,0.17590809252700398,0.14203977872398788,2137,256
6612,0.2830544500905603,0.8880985037820831,2064,256
6613,1.5546338471167915,0.9628316432428634,1985,256
6614,1.4559188479011524,0.16849374554455,2081,256
6615,0.5458770986350931,0.8362835825555425,2155,256
6616,0.1297747179804221,0.3514252020502636,1997,256
6617,0.5338034107358157,0.1225482287819395,1998,256
6618,1.7810017735239385,0.044408253153423005,2086,256
6619,0.3432703012339511,0.7530936959491552,2034,256
6620,2.3619527278166665,0.7610754850580905,1924,256
6621,0.21179274038464027,0.07117480710650026,2127,256
6622,3.552543435676469,0.5865210807672451,1999,256
6623,0.27915714382332163,0.9281323069252956,2146,256
6624,0.6037709324774161,0.5203370966586524,2026,256
6625,0.38149425005492366,0.4757878486353183,1963,256
6626,0.38531727505227986,0.9924589087359169,1936,256
6627,0.1521652462924739,0.5718640006894847,2068,256
6628,1.4017587933859146,0.3895005996011056,2067,256
6629,1.1663262618024959,0.6142451374394694,2016,256
6630,0.4330468962881492,0.3967334214512227,2012,256
6631,0.5452142130819534,0.02354653728204803,2175,256
6632,0.5064314694277916,0.37470013843690797,2155,256
6633,1.0743647954833029,0.3134103783209372,1946,256
6634,1.5315781260654449,0.1989827718533076,2117,256
6635,0.36647279642893416,0.25364091382455023,2092,256
6636,3.4300042782262925,0.718972081109478,2124,256
6637,0.05546199948414098,0.23585048410124354,1999,256
6638,0.09519944582342112,0.5345990623361607,1947,256
6639,0.4983110751523667,0.6652645105661467,2074,256
6640,0.18074520277524542,0.07278281011826337,1945,256
6641,1.4086728434892632,0.9883963766428439,2063,256
6642,0.3879473404710474,0.31381144491771573,1959,256
6643,0.561687709719529,0.07851105643784317,2115,256
6644,0.4031773128736953,0.8854567431343289,2168,256
6645,2.324612445272229,0.2617812487011627,2021,256
6646,0.0805367221286923,0.2451043786441327,2113,256
6647,1.1335751996197945,0.7624809676766664,2021,256
6648,0.941078164727434,0.038690505091091065,2149,256
6649,0.7372070956423408,0.6088553380650674,2160,256
6650,0.8173410367624512,0.024349924112313293,1960,256
6651,2.888763411675886,0.4270512166518502,2065,256
6652,1.1338172347335795,0.979414359530025,2171,256
6653,0.12347016731749282,0.8850749066712967,1964,256
6654,0.07820768046594141,0.9363541611974723,2045,256
6655,0.6943101453974626,0.47822281936298594,2154,256
6656,0.4082478061569394,0.24252239589196267,2097,256
6657,0.7743157472205618,0.028267807512850185,1995,256
6658,2.0989646656427556,0.2889472005920103,2172,256
6659,5.3185565648666335,0.12643601489401302,1923,256
6660,0.29792062040967765,0.5682597073594364,2010,256
6661,0.0457801648326576,0.7605821629728851,2116,256
6662,0.7633509393242494,0.9318694723590417,1928,256
6663,7.837871794978487,0.38795686362784365,2027,256
6664,0.06954640422899863,0.11831469113805171,2049,256
6665,1.5141896334990579,0.07808131582669764,2128,256
6666,4.488980495845161,0.7460474653408301,2048,256
6667,0.1475065184617101,0.9097299345231179,2039,256
6668,0.22996308659052087,0.9116286406424985,2161,256
6669,1.6876702763415827,0.9315260803646302,2009,256
6670,0.5865470872596336,0.43783037216174847,2040,256
6671,0.218853227273189,0.3407350995195251,2136,256
6672,0.7475116155689354,0.4622933688489105,1965,256
6673,1.1178843406280357,0.09190417059324851,2140,256
6674,0.3450465160561725,0.33284305888539845,1945,256
6675,0.766335792892496,0.47979812661767685,2051,256
6676,0.583633287340871,0.3318226272186209,2040,256
6677,0.027620260597970837,0.34270435306512603,2085,256
6678,2.1181894864226716,0.5545622580977262,2145,256
6679,1.313288961001188,0.2876024594353178,2131,256
6680,1.3314557153957283,0.7805741502684669,2011,256
6681,0.03268551783333093,0.39979784110598626,1956,256
6682,0.13830953895732154,0.23589530904204292,2086,256
6683,0.6612395879157005,0.9178576603147398,1998,256
6684,0.8015769331477276,0.36696764410997784,2072,256
6685,2.144200716799601,0.4031675854821083,2144,256
6686,0.7340948403453903,0.46887722017194633,2090,256
6687,0.7568771800021645,0.3957962059907584,1922,256
6688,0.10133562909679193,0.06647773414451186,2027,256
6689,0.4039815943789039,0.5749578623778481,2066,256
6690,0.15744923239459993,0.0675793089089275,2153,256
6691,0.5389886052898478,0.5708709064391778,2105,256
6692,1.8636083823311178,0.06352039484792538,2151,256
6693,0.7896025122080421,0.6160835635801282,2102,256
6694,1.3925774079309883,0.2815715174353649,2018,256
6695,0.6979935959664191,0.2761942923446492,1950,256
6696,2.0269243859265242,0.26086974238390304,1940,256
6697,0.712634980497529,0.08982447196979404,2146,256
6698,3.653340580770574,0.08176385229064109,1929,256
6699,0.8241796981552688,0.35485535100313037,1963,256
6700,2.717993619468381,0.8852426741676732,2020,256
6701,2.5898733160123872,0.24179778764385296,2031,256
6702,0.4516533966276316,0.4989612144209088,2074,256
6703,0.3616386657688095,0.3248612023124351,2088,256
6704,0.6237199898976598,0.23152454225043984,2092,256
6705,0.5566279320412888,0.614095918744844,2057,256
6706,1.2316669840488974,0.35751463259538596,2104,256
6707,2.6695818565256917,0.3627468987032113,2041,256
6708,0.8328036762170452,0.6626225009864337,1974,256
6709,1.4960422955813841,0.37473116993251643,1978,256
6710,0.16002172094776598,0.8553428485118358,2101,256
6711,0.5038437707693157,0.561720447244397,1951,256
6712,0.2504290590837687,0.20360684443487542,1958,256
6713,0.8885999418521863,0.12189279340741699,2113,256
6714,0.06804760278453942,0.9213481719375549,1986,256
6715,1.0966493239332502,0.1312120777816842,2072,256
6716,0.12013255540616574,0.9728764275449837,1979,256
6717,1.065596286252108,0.9601747018662724,2044,256
6718,1.4918219348598392,0.07594225101788976,2055,256
6719,0.5090870383798011,0.32538635271395255,2026,256
6720,0.23539860076727614,0.02288339482540014,2047,256
6721,0.44726730307767965,0.22333146467629117,2035,256
6722,0.5466913478982864,0.6813722421897548,1988,256
6723,1.1824581275236363,0.23994632263025195,2066,256
6724,0.3887642656963921,0.4789279888921414,2065,256
6725,0.2458107372476322,0.418854413132979,1985,256
6726,0.96807671092319,0.761289252837326,1965,256
6727,0.10927018533957623,0.44127922206058046,1949,256
6728,0.07066761047582566,0.16884999557164226,1999,256
6729,0.2430422668694297,0.1858267510053837,2158,256
6730,1.223558845291635,0.40511525270422377,2101,256
6731,0.5404451214799632,0.38690274484938847,2030,256
6732,1.4976400334395958,0.3622764395538477,1984,256
6733,0.6888613343232675,0.9140930997943669,2094,256
6734,0.6678579421363344,0.1378791394280554,2059,256
6735,0.2933237564919875,0.7188441833183945,1949,256
6736,0.09021291671744076,0.7897131408250596,1978,256
6737,0.8086605795807259,0.03731100194422765,2015,256
6738,0.9429685232298962,0.682931958166841,2141,256
6739,1.9143142252918302,0.6857374034344851,1934,256
6740,0.15395449435907363,0.4471233787802632,1956,256
6741,1.3537641073175213,0.051301983901011594,2058,256
6742,4.269776648417696,0.7904184432539767,2071,256
6743,1.3237834683844505,0.22452418963637166,1992,256
6744,0.19307305523490778,0.3352282982236603,2156,256
6745,0.17325265814707283,0.21257630278619544,2080,256
6746,0.20462752007749807,0.23976230022335676,2107,256
6747,0.27018652974134677,0.6418920533887301,1949,256
6748,1.0725132261043884,0.27757235118193313,1959,256
6749,0.3936423732845743,0.8009817547220482,2171,256
6750,2.888686970412461,0.8472872794942113,1947,256
6751,0.20578367004987672,0.8321483283668015,2156,256
6752,1.2398545517259076,0.8033636280418829,2027,256
6753,0.140740605893563,0.7939196220848286,2158,256
6754,0.6417114163579817,0.5681356957886213,2155,256
6755,1.742864977961886,0.7504275533969567,2093,256
6756,0.1617484290488149,0.04037476411973817,2117,256
6757,0.8104767904111749,0.010637074173035943,1926,256
6758,0.8864234680172209,0.1864442844537998,2137,256
6759,0.7837788664847021,0.11245164624290815,2165,256
6760,0.5904096287975825,0.9578378833671183,2042,256
6761,0.9252532654833494,0.02466335596864,2016,256
6762,1.3480192321903675,0.2819088030276239,2156,256
6763,0.340328125446661,0.7294878653302104,1957,256
6764,0.8501338342689205,0.3038766607334066,2123,256
6765,0.10387185234275403,0.2749646632743724,2038,256
6766,1.414823779387187,0.43253782421700726,2000,256
6767,1.2553340587843278,0.7406676788709976,2042,256
6768,1.2160954782300937,0.4666794472165924,2122,256
6769,0.8538014205751614,0.8335799444328706,2148,256
6770,0.17250625608235207,0.3340618316728654,2172,256
6771,0.23536139691942187,0.7792261027662131,2032,256
6772,0.506505623557485,0.6534265905228958,2085,256
6773,1.3762469065787228,0.3778280275760679,2059,256
6774,0.3854339485711574,0.10020439688469363,2140,256
6775,0.4749986717887213,0.45837194024437733,2015,256
6776,0.5503120133111077,0.8959406246682475,2167,256
6777,2.014606735242071,0.35505045836238125,2100,256
6778,0.20778220560839872,0.11845553688009614,2171,256
6779,2.881594529970217,0.8913135094885032,2163,256
6780,0.300617572699518,0.358948208702917,2022,256
6781,0.04354795898789499,0.3328384814331895,1979,256
6782,1.534388125158211,0.04682400939925446,2072,256
6783,0.10950937779686332,0.7434974084628477,2067,256
6784,0.2979619249969381,0.6524163603737511,2062,256
6785,1.0792847798190601,0.3746911870470049,2094,256
6786,0.8187504509299031,0.798823023216597,2105,256
6787,0.22756128471674747,0.014469876292384942,1934,256
6788,0.20882407934693115,0.13990043119292161,2052,256
6789,0.19277449012299788,0.8342352310831935,2160,256
6790,0.12096523491131829,0.18774254328099538,1994,256
6791,0.2548981492059229,0.8900071587775479,2137,256
6792,5.024866887894542,0.08981180378773479,2056,256
6793,0.05847663849907914,0.4629374863832615,2058,256
6794,2.024461838969398,0.6548845540361877,1990,256
6795,2.0090732765042603,0.5466555551328499,2072,256
6796,0.46445713619812967,0.43302135778601225,1957,256
6797,1.4442377193728875,0.2292753082342185,2127,256
6798,0.3788454663959895,0.9935919683456186,1991,256
6799,0.05470862157013252,0.7362751842593369,1984,256
6800,1.7365910863484348,0.8152724563585703,2175,256
6801,0.0889031671601309,0.09898227965019912,2152,256
6802,4.812395493730785,0.09870183884025974,2134,256
6803,1.6116258579926153,0.4548430181799411,2115,256
6804,0.4178555996671069,0.9577078653628853,1951,256
6805,1.6670425109925875,0.28793818886444766,1997,256
6806,0.3997846910449986,0.5644591081234898,1924,256
6807,0.44671810759384895,0.8165014613992458,2099,256
6808,0.5546026984338113,0.4654439136446554,2155,256
6809,0.3623442946647476,0.2764063628399177,1968,256
6810,0.2596805746327244,0.8646034139462094,1967,256
6811,1.492798854729462,0.8967511235353077,2021,256
6812,0.2415542217935269,0.8947950576034143,2006,256
6813,0.5596813149345191,0.6044397571807419,1959,256
6814,0.5749799579282745,0.6427884365835888,2173,256
6815,0.13949833477415038,0.011401946120261686,1969,256
6816,0.4826726633782075,0.4454731576713882,2095,256
6817,0.03539299965209209,0.5236997422078072,1985,256
6818,1.4835379121924308,0.8437693886721073,2149,256
6819,0.9863596188244327,0.2678632321696661,2176,256
6820,1.2119977347203548,0.07637641047991162,1979,256
6821,0.512324814740593,0.8123882352871472,2098,256
6822,1.296304289009722,0.06946146113300389,2042,256
6823,1.9742881374885235,0.06419719629922771,2098,256
6824,0.24114288716287,0.8497546159682969,2171,256
6825,1.456741424224643,0.5654999179939226,2173,256
6826,0.2795042095674474,0.9306634870954255,2016,256
6827,2.677106321580167,0.7941406981496812,2166,256
6828,1.8762342830713874,0.30790665344455914,1932,256
6829,2.0694947361051024,0.49676372920944256,2149,256
6830,0.30148568116774993,0.204060698102147,2029,256
6831,0.39577993629723596,0.08822084280325626,1964,256
6832,1.042887232547903,0.8370797807704836,1961,256
6833,1.0307276865603583,0.9204977654605794,1980,256
6834,1.4479985771633657,0.2708239633162369,2081,256
6835,0.673935039877542,0.6832912415481621,2038,256
6836,0.9842992357999705,0.9718371573770175,1966,256
6837,0.9897762907496406,0.1550059810492157,2067,256
6838,1.324290565971169,0.7380509189904146,1986,256
6839,0.6468118934950519,0.606682936649235,2085,256
6840,2.101893053779078,0.09110642297429372,2171,256
6841,0.8818096629578159,0.41077907902350186,1995,256
6842,0.8961136058569965,0.26992896502325714,1932,256
6843,0.25851856002849133,0.8351816052677123,2001,256
6844,0.0807080258323686,0.4556693525172062,1971,256
6845,1.6560995878394849,0.4302265254100063,1958,256
6846,0.07469081494900716,0.670453062630896,1953,256
6847,3.1978968181357494,0.7393136886545931,1936,256
6848,0.12067756470649137,0.18325605882866813,2064,256
6849,0.3524506926693925,0.42815473986802033,2067,256
6850,1.0984926445097887,0.4642374441130984,2053,256
6851,2.029299977970056,0.022029416704403282,2131,256
6852,0.44771944255290996,0.10711098955054976,2130,256
6853,0.3926306379699939,0.1169795677755191,2098,256
6854,0.660636499994859,0.13045692866797742,2062,256
6855,2.197081260836173,0.6050805939794778,2011,256
6856,0.7066677525060079,0.6109536098468772,2028,256
6857,0.2584650969444996,0.8229773156806416,2156,256
6858,0.310696076468765,0.2629264156789697,2098,256
6859,0.34128751802424256,0.5666914444507376,1965,256
6860,0.08585930294938446,0.36073905728673306,1970,256
6861,0.5685312519271357,0.5757949712457416,2052,256
6862,2.178530111084549,0.5231242787323007,2017,256
6863,1.3578099172138425,0.44032641589459653,1957,256
6864,6.144782278989163,0.1480899629410598,2030,256
6865,1.6056355901917048,0.4126719631257334,2077,256
6866,0.2867982334565712,0.6142813667500369,2062,256
6867,2.1241980856777016,0.9245345231051484,2084,256
6868,0.13459105904007643,0.4059104160687149,2017,256
6869,0.5170773814664293,0.4644667070002527,1931,256
6870,1.1420819717156963,0.5810660176613306,1988,256
6871,1.4098094570845574,0.8710530502364351,2004,256
6872,1.4490297202339608,0.89362347684978,2165,256
6873,0.7131334203204436,0.5352591355062762,2102,256
6874,0.9549044436570469,0.0843715221597805,2099,256
6875,0.6904164798802702,0.5373602165927303,2142,256
6876,0.13726927132773153,0.044285674102307104,1973,256
6877,2.727922608188017,0.32416143237824013,2140,256
6878,1.2729758050670141,0.12792154943765877,2139,256
6879,1.2589870813156614,0.24363242982506295,1948,256
6880,0.39270411324596216,0.7084912679678187,2111,256
6881,0.08652467652162744,0.8004484142596385,1927,256
6882,0.19272390858583807,0.760624916311469,2123,256
6883,0.8828777746550913,0.6843312695025583,2032,256
6884,1.1916204581328869,0.11221729541824654,1953,256
6885,2.873093731169986,0.6632461921913679,1950,256
6886,0.7706834769633365,0.44784352210548406,1956,256
6887,0.0900123789592801,0.8329592609082376,1929,256
6888,4.013290569342871,0.2318398468961005,2016,256
6889,1.01596459435749,0.9975798999308113,2064,256
6890,2.5073935503936475,0.8297276750910451,2150,256
6891,0.514256553335722,0.13824483372883867,2102,256
6892,0.5629096064614948,0.06860652725982141,2099,256
6893,2.606975701707501,0.3752988542072452,2122,256
6894,0.5678786308281091,0.5476128726472734,2040,256
6895,0.7592643507856391,0.5569564586452647,2141,256
6896,2.2823605585103914,0.7596473452390141,2045,256
6897,1.9182093628350723,0.5267562790366529,1959,256
6898,2.179697384796343,0.039681841526451045,2107,256
6899,0.5941947914954138,0.5126339451205343,2109,256
6900,0.7022155778378252,0.7166547119250363,2117,256
6901,0.09311281363577453,0.7058990972673199,2081,256
6902,0.2874107444654377,0.31015031681705574,1939,256
6903,4.174381671765324,0.5047761689427983,1938,256
6904,0.07234018855862681,0.7179495549507495,2046,256
6905,0.32195062022482435,0.30033105211130307,2129,256
6906,1.51032798569729,0.6391921620371955,2096,256
6907,0.8435392236258604,0.33939981923431095,2175,256
6908,0.4496050058340308,0.5502265137858801,2118,256
6909,0.807313982114043,0.6096974639910451,1991,256
6910,0.7499398472482068,0.4445954079364346,2094,256
6911,0.15112655100310257,0.8795904826302863,2001,256
6912,0.2732102184996081,0.7514058205135317,2166,256
6913,0.6459047085090481,0.5833226459373297,2029,256
6914,0.8939133566473133,0.9667259063563249,2073,256
6915,0.1141122867202566,0.07563444355179194,2056,256
6916,0.15830299742722317,0.6956374193067688,2006,256
6917,0.19073739135024811,0.7033863314090998,2098,256
6918,1.0729349233440382,0.13268462751747379,2018,256
6919,1.6710501003311808,0.3666456870080633,2137,256
6920,2.183155706713918,0.29079279177327944,1932,256
6921,1.3646174376228157,0.9818640236167491,2063,256
6922,1.1321741207463907,0.9355107152133932,1931,256
6923,2.6590026802697473,0.30189695445107956,1947,256
6924,0.9690976645455309,0.08245064735679675,1979,256
6925,0.6709341554498954,0.3678324753665375,1932,256
6926,0.458258029618421,0.24042952464518075,1933,256
6927,0.46747221482928536,0.42493651970261337,1965,256
6928,0.4821148692314566,0.8786035691827598,1990,256
6929,0.005840078402390778,0.555220757488749,2012,256
6930,0.4533115683316753,0.2379221600487631,2164,256
6931,0.20496480003372247,0.1668076537687212,1926,256
6932,0.1843164335151172,0.352584322790234,2051,256
6933,0.9523856133657602,0.10669111071857362,1930,256
6934,0.16986976599205722,0.8568241377191537,1939,256
6935,0.313625556006273,0.8385573878208653,2144,256
6936,1.1583086695717362,0.5879387486999301,2141,256
6937,0.20204834585486564,0.7094083338455195,1968,256
6938,1.889929768104775,0.008196893710028186,1940,256
6939,3.2973084632872243,0.3648486650120464,1936,256
6940,1.194868665035813,0.580716256168401,2042,256
6941,1.1177167966650707,0.9992847126576095,1979,256
6942,0.15556821040433585,0.40371632880258923,2175,256
6943,1.1608155270546863,0.6802577216513406,2083,256
6944,0.5004276061452498,0.7107706971359724,2061,256
6945,0.10734396892987827,0.23084029526948446,2097,256
6946,0.4584941030194996,0.713074563553231,2021,256
6947,0.6265914885341488,0.45814739858740516,1975,256
6948,2.195053721660217,0.555577106260451,2026,256
6949,0.36327516236022345,0.25116573057105895,1989,256
6950,0.07566462680255504,0.5231187629085216,2080,256
6951,0.37389695449989335,0.9690131072884661,2010,256
6952,0.06273281672154672,0.9846453985712563,2126,256
6953,2.3184397468452884,0.396086273079313,2094,256
6954,3.670613314412353,0.8960516871598335,2010,256
6955,0.6686625331485956,0.7466899896305822,2069,256
6956,0.5373662683553457,0.27314463339942907,2069,256
6957,0.8872950243965813,0.02623627896524139,2159,256
6958,0.5299972827352644,0.8905161656103083,2098,256
6959,0.19626793210420407,0.1522659097467065,2156,256
6960,0.01266149907412729,0.21811276590390039,1948,256
6961,1.925388369630759,0.7822160736527342,2064,256
6962,1.2668251758895779,0.8261691215467549,2102,256
6963,0.32499150211668393,0.692905364994819,2026,256
6964,0.06490893883399704,0.787166682445935,2009,256
6965,1.04651601364401,0.5897266652037184,2042,256
6966,1.1888223011708614,0.0643723822147656,2076,256
6967,0.5826968167147611,0.25562661139969034,2087,256
6968,0.48830481801368414,0.8931188720703023,2150,256
6969,0.21043412366877687,0.5953824687988177,2125,256
6970,0.9977597159899426,0.19375141235711713,1928,256
6971,0.3228312585943451,0.051344528198915884,1977,256
6972,1.240111917318146,0.5288636119112223,2153,256
6973,0.3476961433789902,0.5278420112155252,1934,256
6974,0.3723499123057679,0.20807225510054828,2018,256
6975,0.2223401127146752,0.5918824970202432,2174,256
6976,0.7290686175100588,0.9992383922357506,1956,256
6977,0.3657263393045966,0.20422851987059076,2148,256
6978,0.7560852820468432,0.013706153250199415,2112,256
6979,0.18747631210617768,0.026889620145041926,1947,256
6980,0.02640232979591073,0.3020527831732356,2072,256
6981,1.8308982357285444,0.5525463373293089,2058,256
6982,0.0948480108187258,0.41536613452007265,1926,256
6983,0.6847658639850785,0.33730751726632746,1927,256
6984,0.07884104393152887,0.06312189006122382,2022,256
6985,0.1916661655628912,0.04863837058092635,2040,256
6986,2.7057929878619755,0.585530949897847,2096,256
6987,0.6976959267065421,0.5930142001456883,2133,256
6988,0.48197741400057603,0.6552303805302742,2024,256
6989,0.30992589822178046,0.24471082310094117,2166,256
6990,1.5675285399473022,0.07039831399199248,2001,256
6991,0.14779246600828316,0.48759669328490873,1958,256
6992,0.5253799283309888,0.9614180823318447,2118,256
6993,0.7859879280690494,0.29680092805964,2144,256
6994,4.805863756708718,0.9769751081391694,1923,256
6995,3.573807982997617,0.3189556907108064,2168,256
6996,3.8349542611499188,0.5078324239689477,2031,256
6997,0.2609252186023348,0.08503001650574027,2151,256
6998,1.3975881894139022,0.8508427669151111,1984,256
6999,0.15982402499834955,0.9410918442605525,1920,256
7000,1.3965620188679848,0.7795702216180531,2080,256
7001,0.043549496322081944,0.3734924205809145,2063,256
7002,0.45127233779735243,0.2353016146085387,2012,256
7003,0.35770808484458155,0.5785510938480878,2087,256
7004,0.6553246805743331,0.28053648721107927,1958,256
7005,0.903520202420223,0.943860827852171,2157,256
7006,0.7022939195367652,0.7055805614197376,2025,256
7007,0.027995950845126544,0.8074956784641845,1933,256
7008,0.17246871753754053,0.22247951858486548,2095,256
7009,1.394207482366205,0.14745809658173104,1982,256
7010,0.4995314114242612,0.4079801665781183,2095,256
7011,3.2785429329052755,0.13934014399023031,1929,256
7012,1.0916657644819634,0.9906514482136524,2006,256
7013,3.3073752266777356,0.21383232696438947,1922,256
7014,1.3330520720548906,0.9735424403011419,1928,256
7015,1.3410060217038196,0.21187256908913465,2046,256
7016,1.6017116197682595,0.5147518819696276,2037,256
7017,0.10876545488651353,0.31435996206161243,2045,256
7018,2.613360877811965,0.8347087605125355,2023,256
7019,1.1862934447783209,0.31744426151441196,1978,256
7020,0.806567437473139,0.01630774631514098,1927,256
7021,1.063344846513137,0.3376476369861324,2034,256
7022,0.8732959556252469,0.9323803059200596,1944,256
7023,0.3257449364185361,0.6829638729905013,2059,256
7024,1.181607377802323,0.12204443586805602,2017,256
7025,0.14633093215228785,0.5312550048646448,2041,256
7026,2.277529498719789,0.040113393456289614,2124,256
7027,0.6739657507002526,0.31423029946340564,2090,256
7028,3.398671255128515,0.11205232312413449,2129,256
7029,0.1974537000661832,0.002959514221498094,2105,256
7030,0.7883137720106757,0.22304201556447756,2006,256
7031,0.679490582231089,0.33614635017415695,2128,256
7032,0.48982123267723243,0.3631607386795186,2096,256
7033,0.07747522669640133,0.580495008356058,1945,256
7034,0.1248858010076625,0.15371914310968415,2115,256
7035,0.09654043941428468,0.6847472761009752,1999,256
7036,0.9230275816669915,0.18276693019333667,2000,256
7037,0.13309637176460487,0.7875194065738261,2026,256
7038,0.5074056468106849,0.07074296189453866,2027,256
7039,0.6098505385406237,0.9848941374507055,2084,256
7040,0.7576969372357722,0.9031359787152134,2135,256
7041,0.3988343476213961,0.30747797354357753,2031,256
7042,1.0027085116577765,0.9527049377907549,2095,256
7043,2.652150508530604,0.46198194658826786,2066,256
7044,6.0491654030354445,0.3745658724611819,1924,256
7045,1.0738444439728583,0.48621411882434096,2110,256
7046,0.5375864350024918,0.9174312552776308,1921,256
7047,0.04462753420242111,0.3617068588557205,2033,256
7048,1.0093699742250635,0.6786030529723539,1937,256
7049,0.4909641740352009,0.35303763344378924,2063,256
7050,0.11777513291476868,0.18889087481830424,1980,256
7051,0.5885396197581527,0.7023667565113847,1997,256
7052,0.06444425484829124,0.1984068750954988,2141,256
7053,0.09658446083009743,0.1443336108210025,2130,256
7054,0.23734593460704087,0.31603058543065277,2162,256
7055,0.1919602530770788,0.6747782289278116,1959,256
7056,0.4648579383936606,0.33091596528564193,2136,256
7057,0.04823833949947386,0.32532037742337794,2019,256
7058,0.31088750070743776,0.06252028028574852,2125,256
7059,0.6336834748274502,0.6629403236246888,2053,256
7060,0.9422432678219852,0.8480103492119628,2109,256
7061,0.44315984604887565,0.9320215790377905,2037,256
7062,0.9753499927055203,0.46760013703885395,2123,256
7063,0.09153234829410323,0.5902542547734241,1934,256
7064,1.8932321343898255,0.7136389194930108,2037,256
7065,0.583857223044745,0.0786870105321944,2061,256
7066,1.0151548046087266,0.18696644667133344,2004,256
7067,0.44756410019459886,0.5119662310726595,2117,256
7068,0.07927299760059726,0.5633425824774541,2083,256
7069,0.7000837813723977,0.7285478907361871,2117,256
7070,4.754447012481857,0.5890649871564938,2142,256
7071,0.11939370530532246,0.5326967103555564,2111,256
7072,0.5451889268237264,0.06978249496322464,2160,256
7073,2.1411367581049228,0.8046520721602745,2168,256
7074,0.5227896505124618,0.13667437508106095,2042,256
7075,0.44169725449131325,0.6894576582690068,1986,256
7076,0.7136193438938364,0.9113776500039661,2079,256
7077,1.250881602774478,0.4039194950822903,2084,256
7078,0.09077489295558795,0.9591620334867555,2119,256
7079,0.5553127490792525,0.7562016834589802,1986,256
7080,3.557633255358563,0.29852821707332244,2128,256
7081,2.1999686311284767,0.6006327010366945,2106,256
7082,2.1965043288190325,0.14818055789141593,2139,256
7083,2.0905418699266156,0.366704330879435,1972,256
7084,2.4289601648800656,0.9004472710843554,2131,256
7085,0.15491619818965122,0.8184833726859531,2057,256
7086,0.9527704721156196,0.6568033687229895,2090,256
7087,0.09565217464865344,0.25166428767514604,1965,256
7088,0.058589364038574065,0.2694303024814111,2095,256
7089,1.2839956360703983,0.4686868776557268,1946,256
7090,1.7682369556302509,0.5802618094273699,2035,256
7091,0.8092922957915084,0.11229909323885201,2005,256
7092,0.5175077904483975,0.40764660246771034,2085,256
7093,0.5151063769427727,0.9365926060546582,1935,256
7094,3.15185139144222,0.06326759322753284,2023,256
7095,0.9945020575434401,0.995984806190341,1925,256
7096,0.019523237347447618,0.0763669877799269,1984,256
7097,1.2122251822817047,0.759663123231394,2166,256
7098,3.382604583548368,0.5555005094420362,2128,256
7099,0.5314949314679186,0.9799882265909289,1979,256
7100,0.40446897296948714,0.4424037061656899,2061,256
7101,0.47473598450801513,0.46772637607485,2071,256
7102,0.04360555934139325,0.11281849754584816,2150,256
7103,0.7778218034660037,0.4456888585342338,2070,256
7104,1.9524552399779844,0.09837049388047592,2080,256
7105,0.24618289788985828,0.6987575471891194,2049,256
7106,0.33146799551957784,0.15286932873633596,2157,256
7107,0.543478871567901,0.37710376676211455,2052,256
7108,0.37728040343229663,0.24214307618944675,2031,256
7109,1.3794601363462817,0.6789645583707656,1929,256
7110,0.41911370394043346,0.18631768047718134,1982,256
7111,0.33350335908616074,0.010252002859378218,2174,256
7112,0.40288971417450103,0.43278553493085836,1954,256
7113,0.7485442132563418,0.7616276381036547,1949,256
7114,2.4445437776063685,0.6525377793006998,2143,256
7115,2.98219845873531,0.08013788853177395,2016,256
7116,0.9642914220208724,0.2757665326492096,1942,256
7117,1.0937646624824222,0.037263555528478265,2122,256
7118,0.33649305264913154,0.3407617327061374,2119,256
7119,1.1571640563891568,0.10232045449981197,2113,256
7120,1.720876845710949,0.5579443428154377,2150,256
7121,0.28610005002466565,0.9594104201383329,2014,256
7122,0.08181225976099103,0.5783071388191521,1980,256
7123,0.04738682451774795,0.4895590080656478,2002,256
7124,1.1761190194666982,0.09261997945201328,2065,256
7125,0.08239402337189314,0.4377618862219309,2169,256
7126,2.016656103402007,0.7547680028898727,1956,256
7127,1.1476429809296689,0.4068803508473704,1984,256
7128,0.2395847066047916,0.37659214082944936,2105,256
7129,0.1629270996220734,0.20512583515092508,2117,256
7130,0.07960681008274854,0.03343933210480332,1981,256
7131,1.7761141380331955,0.03807661343968127,2128,256
7132,2.906170751977625,0.24931961042617445,1942,256
7133,0.8089784248819164,0.5051308946794281,1925,256
7134,0.7365082196698224,0.1490571645784784,2169,256
7135,0.25807147688385984,0.8264138347302832,1939,256
7136,1.0047070448363165,0.7862148220578464,2062,256
7137,0.8343400512682986,0.5372962014301202,1984,256
7138,0.3150812674010152,0.6496168376008715,2017,256
7139,0.2691779735073335,0.5328207677675102,1987,256
7140,0.3335597346300037,0.5001447403824855,1941,256
7141,1.9131237067869549,0.02111570981951716,2005,256
7142,0.7744045485092594,0.24868371936810885,1931,256
7143,0.5708863654455896,0.3259909157242127,2112,256
7144,1.0982391207251223,0.3500489868936727,2016,256
7145,0.4937203519342702,0.9035175601622758,2054,256
7146,1.9832999408951257,0.7228050818494401,2025,256
7147,0.7380851223758926,0.5784677000603435,2043,256
7148,0.4789946475960121,0.4220921352465753,2014,256
7149,0.06893412747616626,0.34768879845469447,1977,256
7150,1.1347500267916846,0.9704989997023009,2128,256
7151,0.054869550158367704,0.6029772169732689,1943,256
7152,0.7665694279985666,0.5630630100289868,1942,256
7153,0.9420397816936179,0.04353275754054664,2174,256
7154,0.33631102952842473,0.010816907055996028,1973,256
7155,1.9174314095804506,0.5046165673031041,2077,256
7156,2.1241260624121585,0.10737803469246587,2101,256
7157,2.0267594302374126,0.8169142544757985,2156,256
7158,0.5999798911972233,0.9378123242840775,2140,256
7159,0.48577852811359395,0.9037305976584445,2047,256
7160,0.6362052081096026,0.8600083738904172,2077,256
7161,0.6326816937079404,0.7737098353103241,2004,256
7162,1.4303681419616345,0.21331939617864393,2142,256
7163,0.11314935019141804,0.9493393309423519,2033,256
7164,1.9064718270516376,0.8855405121527067,2162,256
7165,1.006855564271827,0.5230872094951365,2067,256
7166,0.495481520971446,0.4890317722353701,1994,256
7167,0.5375584790595315,0.6275327179646125,1958,256
7168,0.13767047385043074,0.9030080043669491,2124,256
7169,0.16072885606158482,0.04562092403675966,1965,256
7170,1.8255855078213827,0.6635365013091595,2095,256
7171,0.10980873277085886,0.8459415594697784,2115,256
7172,0.4224476781383467,0.0684660284336801,1958,256
7173,0.895180394138518,0.2606739102117255,2116,256
7174,0.43375467514823146,0.44006199944963764,2062,256
7175,1.2502296758718086,0.20768142285479319,2034,256
7176,0.7296690371443643,0.4279850579458352,2140,256
7177,0.1948460637613857,0.9592507613860328,2066,256
7178,1.1662823197843892,0.6792709798619401,2026,256
7179,0.7839521532816388,0.25405326871514367,1958,256
7180,1.4739928390385566,0.8086258908342223,1935,256
7181,1.2194997492564725,0.2843203585215939,1938,256
7182,0.2911321494330786,0.5398525940857036,1954,256
7183,6.019270672970275,0.7713895786175092,2090,256
7184,2.2037298146986126,0.9357481488045416,1954,256
7185,0.8410207017837458,0.4952815453220428,1947,256
7186,0.8641156076023735,0.22779817608385577,1991,256
7187,0.6509136895600465,0.47291173923531027,2164,256
7188,0.28165473561818344,0.02046813259310787,1942,256
7189,1.471925976220659,0.16165915368101935,2115,256
7190,1.6330757723577125,0.4364571334637143,2035,256
7191,1.648610074701348,0.7653562425435627,2047,256
7192,0.12413973997724642,0.5376605194777277,2174,256
7193,0.22497237315452256,0.6940398388889943,2060,256
7194,0.2395560928557827,0.4236006602462221,1979,256
7195,2.8619496808238214,0.6348723469685219,1985,256
7196,0.5592340768291051,0.4126640458591935,2113,256
7197,0.8388880956187339,0.2896559171969131,1954,256
7198,0.30208697031841314,0.942224267056658,2109,256
7199,1.015255404566075,0.8691357190322098,2166,256
7200,1.6641242425327087,0.9160410895193856,1976,256
7201,3.4800513814601635,0.8100515532072292,2132,256
7202,1.7884143721669044,0.398867058189981,2097,256
7203,0.341753479650399,0.5200237378560432,1925,256
7204,2.304623238621438,0.40226070042537,2099,256
7205,0.25103800084266514,0.5612030902213118,2052,256
7206,1.066495032397889,0.9494886339196853,2159,256
7207,1.5397020217363322,0.32257382052972927,2170,256
7208,0.05694896230936252,0.17448260513928904,2154,256
7209,0.39985890825298814,0.21650724274700295,2004,256
7210,1.297859922072007,0.9916803117696251,1937,256
7211,1.039659963334336,0.5678085617389429,2126,256
7212,0.6362827144237089,0.46013729297617745,2134,256
7213,0.4598612136661689,0.6358896559028275,2145,256
7214,0.67858435129311,0.9631467495356804,1955,256
7215,0.941402986098384,0.5727983856997415,2011,256
7216,2.773711204064173,0.9674184998558818,2042,256
7217,1.0213998574766108,0.2800888680585337,2131,256
7218,0.471307427355518,0.31948757503850744,1959,256
7219,3.6406753256422757,0.053150278573704135,2034,256
7220,1.1609934968122428,0.4377616827726659,2050,256
7221,0.444946499899206,0.24506862961182307,2161,256
7222,1.7444253505056302,0.5847306414671449,2114,256
7223,0.07142547756638315,0.756189238475278,2128,256
7224,0.5732705329974932,0.4975375596072714,2173,256
7225,0.492389162946469,0.3266825293249441,1935,256
7226,0.7919409574467338,0.08454457214438382,2067,256
7227,0.2827175926237688,0.5625983329753049,2139,256
7228,2.0531017386592434,0.060489026310934224,2118,256
7229,0.08157194870221708,0.9913406608956117,2145,256
7230,0.16048831633751492,0.5108005866179596,2030,256
7231,1.9067497516224823,0.0683123809622822,2091,256
7232,0.4783017492826754,0.30458586105867536,1926,256
7233,2.3344239493324963,0.035765165551550404,2009,256
7234,0.21113613384991647,0.09836221142262647,2140,256
7235,0.6446950232340729,0.8403316293434144,2012,256
7236,0.44323526325561274,0.8611607413249308,2045,256
7237,2.768202063669102,0.6107098074547533,2171,256
7238,0.14941522285218423,0.7915955921833026,2024,256
7239,1.3366118172654233,0.32177783233661683,2052,256
7240,0.6518563434185365,0.8836309209241642,1941,256
7241,2.5016206631593434,0.8806762811614166,1972,256
7242,1.8169704595536162,0.12313664278851744,2140,256
7243,0.10762751511696601,0.5844769625704059,2101,256
7244,3.039606738761515,0.8416438997939555,2113,256
7245,0.8001636780902597,0.11403304798072655,2107,256
7246,0.13694280388219843,0.5185454858272793,2094,256
7247,2.2340550601669054,0.8143469962672281,2019,256
7248,0.32899445850168746,0.10276104523131058,1922,256
7249,0.8242363244446069,0.2081431763429974,2134,256
7250,0.8259895577259568,0.896699573366115,1944,256
7251,0.5692462153255312,0.9471858288419595,1928,256
7252,0.2144806893397159,0.08196047882806756,2036,256
7253,1.6324528137078849,0.974151979116168,1983,256
7254,0.3547001304130461,0.4454433382502164,2043,256
7255,0.5229404213648297,0.2743034870088802,1984,256
7256,2.0741389543695306,0.5241907178399383,1991,256
7257,0.9695222442092057,0.5341057746612897,2158,256
7258,0.7988277378530131,0.4231763846564368,2015,256
7259,0.5561781381039975,0.5798788335561428,2049,256
7260,0.38458612374737317,0.4888323936319807,1966,256
7261,0.6397601432020652,0.05845095888085683,2097,256
7262,3.825334701632471,0.7896608178525669,2129,256
7263,0.02216815838600515,0.47716346819827293,1994,256
7264,0.5214041739171563,0.19153443208478038,2143,256
7265,0.26901281728507453,0.3790966258739856,2036,256
7266,1.2363212503512773,0.8716461240838043,2106,256
7267,1.1073475996632607,0.3069424690204602,2143,256
7268,0.6930263457779885,0.7362689514643894,1963,256
7269,3.9674213740247684,0.37645154065181674,1926,256
7270,0.6751177317335751,0.6003514334381824,1984,256
7271,0.28287915337266617,0.48010542281855795,2066,256
7272,1.7739572576885123,0.8684068988598207,2141,256
7273,1.7303897454046375,0.12598904574023295,2170,256
7274,0.9161480923426438,0.9020197319261087,2012,256
7275,0.21657943641779234,0.33942144437133737,2037,256
7276,0.17765673366800644,0.5337775741777816,1981,256
7277,0.9203238342060968,0.3268655882202275,2082,256
7278,0.17560224561975513,0.2773990469609712,2125,256
7279,0.31033486796612203,0.935466526546623,2165,256
7280,1.5110496189120948,0.5190358571579087,2012,256
7281,1.8516557639895048,0.7964584122008321,1998,256
7282,1.0778314661541282,0.30093968834419016,2096,256
7283,0.09286792161223442,0.5021072332675679,1982,256
7284,0.491659057557742,0.9629288371262333,1952,256
7285,0.12664992676989717,0.6911294625754184,2166,256
7286,1.0659506759497255,0.722565139209495,2053,256
7287,0.5682333854305832,0.038338205943959425,1953,256
7288,2.1887162343128885,0.5849496713942429,2101,256
7289,0.7779673732511241,0.3253688625922754,1942,256
7290,0.9450581060708025,0.08561418209105898,2018,256
7291,0.7461791050446482,0.20441052488281897,2013,256
7292,0.3708668193578281,0.7723961056042626,1965,256
7293,0.13406416345081662,0.07337424631610912,1929,256
7294,0.12552470404607624,0.30775614193135314,2026,256
7295,0.012919034081580027,0.39370725322809097,2045,256
7296,0.1710965032949727,0.7217899457070966,2176,256
7297,2.5087103875173202,0.2447502457927332,2063,256
7298,0.8551941839681582,0.43752289610375106,2078,256
7299,0.30513593930374466,0.24072482735091605,2021,256
7300,1.1339748106508973,0.2916803848124663,1967,256
7301,0.3467523895424091,0.8449963189249109,1937,256
7302,0.8744255649888876,0.7198526359787321,2044,256
7303,0.17629161140312247,0.15712637379935634,2096,256
7304,0.01621702142522841,0.6759331180527419,1931,256
7305,0.0617981940753115,0.23106600545332,1956,256
7306,1.0020388457866536,0.17801219694265924,1969,256
7307,0.44335144829074247,0.6794504013643852,2052,256
7308,0.5980138090664098,0.11517503614454494,2173,256
7309,2.187905889046982,0.73052745635282,2143,256
7310,0.18515596174832646,0.08774813452789998,2111,256
7311,0.6458861389424929,0.3009826213331681,2135,256
7312,0.6819726001287445,0.5705829169191595,1955,256
7313,1.213377955945666,0.6751808957148139,2111,256
7314,1.3969802866997285,0.6550310800039841,2012,256
7315,0.48259314894397337,0.15337766239289607,2045,256
7316,1.9896245006108169,0.8714291538789884,2123,256
7317,0.09350983424064581,0.025850067925354603,2142,256
7318,3.343924196308627,0.8616512089558713,1994,256
7319,1.48191472102296,0.6375211840608432,2016,256
7320,2.2068707725654755,0.739784441176569,2032,256
7321,4.577744416758861,0.3364499457252016,2090,256
7322,0.380625868022267,0.11453057995176508,2121,256
7323,0.9233378983744676,0.29998172661067857,2000,256
7324,1.893896612191551,0.4918968246826003,2000,256
7325,0.2778742053048522,0.7459370087040803,1941,256
7326,0.049536057461837736,0.06403738232187417,1946,256
7327,4.335513398860724,0.5343291669382478,1924,256
7328,1.5614196810514265,0.27518382783345596,2161,256
7329,2.293365477214904,0.7032774239212596,2033,256
7330,0.7483696377502786,0.761960693088327,2171,256
7331,1.2761032404692998,0.46229599652367015,2044,256
7332,0.3530432330357565,0.7581413980219035,1955,256
7333,1.1894353250783098,0.7316655046810693,2013,256
7334,0.262348153895768,0.4751853406409646,2120,256
7335,0.6944536012885925,0.6273534519403179,2087,256
7336,0.5250958815039396,0.028313732908123557,1926,256
7337,0.8173418544383956,0.25050042624579894,1951,256
7338,2.0320180474291996,0.44119428232482905,1952,256
7339,0.6412776109571875,0.4558941169704286,1921,256
7340,2.8582067976025796,0.08781631125204181,2031,256
7341,0.10160412117857735,0.12740500162054935,2140,256
7342,0.21043609000728283,0.48632145890944767,1983,256
7343,0.570068605531136,0.013979948310266388,2082,256
7344,1.0975726373769366,0.3540104966710047,2129,256
7345,0.30554828686438434,0.8409200026712048,1990,256
7346,1.5572551842835034,0.7047633824588186,1965,256
7347,0.9977754322594461,0.7083070713808469,2004,256
7348,0.5613122082789489,0.6804934065433015,1961,256
7349,0.5363041164177199,0.2114806752001508,2026,256
7350,0.7665878064468251,0.691688724554363,1950,256
7351,1.5493188151422594,0.4853166667369395,2069,256
7352,0.9746144570693638,0.028539362072634855,2173,256
7353,0.35377568867961673,0.9989605046984398,1936,256
7354,0.11289539072209431,0.7614241838624226,2000,256
7355,0.9227865970368222,0.3395767978614955,2171,256
7356,1.1334001838124483,0.273480722630572,2071,256
7357,0.38314751768117716,0.13649019994856193,2040,256
7358,1.218990876531769,0.7418029517240176,2038,256
7359,1.4096281797956156,0.8163053111043742,2123,256
7360,0.5035604079322826,0.06826423700763651,2154,256
7361,0.005608785910448079,0.6122872986030664,1925,256
7362,1.1852620284930486,0.15096743467451545,2070,256
7363,0.09861218009572978,0.8695855702565545,2107,256
7364,0.41460237527175753,0.07529227761094548,1952,256
7365,0.46587837107558805,0.36489113556800956,2039,256
7366,0.5358529643042881,0.26554738132447875,1985,256
7367,1.1320905216554502,0.7738709057860724,2111,256
7368,1.1022368431625045,0.29446393210293553,2060,256
7369,0.021086766593217388,0.5522421233192248,2146,256
7370,1.0732069545083107,0.7171020524758439,2137,256
7371,0.35550021425006134,0.3783232504765627,2167,256
7372,0.3582992211036699,0.6785705472760062,2053,256
7373,1.2209210344314905,0.299536337952478,2060,256
7374,0.7016777627601128,0.22267495603719778,2077,256
7375,0.11837378108404743,0.9341331632146737,1985,256
7376,0.054590494682896194,0.22206331274083657,1986,256
7377,0.03373226337119307,0.83303213798421,2153,256
7378,2.6196388137748294,0.8171082836896466,2082,256
7379,1.9760547555022936,0.8283603693380489,1971,256
7380,0.43864295087372895,0.9214510446471019,1978,256
7381,0.8786306131845053,0.6106374827984685,2124,256
7382,0.5705535108716113,0.18789680384833196,2132,256
7383,2.4604586900894376,0.2820871477969151,2176,256
7384,1.4127580307350567,0.8978952468054785,1921,256
7385,2.2139032082798726,0.23712317633529,1983,256
7386,0.4237605898988167,0.5367671222098211,2143,256
7387,0.3550322201892484,0.03972813781051898,2063,256
7388,1.017525233377138,0.5690988699551295,2116,256
7389,1.1507863595567054,0.030573633391169253,1966,256
7390,3.3305146995181882,0.9080231100514787,2155,256
7391,0.7845904732242606,0.06249583232663469,2003,256
7392,1.3166201243276174,0.3588854339245505,2091,256
7393,0.0056190917948365235,0.2343967317043424,1962,256
7394,1.108550249999788,0.7464770907556938,1968,256
7395,0.0347294146034518,0.5958785090825212,2068,256
7396,1.509504348879511,0.044620557295930396,2176,256
7397,0.7282223232090691,0.2185603216941917,2055,256
7398,4.569412175743843,0.8099813721877366,2003,256
7399,0.9819395174895095,0.9893139344884386,1953,256
7400,1.0471148766094753,0.34975010393305606,2132,256
7401,4.866624881045563,0.08075744704742449,2122,256
7402,1.8780338808801773,0.3169063319642311,2003,256
7403,1.2487405461089325,0.8548327365348829,2087,256
7404,0.632084951259857,0.40606694288059486,1935,256
7405,0.32095556272657233,0.19094923569749211,2009,256
7406,0.3827018552657198,0.4986081847764041,2149,256
7407,0.6350526355167565,0.10237188717463996,2023,256
7408,0.933771948659582,0.8024130697000328,2146,256
7409,1.010836598327269,0.025033049037059496,2149,256
7410,0.1988496011356697,0.36104802125683266,2044,256
7411,2.7603519543339163,0.3909949056731652,2072,256
7412,0.9949554686148001,0.5033009849002585,2157,256
7413,0.600720244120036,0.08730590125306559,2165,256
7414,3.2473764757601584,0.19967964808078764,1967,256
7415,0.5460198248345708,0.8927005805302786,1943,256
7416,0.20352485035487178,0.5937364248494433,1982,256
7417,0.056354112770839696,0.6855575828023037,2114,256
7418,0.8477582999860349,0.38163408367007,2082,256
7419,0.22803063673812632,0.23647938650167855,2006,256
7420,0.6797485542591313,0.813749259420258,1970,256
7421,1.6601026156639733,0.8270541405358524,2009,256
7422,1.8001175411358754,0.43543625683915554,2125,256
7423,2.759949353182785,0.7765739657020108,1976,256
7424,0.8111044883191566,0.626108311453304,2168,256
7425,1.1276062985976136,0.5438589032125037,2071,256
7426,0.4773077980199019,0.750043383322594,1944,256
7427,0.21462439738972153,0.0058846940888720445,2053,256
7428,0.17687126749315696,0.5456014954395421,1993,256
7429,0.11800262599620205,0.7814593434313167,2040,256
7430,1.896548385714669,0.6017682064263087,2155,256
7431,0.8043509072513452,0.061293536304506624,1975,256
7432,0.4780358966445785,0.5249023146010103,2014,256
7433,1.2549268931156987,0.0974276629424039,1989,256
7434,1.5533434850788914,0.6849532501843973,1993,256
7435,2.319550084415999,0.22503324896927712,1992,256
7436,0.2052839935606842,0.25643396060423373,2142,256
7437,0.5278618824782542,0.3127706873834132,2156,256
7438,0.8772235952408416,0.9471049825869104,2090,256
7439,0.6973314719033881,0.37194226449873724,2004,256
7440,0.5297261031255915,0.22371998453525277,1980,256
7441,0.6075360580092093,0.7680061998568634,2018,256
7442,1.0830182452554549,0.09604245781917287,1983,256
7443,0.7446794989813267,0.6039759184564604,2115,256
7444,1.226127603429499,0.9575713578772976,1944,256
7445,0.36251816650021007,0.13164229911675573,1957,256
7446,1.4838295792946952,0.5915211955622772,2125,256
7447,0.6478098711466855,0.32829167882745636,2048,256
7448,2.056125878954186,0.03823857652215523,2008,256
7449,0.847958233487772,0.5421301696614294,2025,256
7450,0.1651509506932591,0.34807255801977766,2106,256
7451,1.884367433087331,0.08724608032191483,1974,256
7452,0.3288385744659592,0.15923692190932892,1967,256
7453,0.021568010020019856,0.5897270209215452,2146,256
7454,0.991972075927124,0.5999890140028447,2029,256
7455,1.3787819458528277,0.5754487219751963,1995,256
7456,1.6715544088180827,0.43281658630001096,2173,256
7457,0.08352732535549848,0.767507556682664,1948,256
7458,0.3821226059821769,0.20825736610210244,1972,256
7459,1.517115305387056,0.8389137247861411,2043,256
7460,0.08486444176158281,0.6450056831333423,1937,256
7461,0.11210121945961085,0.21382742449648273,2011,256
7462,0.9931384673550119,0.19976622002763256,2107,256
7463,0.237724125908496,0.8125599070510722,2154,256
7464,0.09337466130133248,0.27932798631946354,1980,256
7465,0.00634237444140658,0.41243393258758854,2065,256
7466,0.12975148687710977,0.06745195827124839,2117,256
7467,0.08188863566479745,0.7097625595110532,1969,256
7468,0.5702923451492411,0.09447389181349364,2016,256
7469,3.604874558702013,0.49819060010380567,1921,256
7470,0.9504046359150095,0.142351939650586,2004,256
7471,0.2052900269199077,0.16412064355479983,2021,256
7472,0.17163713220517465,0.47182932450273074,1952,256
7473,1.791520597427101,0.8063014331325872,1960,256
7474,1.3324877428829136,0.28463928212411194,2059,256
7475,0.47897742079867023,0.8730633955188845,2037,256
7476,0.4342311077531271,0.23034372459683194,2124,256
7477,0.35199715414538435,0.05891394251993187,2083,256
7478,0.10239582790100561,0.19454573722818236,1933,256
7479,0.0019763565992082805,0.5159080489385829,2168,256
7480,2.722168085598073,0.5926562206298506,2108,256
7481,3.0262470602536653,0.7056666455745457,2158,256
7482,0.1223813862265474,0.428047441865124,2149,256
7483,0.9584867629717088,0.6451909761268979,2031,256
7484,0.01861841797146719,0.6881721590232662,1951,256
7485,0.19720517743539895,0.39225976538095675,2110,256
7486,0.009735662166704705,0.8467957184721618,2154,256
7487,0.008920938237560226,0.007339697068297513,2138,256
7488,0.14000657739825176,0.8736456881479417,2132,256
7489,1.7221414086947917,0.08469882032359188,2055,256
7490,1.4870689143868014,0.45421353054506974,2173,256
7491,0.7631786401414007,0.002125628894436904,2113,256
7492,0.08716664155517909,0.5383907298310695,2109,256
7493,2.9322214928083006,0.6613771350535015,2072,256
7494,1.3027316273040954,0.4163036111225009,2052,256
7495,1.2169230443201495,0.2363167034096646,2153,256
7496,0.7700685660818953,0.27594569003461145,2108,256
7497,0.05321760686994227,0.541108875165537,2001,256
7498,1.4344708623464741,0.6840071404608579,2125,256
7499,0.5047003274904178,0.37671874556738516,2119,256
7500,0.8439450747811965,0.6988757077452729,2068,256
7501,0.5973502192911578,0.6128256066410864,2054,256
7502,0.34184861747410794,0.5735355882934936,2162,256
7503,0.8521399656631307,0.7524336644856571,2150,256
7504,1.8409166134286579,0.3997770607536655,1938,256
7505,1.5756666421262573,0.030277635782873236,2000,256
7506,0.5421566058304415,0.9554492293109749,2172,256
7507,0.814419703719657,0.12539255078131895,2127,256
7508,0.015764950996305212,0.24371820637780428,2106,256
7509,0.9666536010088325,0.4936013955814381,2015,256
7510,2.142714959935536,0.7387379713225813,1960,256
7511,0.07362017823388084,0.8170723180077631,2120,256
7512,1.1736490670287363,0.03637309689038326,2083,256
7513,0.7668110283490649,0.8842865351389035,2031,256
7514,0.09144124457777794,0.7397636835387054,2040,256
7515,0.7927014204604799,0.01995391532435109,2139,256
7516,1.1588018835870908,0.021430928380202663,2141,256
7517,0.9264113524439341,0.37003508785736716,2048,256
7518,0.0002661355258320801,0.643865513223152,2055,256
7519,2.7118710586172434,0.14587884711715726,2131,256
7520,0.4196558171723303,0.9407163165123342,2157,256
7521,0.4541513174012067,0.9223044295292989,1949,256
7522,0.06930381844183597,0.4626572952036997,2004,256
7523,0.3496402136534992,0.6811897768171474,2117,256
7524,2.458760799539539,0.10386544837759515,1924,256
7525,0.988314491375015,0.618049140572832,1943,256
7526,0.02426907910973887,0.6297418959373539,2146,256
7527,1.3823400314058207,0.07450347355603426,2006,256
7528,2.820424192005312,0.42902588176045364,1930,256
7529,1.6953087418830326,0.3207849799510879,2076,256
7530,0.18514881083915646,0.44256768690226767,1941,256
7531,0.5759811340024145,0.5767728150381364,1948,256
7532,1.9827447830252596,0.7043774472541837,2034,256
7533,1.7762163189869067,0.518837087950667,2005,256
7534,2.1104001227273725,0.07204996861974056,2057,256
7535,0.37636569730021296,0.484539184255789,2114,256
7536,3.9410269549419157,0.6240811798002647,2111,256
7537,0.45889602236645705,0.21296834693892275,2133,256
7538,0.20923748664646197,0.6194813825367862,2030,256
7539,0.12735590888030673,0.645479811021574,1969,256
7540,0.23914534219407088,0.41417383365120564,2104,256
7541,0.23761978990420993,0.32993133079788217,1922,256
7542,0.5087082007066216,0.3663974407299069,1977,256
7543,0.012460929180950897,0.3374494944334352,1999,256
7544,0.2831633460269999,0.45914121696176424,2017,256
7545,2.2901892787623126,0.36228438384575434,1935,256
7546,1.4856948175340423,0.6383794729015848,1948,256
7547,0.16032894772144507,0.7851478128417456,2040,256
7548,0.788919038239043,0.3605892144639755,2173,256
7549,1.9110547639530704,0.12704860332382972,2175,256
7550,0.1946817572668646,0.09854093230546168,1954,256
7551,2.52846636530329,0.7889910757223104,2059,256
7552,0.6792871794294326,0.28886378714703553,2106,256
7553,0.6440944926675831,0.9755386957772795,2086,256
7554,0.5945208417774015,0.504813465519955,2008,256
7555,0.2712781291436151,0.031018967772402872,1965,256
7556,0.14420919640088475,0.5093213222875019,2102,256
7557,1.3733983965540943,0.7691578313397714,1992,256
7558,0.5848621732320343,0.5333550669634782,1946,256
7559,1.0772759267870369,0.7363641921810586,2014,256
7560,0.7541945556244372,0.49450519409076266,2172,256
7561,1.3934352502726177,0.0729452393150467,1954,256
7562,2.199303107558616,0.9375672581069342,2089,256
7563,0.31599487199904525,0.161383971553421,1991,256
7564,0.9908499409954123,0.4658351267452978,2144,256
7565,0.022912866238181506,0.2679578523577446,2020,256
7566,2.1005677620034047,0.7455970876362383,2033,256
7567,1.7018085180593538,0.5348305161749697,2062,256
7568,0.015800475997967026,0.12743295022784196,2139,256
7569,1.828180471552589,0.5558739993181042,2092,256
7570,1.3488981118865748,0.6327426995043332,2068,256
7571,0.034846673204479844,0.024596365192984804,1943,256
7572,1.7990203565500353,0.16419565050386564,2040,256
7573,1.1834834039153428,0.6410237019870917,1996,256
7574,0.4356469090897942,0.27718791471056214,2004,256
7575,0.8003512117717798,0.7825159229728386,2135,256
7576,0.2374564145909423,0.5534065440639425,2126,256
7577,0.7928217300785213,0.37837577297393743,2080,256
7578,0.19014947329818832,0.06149869728780155,1993,256
7579,1.366175139822491,0.3284579613925468,2053,256
7580,1.335583429326779,0.9818362950154934,1997,256
7581,0.3169869613265857,0.5103182727116614,1944,256
7582,0.4404449250893375,0.5969793350232863,1964,256
7583,0.4197644602930178,0.7033152992093059,2099,256
7584,2.497924508935229,0.5921102312736336,2075,256
7585,1.3930843604486929,0.13275427647501692,2102,256
7586,0.6034921412393598,0.3344018529936764,1995,256
7587,0.10580129679782278,0.8470061673858506,2115,256
7588,0.5160377736670325,0.46706061742227956,1936,256
7589,0.4469334651195159,0.8519320078348085,2060,256
7590,0.4170412520944195,0.5749426183729561,2160,256
7591,1.3534844198989868,0.49354700018640485,1998,256
7592,4.0240390359196505,0.45064294698117247,2142,256
7593,0.1992445824462626,0.14416083907447275,2024,256
7594,0.5314502728661883,0.008642377864789386,2155,256
7595,2.357129193281024,0.04372098419158221,1999,256
7596,1.105499357077442,0.6327375041483635,2169,256
7597,0.7436375063126106,0.9578793486430821,2141,256
7598,0.36214668277169093,0.043397926216970806,1959,256
7599,0.6533039459871379,0.45982411282855895,2065,256
7600,0.35222835668570496,0.9875118519981599,2093,256
7601,0.2542262055886158,0.936487534363278,2132,256
7602,1.0547689978202859,0.71644243056702,2100,256
7603,1.1456290095849255,0.2596714664631974,2138,256
7604,1.2624497788910602,0.7443749733291337,2162,256
7605,0.6288961550658546,0.12281990631629758,2044,256
7606,0.5664577322759387,0.7194137518817231,2023,256
7607,1.3795514580385533,0.6469548724537666,2125,256
7608,0.6727800366575072,0.9443600086345677,2087,256
7609,0.008440058222120576,0.04896199297821768,2034,256
7610,0.28160472529614244,0.5193947373763762,2047,256
7611,1.4478789120840676,0.8288758655438601,1974,256
7612,0.29232508622695236,0.35916603802681046,2016,256
7613,0.037457605260335806,0.9556072974172914,1966,256
7614,2.051725042568293,0.698301465322812,1957,256
7615,0.8817769896554769,0.44102336847265855,2072,256
7616,0.11988937433543861,0.026690020466731412,2090,256
7617,1.4896352827971309,0.9934017708708676,1926,256
7618,0.2211362080402207,0.4196721139876317,1940,256
7619,0.32603381025412936,0.5030322590948751,2002,256
7620,0.28615481835957174,0.5828251499425414,2148,256
7621,0.5429149714632461,0.7545794854442575,2155,256
7622,0.27203485203699307,0.5700182162549163,2049,256
7623,0.5111773266979803,0.5815888389772687,1936,256
7624,1.7456488843627318,0.3594531162476058,2099,256
7625,0.060662788376906626,0.9745407119733058,2079,256
7626,0.32132212390059756,0.2354273703697306,2060,256
7627,0.1264640945640656,0.08144016414313282,2052,256
7628,0.5750016037051218,0.04970721953438939,2163,256
7629,1.0300895631478808,0.6661852599831568,2069,256
7630,0.9308649287940229,0.8558690428964777,2037,256
7631,0.1516175289954763,0.37391479446760767,2140,256
7632,1.3777938828233698,0.5121727268051268,2042,256
7633,0.22102616671457903,0.52944355178275,2167,256
7634,0.9980774283543079,0.2915391008182421,1928,256
7635,3.0416441620466705,0.05402882861141378,2014,256
7636,0.6734963465951912,0.07984193117086169,1960,256
7637,1.0809367212770025,0.7860835943830573,1932,256
7638,1.0662502903285103,0.7062795770113085,2022,256
7639,0.8181584573223709,0.7211501861148516,2157,256
7640,2.031274801097243,0.06962190051214012,1979,256
7641,0.2551753341720195,0.9059540666966931,1945,256
7642,0.49038810720020193,0.7098917753428412,2005,256
7643,0.1339441879104139,0.902506410893194,2045,256
7644,1.9814263704716697,0.3862619685769537,2045,256
7645,1.5729373391325117,0.08501437199458584,2026,256
7646,0.08296344838147839,0.20185751659954787,2035,256
7647,1.0488375862352803,0.02402299590775081,2159,256
7648,0.6969011041689486,0.47632726431666383,1948,256
7649,3.167124787313945,0.15839527878498894,2003,256
7650,0.05183864017691036,0.5561419732172991,2115,256
7651,1.9931605253061981,0.03621235609886586,1943,256
7652,0.18724329186627017,0.6824408807652895,2096,256
7653,2.237618586665728,0.7808928504106403,2051,256
7654,1.382399130173422,0.6292939501134567,2099,256
7655,0.6458806534339159,0.8775289062286189,2053,256
7656,0.4837478829169325,0.5309370040492897,2034,256
7657,0.6465567558932491,0.5963973868863665,2092,256
7658,2.7180537152778816,0.4329053373773034,1969,256
7659,0.7033937664570431,0.9231963701953283,2067,256
7660,0.7358709877766942,0.606743333561034,2056,256
7661,0.3268089355572109,0.19181453500496615,2017,256
7662,1.0781437268878675,0.08231136172078912,2170,256
7663,0.17006809828809458,0.07799175993733454,2036,256
7664,0.9027504142054497,0.13688182330726129,1967,256
7665,0.5064237878723519,0.4088496874229164,1932,256
7666,0.020313764378507924,0.5836066427873641,2137,256
7667,0.5464124188514418,0.23304804450358396,1944,256
7668,1.8882912875609759,0.34667087192511925,2133,256
7669,0.7449912163078212,0.2147242284218871,2164,256
7670,0.021013289124532816,0.3673319240740187,2143,256
7671,2.49508969927874,0.2903591199544935,2135,256
7672,0.031820304558186345,0.07643279094961286,2011,256
7673,0.2354124033737067,0.27457719381657486,2034,256
7674,0.08522477834369621,0.05008528321757466,1958,256
7675,0.7569999252805693,0.9340199175773981,1924,256
7676,1.181306583812369,0.8058288975393769,2148,256
7677,0.2423920626549612,0.39191174613215096,2150,256
7678,0.618809268342256,0.2548598019466125,1961,256
7679,1.9419378457384882,0.44725345224698987,2144,256
7680,0.41240569854341913,0.25476814245078927,2025,256
7681,2.5269639638301657,0.4894294402945434,1959,256
7682,1.188687129702456,0.35325688144134315,1972,256
7683,0.6883642114994407,0.7145095923072187,2167,256
7684,4.51690465790599,0.14319388325045979,2104,256
7685,0.04311850376582552,0.5071359000498104,2155,256
7686,0.5120559716057896,0.3817625330703701,2106,256
7687,2.594536850390728,0.48647579881284664,2007,256
7688,0.6754585520178829,0.5202976407910976,2037,256
7689,0.15634611461175438,0.03043696163186793,2111,256
7690,0.21955126299159794,0.7077962578219533,2152,256
7691,1.886633279546415,0.40844589431391465,1958,256
7692,1.1870744107539153,0.1741117576683361,1973,256
7693,0.3872749155131841,0.6117261269779795,2113,256
7694,0.11871965493548564,0.8637260685495965,2027,256
7695,2.684423361317151,0.11753904747586996,1951,256
7696,0.599527553723966,0.6984369298674437,2032,256
7697,1.0661281176578215,0.2618869774242528,1977,256
7698,0.14637987950860992,0.009470682747344195,2022,256
7699,1.295121336292001,0.6746509943617772,2089,256
7700,1.6237221828852557,0.47097804779907537,2129,256
7701,0.08646571193360514,0.12135493252865082,2160,256
7702,0.4341305362648702,0.06381471640290115,2035,256
7703,0.0983636977294249,0.8163433202490312,1961,256
7704,0.3851047815962274,0.6658454436848481,2147,256
7705,0.5810431270376772,0.8392966165751244,2156,256
7706,0.7099046846979096,0.425760152860831,2129,256
7707,2.324838807966893,0.9893737214280783,1981,256
7708,0.20254734908364885,0.7661916802351292,2166,256
7709,0.29264173176708425,0.4657135240752699,1939,256
7710,0.8356480307290388,0.07221860007220415,1977,256
7711,0.9091139153494435,0.7105124637129563,2124,256
7712,0.3358346618599412,0.8706974377549326,2139,256
7713,1.138384432672331,0.5414551102226949,2124,256
7714,0.08179672079104981,0.6129232954950908,2064,256
7715,0.7005277911043172,0.38074781642705635,2090,256
7716,0.5520838270330254,0.6427986779023164,2030,256
7717,0.9742505594365549,0.38367730706931125,2114,256
7718,1.4819173587358268,0.9924541259031099,2024,256
7719,0.3313944790684532,0.6657677830288266,2171,256
7720,1.400360775019069,0.8514181997302929,1968,256
7721,0.5878864521470786,0.26971059573962264,2051,256
7722,1.35620787486815,0.14021965736275643,2106,256
7723,3.3335065938336133,0.6550194198818788,2046,256
7724,2.785374184349676,0.2967173940888195,2056,256
7725,0.9874301189260004,0.2671463684772576,2072,256
7726,1.4461339131521302,0.6112260078971611,2136,256
7727,1.150476401360221,0.8152522455909023,1933,256
7728,1.1671630136378788,0.5898732178983211,1963,256
7729,1.6376606519431678,0.3659431388584453,2080,256
7730,0.2607929491483282,0.9088033320222552,2059,256
7731,0.2337636682147138,0.981955857874272,1927,256
7732,1.0105302760984878,0.5249972476926932,2060,256
7733,0.9525784746096398,0.5479550349421135,1999,256
7734,1.6221588317894877,0.06418921841342484,2062,256
7735,0.1497059394549445,0.258199371447407,2037,256
7736,3.8126494699832056,0.8449607782398905,1943,256
7737,0.928755286181266,0.9591897115775193,1933,256
7738,1.9226776666167023,0.40946638984371886,1981,256
7739,1.3914028938375675,0.5795060492284041,1986,256
7740,0.04803929035004783,0.7218665032127461,1996,256
7741,2.7651933420682693,0.10618188400988493,2104,256
7742,2.2580959133645533,0.202771760813505,2066,256
7743,0.15326698888276313,0.7877294043996937,2084,256
7744,0.5301532518465056,0.6590444720137506,1999,256
7745,1.409426655522735,0.9607931892858271,2148,256
7746,0.589693822079232,0.7899352962250606,2005,256
7747,0.6879345282059144,0.5162856626061029,2120,256
7748,0.5689705637085654,0.6746815849277674,2081,256
7749,0.9200354520451601,0.44222439107801204,1941,256
7750,5.292931814933842,0.8079838286838352,1928,256
7751,2.899647899768848,0.22512114975365438,2014,256
7752,1.9860107600294443,0.8535195254247573,2076,256
7753,2.4781922156378022,0.13186091007615752,1972,256
7754,0.20408274451888972,0.8662827720845988,2020,256
7755,0.39356501888033735,0.720955947331944,2128,256
7756,0.19951924920166145,0.18774951202747736,2174,256
7757,1.675534743758565,0.8531072463933025,1985,256
7758,7.27592253405516,0.9845414667157989,2073,256
7759,1.9297012390327049,0.7807621914524274,2008,256
7760,0.5903640235329229,0.6254080452599999,2010,256
7761,1.4835862673599765,0.9987509040386124,2046,256
7762,0.23128802787348215,0.015286112241489569,2121,256
7763,0.13591397109087927,0.8766403119599417,1954,256
7764,1.1651420680549425,0.49957543889854605,2057,256
7765,0.5250908270391901,0.24349998524329775,2034,256
7766,0.1225996205291321,0.24695900008275928,2136,256
7767,0.9108521651350134,0.3675714938846212,1962,256
7768,0.6083687717252402,0.12332926945823164,2007,256
7769,1.8591176424591502,0.9837798010986014,2041,256
7770,2.7149402387874346,0.7469140334771897,2096,256
7771,0.8069100411742398,0.40509924219795324,1976,256
7772,1.7989809943372361,0.3951229292711079,2039,256
7773,0.7211056725819158,0.15282201637680015,2175,256
7774,0.28769312334293706,0.32628943553866285,1969,256
7775,1.5711323170003393,0.8060534672854333,2087,256
7776,0.9634244462825494,0.5577471013004499,2120,256
7777,1.4088650740858197,0.6693857137214668,2065,256
7778,1.587692323965026,0.4545281660850843,2008,256
7779,0.7180612301288855,0.8180468748794716,1931,256
7780,1.424821027785476,0.8217462431123166,2124,256
7781,0.1924972360546082,0.4859942978951838,1942,256
7782,8.123819194430247,0.771498710372426,1984,256
7783,1.1907130539864956,0.4072802068161733,2034,256
7784,0.7117924099695236,0.6383336105281463,1967,256
7785,0.40359133094673894,0.0033969389186695453,2028,256
7786,0.5544737521576726,0.8648805121864311,2136,256
7787,0.18245519475070313,0.5755834524657645,1996,256
7788,0.718244705712917,0.934006139548713,2001,256
7789,0.9069254739952929,0.41700296004838977,2163,256
7790,2.1789070364383556,0.17378425440988488,2019,256
7791,0.3954403732132159,0.7456511962312258,2035,256
7792,0.41180220323490063,0.3271769529287266,2148,256
7793,0.3952511899689892,0.6519802321087939,1935,256
7794,0.7029079170954179,0.8769481131638227,2169,256
7795,0.5467787142770637,0.28575890880371935,1926,256
7796,0.07486465615207785,0.4501061672253396,2005,256
7797,1.6919757312038783,0.555509292482334,2062,256
7798,1.579050803691189,0.8002846654730462,2175,256
7799,0.3500020145080631,0.037946863755018545,1997,256
7800,0.3558902145259927,0.28398831915470724,2108,256
7801,1.0279935323011264,0.5501068398037676,2063,256
7802,0.2042832084042663,0.09961465275516945,2011,256
7803,2.366629851483313,0.38449246699512074,2004,256
7804,0.21073257991084082,0.8668158228197682,1964,256
7805,0.4000151118974735,0.16263583785062974,1941,256
7806,0.3626224741951516,0.5649856149099695,2027,256
7807,0.46034561294632226,0.7726411478266799,1934,256
7808,0.5378730786106202,0.7867122174762565,1990,256
7809,2.28407932631835,0.2187558860974892,2139,256
7810,1.5120104341934832,0.23153149085550406,2082,256
7811,0.418335784891187,0.8306739861945227,1990,256
7812,0.08380369227298205,0.6829690569958512,2094,256
7813,0.032363829010170285,0.5249472011179762,1952,256
7814,0.17383322032321818,0.1226788547678902,2166,256
7815,1.584017085239697,0.4842308415597367,2155,256
7816,0.4322103210018305,0.017534786148090897,2158,256
7817,0.377511156679555,0.3416730726531495,2088,256
7818,1.376830552465079,0.07456297969901249,1928,256
7819,0.3438169730317344,0.5119394887484378,2055,256
7820,0.11553748586540066,0.36149126526501185,2127,256
7821,0.045500979210266086,0.6285714479598739,2165,256
7822,3.564802850003991,0.12311393043733221,2047,256
7823,0.477138529435865,0.8201820870065808,2041,256
7824,0.9525932960295537,0.6829036224281769,1995,256
7825,1.8452137956080992,0.6343532936825408,2117,256
7826,0.01865186749490273,0.8171106950859003,2069,256
7827,0.22624718159156285,0.00531741963097887,2139,256
7828,1.208565290946498,0.4487645141321671,2001,256
7829,0.1452583574775898,0.7230974696118667,2162,256
7830,0.7559196428531676,0.6247067809134852,1970,256
7831,0.03342239253547243,0.32170864036870683,2059,256
7832,0.14616592681823706,0.4719725355521196,1924,256
7833,0.5733351689964729,0.4481003380092786,2036,256
7834,1.0362917186825527,0.837021854962141,2136,256
7835,1.0988053699707863,0.44184925991582213,2166,256
7836,0.24156654087039894,0.47230255554647926,2063,256
7837,0.6152618586237799,0.7426029483091066,2041,256
7838,0.23400184172580854,0.5605467145675115,2070,256
7839,0.016918428393536227,0.46815073500011983,2030,256
7840,0.6714374949919917,0.9239539452989547,1988,256
7841,0.9288247391451075,0.7666646000462035,2143,256
7842,0.0802502826303529,0.12139813758896378,1973,256
7843,2.4859952594441075,0.49399554990935646,2024,256
7844,0.44230675872401815,0.5960318914766505,1995,256
7845,0.5497675047898463,0.16970627366440383,2044,256
7846,1.9556390892456412,0.7981363153725882,2053,256
7847,0.4586228743753356,0.15563013305409712,2025,256
7848,1.6024112333733278,0.2241198615917056,1938,256
7849,5.828404279604168,0.34044396201528093,2154,256
7850,2.635231462326979,0.12265402197566544,2157,256
7851,0.3974119091260318,0.6641108990865989,1937,256
7852,0.09483588345593694,0.22027507634792742,2085,256
7853,0.5692562438462179,0.9941671237357768,2012,256
7854,0.3276908000365764,0.7206341230011285,2021,256
7855,0.29302223243680237,0.032688946668262386,2133,256
7856,1.4126461310903324,0.8843754328813694,2014,256
7857,1.2060126539872742,0.5423749528047817,2120,256
7858,0.14288222613512325,0.3923307959388874,2027,256
7859,0.9547233345742455,0.800470592944528,1970,256
7860,2.63381118155377,0.546178939669246,2126,256
7861,2.1552107624584877,0.9128547427893106,1932,256
7862,3.590061408624121,0.0860983366505852,2016,256
7863,0.3335931933118855,0.6039470772314812,1949,256
7864,0.8305980052616434,0.6939459503495145,2132,256
7865,0.7410984474817082,0.39831922662729236,1977,256
7866,0.2953427650011582,0.9819933396656808,2078,256
7867,2.1831840010809023,0.19323047376292124,2173,256
7868,0.6323084896923711,0.7649607018226446,2083,256
7869,1.0147316772328003,0.07964640602062134,2128,256
7870,1.2741669614154938,0.4339794205000105,2091,256
7871,0.17195598125748268,0.5714729976113765,2066,256
7872,0.29803959371802186,0.1515942696752065,1951,256
7873,1.9256230850552971,0.13277329405080207,2049,256
7874,0.09815623428892052,0.615565021956921,2023,256
7875,0.12053143058272776,0.12332229874044276,2034,256
7876,2.075879637876707,0.8112597023207281,1949,256
7877,4.507362076430043,0.7690837487748545,2032,256
7878,0.5259275971689961,0.2622136529967992,1937,256
7879,0.2022100601675218,0.7841693988580591,2088,256
7880,1.0063744166751802,0.622524757255255,1982,256
7881,1.040053063500189,0.5668335535329525,2077,256
7882,1.1255676105881707,0.6453809410283501,1994,256
7883,1.362967168177085,0.8329390238216874,2032,256
7884,0.20121383401379891,0.6226724029904357,2092,256
7885,1.6492990347607162,0.036725259130493626,2123,256
7886,1.1825387455017573,0.2177018591003813,2040,256
7887,0.8690512765964767,0.4295351925030043,2142,256
7888,1.6915960805598997,0.7491980127919174,2041,256
7889,0.17924738331965914,0.1377832651596017,2030,256
7890,0.9993737616039636,0.7138724239722921,2042,256
7891,1.4976021149348016,0.6201939765698488,2081,256
7892,0.4405011644021092,0.3198942814553809,2170,256
7893,1.562395537384948,0.0007031573728315532,2125,256
7894,1.4481677500898626,0.8615442415512102,1980,256
7895,0.4613015698719711,0.7112462106294682,1991,256
7896,1.399138147426635,0.9551129953048431,1991,256
7897,1.394622625468499,0.6688823043498096,2146,256
7898,0.9839294717233724,0.5942779987959951,2038,256
7899,3.1598870874479688,0.326517061069886,2005,256
7900,0.009791081625905633,0.5789069235786503,2071,256
7901,1.5910439759484758,0.9142290600314528,2035,256
7902,0.4925258248973825,0.6429894241004799,2087,256
7903,3.691641551136208,0.5352280527936603,2005,256
7904,0.07169050771858272,0.24654356596371907,2104,256
7905,1.8365986128916598,0.8498284602692422,2037,256
7906,1.3060860012131037,0.042032422391486746,1985,256
7907,0.24186312349938963,0.6614225071267479,1970,256
7908,1.1936002088609718,0.8793157523138139,2029,256
7909,3.6751835733842695,0.22798378309834388,1939,256
7910,1.2983164354010872,0.5908465018043852,2131,256
7911,0.39747982363561,0.9903748167979642,1961,256
7912,3.2009968427995474,0.140844474783143,2154,256
7913,0.32617061755999055,0.9987282935648414,2101,256
7914,3.80070159242359,0.6402690903286219,2149,256
7915,0.3047585167038117,0.6502533441724226,2052,256
7916,0.05918782700240804,0.38034361263761096,2149,256
7917,0.6367973566999348,0.8947594238171753,2091,256
7918,1.0022947173336063,0.6902049455879268,1951,256
7919,0.0005240372384778758,0.06174629921733321,2114,256
7920,0.5784650143595954,0.22342417551917915,1922,256
7921,1.0733768730615663,0.29560327655775576,2123,256
7922,2.4087387755502307,0.38877103065196883,1983,256
7923,0.40682562480065776,0.9365830562814189,1986,256
7924,0.6305855077486828,0.6616373772487276,2013,256
7925,0.7701811742346504,0.26241417280590207,2007,256
7926,0.010943940650256504,0.9624843201114427,1996,256
7927,0.4724345272069111,0.2978017714338087,2079,256
7928,0.7983135962433914,0.6008044137905928,2069,256
7929,0.19263427554373536,0.9821637619652159,2166,256
7930,0.0019166159544361163,0.9308378018612237,2072,256
7931,0.1098198580875059,0.23252625864631205,1972,256
7932,1.9687534193385727,0.8314620829990691,2059,256
7933,0.15053005996138386,0.30876979479067934,2017,256
7934,2.4903663632548314,0.9341554491210309,2054,256
7935,0.3409502346788752,0.709966121204416,1931,256
7936,0.7555955026345235,0.7140735963816418,1925,256
7937,0.0056643048567962566,0.016827972607264097,2092,256
7938,2.482474252944209,0.5333730646422064,1922,256
7939,0.4021091369913239,0.9510610673181148,2170,256
7940,2.394376995672599,0.627516149710865,2142,256
7941,0.67994932602962,0.8711000446602152,2019,256
7942,0.15006512581024878,0.6240797079335699,1945,256
7943,0.1542602836751201,0.763885011689804,2063,256
7944,0.9465128600699764,0.4988405289923259,2168,256
7945,2.0568228418491423,0.7058804566941767,2059,256
7946,0.4117406582902337,0.1423007530776742,2064,256
7947,0.979798777838723,0.3253256350587638,2095,256
7948,0.16292236904694182,0.07500521208508293,1972,256
7949,0.4756163326550663,0.956329169936176,1942,256
7950,0.7282822534800135,0.06257506210823094,2030,256
7951,1.2708583681477816,0.7594082449063179,2164,256
7952,0.5292138187000286,0.602173756602516,2002,256
7953,0.035549524753296945,0.21660993514374116,2155,256
7954,0.36320371922974387,0.48641892352640426,1956,256
7955,2.8420386975158727,0.8830158727119833,2119,256
7956,0.9848343331894857,0.4242432349270583,2075,256
7957,1.1323627416256925,0.29363496343654216,2003,256
7958,0.2917190884883995,0.20007099403779027,1948,256
7959,4.414735592471792,0.17784425749874977,1992,256
7960,2.647714042190807,0.922870872024676,2115,256
7961,1.0539057218164742,0.7634997354853478,2045,256
7962,1.4871269296126683,0.32856878940779055,1974,256
7963,1.3736664908637364,0.399857596399695,1955,256
7964,1.0044501460863504,0.010319320864420556,2101,256
7965,0.5597695899185706,0.3457891438978443,2051,256
7966,1.9270352074316182,0.013513478739870743,2032,256
7967,1.1419888698013445,0.7150911931929,2140,256
7968,0.8103729376147906,0.5450335960276512,2102,256
7969,1.2159608951910232,0.6550282633599269,2113,256
7970,0.5330065903982258,0.15874148903147067,1943,256
7971,0.8786235292080312,0.9030564946777486,2162,256
7972,2.3079839037379877,0.5496966493754356,2147,256
7973,0.1207732649789278,0.6291983942930856,2086,256
7974,0.7882697063285307,0.584194481286553,2048,256
7975,0.09900023226199423,0.9451209255408599,2156,256
7976,0.08279539417489207,0.11166031097745921,2051,256
7977,1.398356617016616,0.8651962420699543,1956,256
7978,0.9678910733133239,0.7048677312244392,2119,256
7979,1.6354267348776566,0.4756060598741544,1963,256
7980,0.7201190673357069,0.38830545742834377,2090,256
7981,0.2637121726863004,0.7928616022026299,2080,256
7982,0.42194741167541644,0.766484415117662,2153,256
7983,0.63474453800665,0.49096866227079683,2096,256
7984,0.13038527532246835,0.5252003864739437,2120,256
7985,0.17698968001961166,0.05012672092403603,2156,256
7986,0.5094967238898899,0.12811585252999425,2133,256
7987,1.1189702184053385,0.30659896560119204,2005,256
7988,0.8722435119108864,0.6688526212469293,2118,256
7989,0.17667326721499363,0.7344792367220037,2129,256
7990,0.34775310668461484,0.5789449483315839,1943,256
7991,2.856763722656892,0.8144085322939145,2153,256
7992,0.44946558403874803,0.6324684160914644,1933,256
7993,0.7404511314335241,0.7012201413749702,2134,256
7994,3.41346793646609,0.7195646414456913,2116,256
7995,0.3149047869738345,0.33144754113982533,2054,256
7996,1.8142539423379798,0.9175654637242202,2028,256
7997,0.37632968067693295,0.8502066184909534,2158,256
7998,1.5644955998279504,0.05237432095787409,1969,256
7999,0.4235606233538986,0.1077645981042542,1994,256
8000,0.8903216435913252,0.0462063662150517,2133,256
8001,2.1473980204551797,0.9442272325828869,2158,256
8002,0.4579187673780062,0.6004265032265302,2088,256
8003,0.45739627513178754,0.8420507983986077,2125,256
8004,0.3404583062211602,0.6032197761233695,1925,256
8005,3.449439233738868,0.7876119239046783,2148,256
8006,0.09441953049758399,0.941064307913195,2171,256
8007,2.872156017082065,0.6803818306701939,2027,256
8008,0.6589183041964949,0.0770981776500036,2086,256
8009,0.7314013783773355,0.8442386972859204,2146,256
8010,1.9604073661566241,0.6285116218533272,2058,256
8011,1.3420314557960775,0.590997028597643,2038,256
8012,1.3905617928952996,0.497373050435327,2076,256
8013,1.5185924392449017,0.741139126552639,1929,256
8014,1.0685063419951388,0.28103997333158603,2020,256
8015,0.9847757228727021,0.48316695971059187,2166,256
8016,0.9171099093560784,0.5540371302277252,2085,256
8017,0.28559457724141585,0.9032118625183898,2143,256
8018,1.135968384661599,0.5296379989612775,1926,256
8019,0.1022235706713501,0.6363081645014135,2174,256
8020,0.20810152916641475,0.1426949391497555,2060,256
8021,0.9833817239440453,0.013884436404673517,2053,256
8022,4.343211332957999,0.5154043875878899,1931,256
8023,0.1863384580688875,0.508682687570736,2094,256
8024,0.10962812018195722,0.016028618845743692,1929,256
8025,0.35625373756529094,0.5725716115092809,2128,256
8026,0.6187518257583491,0.7409851968935611,1927,256
8027,0.8655762668228542,0.808772805297587,2056,256
8028,2.4743237378607534,0.0466786677783656,1923,256
8029,0.4753285337304944,0.5313437582693805,1959,256
8030,0.26446818502675906,0.13661191899890213,2125,256
8031,0.24788739731169987,0.8011045848797859,2147,256
8032,0.1310193638517556,0.9755386629010505,2128,256
8033,1.016187923353312,0.36512046159055755,1977,256
8034,2.587364260694417,0.17750991683002815,1973,256
8035,0.42890627174694973,0.38873451288395977,2139,256
8036,3.8031622376730527,0.5358484644873812,2006,256
8037,1.2667124574744268,0.48909461232113216,2169,256
8038,1.4239970022364097,0.7686815232599185,2164,256
8039,1.373853416318152,0.3012536573368938,2073,256
8040,3.3741184260054653,0.5922408696631436,2089,256
8041,0.12861478245305066,0.6529797813127355,2110,256
8042,8.224132809491412,0.2774339435966344,2062,256
8043,1.7921344291300707,0.7143075365028975,2112,256
8044,0.4593552815986352,0.9326170798215357,1939,256
8045,0.28033179422968585,0.18368575529339393,2065,256
8046,0.4150192371656833,0.5491597654990401,2089,256
8047,0.7700577584575127,0.47329239938995904,2073,256
8048,1.2861494306978196,0.6028299235221738,2163,256
8049,0.1718889872950625,0.39596469720314054,2032,256
8050,1.396109673843616,0.39022761232017467,1923,256
8051,0.1420850104704136,0.6233341313614998,2137,256
8052,1.2801395967649933,0.8277181366736768,1928,256
8053,0.7402726742049746,0.757439346696881,2163,256
8054,0.2963960386160574,0.4155866977460406,2110,256
8055,0.089404575907339,0.2760239207847538,1958,256
8056,0.020271456947020112,0.9335429426572484,2038,256
8057,0.7611583881138,0.9600907926632498,2112,256
8058,0.42247696072901275,0.39895214514369226,2084,256
8059,0.7267128030977344,0.7354218643855344,2070,256
8060,0.4433453789154121,0.2699959450533741,2022,256
8061,3.0870613655130157,0.6371225061304414,1968,256
8062,0.1819070212814208,0.3350815613271846,1946,256
8063,0.4364534081998962,0.8847652270655201,1997,256
8064,0.13810557908797147,0.4421249311635893,2159,256
8065,0.4569787821939664,0.4624317178940476,2032,256
8066,0.06497547795695552,0.9742624223175292,1941,256
8067,0.005153670032441369,0.708033198040022,2145,256
8068,1.570487580414456,0.24754745006648593,2040,256
8069,1.7271058682824383,0.6283659738972971,2051,256
8070,1.1841930152936075,0.11186326379089195,1941,256
8071,0.5904315562879306,0.9240887739264153,1981,256
8072,0.5366940097527475,0.7273575197516341,2112,256
8073,1.2037455504900294,0.9841088001542037,2054,256
8074,1.2324286821105486,0.538277685317409,2054,256
8075,0.18973479964739373,0.6049758678760319,1950,256
8076,1.053197401370221,0.02237526598840678,2038,256
8077,0.8630421764586446,0.6393370634488099,1946,256
8078,0.7827968618820673,0.3879956330711243,2155,256
8079,0.010351479457823451,0.9360764065524662,2054,256
8080,1.389905195646494,0.6032423113518227,2020,256
8081,0.4023931500726876,0.2456056514598023,2072,256
8082,0.8764433432592262,0.6114056730990631,2017,256
8083,0.0626996086283992,0.7155649527244349,1952,256
8084,1.045172322366705,0.10842562229058861,1954,256
8085,0.07663878320162058,0.03378292311284459,2058,256
8086,0.06606463459932199,0.3585426270563502,1947,256
8087,0.62788803751063,0.3249913174775618,2107,256
8088,0.7993611834742458,0.3813752322066779,2133,256
8089,0.13467654443645782,0.25984079264027915,2122,256
8090,0.06578269848894447,0.11132086155267695,2091,256
8091,0.5623736227872183,0.0957822774907453,2095,256
8092,0.36239069941261887,0.5831758602878898,1946,256
8093,1.5316854924843146,0.1124581496300956,2129,256
8094,0.28122627002986245,0.25918454352812925,2074,256
8095,1.359861709522379,0.23356975769072408,2040,256
8096,1.8255131085207073,0.8462414071443426,2120,256
8097,0.7810488338680502,0.5439838377713901,2149,256
8098,1.2312221116771904,0.3151086813624209,1956,256
8099,0.33637392488431306,0.5338724645404931,2129,256
8100,0.48031234037807946,0.46938347453612406,2003,256
8101,0.5297124011146604,0.23062226446277123,2138,256
8102,0.0947552845727211,0.5200110546333453,2109,256
8103,0.42842859211786855,0.10823369256481419,1993,256
8104,3.4308881933143787,0.5637187996342881,2169,256
8105,1.136957512694922,0.1274252471516355,2092,256
8106,0.9142350374800003,0.3417204489637178,2096,256
8107,0.9434728982856301,0.9130305428275262,1979,256
8108,1.6014869067902378,0.6760141927610962,2069,256
8109,0.1464768333054433,0.7845548282637282,2025,256
8110,0.7111760090843621,0.9094342710619149,2130,256
8111,1.4226593265846368,0.3908114980846745,2098,256
8112,0.6896988938876737,0.15558138185576464,2089,256
8113,0.5169127512904537,0.054350376577761095,1945,256
8114,0.02698226814290374,0.09223564448169852,2056,256
8115,1.2810745662113687,0.9959760908317629,1932,256
8116,0.04658969946778266,0.11381764873952893,2019,256
8117,0.7354546218866767,0.04293968300562789,1988,256
8118,0.03454336779402128,0.5700777040922463,1999,256
8119,2.6115411362240266,0.4364987191029599,1964,256
8120,0.08946038770086687,0.24483493242627463,1975,256
8121,0.12751022345103377,0.8056593361923977,2108,256
8122,2.88415389348406,0.6801076142793187,2045,256
8123,1.255343051703634,0.6345515105548748,1986,256
8124,0.252369119737558,0.9170818160427121,1925,256
8125,0.9322903044972753,0.4550351547153737,2041,256
8126,1.1711625602761928,0.7976133304663816,1943,256
8127,0.20848298276244828,0.696048519045871,1935,256
8128,1.4286033706358563,0.5288509475578154,1950,256
8129,1.8806957399892785,0.3089194578030384,1937,256
8130,0.1402094866327269,0.7833975145381858,2171,256
8131,1.0096529820516427,0.3377197847015704,1985,256
8132,0.042060281879768666,0.11115897067630953,2028,256
8133,0.3870021884533593,0.0819581849538843,2093,256
8134,0.13285077208043572,0.0015543001844364746,2065,256
8135,1.3305010731693423,0.6623522425174908,2044,256
8136,0.7652988020769343,0.08339929074817931,2084,256
8137,0.32969855545166515,0.9565199457088804,2102,256
8138,0.5208091399183773,0.32201504225700084,2175,256
8139,0.394836442663371,0.35996682584625694,2039,256
8140,0.16715781655960102,0.07213541666710688,2001,256
8141,2.6484518837790185,0.096981121006807,2123,256
8142,1.8903233613578474,0.24314302037930746,2154,256
8143,0.4778124841693938,0.035663928479543805,1928,256
8144,0.25106197951215903,0.3255144843889676,2012,256
8145,0.6532676172631761,0.188770619756914,2003,256
8146,0.25337330275371195,0.9722667924780496,2016,256
8147,1.6048886876443085,0.0036780562916368664,2057,256
8148,1.0361058064054187,0.8935627261997262,1981,256
8149,2.010764141137405,0.436915047917371,2008,256
8150,1.3311208118175855,0.5936049783451356,2154,256
8151,0.5922504177916245,0.8389136277671173,1983,256
8152,0.4391488357363459,0.8252762866591316,2008,256
8153,0.9844829371667888,0.8559650549874078,1933,256
8154,0.7178445505660249,0.185876359289742,2160,256
8155,1.5721837710957332,0.6589485801690714,2019,256
8156,0.4959363692065678,0.406549033236031,2073,256
8157,0.387206342166559,0.5096338440493036,1929,256
8158,0.645152398868605,0.2555505509129564,2144,256
8159,0.5736030322227659,0.28497776228409366,2128,256
8160,1.0643690458455652,0.6265615856969344,2056,256
8161,0.45694575599799225,0.3852435263600029,1930,256
8162,0.1645746233352897,0.7417211418337862,2062,256
8163,1.1155326166626442,0.32658095773825346,2070,256
8164,0.6410728118219673,0.4893440387421538,2022,256
8165,1.2875242135833271,0.1912745661434132,2156,256
8166,0.8009958559721181,0.1396230291497561,2091,256
8167,0.9724526361502612,0.9554670753791762,1991,256
8168,0.14289422556062187,0.6786837722392662,2145,256
8169,0.8012724950530425,0.10476581152281206,1999,256
8170,2.5959688479544165,0.7078231270746488,2123,256
8171,0.00640905042480089,0.43071939907419365,1923,256
8172,1.8798477374215536,0.9030290108762776,2030,256
8173,0.0011406660575376236,0.6065173513535811,2173,256
8174,0.04499737712946744,0.9867737037449082,1982,256
8175,0.3124532928309785,0.20601248923692772,2049,256
8176,0.7087430479855075,0.32322222708511184,2143,256
8177,1.3248461890097776,0.9107229230088532,1942,256
8178,0.4263726368881173,0.8546793721358706,2084,256
8179,2.2194478424993513,0.010264621935892171,1986,256
8180,0.5205353704078679,0.7146865533545028,2124,256
8181,0.023477142833914753,0.3383233647093685,2042,256
8182,1.3472344112066938,0.9071934513720405,2091,256
8183,2.1148077645855174,0.8946373592102095,1936,256
8184,1.1239067562145082,0.14524740992720375,2042,256
8185,1.0180475861588079,0.9297077049426796,2091,256
8186,1.3837729690552345,0.3922187044754416,1952,256
8187,0.16795330541141382,0.33730762944835746,1989,256
8188,0.2723021425640104,0.6881626317344158,2122,256
8189,0.4188223215890824,0.13081701235873622,2053,256
8190,1.2276875907215214,0.9017335768903354,2089,256
8191,0.8600358905782756,0.8138952198923597,2082,256
8192,0.7819435993295978,0.12812363360490486,1971,256
8193,0.5199659684249817,0.18429018895550953,2091,256
8194,0.16220435076107223,0.6772961366327236,2052,256
8195,1.7716265637029285,0.5500708956338881,2015,256
8196,0.2614969958890625,0.6729005616847853,2069,256
8197,0.9421436364034449,0.5310925167623072,1997,256
8198,0.6024587538761332,0.7127183324023121,1927,256
8199,0.18861808092722593,0.5822963749777381,2050,256
8200,0.3265678252700668,0.4953756591314068,2050,256
8201,1.475204377114228,0.9412313910426686,1988,256
8202,0.45564940309410734,0.44072089970258943,1954,256
8203,1.2235463608476995,0.7180296952154287,2015,256
8204,0.27188737228337123,0.7742026421048969,1952,256
8205,0.14552283641261243,0.6005207740888654,2045,256
8206,0.20806203531157366,0.1761800189433127,2160,256
8207,1.19253066049475,0.06372198485499114,1946,256
8208,0.6248186720211206,0.19308342625331043,2106,256
8209,0.19162574651639847,0.2416923139380005,2105,256
8210,5.176898215192266,0.9653419122741326,2109,256
8211,0.4283174097138523,0.5514903535134258,2002,256
8212,2.8256576544949605,0.8819893965774358,1993,256
8213,0.4638076602218299,0.1639723286821132,1926,256
8214,0.8292586833878188,0.6309840250280765,2081,256
8215,1.4777007598538705,0.1932383435933529,2023,256
8216,0.8264908536341946,0.2581278805079227,2061,256
8217,1.724285281895458,0.42508811758197995,2150,256
8218,1.1669236871909834,0.4927740722502305,2030,256
8219,0.24724972413036195,0.9346976806984697,2172,256
8220,1.1694242650875721,0.09036089146714554,2098,256
8221,0.3781705707655122,0.47455605125039146,2095,256
8222,0.14214230201080186,0.9046406065007591,2142,256
8223,0.5822833928948595,0.41547304363809756,2129,256
8224,0.4712987969693312,0.3983162949259781,2022,256
8225,0.46821291557910943,0.47669974476255295,2022,256
8226,0.6503309534419774,0.5662749448240653,1921,256
8227,0.004505608066339327,0.014601354828924218,2129,256
8228,0.9868707294048532,0.9896212945028074,2000,256
8229,0.8186900454344925,0.9919940808137403,1950,256
8230,0.6433292332187253,0.5194085249211372,1929,256
8231,2.2561058456201386,0.5710578060653921,2148,256
8232,1.1208562672981475,0.3955244043203233,2160,256
8233,2.441841049072444,0.5703312617330355,2127,256
8234,0.03821613527380583,0.09816512893757079,2088,256
8235,1.2419096319150116,0.310430625831391,1937,256
8236,0.8212626229849092,0.4553310074523518,1964,256
8237,0.06155881120555836,0.3169699742203138,2068,256
8238,0.9052967523140191,0.5341774838717015,1939,256
8239,0.06124061323822145,0.7748212170299028,1953,256
8240,0.8729168270878837,0.4399528808135966,2142,256
8241,0.13479805842228434,0.10302537848057058,2127,256
8242,0.4374944160510652,0.7470190300633245,1992,256
8243,0.307034321085729,0.7139521565484266,1960,256
8244,0.9819886495639173,0.25068025950231954,1971,256
8245,0.13986009206512,0.6201529014115564,2146,256
8246,0.7081249778909625,0.1877697943561435,2071,256
8247,1.68628633970878,0.8940149214319304,1949,256
8248,0.8081321073243996,0.39968181605559827,1960,256
8249,2.135553884376177,0.5790985134802964,1998,256
8250,0.02625938519358766,0.7999759287289974,1966,256
8251,0.03475191844719283,0.08644781364335219,2134,256
8252,0.8070124972139254,0.6385844826622493,2098,256
8253,0.5022184725135692,0.22552893622271686,2067,256
8254,1.567418770917917,0.1456931442036652,2113,256
8255,0.183267484802322,0.006865817821997133,1976,256
8256,0.08139056066235204,0.05933008438699405,1970,256
8257,2.0547071804989705,0.4155166357257375,2059,256
8258,0.23626366999796955,0.4132611138667506,1949,256
8259,0.8419528906962902,0.7410568969781599,2155,256
8260,0.387753834832213,0.28215765809061466,1994,256
8261,4.023626598857098,0.0029884587100071913,2175,256
8262,2.399063155951788,0.6051430019638335,2100,256
8263,1.1224622336194146,0.33103156074750195,1963,256
8264,0.5797158012725783,0.13318995629517538,2123,256
8265,0.05072076783703159,0.1943892481487126,2064,256
8266,0.10574268300402254,0.22955920734484891,1972,256
8267,0.8343862605238729,0.460230593035,2166,256
8268,5.1741952125252935,0.4761505590145847,2134,256
8269,1.1712038281561374,0.8573825086237021,1943,256
8270,0.04589793753892991,0.5194733343809417,2164,256
8271,0.2941078075099915,0.5803923181174298,2166,256
8272,0.4700495471043221,0.5826866525848247,1936,256
8273,1.2866840577075307,0.9213576986420884,2044,256
8274,0.998309622423185,0.24809838842971288,2017,256
8275,5.128666987673341,0.7975953679997371,1947,256
8276,0.7306534265211874,0.12706185791141789,1925,256
8277,0.20307833460701688,0.43882697373465396,1981,256
8278,0.3041795410570214,0.08091285229021761,1984,256
8279,0.9706779552756913,0.270239605535443,2152,256
8280,1.3828449490767765,0.12859436546847958,1943,256
8281,0.48770516159496263,0.4963950933067799,2131,256
8282,2.4016791589206488,0.04388457706424076,2056,256
8283,0.18119787976866097,0.6345731603764583,2064,256
8284,1.8610771980755778,0.5136009228546149,1998,256
8285,0.7635207456286979,0.011407312305529826,2058,256
8286,4.817483611591635,0.9447181247235965,2019,256
8287,2.2637018560492064,0.014580929278267818,2111,256
8288,1.5615394389657462,0.8136269452235638,1963,256
8289,1.2874819163100701,0.37950644636550623,2048,256
8290,0.6259706897941429,0.5022479305392175,2084,256
8291,2.358639369916902,0.7257143275951882,1999,256
8292,0.7472454223963411,0.717342739934965,2105,256
8293,1.1655008870732095,0.46262058009010487,1963,256
8294,0.17321603221529497,0.6404868091138197,2132,256
8295,2.905334183825201,0.16978707481027977,2001,256
8296,0.45461786250494124,0.30190361657930076,2059,256
8297,0.3404912544533643,0.45983929281373315,2052,256
8298,0.8405833344953354,0.45411746650206875,2009,256
8299,1.221225051853356,0.23580614655452758,2059,256
8300,0.6971783355051832,0.4243873617198066,2068,256
8301,0.49857002046847504,0.6200663631184887,2045,256
8302,0.5609513228210743,0.38240696929232754,2016,256
8303,0.2454529165412539,0.4535027800236069,1964,256
8304,0.570350972661471,0.006217485859913552,2078,256
8305,0.2544321015750784,0.9935997141372057,2002,256
8306,2.000013686398136,0.8451831024314741,2141,256
8307,0.18247987725703663,0.7987529130799037,1940,256
8308,0.6218011708440548,0.14577530012637252,2123,256
8309,0.8806852551454271,0.587700059909775,2093,256
8310,0.20147633211477356,0.6601106865864018,2147,256
8311,0.19647015627371253,0.227440732639424,1977,256
8312,0.2776615602648346,0.19021400749587747,2024,256
8313,0.756865778021102,0.21287101507328898,1982,256
8314,0.7596759412864861,0.9374644874840669,1954,256
8315,1.787349274241396,0.9245526465363657,2051,256
8316,4.862930018323477,0.8929344215771357,2040,256
8317,0.2839696001145869,0.5733933957624427,2109,256
8318,0.7107440402650734,0.6931848256171355,2142,256
8319,0.7043739181320108,0.12069981286695575,1978,256
8320,1.109334661263082,0.6255058972603894,2176,256
8321,0.527756480120331,0.2842683505329232,1965,256
8322,0.367850105823526,0.6721932871271108,2042,256
8323,0.6560706961948783,0.90119069206557,1921,256
8324,0.1793607470235112,0.2804399422262047,2162,256
8325,3.1445030587342844,0.6182737634494411,2047,256
8326,1.158177480634307,0.3845950539357591,2058,256
8327,1.0368434283955408,0.8958564765460942,2131,256
8328,1.671998148812039,0.7443778605070628,2088,256
8329,0.3314358845076519,0.02652480667367596,1991,256
8330,0.9919767944193472,0.51811634930954,2115,256
8331,0.3645455746817116,0.5179667056218423,2115,256
8332,1.1107900956207954,0.725608585885048,2057,256
8333,0.13473239233861878,0.32749955359617444,2112,256
8334,0.27492451290646863,0.5942219165080402,2118,256
8335,1.3778677316142167,0.7986460277608052,1960,256
8336,0.3597465824465555,0.18900047279028176,2113,256
8337,1.2860293335178048,0.859637437878028,2103,256
8338,1.0211338976048574,0.30269887031389686,1998,256
8339,0.15731685591892708,0.40676711451741465,1968,256
8340,0.17493587906823244,0.08048403794315506,2003,256
8341,1.2556370807155044,0.7105099885832885,2097,256
8342,0.7546192556548884,0.28850280562380315,1935,256
8343,0.95802677133633,0.028230167939807038,2096,256
8344,0.9676322288900219,0.35521738628944843,2063,256
8345,0.580227010714515,0.37536291405681943,2026,256
8346,3.5696975446721604,0.13248661738714096,2122,256
8347,1.7936981222625885,0.48693058177033244,2131,256
8348,2.8969377156606346,0.0794483118355972,2162,256
8349,1.0585305568825698,0.7292258290105936,2114,256
8350,0.013183345385853081,0.6672060497188368,2026,256
8351,0.6300309599735626,0.9885800390750124,2047,256
8352,1.0810146361461386,0.6512313272893508,1960,256
8353,0.007010200666670969,0.6438528710969368,1944,256
8354,2.4138690020224276,0.14931379914807008,2106,256
8355,0.8453445418997573,0.36582890494403375,2060,256
8356,0.6937270426030565,0.502818285773007,2099,256
8357,1.6397064739077791,0.4082688002972632,2142,256
8358,0.11976689567760383,0.18335884518755752,2079,256
8359,0.2751608737379976,0.8133242485393194,2171,256
8360,0.050880177599845346,0.1890362879652835,2168,256
8361,0.3578332131943174,0.7364061262101612,1978,256
8362,1.1279761451017156,0.9022963357337518,1984,256
8363,1.140894404042782,0.4130672971787078,2128,256
8364,0.5426199843652337,0.5658831089506725,2057,256
8365,1.9810375491239394,0.7321180543171195,1992,256
8366,0.7212561870822968,0.2484625779888633,2129,256
8367,1.8275239992600996,0.8001748649144135,1945,256
8368,0.29726821199715486,0.032281206264688334,2143,256
8369,0.4018104195317569,0.8234322889500888,1975,256
8370,0.41768501527183666,0.870996403479136,2076,256
8371,3.327132071775213,0.7357502279210559,2118,256
8372,4.705322765189514,0.6946443910525966,2149,256
8373,0.5437942460890588,0.1803127256372351,2018,256
8374,1.68658692546414,0.8960251522562702,2165,256
8375,0.20687489436575396,0.6193758090363752,2076,256
8376,0.3741793030116048,0.22090944505525545,1927,256
8377,0.5921413183308515,0.7195727661922487,2098,256
8378,0.13310363960872257,0.7777687497039667,1924,256
8379,0.3200433761649654,0.7530736017354257,2045,256
8380,0.36003857283541546,0.3666167350742685,2036,256
8381,0.5735734764443876,0.6462501301006872,2168,256
8382,1.4258438053262936,0.7596385935483271,1992,256
8383,0.3775976818589705,0.2867046630576482,2009,256
8384,0.1307555765278846,0.18968271798203618,2030,256
8385,3.0080681622921768,0.4497299610131842,1951,256
8386,1.940964152123973,0.4178511002661198,2003,256
8387,0.8801345116415745,0.2573002496990231,2165,256
8388,1.2192223766319268,0.35502961209333517,2001,256
8389,0.5581590963329267,0.39053120977406064,1989,256
8390,0.602644593628674,0.15590668202949443,2058,256
8391,0.8537861585164589,0.23277796659447492,1957,256
8392,1.579108078512994,0.02682805464550564,2008,256
8393,1.7055045285454267,0.14019437043814076,2025,256
8394,0.8977465204518343,0.36003441128232794,1960,256
8395,1.838795086820243,0.2704828398136634,2060,256
8396,0.43758799105707796,0.8495701091807039,1999,256
8397,0.17761543279264233,0.8710865886765321,1931,256
8398,0.37448335983031444,0.6582205219344575,2085,256
8399,2.176438135782616,0.15603558236192294,2118,256
8400,1.803233698859539,0.3723447713015161,1982,256
8401,0.15880319732008255,0.7170898680769057,1927,256
8402,0.36212646343696137,0.7772468323437042,2110,256
8403,1.7493689976981874,0.24637961665250585,2147,256
8404,0.43921985635196614,0.2502458718716102,1972,256
8405,0.23803584157202048,0.33759140562825163,1946,256
8406,0.9197520253007829,0.1731174264516262,1951,256
8407,1.542370905780873,0.9718252898513499,1932,256
8408,1.2384076020163675,0.7104402394040057,2111,256
8409,0.017434359573866125,0.6866955895255685,1981,256
8410,0.5923903459924046,0.9464390621188264,2045,256
8411,0.6252729008018774,0.11754654596416358,2046,256
8412,2.425936851980545,0.5937579170659287,1978,256
8413,0.04904508565610332,0.4707485596216061,1979,256
8414,1.5813803932262824,0.910954325681191,2163,256
8415,3.97057074904667,0.7386081094971493,1937,256
8416,0.3198566402069334,0.9330010175371699,2050,256
8417,0.4592300319431545,0.3267192227179898,2089,256
8418,4.352860475306129,0.39817094899756234,1929,256
8419,0.3008165233919232,0.08553194087674743,2088,256
8420,2.113522186835497,0.7899128013640268,2157,256
8421,0.3288251346784519,0.6151366283130945,1928,256
8422,0.5855113970299903,0.3358797137336741,2019,256
8423,0.5248973947962231,0.8094880711617451,1954,256
8424,0.06773642903493746,0.671727758485645,1939,256
8425,1.5920734694411187,0.44093130155657123,2036,256
8426,0.46705994724531286,0.1415964752559199,2163,256
8427,0.8141906536265259,0.4781297744939855,2124,256
8428,0.6475058439110932,0.19484598193186087,2019,256
8429,0.09445334525430064,0.6282045035960316,2065,256
8430,1.8347796705296544,0.9792346750830786,2081,256
8431,0.5323511897570011,0.46136326505578074,2031,256
8432,3.5497715910499874,0.6690262156750999,1968,256
8433,0.7704201742395783,0.15268086562154393,1927,256
8434,1.1660244907356132,0.7549273405352646,2106,256
8435,1.2560117146328058,0.32306651969531,2007,256
8436,0.03490205277319365,0.07016568817568347,2106,256
8437,1.3860734143681903,0.9764989453186885,1945,256
8438,0.036524997781109354,0.1790693350252387,1949,256
8439,0.11807640549164809,0.3858712569351399,2132,256
8440,0.48215395431418395,0.21563464271730137,2169,256
8441,0.5845188535756494,0.691587684527243,2174,256
8442,0.28848639062158316,0.7070689534912077,2061,256
8443,0.8720327539771641,0.9250204444417697,1933,256
8444,0.8304495937166345,0.9901884365153196,1940,256
8445,0.07570075173212652,0.8965256914084013,2069,256
8446,1.2110614988561348,0.0844449617470604,2001,256
8447,1.7003863464540576,0.48397188312574646,1964,256
8448,1.556800636784797,0.14203591374182944,2163,256
8449,0.27627859242798,0.0045976408272242475,1987,256
8450,0.9586374563678016,0.8912340511715722,2110,256
8451,1.366961649362961,0.8132543488163847,2112,256
8452,0.6475436183186647,0.3145660963718059,1920,256
8453,0.055972560222537285,0.7374817372389312,1935,256
8454,1.370055064765025,0.09153044343994998,1954,256
8455,0.12470160862519214,0.9989606093041435,2030,256
8456,0.5000587857093236,0.7709362255058549,2031,256
8457,2.404462064240782,0.042021028949546624,1992,256
8458,0.43019973216357504,0.56213218698529,1956,256
8459,0.2455567869773025,0.8860476225998614,2085,256
8460,1.3744341428543863,0.9207490554054776,2031,256
8461,0.061597988145074965,0.2221643228764929,1956,256
8462,0.5564983888291918,0.5337123250344015,2105,256
8463,1.9982321315387963,0.5334195102057355,2153,256
8464,0.16609786805079169,0.3797608440561022,2093,256
8465,1.7640318686658722,0.6796801717434422,2051,256
8466,2.445118913324484,0.5735473382766567,1924,256
8467,2.157881290886522,0.31635429713429997,2150,256
8468,0.5194743273775313,0.9860955548922958,2106,256
8469,2.6970654371047313,0.3305474923115995,2104,256
8470,0.2969789404532933,0.9424269583833113,1988,256
8471,1.0328228651250964,0.297534866211563,2147,256
8472,2.3017282464184077,0.12032550548254217,2115,256
8473,0.8571453840372253,0.11440164750639337,2144,256
8474,1.2439165662526888,0.37893761843921436,2017,256
8475,0.013181640152622085,0.11577339698137634,1923,256
8476,0.12256370262110429,0.4705875191685708,1943,256
8477,0.062058113051184915,0.37027995723715523,1996,256
8478,1.0591545355378496,0.004329634645903302,2141,256
8479,0.10154811068000588,0.22339060955737455,2139,256
8480,1.7114932174327155,0.6308666199708893,2073,256
8481,1.7140962907740567,0.7665076305033998,2168,256
8482,0.5572705855982677,0.045832857204435085,1921,256
8483,0.639893613815899,0.943387532697278,2160,256
8484,0.5474566333497504,0.16579543818784082,2021,256
8485,2.424866868247739,0.9999292689721861,2040,256
8486,0.5321173192508947,0.2714132334845688,2145,256
8487,0.7411355056202107,0.925047656998104,1980,256
8488,0.783695224595463,0.2219537230887315,1980,256
8489,0.006471075475346427,0.8413931100625978,1961,256
8490,0.6905674307644049,0.6637247469527734,2035,256
8491,1.922484049679821,0.7204439598253394,2006,256
8492,0.0016485797607309087,0.35295549662382186,2042,256
8493,0.9468580482100476,0.8426570725798425,2060,256
8494,1.3452157209147182,0.49329468667879106,2009,256
8495,0.16724279624979171,0.1627684562227093,1988,256
8496,0.8344658365522888,0.3027924702177096,2031,256
8497,0.49624999219608845,0.024009611500083183,2012,256
8498,0.2241561295515429,0.5457937888228858,2144,256
8499,0.6195271286176092,0.32476956176895,1958,256
8500,0.3262950167315303,0.6703147335923073,1965,256
8501,0.4684536643405411,0.33906644785462503,2043,256
8502,0.9027187284967703,0.9963832153239097,2158,256
8503,0.9507905542674349,0.6239264526455075,2104,256
8504,2.681418547665073,0.30607843836380155,2151,256
8505,1.970699268028656,0.2355138803267951,1955,256
8506,2.022859226946609,0.15513865410203698,1927,256
8507,0.7788990344409843,0.41831777545801785,2018,256
8508,0.23992691531487564,0.726539177870559,2131,256
8509,0.5256764384960945,0.6862957287925443,1990,256
8510,1.0509904726233468,0.392177839971275,1975,256
8511,0.48241374892994837,0.453952575632111,2054,256
8512,0.6955432166004172,0.49228529455467096,2172,256
8513,2.0950998505668483,0.6053314751230218,2103,256
8514,0.761413761452819,0.42856791854630194,1929,256
8515,0.6077736774422378,0.6224437843084304,1954,256
8516,1.063583697078293,0.9062587190524024,1941,256
8517,0.14089065879427867,0.24694794852844015,2065,256
8518,0.05861079184453782,0.32815196366757604,2148,256
8519,0.11634486478774593,0.6216292212895874,2097,256
8520,0.06571878242266613,0.653750501284056,2035,256
8521,1.7209490252594974,0.991615207647174,2134,256
8522,2.5578999603312558,0.2539296292846528,1936,256
8523,0.05454462597399543,0.5831253609787722,2054,256
8524,0.643687358739889,0.08126856256941484,1964,256
8525,0.5169784994043983,0.6711995529088102,2162,256
8526,0.08691807712868325,0.6246674707831705,1973,256
8527,0.1582126646308103,0.7500847208403227,1987,256
8528,0.2610038895768116,0.6228166088124097,2116,256
8529,3.1081986252274962,0.47851143205924773,2040,256
8530,0.04916351264937252,0.9343084292340835,2025,256
8531,0.32022841889362047,0.1025258312935644,1981,256
8532,0.868025599531533,0.9787426986911494,2039,256
8533,0.3483121945693234,0.005064931602443035,2038,256
8534,1.4410331223734139,0.9902699391115648,1931,256
8535,0.12047441143091603,0.7146267499327765,2041,256
8536,0.2108408419815578,0.7435391118037352,2128,256
8537,1.3513524025876331,0.7680718576317428,2131,256
8538,0.8678580973415877,0.5856039043030465,2023,256
8539,0.8476890365453416,0.0335246795999683,1981,256
8540,1.544242901627981,0.2005245725734064,2168,256
8541,0.06745698594734277,0.9355027714330312,2176,256
8542,0.11563538255435749,0.7810060520683471,1950,256
8543,1.0091519901306911,0.24434630961388448,2055,256
8544,1.0392743851382815,0.9171730621448582,2002,256
8545,1.4420259921791607,0.0025819626566251364,1965,256
8546,0.01988059169551177,0.5387522984172726,2012,256
8547,0.7015462256995443,0.3573630413547142,1938,256
8548,0.8174192211065036,0.17013524379079314,1989,256
8549,0.24084311643124962,0.31049913050115086,1930,256
8550,1.0272097609462718,0.5330891482837874,2062,256
8551,0.35167144745005635,0.5990259249693414,2162,256
8552,2.206711575404285,0.845300000308625,2099,256
8553,0.02635753419005457,0.6666326045499453,2007,256
8554,2.520402001805324,0.4725832833252911,2040,256
8555,1.5420313542939146,0.04171479562808189,2049,256
8556,1.8674904229345528,0.5554806928538276,1998,256
8557,0.8088802384860918,0.6502855336027118,2168,256
8558,3.582821794636524,0.006983540968638291,2091,256
8559,0.011589990244106172,0.9073447852351264,2127,256
8560,1.6104895496276055,0.7678986800806792,2121,256
8561,2.7727776043382537,0.24151288071896326,1943,256
8562,0.7119310946978384,0.5598953304029469,2064,256
8563,1.267831394269162,0.885857592777401,1945,256
8564,0.6494164736070714,0.6035418512274751,1991,256
8565,2.2104692339747585,0.02600452480412696,2122,256
8566,1.3368319847074528,0.8686144532125775,2144,256
8567,0.8837223050624329,0.7040938341241308,1931,256
8568,1.4754872264754373,0.9666492340707211,2129,256
8569,0.017117744816595868,0.38551524699664397,2010,256
8570,0.7483695251606748,0.7609084660892195,1937,256
8571,0.4318061501692433,0.7904734681281405,2172,256
8572,0.44412178880831027,0.03300239039143815,2114,256
8573,0.9056032648501324,0.6476182264436069,2000,256
8574,0.04305970764275965,0.8255630428976222,2161,256
8575,1.4973321574669436,0.29374776084872445,2012,256
8576,0.07200193822390084,0.05230791666328072,2154,256
8577,1.9981454076525456,0.5203477454144442,1925,256
8578,2.802300481243456,0.3741916692416136,1957,256
8579,0.23040551622064567,0.849972497482989,2149,256
8580,1.0289394086657753,0.41965474103750466,2106,256
8581,0.22044693161990925,0.4912010781594356,2029,256
8582,0.10933508435212398,0.9688428606083241,1994,256
8583,1.7359592392992786,0.30120917640594647,2067,256
8584,1.2183038653413267,0.9052796028505355,2043,256
8585,1.7281822084170606,0.07779344376766828,2083,256
8586,0.4809546060607017,0.6321483095527373,1981,256
8587,0.023115204187517696,0.042590330433989854,1999,256
8588,1.3884944859442063,0.4053957690439757,2060,256
8589,0.10104677903727032,0.9984793958070302,2082,256
8590,0.9730068704886771,0.03069339258701531,2139,256
8591,1.2658428799856773,0.18781206863582356,1939,256
8592,0.06746616760985338,0.4745143544608258,2174,256
8593,2.719308314615529,0.4375566856860551,2011,256
8594,0.048206625934938054,0.8579884292872688,1948,256
8595,1.9072958587647353,0.26141631282871614,2007,256
8596,0.7512906348159565,0.2170828800935365,2096,256
8597,1.581245630105638,0.8717275353792053,2114,256
8598,0.1852067351834996,0.20942207894673293,1936,256
8599,1.6348228649194072,0.738011071782953,2094,256
8600,1.6153673392694377,0.03485390502951502,2082,256
8601,1.5505923544203863,0.7522927724941354,2013,256
8602,1.9876986312109808,0.9963145791139044,2165,256
8603,2.3744917804970704,0.40808929526988513,2091,256
8604,0.30350144908045373,0.3904381404917374,2054,256
8605,1.2842293973738876,0.42368591011434376,1935,256
8606,2.782667950037054,0.4135618090148554,2034,256
8607,5.636197635011257,0.2878641808964092,2131,256
8608,0.4921909470287421,0.7945192632737044,2010,256
8609,1.277947097914045,0.6408450510695838,2108,256
8610,1.0426769643234104,0.10748274162869054,2148,256
8611,0.6265072662434831,0.9449696426047743,2170,256
8612,0.887213718228267,0.9022677457306832,2028,256
8613,1.6163504765458665,0.45682198335549073,2142,256
8614,0.3840317513731247,0.7123598286650368,1923,256
8615,0.022473076044777524,0.5345341183307506,2116,256
8616,1.755997316437999,0.5721282477484192,2129,256
8617,0.2000664768471514,0.6017630485916412,2168,256
8618,1.1133358437955423,0.587598630617785,2166,256
8619,0.01802305709981335,0.5607924417993078,1935,256
8620,0.5639355812075287,0.624292326956626,2176,256
8621,1.3326384287561444,0.8830138721492576,2002,256
8622,0.5429422392659666,0.48898084393781227,2090,256
8623,0.5644779330218865,0.8588465037933736,1956,256
8624,1.723444718841759,0.8754845844645273,2175,256
8625,0.23147833697800718,0.7947887691417824,2083,256
8626,1.164524933843331,0.29184964811855596,1982,256
8627,1.2998435615929775,0.013784897529019458,1986,256
8628,0.5076537498175964,0.06606412180704646,1930,256
8629,0.7776112113043658,0.6215373969200935,2147,256
8630,0.09420754968717066,0.10719848020151279,2041,256
8631,0.403704110638453,0.21653107665563942,2058,256
8632,4.561436065930463,0.26036671495391195,2069,256
8633,1.2542918532639509,0.5906080744341484,2090,256
8634,1.9455917577727626,0.5816818350061099,1921,256
8635,0.30768786643379753,0.8296839208762048,2061,256
8636,0.31723566503047884,0.4069894012688453,2006,256
8637,0.7420496807607068,0.7692052354220866,2030,256
8638,0.016999164417675173,0.14252105115054392,1930,256
8639,0.21352315100159153,0.7863571335357917,2042,256
8640,1.5953809838030835,0.9342996908711507,2006,256
8641,0.258205346737673,0.47844020692762346,2077,256
8642,0.24756038649678302,0.6418509357446952,2003,256
8643,0.1741947780896803,0.03234429909148173,2018,256
8644,0.3184641400460177,0.04041956182054096,2125,256
8645,0.9982708626907316,0.3914958339247745,2153,256
8646,2.282137521081937,0.9569638078100844,2146,256
8647,0.27160126205943735,0.515094395083331,1987,256
8648,1.179603719052779,0.9103771166735937,1935,256
8649,6.944868683224786,0.9849184861298897,2051,256
8650,0.058710566328167624,0.49663440229351963,2005,256
8651,0.022247435820508966,0.6037962786665458,2009,256
8652,2.9563129325469246,0.6888756981888285,2040,256
8653,4.50548873710464,0.3251247962252909,2138,256
8654,1.1232042413454404,0.7202771845446774,2036,256
8655,0.24884623349186064,0.19112832813760539,2171,256
8656,1.1874650570577112,0.5192093877516658,2120,256
8657,1.9726382367377142,0.15737527474867397,2152,256
8658,1.0529813467257076,0.9166279920215223,2021,256
8659,1.3542315187723024,0.024531956391516285,2042,256
8660,1.3991124455181143,0.8923934966895867,1942,256
8661,1.4926070136212855,0.3516738844485382,2106,256
8662,1.2449807519694707,0.8064615969289385,2048,256
8663,2.4884484573772814,0.7345441035096503,1994,256
8664,1.013729632850923,0.34941294025683445,2124,256
8665,0.5140233891748847,0.4331151350825604,2173,256
8666,0.2419784193436709,0.7875860421070039,1922,256
8667,0.5563337258700423,0.8473565561133528,2144,256
8668,0.37737518263093295,0.12395243351259244,1997,256
8669,0.13520402990061212,0.4045478801309539,2003,256
8670,0.635771499172883,0.976058075270148,2110,256
8671,0.17904254695992455,0.10529822602359273,1954,256
8672,0.5524467808503697,0.7351802930677531,1928,256
8673,0.24628105623661325,0.8502049657989201,1969,256
8674,1.2573896218974177,0.6457410477878699,2011,256
8675,2.739226326011627,0.7094660645417297,2111,256
8676,0.23801543744295361,0.7457589209039697,1958,256
8677,2.8082135924175238,0.7810276917192459,1954,256
8678,0.3169308976945477,0.41175935837447897,2060,256
8679,0.8097627547095738,0.4665101911263597,2173,256
8680,0.20179050939532628,0.601437973700152,2111,256
8681,0.6541433805374245,0.42648451091691897,2062,256
8682,1.2130575013441802,0.5321190119701437,1924,256
8683,0.042828546091677425,0.7253328095677958,1923,256
8684,0.48885168897783876,0.9227201653114226,2159,256
8685,0.08812641866070597,0.02966196473253979,2159,256
8686,1.1805951158255819,0.09201501851343818,2170,256
8687,1.4418309621154677,0.8807130855229309,1954,256
8688,0.6037701250355638,0.5909017875628357,2038,256
8689,0.2821280735428462,0.4577706915647497,2159,256
8690,1.6603456215198393,0.010671615954267355,1972,256
8691,1.1907045265146106,0.8944756751750215,2074,256
8692,0.33692559967545616,0.6610191193010895,2060,256
8693,0.2325684522109615,0.8496912711524406,2061,256
8694,1.1214741761781915,0.30910709645338685,2048,256
8695,0.7803358637655904,0.9651623120080637,1996,256
8696,2.9079848671681408,0.5008004287493968,2019,256
8697,0.0682391551421346,0.03317795826194547,2083,256
8698,2.3573786328613786,0.9822104640893554,2025,256
8699,1.6900838892123782,0.5905823671727013,2130,256
8700,2.5647286747259854,0.09661919641746242,2116,256
8701,0.6465797976621942,0.2214494677259683,2164,256
8702,1.404866104410119,0.9878797657920233,1960,256
8703,1.0462305356372785,0.2280821150019885,2040,256
8704,1.7674943983167408,0.22201731030303873,1992,256
8705,0.8631639631384095,0.22642919047583587,2087,256
8706,0.9685866390578688,0.4259979803353132,2166,256
8707,0.050362239998306906,0.5468340662026171,2148,256
8708,1.4953428326810898,0.25242528575216294,2124,256
8709,1.226115549402825,0.44691596688996227,1927,256
8710,0.5952606428486095,0.7623169625909344,2052,256
8711,0.12682088218137005,0.23918325311575261,2136,256
8712,0.5835425638310164,0.589219234007491,2114,256
8713,2.524510454074106,0.35824462030626614,2164,256
8714,1.1310775221991918,0.6054993146979888,2115,256
8715,0.6104921190559522,0.5929629192403776,2035,256
8716,0.1643096537231765,0.5123138933761184,2066,256
8717,1.0886504969105626,0.9913551925302525,2070,256
8718,0.11406487269084552,0.6146684195711389,2045,256
8719,0.8540359665904168,0.31470671455882093,1933,256
8720,2.372614797909149,0.17600602592345926,2023,256
8721,0.306637610548254,0.3934039877539639,1996,256
8722,1.6919844431957958,0.12815890373392225,2025,256
8723,1.2745888990111176,0.621848689125248,2000,256
8724,0.5881094147194555,0.7019402559461172,2093,256
8725,1.3969475166260477,0.7184680036712505,2011,256
8726,0.2410395875894616,0.7104671151738693,1973,256
8727,1.394612086090335,0.22703994160978447,1996,256
8728,0.534528449906105,0.21372114171598522,2176,256
8729,1.2994855762722384,0.980864818608478,1969,256
8730,1.1929490837721783,0.9558574878633865,2163,256
8731,0.43208059898768264,0.19119196673940797,1978,256
8732,0.41224432210995016,0.6962261214372566,1943,256
8733,3.184786444742962,0.876655229082514,2062,256
8734,0.09823116523446776,0.2914829685686653,2132,256
8735,3.0437042361066187,0.6243440959688458,2108,256
8736,0.9200644333193038,0.6555594459291215,1970,256
8737,0.1982633661784066,0.9860274875017745,1983,256
8738,1.015474175178914,0.10376007766411655,1965,256
8739,0.0362386034999265,0.9147317008845273,2111,256
8740,1.0930415452078768,0.7811617648776715,2128,256
8741,0.48579106346635464,0.13543990004973183,1962,256
8742,0.2189301478093408,0.36608695881245046,2001,256
8743,0.05485652841153997,0.36470485654101303,2019,256
8744,0.6562331488832426,0.41756705421267215,2121,256
8745,0.48979430800803914,0.7515864659395173,1937,256
8746,0.819528351637581,0.778323770677991,2046,256
8747,0.5036916368167477,0.10914604418566021,1971,256
8748,0.6545381301081195,0.689504964856857,1978,256
8749,0.584085976795062,0.9955762265779147,2086,256
8750,0.06471899358478075,0.1470969560867429,2139,256
8751,3.239563247577743,0.2792037688836967,2096,256
8752,2.154533244109445,0.36730603703131737,2025,256
8753,0.04570876755166281,0.740841450474236,2113,256
8754,0.2594297727304314,0.7174616166784579,2042,256
8755,1.6235944780235372,0.4663252628115344,2165,256
8756,1.5232737578164737,0.04900491182214106,1947,256
8757,0.9964933949330284,0.12429676224538311,1959,256
8758,1.094153487314038,0.9690997650277768,1946,256
8759,0.7548970055486848,0.9614144491542742,2026,256
8760,2.792514788848157,0.64306464555437,2090,256
8761,2.756017849301155,0.8404742848475455,2141,256
8762,1.269858782505431,0.006738314861299055,2127,256
8763,0.5984239007009527,0.22286707786965942,2097,256
8764,0.9506213217907314,0.5064222365030099,2132,256
8765,0.388308012258716,0.6058645185804297,2065,256
8766,2.8079106134740934,0.7310165687627844,1935,256
8767,0.8778139616464508,0.5408621186368182,2058,256
8768,0.6917572591411856,0.768001496794385,1962,256
8769,0.6640274137537648,0.4812588443016871,1967,256
8770,0.4243357707973901,0.11927593308939455,1936,256
8771,2.0527676446682572,0.758907082462387,2157,256
8772,1.056823202001802,0.1586734936888815,1949,256
8773,0.07482989994527686,0.7659933210328952,2058,256
8774,1.5365383857640549,0.48338032303341316,2032,256
8775,1.0952894471743142,0.8952904986267165,1998,256
8776,0.1217173769813741,0.595227893690561,1926,256
8777,1.7992187947670866,0.4593569401404749,1937,256
8778,2.1500485162506195,0.892288984422356,2141,256
8779,0.495424725258902,0.7572116807346073,1979,256
8780,1.4192587744705227,0.9867853566229163,1958,256
8781,0.034900919092725205,0.8465066931047162,1972,256
8782,1.8745941716053152,0.13308518391883806,2019,256
8783,1.832066712879405,0.025559984918639977,2069,256
8784,2.450745171463342,0.00041205520358034153,2081,256
8785,1.1867759682923265,0.6600196792721912,1996,256
8786,0.1110663573738213,0.4828056940796095,2064,256
8787,0.4832394463021888,0.5796188826291001,2020,256
8788,0.21739869736111395,0.36557364165065565,2055,256
8789,1.5964402431932514,0.8752762981459883,2107,256
8790,0.013705353690531209,0.7743552717044725,2026,256
8791,0.26975661438551846,0.9672664660493618,2143,256
8792,0.27085860427050906,0.13317116070786983,2056,256
8793,1.9351870962062385,0.9668588439116145,2018,256
8794,0.07833120237733365,0.23055320113296973,2157,256
8795,0.2250461054184848,0.11637008667493343,1958,256
8796,0.21907021794708345,0.1483745774698102,1944,256
8797,0.6839299551050917,0.8955081603460798,2096,256
8798,0.9943787395319179,0.18549262401593702,2022,256
8799,0.1148908974309022,0.6809423460537289,2017,256
8800,1.4673538282107383,0.9265309953814936,2157,256
8801,0.03900500999490152,0.41554432010986286,2104,256
8802,0.9523953072643228,0.910136427077178,1978,256
8803,0.47352686028196805,0.23158261400886215,2029,256
8804,0.4951261107042946,0.03398776251484015,1986,256
8805,0.23095425206367123,0.1858395792127805,2171,256
8806,1.9908720783142362,0.6309441898369417,2083,256
8807,0.02765362861029405,0.19421904845165527,2049,256
8808,0.6869215459004658,0.740290459580591,2029,256
8809,0.31955068548305937,0.8676332209681229,2035,256
8810,2.64141782443095,0.7408203044452352,2037,256
8811,1.0308018949330136,0.8167191840151535,2105,256
8812,2.5252605294523023,0.9058635255368893,1959,256
8813,0.8911295714845756,0.38605138841518205,2158,256
8814,6.410833965715781,0.43475409555581146,2047,256
8815,1.6206637358763047,0.2671072069383742,1985,256
8816,1.9148656487004578,0.39152972973957056,2143,256
8817,0.5804747770216595,0.042264218477091275,2091,256
8818,1.1023896806426492,0.22935500815000864,2075,256
8819,0.9959386858473828,0.547730164721212,2176,256
8820,1.2807519453253673,0.516213849884698,2125,256
8821,3.3569468586312863,0.13884990984853562,2000,256
8822,0.41216484322082353,0.20237600099243735,2054,256
8823,0.31231375120867033,0.6430324907385828,2003,256
8824,0.008518597482129499,0.0020543995437081186,1956,256
8825,2.3146737099814354,0.9316958106159766,2124,256
8826,0.6122899568228506,0.7140444779560952,2079,256
8827,0.354784382235533,0.9594702122478616,2080,256
8828,0.41208618193734575,0.1517578464966991,1931,256
8829,0.17247406524122283,0.5082132964386803,2075,256
8830,0.5027142590841898,0.6181722694017061,2176,256
8831,1.2484427594989145,0.9808663389282549,2164,256
8832,0.21195040917799804,0.024324012199363643,2079,256
8833,1.2974476722182149,0.10945076030476264,2123,256
8834,0.08446046797802034,0.31791691490074814,2071,256
8835,0.2624388495616525,0.7094029663164634,2095,256
8836,0.5902112686611033,0.0013900553180761221,2115,256
8837,0.05044231267545795,0.023670876707094002,2139,256
8838,0.14799031077045877,0.38599283510899485,1960,256
8839,3.097102773782843,0.29829340764231227,2089,256
8840,0.7851760264976517,0.8145710316661758,2077,256
8841,0.19268359842481642,0.8257929812205752,2140,256
8842,0.2570523934913143,0.28324380797624815,1959,256
8843,1.5969827232299636,0.06073361314204895,2048,256
8844,0.0632733848784826,0.9331532509487803,1980,256
8845,0.824906713687724,0.007412170542833496,1977,256
8846,1.487076909102763,0.322415636032398,2113,256
8847,2.5173715347029084,0.9835071822121504,1985,256
8848,2.6524246797625177,0.15939316515669155,2089,256
8849,0.06681516780693157,0.7916385499532158,1953,256
8850,1.4680215879813405,0.6826417944495289,2022,256
8851,0.09962308810896849,0.926927385662043,2116,256
8852,0.17852343809253063,0.0301828774399443,2135,256
8853,0.1329150204233855,0.07851269743729883,1969,256
8854,0.11524161822783884,0.046477548199307495,1925,256
8855,1.611561038128299,0.009002651003685913,2027,256
8856,2.1112460702777636,0.21303391342791322,2050,256
8857,0.9700835187282971,0.30060954970665177,1942,256
8858,0.15282687316303878,0.11505459849355881,2044,256
8859,0.8320885173106155,0.66855332039796,1957,256
8860,4.589198768131561,0.45290943056063204,1992,256
8861,0.1547601968878427,0.43796527707333355,2160,256
8862,0.9198646045903734,0.19889028841620737,2041,256
8863,2.3658309531948936,0.6491355209370537,2141,256
8864,0.5103074715256463,0.7802273521776701,2096,256
8865,0.12306991010571465,0.984295510863406,1934,256
8866,0.1021198294304151,0.9606445104215303,1949,256
8867,0.37741592178441924,0.8359308221458046,1985,256
8868,0.08232689298622514,0.2593233111361948,1961,256
8869,0.007116044426141384,0.19913182671890095,2083,256
8870,1.7456688670888387,0.14894508517068938,1927,256
8871,3.272225262793463,0.2975917757930141,2054,256
8872,3.7995320631416476,0.3308153869468231,2061,256
8873,2.304045750099767,0.5298487939715949,1990,256
8874,0.001026594942995733,0.9954440794359621,1947,256
8875,0.7871141688248726,0.8217226138728856,1994,256
8876,0.4255889137293391,0.5741699016403262,2062,256
8877,3.8503674428083676,0.747520433056498,2057,256
8878,0.2212384128675523,0.5994850764909031,2105,256
8879,0.43732613153432154,0.4179403211813685,1957,256
8880,1.6636478010461047,0.19848051494043195,2077,256
8881,0.742245840020026,0.4660373206571484,1986,256
8882,0.8984145964658958,0.2351761154342511,1959,256
8883,0.8548930947387693,0.6815428498240156,2144,256
8884,2.8080353805164306,0.5057816240993075,2103,256
8885,0.5445719877367635,0.001238730323424031,2019,256
8886,1.3560319134195522,0.6829537483909053,2012,256
8887,0.4801937339995759,0.6443395630437792,1973,256
8888,0.3392232516419247,0.06701786761112871,1992,256
8889,0.5249443028958148,0.8691312950192207,2067,256
8890,2.325506940565584,0.06091801681211817,2000,256
8891,0.7763462118329906,0.6428513971225848,2083,256
8892,0.775779315697149,0.4511528548082119,2082,256
8893,0.12093910305293129,0.032566090221566646,2046,256
8894,0.9248952105855737,0.5995826641710705,2009,256
8895,1.181531522325953,0.36758512329896786,2060,256
8896,0.8835805526606773,0.8943807578106214,1931,256
8897,0.4995784516718039,0.14925561099577322,2068,256
8898,0.8167041728642092,0.11365094105143703,2049,256
8899,0.0785114801889295,0.6945652517275926,1967,256
8900,0.9465905393518254,0.7924481192570172,1941,256
8901,2.175870932006687,0.4426973186391884,2057,256
8902,1.3306383866022968,0.37559059735320244,2154,256
8903,0.19353927436375082,0.7209877518663087,2085,256
8904,3.764304895012044,0.8588225396213149,2006,256
8905,0.6204435349139504,0.6845528664937938,2130,256
8906,0.17591003866473945,0.6344630278946555,1973,256
8907,0.2813239195395627,0.4096280970691346,2024,256
8908,0.7990502244039811,0.5615280625013462,2096,256
8909,0.7108036033134558,0.7042772326694883,2139,256
8910,1.6769013805527913,0.04461441181019965,1950,256
8911,0.00862851644741845,0.9751577400431269,1927,256
8912,0.5294184685311214,0.6901459867012156,2141,256
8913,0.5027880428524721,0.8890682421353158,1957,256
8914,0.48621570925390206,0.26347683929470944,2042,256
8915,0.5450450105817974,0.57937052184107,2114,256
8916,1.188954180298525,0.4363240057028738,1956,256
8917,0.28429845807685306,0.9310966979078822,2042,256
8918,0.12489436711733712,0.34271470617703725,2066,256
8919,0.04522954482353544,0.5036711694910916,1976,256
8920,0.12943243053048403,0.5552015494683303,2053,256
8921,2.6055071163339454,0.6244664938554252,1999,256
8922,4.674181458137103,0.5815899978654692,1967,256
8923,0.27950993028090704,0.4785838353837022,2053,256
8924,0.38352297752815634,0.4441611748048774,1998,256
8925,0.23732099020868538,0.6868849120737884,1938,256
8926,1.3421497561993536,0.42204897409628184,2071,256
8927,0.5129396457914744,0.2384384453608106,2142,256
8928,2.091285258700954,0.560878357354866,2093,256
8929,0.014325118469206796,0.7210800419212459,2152,256
8930,0.8397963671802612,0.2075179789023175,1984,256
8931,1.3671850579415301,0.8101242554507185,2046,256
8932,0.11071048468289874,0.8118593410617214,2133,256
8933,1.8791229903279256,0.27060690262141085,2026,256
8934,1.2103755526610491,0.062163339413638385,2102,256
8935,1.7896353269460714,0.5861942316457874,2054,256
8936,0.051628730336123335,0.008144031006371621,2166,256
8937,0.7042471103200157,0.0718543728206148,2051,256
8938,1.2542645410301847,0.006223158517281391,2089,256
8939,0.4379358828290987,0.4835029850117085,1980,256
8940,0.49408049837649426,0.3609404338541169,2059,256
8941,0.9004389668753376,0.8842557479214977,2036,256
8942,0.2517616074011581,0.2758361422837029,2089,256
8943,0.3874749759547363,0.6565718693820469,2143,256
8944,0.41344829491815477,0.15451339959642552,2147,256
8945,1.0971405044121392,0.35779894538753854,2026,256
8946,0.9444921054608288,0.6313213894250604,2050,256
8947,0.5368957674714488,0.40624619722659583,2103,256
8948,0.12803596393696043,0.966905478247599,2013,256
8949,1.7920337835926115,0.8416796189690028,2097,256
8950,1.6756093482251961,0.4741357379728175,1983,256
8951,0.26367543790067166,0.19408715621983363,1931,256
8952,0.163179108881225,0.4491489421151412,2068,256
8953,0.7034772443133815,0.03722003344436098,1922,256
8954,0.8547365305621438,0.1645854838026929,2051,256
8955,1.1613673602277912,0.5748545694618566,2032,256
8956,0.5103629963583926,0.406308964811151,2066,256
8957,1.814567372113901,0.15888551093984038,2023,256
8958,0.765718829836977,0.6974002068296121,2138,256
8959,0.4757987850342077,0.5594665081477748,2139,256
8960,3.9981515292925844,0.08986241447501819,1944,256
8961,1.2587665422827927,0.33759588942019503,2170,256
8962,4.559559336691579,0.4734724687222803,2082,256
8963,0.9698661484657131,0.1895347083175376,2048,256
8964,0.03220164433579222,0.7819286464846719,2056,256
8965,0.10605776250262226,0.9992249841217288,1989,256
8966,1.2494005215972455,0.6891036438517317,2106,256
8967,1.1241376220216275,0.907134554945733,2103,256
8968,1.3997658881446895,0.9254926565280068,1938,256
8969,0.28295311333434825,0.35399683451804476,2106,256
8970,1.12983769148454,0.4690551308761962,2138,256
8971,0.500080359365228,0.08259138199344651,2176,256
8972,1.303658990215089,0.03665417929924353,2170,256
8973,1.5879692516096178,0.5030951989438402,2023,256
8974,0.8610220886026837,0.1859570112821718,2026,256
8975,0.11418182654299613,0.9168707129104109,2076,256
8976,0.6146220070973142,0.3763475475617688,2134,256
8977,0.6023607376706065,0.2906667677145415,1939,256
8978,0.6382634309957137,0.7105283349326312,2070,256
8979,1.9495139994686677,0.5116532003008204,2084,256
8980,3.529626105302369,0.6255914235316925,2149,256
8981,0.019913074456050697,0.9481361883283614,2151,256
8982,0.33511068074579775,0.7884131698574407,2082,256
8983,0.11034340296330433,0.6720664069187153,2081,256
8984,0.6317923965914527,0.301617210162736,2172,256
8985,1.0587529035230498,0.5040857606833936,2160,256
8986,0.5120789070709634,0.6286638746680897,1998,256
8987,0.6484479348779324,0.5785688672152514,2112,256
8988,0.5860738512162353,0.523449203231817,2058,256
8989,3.8873386640077925,0.49272211339806027,1946,256
8990,0.06352753646965777,0.027616719573975934,2086,256
8991,3.7291040006198264,0.983724050265882,2154,256
8992,0.8787520866876583,0.25504765052048595,2106,256
8993,0.6915428254444206,0.6942229373304929,2029,256
8994,0.6261465056052611,0.9306014355113774,2035,256
8995,0.23671688907790533,0.8146929713160412,1950,256
8996,0.07977899521743988,0.9315351622781839,2084,256
8997,0.08390815612271749,0.42183084736158827,2005,256
8998,1.5234143485265106,0.6127005711986648,1945,256
8999,1.5368193089156796,0.713358699639703,1970,256
9000,0.29125456824055823,0.5628535274001013,2114,256
9001,0.20196637572550896,0.25836559709478213,2026,256
9002,0.3714272092035071,0.1685088395858957,1966,256
9003,0.6184695481855459,0.7082063644265738,2068,256
9004,1.6186002693328156,0.9672767341196068,2127,256
9005,2.2775188738262413,0.20835699641242145,1955,256
9006,2.137831320116752,0.33179392162811716,1986,256
9007,1.281850002863197,0.35650414572223543,2023,256
9008,1.2560928450985465,0.7757704970862117,2160,256
9009,1.0894754159115736,0.05049773470206376,1930,256
9010,0.7026139681424715,0.9201069573615297,1981,256
9011,1.8491279437055972,0.9739654938913609,2128,256
9012,1.9297082819155749,0.03367734575676962,1981,256
9013,1.8720308233273018,0.6407478823227902,2030,256
9014,1.8150448562797141,0.4136327054911203,2031,256
9015,0.9990156899010341,0.7745328049763947,2174,256
9016,3.752052213190739,0.3319253121447122,2169,256
9017,0.6887460577503326,0.7734200571085627,2115,256
9018,1.2021348583744251,0.6130211035386818,2039,256
9019,0.4646707516577466,0.33935524378375703,2172,256
9020,0.009549288802723883,0.6013244911191605,2053,256
9021,1.5382495672684617,0.5078952208083931,2099,256
9022,0.7463989330027799,0.36440746624235576,2169,256
9023,0.25014676678110886,0.9018241893287472,2160,256
9024,0.08163908924859307,0.4030620442398133,2072,256
9025,0.26787655149427597,0.988054218361446,2068,256
9026,1.0220415045011169,0.0732020595736742,1996,256
9027,0.2180416104288574,0.9822653179571346,2173,256
9028,0.4472670047377165,0.15258316088141644,2047,256
9029,0.05750195598478244,0.10147580055866479,1937,256
9030,2.394594555568169,0.5261891794470948,1921,256
9031,1.6961275619438831,0.1565090402764594,2105,256
9032,1.0502412598690056,0.04424976890542709,1990,256
9033,0.25740791678284825,0.11466168816438527,2160,256
9034,0.10363479696369746,0.1535235923144086,1992,256
9035,0.9059675351275054,0.36519268220725365,1925,256
9036,0.22883331556225125,0.598182064135706,1982,256
9037,0.30976105217236566,0.8741902819851786,2063,256
9038,1.2374351608002905,0.41914225640450353,1932,256
9039,0.13726852313311916,0.31384252085088815,2160,256
9040,0.39175608370166953,0.6658313857155909,2014,256
9041,0.7046978168375666,0.49694734534900886,1987,256
9042,2.5476564619957975,0.6188484440654023,1962,256
9043,4.378128052113595,0.8291103375032361,1964,256
9044,0.6935490644251208,0.2366289987166813,1952,256
9045,0.33979076213510817,0.671753774769547,2118,256
9046,0.9095333184478512,0.7437180992514986,2000,256
9047,0.025129605891492827,0.18782195126210977,2140,256
9048,0.06320265798200725,0.5272031734833998,2124,256
9049,6.965308590718812,0.3413677063994984,2091,256
9050,0.19112257703655997,0.7071458976148436,2134,256
9051,0.490427882442591,0.9232711092838215,2155,256
9052,1.0428632839735745,0.6499443609088209,2096,256
9053,2.0232062351301536,0.5333603653274479,1962,256
9054,0.9720481376059932,0.10601500660522734,2132,256
9055,1.857400708289102,0.3759552764545083,1936,256
9056,1.672387274892501,0.9929364321851663,1959,256
9057,2.37683510750296,0.8421739333233487,2118,256
9058,1.4437969577858574,0.9166995777925109,2005,256
9059,2.0177945626328655,0.19495174117687308,1924,256
9060,0.598962237385959,0.8635838813751933,1939,256
9061,0.023435994720619684,0.5563802628695208,1958,256
9062,0.04354082134367008,0.46809218745795655,2119,256
9063,1.5386057728065545,0.6100790518970269,1945,256
9064,0.015210284551212707,0.5754467079548174,2165,256
9065,0.37050379065995354,0.37318364635774126,2061,256
9066,0.8680302336565402,0.10040155456004352,2087,256
9067,1.2376285282820991,0.8775549112443705,1993,256
9068,0.6757026294283819,0.7507210042529835,2086,256
9069,0.46957105368520735,0.8605990980716853,2085,256
9070,3.1566353468636312,0.6306913695605961,2053,256
9071,0.39007825888345343,0.28689393899200355,2032,256
9072,0.8604864448149153,0.07114432734315768,2051,256
9073,0.11955859382307583,0.06335103068506209,2121,256
9074,2.7658343329472115,0.3203545324533634,2009,256
9075,1.1501807308591139,0.3604903250336503,1962,256
9076,0.5655808351778666,0.20639556354316357,2041,256
9077,0.044631089299999906,0.40215188379734135,1995,256
9078,0.9222279834229873,0.01966016677935356,1930,256
9079,0.2938697106966988,0.7047439430851141,2074,256
9080,0.1666688388637717,0.4859547159416323,2076,256
9081,0.14413673205648284,0.15177041438847305,2165,256
9082,4.254950051211376,0.34113837612432774,2044,256
9083,0.8307851810550759,0.9571164307822138,1944,256
9084,0.021199380907811493,0.3413740086515805,1995,256
9085,3.7483551619012356,0.8438967238301619,2080,256
9086,0.08972731077719798,0.6911824660323337,2046,256
9087,0.4649001197379287,0.9886033162082195,2021,256
9088,0.6770234386320716,0.8031764947223468,2036,256
9089,0.023374745704385694,0.4167225872452859,2125,256
9090,0.3078357781561047,0.0049700425899817935,1952,256
9091,0.7531119678557281,0.5318118573210219,2172,256
9092,0.25247821868597187,0.42280835602483025,1986,256
9093,0.17180275276915266,0.7075890208739306,1962,256
9094,0.3569689467712871,0.7818570309703567,2118,256
9095,0.3245462731192987,0.734061109941635,2061,256
9096,1.6866456082041406,0.1312123442085913,1962,256
9097,0.3215643955614674,0.13165057178556117,2032,256
9098,0.05522655794811607,0.3913542168565247,1984,256
9099,1.0831583496497712,0.13579430166014206,2073,256
9100,0.5981434473706793,0.47542146001744834,1920,256
9101,0.04756223643519032,0.3399847508702736,2074,256
9102,0.40043204324259324,0.4049225365042013,1978,256
9103,0.6364978014463375,0.8499084536916506,2063,256
9104,0.29394302740219413,0.7128646403136877,1932,256
9105,0.68528480020714,0.24193075309335343,2019,256
9106,1.2855175586340608,0.8466752717987948,2071,256
9107,2.3778946544594013,0.33523320102427856,1924,256
9108,1.2063849964368327,0.6091109894187424,2005,256
9109,0.1499772764665809,0.45760864702365045,2035,256
9110,0.6738702165751582,0.20284314200054987,2170,256
9111,0.8508716831693321,0.45828146840686246,2087,256
9112,0.9738368642972476,0.286170512117809,1955,256
9113,0.7406588617333402,0.4317145842059096,1967,256
9114,0.10337040318675715,0.8031259694324018,2001,256
9115,0.4582844847896601,0.07808129318068402,2147,256
9116,1.84614681039345,0.06622506395352856,1944,256
9117,0.742624593576425,0.3548792687212111,1981,256
9118,0.311056849526324,0.920419265692166,1939,256
9119,2.0664256880070186,0.3952652950060148,2121,256
9120,0.2956840901559294,0.09932924853209002,2130,256
9121,0.6895836134387392,0.3368630281301106,2078,256
9122,0.568038522096116,0.530112257264949,1977,256
9123,0.22395667935709287,0.5280554116607298,2058,256
9124,2.2109455488627887,0.32759879047241036,2119,256
9125,0.041436169694877456,0.19157037187832648,2015,256
9126,0.44878044445157705,0.40639629738110616,2069,256
9127,0.24430912267861166,0.781371590802733,2060,256
9128,0.7174717110371014,0.5604210506791747,2096,256
9129,0.8861451329252662,0.5896840907671599,1987,256
9130,1.0341008895567516,0.9197579786752887,2172,256
9131,0.14755649509917643,0.10783782948816667,1937,256
9132,1.3898892394055946,0.7444354808945679,1925,256
9133,0.36768811815799507,0.6426625738943647,2065,256
9134,0.8904611724961757,0.7586926894400957,2152,256
9135,0.049384262651741805,0.23396582823866574,2003,256
9136,1.2347982816756848,0.6360133968199452,1984,256
9137,0.43098746414934097,0.5039588563760753,2138,256
9138,0.05046061320162336,0.11777581639995283,2151,256
9139,3.1180405538194296,0.67458196849372,1955,256
9140,0.6545782943627041,0.7423628841402219,1979,256
9141,1.4936883373040566,0.9906843761469744,2071,256
9142,1.5563641851647154,0.9047001802027728,2054,256
9143,0.16409451203082118,0.7707329177335405,2082,256
9144,0.2326233387800591,0.8312098284931181,2045,256
9145,1.272043137579852,0.7367456412902348,1934,256
9146,1.408978811849316,0.01880572600582231,2118,256
9147,0.4082800369220847,0.5854822663381692,1944,256
9148,0.038025114357922565,0.8343310254077949,2069,256
9149,3.396119372426824,0.2922196543956128,1953,256
9150,0.014039970923537568,0.16197779361402131,2098,256
9151,0.15167020111161184,0.9679605297637319,2137,256
9152,0.6687032108529528,0.42047946869497077,1953,256
9153,1.4972056555380275,0.08543394833956885,2038,256
9154,0.5208831882956579,0.9765120992763744,2049,256
9155,0.1310168422680763,0.5914016919203213,2077,256
9156,0.07354717545144976,0.2711175129435748,1987,256
9157,1.8216720642347068,0.8992911298315305,2099,256
9158,0.7770046226632715,0.9314806403623792,2141,256
9159,1.4417678418070892,0.37421718476306076,2166,256
9160,1.592019940984995,0.945389307071555,2064,256
9161,0.7893823602872224,0.7424434958082371,1988,256
9162,0.4430681066027813,0.7428561431223075,2058,256
9163,0.3429339718822099,0.5744625781914137,1945,256
9164,0.8849037679979435,0.21603363877966753,2117,256
9165,1.9342270445894658,0.6711655196101246,2037,256
9166,0.13617010923394057,0.3218422723912052,2143,256
9167,0.8974122080933367,0.22161778841084412,2023,256
9168,0.4813829311888124,0.8079344881495314,2025,256
9169,0.33453341732961567,0.16456726993698012,2115,256
9170,1.7237428603030331,0.9177082891871567,2076,256
9171,1.2596152819011668,0.6636767062099462,2020,256
9172,1.0913545156304434,0.6116196503143173,2137,256
9173,0.49039130873930237,0.9012818206414368,2045,256
9174,0.30574278739323196,0.864335392660293,2143,256
9175,0.8937416794728754,0.5755213919385289,1928,256
9176,0.38937860007794173,0.8758713436268267,2174,256
9177,0.6647145918771054,0.5523040342679636,2044,256
9178,0.23144742812170552,0.011165994843170823,1995,256
9179,0.3347541782529087,0.5452857568807209,2039,256
9180,1.5090078831210538,0.4599068543688559,1969,256
9181,1.7415411256626663,0.3630383802448941,1970,256
9182,0.4641074323602431,0.5470485642646141,2026,256
9183,0.043190258722648193,0.9562574052512477,2080,256
9184,0.7389386535184307,0.5137882780033165,2148,256
9185,0.00885820260379311,0.6038513447523106,2047,256
9186,0.047556952720394195,0.8405781006350201,2032,256
9187,1.9272771675670457,0.770524417372381,2119,256
9188,1.5231523375239886,0.8931741651021854,1962,256
9189,0.4416826887186571,0.5906546396236347,2135,256
9190,0.7238028149145377,0.0972109194923736,2103,256
9191,0.008282849234834976,0.04179212633619711,1997,256
9192,0.5583075030712501,0.22734943086171644,2137,256
9193,0.38449333348045445,0.49354703496581065,1949,256
9194,0.46763244115871017,0.7739071668547028,2099,256
9195,0.5085314433347444,0.7360114336311337,2003,256
9196,2.2286117880099283,0.9523916918803408,1922,256
9197,0.8494357225460192,0.036916741832832445,1988,256
9198,2.04395362751107,0.3002797996258695,2018,256
9199,2.5890470869097277,0.06657611947778785,2091,256
9200,0.7497124069533253,0.8494529750044106,2148,256
9201,1.0264550043477167,0.07803141804771341,2140,256
9202,1.8012360241867464,0.7556402898775165,2019,256
9203,0.8941433819242071,0.05186766737904047,2154,256
9204,0.8617065196485744,0.4484010817994525,2099,256
9205,2.5896743702068035,0.8039946445850467,1952,256
9206,0.21456764558287605,0.767850798626117,2016,256
9207,1.3309897397004893,0.7649616143528047,2133,256
9208,0.42863077553201806,0.7410316202965661,2094,256
9209,0.013007951515310904,0.5477217831664699,2083,256
9210,1.817801963881549,0.555678466785968,2155,256
9211,0.80298589581595,0.561182442759067,2026,256
9212,1.1356243264063737,0.39237097937040466,1973,256
9213,0.14123968993426997,0.7983475844538015,1924,256
9214,2.149462037620394,0.14708736654576393,2029,256
9215,0.6181254598748811,0.030719861745495902,2097,256
9216,0.06649714191835228,0.11651710899490053,2107,256
9217,0.6544366109390966,0.018158272145646026,2059,256
9218,2.8392110150139342,0.8030268161699784,2091,256
9219,1.1913869548094211,0.16215335960068167,1933,256
9220,0.36673199948229346,0.03885499756752697,2025,256
9221,0.12737838866445017,0.4484393357992491,2004,256
9222,0.9731740974025811,0.8786733104775386,2165,256
9223,4.269452660533839,0.18439179996175004,1984,256
9224,0.579647803139692,0.3889482096963096,1983,256
9225,0.07906573181097637,0.9707464388588971,2028,256
9226,1.176108587783734,0.5165768480291772,2129,256
9227,0.3408450584983125,0.48017992169064083,1979,256
9228,0.7197082461169783,0.421909282875107,2019,256
9229,0.3190894911108731,0.4492021691608651,1980,256
9230,0.604450163149133,0.09954620106688628,2100,256
9231,2.4972090376231777,0.8229727948412263,1983,256
9232,1.523308604039872,0.12749234924839903,2170,256
9233,0.815672011079276,0.5565562221486481,1921,256
9234,0.37093103469463345,0.823755657563358,2035,256
9235,1.6531093719040497,0.5224215170647792,1973,256
9236,0.4296691289371753,0.7552268566040924,1976,256
9237,1.4642373209998387,0.5682409244115056,2152,256
9238,1.0159028427949952,0.9916634050021593,2058,256
9239,0.744526516250205,0.6383264408201555,2009,256
9240,1.2939645156257689,0.9345616849125297,2032,256
9241,1.3849641292227306,0.951909862215708,1996,256
9242,2.392186227695004,0.6560658970484604,1996,256
9243,1.2276394665278105,0.614486320785278,2079,256
9244,1.0380717427201631,0.0266133768138741,2048,256
9245,0.05135777002110018,0.8717729464154172,2020,256
9246,1.5232912745039793,0.23981156478280052,2045,256
9247,1.7224104871194192,0.23186813694647446,2130,256
9248,0.040462127449662724,0.43904143308457,2160,256
9249,1.4472334856670601,0.6371161299668721,1944,256
9250,0.3526992577579575,0.188781149763399,2038,256
9251,0.3976705872066919,0.44694161379638775,2018,256
9252,0.3975954440000788,0.45098112850949057,1959,256
9253,0.2371716609291197,0.41230502627678245,1982,256
9254,2.718737116784192,0.008873729620263227,2075,256
9255,0.01465760226960047,0.6127638830347707,2102,256
9256,1.2250311728724592,0.7050723100620105,1963,256
9257,1.1845796457494306,0.7133507449849874,1966,256
9258,1.5089807142494536,0.045931791591034554,2150,256
9259,2.059120580624185,0.6653179070362908,2108,256
9260,1.43056091333457,0.018886356239554702,2060,256
9261,0.1986309801153167,0.3600143976725122,1956,256
9262,4.930636286155248,0.08437704662735612,1934,256
9263,2.8034203907802224,0.5058920010165223,1948,256
9264,2.77204591788939,0.28417442684972816,1929,256
9265,0.05530418946608082,0.6292206629141973,1982,256
9266,1.6346083399649878,0.5683486920111739,2084,256
9267,0.17918686137596418,0.39170672545032503,1930,256
9268,0.0380185948846488,0.6884408180531107,2086,256
9269,0.23964422092842289,0.39364447103498246,1939,256
9270,0.4023308656708267,0.7532328619961937,2150,256
9271,0.48875000971657995,0.9578445712207615,2112,256
9272,1.929697410318828,0.4152514886073583,2071,256
9273,0.37461219134637924,0.8631728999777779,1923,256
9274,0.9088392802645033,0.22985615677598215,2134,256
9275,0.33804161061084975,0.42796445341781975,2076,256
9276,1.0209291330722363,0.4729131445315501,1945,256
9277,1.2999748736225372,0.3569907607540743,2083,256
9278,0.876053124045601,0.10801462399533412,2074,256
9279,0.3308182323239908,0.011063453428935555,1964,256
9280,1.0451077178744237,0.14998459973199296,2019,256
9281,0.4632471307684756,0.521269605588532,2033,256
9282,0.03505555680482089,0.45562095442420736,1958,256
9283,1.3934284448110075,0.1285262322752233,2075,256
9284,0.6646955001834385,0.06324251613637832,2047,256
9285,0.5806036659939859,0.6426072676074677,2019,256
9286,2.4697694946863145,0.015522911823933394,2170,256
9287,1.9825334164365593,0.4366147661947164,2071,256
9288,0.3768616970713359,0.060435532996898966,2026,256
9289,0.3828209069127714,0.40618233041853247,1922,256
9290,0.26836590500267565,0.9543412594924418,1956,256
9291,0.979648257530122,0.8059922036670669,2001,256
9292,0.9503547181156452,0.9676475460639514,2099,256
9293,3.0651119863806073,0.45376590750571355,1999,256
9294,0.003226122054652374,0.8920818322681141,1949,256
9295,0.16160726930043048,0.898055475677749,1934,256
9296,0.22029062795141,0.31562756617879795,2038,256
9297,3.758686788572044,0.5807320971234831,2001,256
9298,3.0134079819430255,0.6891486790852013,1967,256
9299,1.2951981249420808,0.7318310116557637,1923,256
9300,0.057226295221709876,0.058181399069937134,2115,256
9301,0.5198343186748197,0.6235853959257206,2053,256
9302,2.4900171708629446,0.02191791528575915,1979,256
9303,0.640915870081095,0.5713721304428385,2027,256
9304,0.20698832143395088,0.7015688244858727,1965,256
9305,2.619942752307079,0.40395306731145453,2075,256
9306,1.1820162506392131,0.4144578759255405,2014,256
9307,0.8314912270131251,0.7326005061619603,2095,256
9308,1.9796537190195038,0.6495795092563506,2024,256
9309,1.0790447436796093,0.1369928100428398,2136,256
9310,0.3494045095274154,0.0174333594599424,1978,256
9311,0.4797171721933437,0.2423470385577262,2047,256
9312,0.4420742353679275,0.679578961623827,2128,256
9313,2.988921718597201,0.01113885647279178,2098,256
9314,1.5816523275142886,0.27282692840019507,1957,256
9315,0.3905034487008784,0.15134908792006918,2008,256
9316,0.6293431772320982,0.19626826504599526,1960,256
9317,0.017201094642180764,0.05193622130767328,2071,256
9318,0.041331070295190966,0.24882236787394696,1982,256
9319,1.580196281612093,0.8822280954212114,1992,256
9320,0.039135363085999235,0.8352324959499949,2140,256
9321,2.0823673692304165,0.35774108028784624,2095,256
9322,0.14239486893623546,0.030065716021723032,1964,256
9323,0.07439005357309861,0.4463830736185822,2088,256
9324,1.125891186238668,0.9538582183617349,1960,256
9325,0.010366954156181636,0.7055306553659376,2001,256
9326,0.04841915276175192,0.7394469615972563,2141,256
9327,0.81398399479189,0.43941695762518995,2142,256
9328,0.11894291861511165,0.6753307625401096,2133,256
9329,0.7720790143897515,0.32546391324705515,2161,256
9330,1.9079891007372973,0.5506742260936486,2068,256
9331,2.530174638292281,0.26062654875142044,1977,256
9332,2.8242022860862246,0.4746832914961361,1948,256
9333,0.021968792874581415,0.05943447641522992,1936,256
9334,0.12422553945076087,0.9116298450431201,2127,256
9335,0.9606574226782054,0.5617671222298753,2073,256
9336,0.1322110492883114,0.21253946941288893,2137,256
9337,0.09686444891683854,0.12890118078919877,2017,256
9338,0.8616439781907254,0.5783251769107495,1979,256
9339,3.1593825124981447,0.9974310083890012,2061,256
9340,0.32419382089681476,0.6985287431598747,1974,256
9341,1.738796840037584,0.1578729357850387,1920,256
9342,0.9457834559336706,0.9099866877052267,2038,256
9343,0.38496423894615894,0.12084511349286464,1966,256
9344,0.8553772156405508,0.7820967310090158,2150,256
9345,3.9580834158450684,0.24784011176921217,2059,256
9346,0.5064550211272316,0.4779585850706243,1921,256
9347,0.14824208518916668,0.6312188615368985,2176,256
9348,0.3017957783364049,0.5665166882949715,2136,256
9349,0.036665633704919084,0.7955321093596688,2175,256
9350,0.9753881403276844,0.5618414302133151,2054,256
9351,0.11065720775176956,0.8645041863363075,2049,256
9352,0.254186962822899,0.3183261654705134,2151,256
9353,1.4557596777679478,0.20064253962856782,2056,256
9354,0.8965672582106322,0.06715911402529695,1940,256
9355,2.397175190309224,0.03182103420303595,1928,256
9356,0.25808489563004955,0.6269942071121749,2174,256
9357,0.6994412121220356,0.4830215293836937,1957,256
9358,0.6369723728855399,0.405076559301362,2032,256
9359,0.4391870995156791,0.48576510208266543,2006,256
9360,0.2854245346181513,0.5915836884458251,2106,256
9361,0.6830179450491131,0.3307403989991786,1988,256
9362,0.8110744694474813,0.6608470188563814,2058,256
9363,1.046608678643319,0.6639620999792792,2135,256
9364,0.3391390659040149,0.5485262250340295,2079,256
9365,1.1867388966803465,0.9348883632887953,2062,256
9366,1.2260662559904094,0.17881316655507618,1969,256
9367,1.849969742553015,0.6344031838476041,1920,256
9368,0.11381689925980609,0.4656018844231764,2154,256
9369,0.07381725438696254,0.9910832941661177,2070,256
9370,0.017769611218562475,0.2663305523029592,2052,256
9371,0.29915506235976014,0.8665274474330891,1920,256
9372,1.812459736599095,0.6754580873831357,2104,256
9373,0.025812356693166418,0.2577763842593058,2102,256
9374,0.012734045454614382,0.9717019204264413,1969,256
9375,4.046573570623115,0.2849598533811326,2090,256
9376,2.349687385592387,0.2014483087939678,2131,256
9377,1.7835263560693582,0.8252623272667402,2171,256
9378,1.2715108147181924,0.34910118972052295,2050,256
9379,0.22930026463099593,0.684270891596099,2141,256
9380,1.0234875755346668,0.5854522647910451,1932,256
9381,0.009202630637414765,0.7953054128701601,2105,256
9382,0.8578781920690836,0.2566160948946107,2010,256
9383,0.2842306633414064,0.9003508041843464,1972,256
9384,0.729491600028873,0.5512149046012045,2143,256
9385,1.5217981862244545,0.6071212176859087,2018,256
9386,0.5722545635979218,0.0956955130004441,2102,256
9387,0.5527920046948043,0.2654422042369391,2058,256
9388,0.8316292638310828,0.15587115347533576,2134,256
9389,0.1758087308046293,0.6043492723094269,2109,256
9390,1.0333412843912784,0.5500543484287966,2073,256
9391,0.08860587969092604,0.23623055451379704,2072,256
9392,0.6297496141917637,0.10742431371800099,2174,256
9393,2.1228961355708162,0.17314712264072663,1928,256
9394,0.24296785484795544,0.17435143881028137,2024,256
9395,1.7649945094427302,0.07880228751133556,2064,256
9396,0.1310850774695866,0.8129611329288511,2055,256
9397,0.6223832833771445,0.764461094606183,2066,256
9398,0.12370183983211282,0.8009672589473013,1968,256
9399,0.21358926564203626,0.29571389773160617,2062,256
9400,1.1454295554390121,0.5933870373332678,2037,256
9401,0.22759728242849267,0.7702915109806288,1966,256
9402,0.9067952132720388,0.37986384761085124,1932,256
9403,1.5646235166863283,0.676711523081981,2048,256
9404,0.8419904238283589,0.5971953901415936,2041,256
9405,0.6401403068945348,0.9283946071584663,1933,256
9406,0.18965941172453774,0.4862940478267177,2023,256
9407,0.6070967145871596,0.28482772313601645,2001,256
9408,2.885106091351501,0.580620596678174,2017,256
9409,0.21521022237229254,0.04184980797752558,2087,256
9410,0.7658812624340271,0.990935861699521,2142,256
9411,0.25150556354553305,0.16903834632924397,2161,256
9412,2.2378208680389466,0.8639344311389492,2121,256
9413,0.003196479720045225,0.0804645218261637,2138,256
9414,2.2706316230277324,0.6543515369113472,1933,256
9415,0.2660458168635671,0.12000076709425689,2006,256
9416,2.026918369161322,0.3940562065490354,2090,256
9417,0.20115643844364584,0.0001461528601680584,2077,256
9418,1.5133678881451342,0.9434237127772493,2166,256
9419,0.8629333179419735,0.4620212132327248,2081,256
9420,2.1376803710002394,0.4514882587012401,2089,256
9421,1.2380117635216747,0.6490822805588519,2175,256
9422,0.02374815876612808,0.2587291723898504,1995,256
9423,0.12229984842836802,0.01979989463565679,1935,256
9424,0.5441608129878319,0.5996990162326661,2007,256
9425,0.3906285228813677,0.4687379446875891,1948,256
9426,0.9036477134959332,0.411710545255929,1935,256
9427,0.6477497291044892,0.5359388620976072,1967,256
9428,0.14291122882757928,0.023671152712016363,1929,256
9429,0.578178343848506,0.24784757080057795,2068,256
9430,0.08394691497351632,0.9649874756096813,2103,256
9431,0.008735641136240707,0.07711084822209946,2098,256
9432,0.4586864854216574,0.7395152853672731,1964,256
9433,1.51234947487692,0.9617409954493952,1946,256
9434,2.439497571587356,0.8729585158883647,2139,256
9435,5.1866807306868745,0.5279474115566699,1938,256
9436,0.5991974109600782,0.3756001396863251,1934,256
9437,0.8155239565387286,0.9091460732493563,2119,256
9438,0.06536580668526003,0.6693606473792896,2088,256
9439,0.2871006520834548,0.9611679251515671,1942,256
9440,0.09514602754840801,0.1225548991173353,2014,256
9441,3.6432944499979296,0.3341455947914034,2119,256
9442,0.5992236300164908,0.2531597475698094,2172,256
9443,3.2526400029974996,0.6573429074545708,2125,256
9444,1.0662004620394994,0.6285901716579363,2000,256
9445,3.0987347976278903,0.921409910478518,2067,256
9446,1.056197813086865,0.9423606670174378,2101,256
9447,0.08354772176320537,0.4531487784404836,2132,256
9448,0.2616707032651872,0.8906251880394166,2017,256
9449,0.7729732852563147,0.14967951380485034,1956,256
9450,0.10376228616853585,0.9597552551633461,2043,256
9451,0.2800901239880444,0.813826328052717,1932,256
9452,0.10933459751527062,0.35480855906427977,1935,256
9453,2.1640826719098865,0.9251071467483528,2019,256
9454,0.02243513948488853,0.319782561981763,2072,256
9455,0.6735699334599099,0.2620001819043343,2047,256
9456,0.5340926603095304,0.2006273915930089,2016,256
9457,1.5328038936379533,0.8587580590751247,1943,256
9458,0.3189871938964536,0.012924715586603575,2101,256
9459,0.24450908391688841,0.5384960413326133,1989,256
9460,1.146695240864409,0.02278018212248689,2022,256
9461,0.6509147977843175,0.2045880434378321,2158,256
9462,1.56294393225903,0.2731712041167992,2144,256
9463,0.9144926165382128,0.18799030220493707,2009,256
9464,0.42684704610962154,0.3748804957124492,1931,256
9465,1.4517029373893766,0.659810298015924,2017,256
9466,5.649081558302084,0.3764296573843371,1938,256
9467,0.2628477664419271,0.8740956091887322,1998,256
9468,0.05074486336600401,0.4663052337842416,2173,256
9469,0.9359377887972912,0.6324053379675324,1981,256
9470,0.7420292182430954,0.3844946356141049,1959,256
9471,0.3688114218823052,0.7674114924890744,2077,256
9472,0.43337085601546393,0.095497757065659,2174,256
9473,2.3960275996837734,0.23967303112386218,1978,256
9474,0.22030218557910458,0.23542245376097548,1927,256
9475,0.24002259903758655,0.7464496745427036,1951,256
9476,2.345768271631649,0.29698952336984963,1971,256
9477,1.227867965005421,0.3280572047178387,2112,256
9478,0.42032658617898266,0.18993322533178514,1953,256
9479,0.2242198890653095,0.5865962457237471,2005,256
9480,0.021310853989199713,0.6211971650876639,2105,256
9481,0.5157450309508356,0.38173627015276,2098,256
9482,0.23248610664539257,0.0748003407818274,2158,256
9483,0.4527170961552491,0.3197824488120261,1974,256
9484,0.5414298719320555,0.9469369909304244,2120,256
9485,2.5905830001732695,0.14218343858779958,1951,256
9486,0.022846747814957095,0.29307458483182103,2086,256
9487,1.2389428175515982,0.1737462452907247,2035,256
9488,1.9619450663749531,0.47481951526502675,2037,256
9489,0.22966011501890238,0.2112304651137018,2089,256
9490,0.35228969939958427,0.6184756431714046,2013,256
9491,0.05505782806658744,0.7923712326709936,2115,256
9492,0.007017020393260128,0.9791654744907377,2165,256
9493,0.8147940908527335,0.6804921255827453,2119,256
9494,0.2841285005104411,0.8132023486599389,1985,256
9495,1.8794499710782513,0.38180404224834763,2074,256
9496,0.11128482953051888,0.9355154939994794,2028,256
9497,1.7418047515508817,0.0470902016137672,2022,256
9498,0.19644083784951907,0.45158079488675806,1963,256
9499,3.0233255322758588,0.01626585682426329,1975,256
9500,0.6271785976106383,0.8154965232564123,2065,256
9501,0.41768197248922234,0.8848492330492606,2030,256
9502,2.1425727136800834,0.3887512034000945,1920,256
9503,2.1761637757858567,0.8919264874564579,2020,256
9504,3.4420186966244923,0.060741229757246606,2174,256
9505,0.1505203833351223,0.20937858215505645,2161,256
9506,0.0470052054836538,0.35320029218581606,1932,256
9507,3.3598909612304197,0.3593450049757352,1991,256
9508,0.852477381611771,0.3276075060015149,1924,256
9509,0.5815909438714739,0.5493918797719131,2008,256
9510,0.510811248029337,0.5401120546729227,2114,256
9511,6.0083253657839215,0.16822684780883224,2096,256
9512,0.2931478916159832,0.293142003079492,2073,256
9513,2.309136228393461,0.9786480466961949,1955,256
9514,0.9261250765239581,0.23636555941661164,2034,256
9515,1.2337114410381107,0.38574824140779407,2039,256
9516,0.18554625820643492,0.9836992090573632,2087,256
9517,0.4137731989866437,0.6593730691344101,2102,256
9518,1.7733987835375633,0.6417655425745866,2040,256
9519,1.891337518234708,0.4999992971559767,2098,256
9520,0.8176745257789503,0.7001210411089386,2114,256
9521,0.19188578513036506,0.8646114012879649,1959,256
9522,2.018319621053981,0.02856045602333901,2141,256
9523,0.5920193703917449,0.7260208414527369,1924,256
9524,0.24766502428962092,0.2898097841175876,2124,256
9525,0.09054071032388757,0.18701887197203626,2050,256
9526,0.21597501433163713,0.09136658689950306,2074,256
9527,2.3582865263049917,0.4635779872021495,1981,256
9528,0.12873998398064096,0.7104016864478682,2164,256
9529,0.6241564167698403,0.7336412758243448,2020,256
9530,0.9034141428178919,0.4474746109111264,2097,256
9531,1.4422402635954574,0.786448834263257,2082,256
9532,0.6724283994267871,0.8644546580989779,2148,256
9533,2.182326000319922,0.5845446340999566,2127,256
9534,0.5092393671314049,0.9001431903653188,2118,256
9535,0.002273475557581863,0.911081853871092,1934,256
9536,0.41246945049585015,0.261747232315253,2156,256
9537,0.3991774176496764,0.865744421971845,2157,256
9538,0.4411105984532419,0.24251674116213917,2157,256
9539,0.6528729919326053,0.5101765075121445,2050,256
9540,0.8661809445547877,0.08744786445755048,2148,256
9541,1.9834638513725424,0.27289301019006706,2049,256
9542,1.3149107742318742,0.861257650892209,2002,256
9543,5.297421176111614,0.2781941435694656,2103,256
9544,0.8267005584723993,0.5883751044073835,2090,256
9545,1.1487796443657485,0.337185652348843,2029,256
9546,2.4078430658818313,0.47823810407785006,1973,256
9547,0.4530376979503484,0.8858400597367225,2105,256
9548,4.123178295123682,0.006289630390261092,2141,256
9549,0.5922956209306238,0.006301665342813512,1989,256
9550,0.04484227975142435,0.37629075082188923,2061,256
9551,0.7713615096725565,0.09037462221465076,2138,256
9552,0.48658909526077654,0.11961361866980347,1962,256
9553,0.30116937327835797,0.28541671401407787,1945,256
9554,0.11961710194833404,0.6469357362100228,2093,256
9555,0.6002882838345214,0.41767263953439693,2161,256
9556,0.30049984077448344,0.2855666737410396,2116,256
9557,0.3886187144805464,0.8966929482608816,1958,256
9558,0.7573986946718116,0.12131318150084291,2109,256
9559,0.8400978589516416,0.7415230267186296,1920,256
9560,0.028226548989497318,0.4954972949074774,1925,256
9561,2.4454237721394176,0.4539811793561628,2153,256
9562,0.06682550400453231,0.9780335353493825,1971,256
9563,1.2567671527416737,0.804624289422311,1936,256
9564,1.270556665047033,0.026395299058649457,1960,256
9565,0.5112697365720819,0.5157206884372889,2065,256
9566,2.0501814730603978,0.8031126760013535,2142,256
9567,0.5456320972702143,0.5388059337509836,2153,256
9568,0.39462556981392166,0.07864609169268577,2136,256
9569,0.37268642224390397,0.115575323660151,1938,256
9570,0.3581476782944749,0.9566575996424451,2140,256
9571,0.18157220245686656,0.7924567561514009,2167,256
9572,1.924131081094268,0.47114055638455477,2087,256
9573,1.7691486049683336,0.9770869561917698,2039,256
9574,1.1059933912374875,0.553202397328816,2136,256
9575,0.8970030682681767,0.6018477349480162,2060,256
9576,2.116268036313001,0.037478369505455134,2036,256
9577,1.281793863068229,0.6090396855716105,1962,256
9578,1.931147108413917,0.5080674363628179,1957,256
9579,1.0593360085771026,0.3913826832086241,2079,256
9580,0.0022431480852900107,0.9168724911411457,2106,256
9581,2.7334561965508453,0.36482524431399044,2128,256
9582,0.6809913247262473,0.09354128317992605,1930,256
9583,0.15561772891584122,0.5908594761790568,2143,256
9584,1.2708312558955042,0.8775752455938879,2063,256
9585,0.7667426972728468,0.4329072587257625,1957,256
9586,0.3726602316007984,0.3745197443683248,2101,256
9587,1.5324475146395213,0.15290011048271734,2101,256
9588,2.106120571406098,0.11843441769450491,2049,256
9589,0.1359943394931465,0.19553080638100306,2124,256
9590,0.8412864712774164,0.2391800374786227,2093,256
9591,0.09602649972439106,0.1644797424948632,2068,256
9592,0.12350203703068971,0.5368049342820319,2034,256
9593,1.0777609135578359,0.7026144467071744,2076,256
9594,0.8643985528680656,0.27857848310905353,1987,256
9595,0.43153492713194286,0.743131057341375,1964,256
9596,0.7469230209935721,0.9987465091814406,1995,256
9597,0.6243460595002298,0.5209222702059769,2074,256
9598,0.08132443133667694,0.0900601020976095,2110,256
9599,0.7789538899212045,0.006605347098061154,1952,256
9600,0.870099618776315,0.6515828012426682,1935,256
9601,0.44013567599134795,0.523636303178393,2171,256
9602,0.8020394814743712,0.21099008617576398,2126,256
9603,0.27587313833002025,0.6813946965181418,2043,256
9604,1.2710628093454408,0.9037345071262425,2047,256
9605,0.03339288186537733,0.9915339264218658,2072,256
9606,1.484924122291676,0.6171283066305953,2058,256
9607,0.455191612790953,0.26509268591920254,2129,256
9608,1.110037497360404,0.15662409851875791,1937,256
9609,0.6535602084869805,0.9182109133496439,2111,256
9610,1.1652056086729075,0.12594044362100287,1941,256
9611,0.07551114412103443,0.1564383552113361,1962,256
9612,0.7769742215427883,0.4345976679711252,2164,256
9613,1.146801271290429,0.022339807034487458,2151,256
9614,0.9388371369540692,0.6236318666664061,2124,256
9615,0.10860085943049333,0.2036713819110718,2160,256
9616,2.4652394502727653,0.5388767297759941,1993,256
9617,1.7303021047002256,0.7958014339870559,1938,256
9618,0.5766620829824914,0.1528359852076212,2008,256
9619,1.7861587746200362,0.8565269939996668,1920,256
9620,0.32229158034507777,0.6015742082950815,1958,256
9621,0.7589455225058271,0.023595555234246945,1948,256
9622,1.9241485702909804,0.6625093567578328,1999,256
9623,0.1640536489004789,0.33364603793068814,2124,256
9624,0.14503350033793708,0.020247955417157293,2037,256
9625,1.998060861720533,0.8901097183026683,2153,256
9626,0.42571998315284104,0.3310025897436192,2138,256
9627,0.03953247593371377,0.3286710452732474,2156,256
9628,0.3192962719018523,0.8226481007372025,2037,256
9629,0.41765773084486935,0.293746029187703,1925,256
9630,1.1614062739002087,0.7078099475070949,1946,256
9631,2.8476227820315945,0.14781875095823427,2039,256
9632,0.847540030228853,0.6639400399804702,2172,256
9633,0.9164764709300487,0.8024931628936312,2135,256
9634,0.818309638392091,0.20116407400910485,2068,256
9635,0.011816800064990888,0.2733422643482787,2092,256
9636,5.209385745629194,0.9038751072178085,2026,256
9637,1.4010105929693646,0.09774255373715879,2119,256
9638,1.832643933696329,0.9214037156909327,2141,256
9639,2.640738841231616,0.8783210610184603,1953,256
9640,2.34152487313933,0.6339970626225133,2096,256
9641,1.3761054949039648,0.3588550848802222,1939,256
9642,0.3220438277927143,0.15251411700597384,2023,256
9643,1.198133206812388,0.7684616634780376,2083,256
9644,1.499078641839964,0.8712969850747495,2114,256
9645,1.4982723591714526,0.7730915316180744,2067,256
9646,0.9245787283773068,0.7027069210833684,2172,256
9647,0.6451149740835356,0.9961099616073462,2104,256
9648,0.11878772146643704,0.3899205378249936,2095,256
9649,0.2879276131604823,0.5685367063858289,2020,256
9650,0.33895579219317334,0.6868132445860797,1957,256
9651,0.33496688457759916,0.9747657709664838,2021,256
9652,0.03874854715728277,0.7104091242048233,1948,256
9653,2.218810119677079,0.4171919543826069,2154,256
9654,4.231729483482255,0.2501464590701079,2012,256
9655,1.0336524506854543,0.024383987064716117,2109,256
9656,1.3257344185071878,0.4985542126231227,1923,256
9657,2.4679341629275724,0.46982237285574,2096,256
9658,0.14837195782682824,0.18919556923618497,2027,256
9659,0.43733948297214453,0.30125325668609537,1950,256
9660,1.2451588283235975,0.706977546660632,1961,256
9661,2.290890580441508,0.6128995846977856,1928,256
9662,1.9203361678418953,0.22795491131810375,2023,256
9663,0.2126665959947325,0.4390498999517466,2104,256
9664,1.629462094381732,0.35306285482724187,1937,256
9665,0.9884667018289633,0.7214706609204997,1982,256
9666,2.3099137349733914,0.060736617467566756,1931,256
9667,1.0460212024875808,0.7893441315839522,2094,256
9668,0.8527208032345192,0.8285465723267663,2174,256
9669,1.7033309944146355,0.37760725742709345,1998,256
9670,0.4205048078784311,0.5197355444197556,2025,256
9671,0.04328733919535637,0.7714243410603769,2130,256
9672,1.0705722137683618,0.05186357609286518,2025,256
9673,1.6235919677531263,0.8708075982338498,2083,256
9674,2.213692599065356,0.539028014686853,1939,256
9675,2.404080786768791,0.2861887960292936,2145,256
9676,0.03799385212338232,0.9207053326380471,2036,256
9677,0.40273497572403727,0.33118911558564457,2036,256
9678,1.3427770138922783,0.005363811000100749,1928,256
9679,2.1721951112902858,0.9284173254789864,2059,256
9680,0.5858553672824182,0.16828671474925483,2130,256
9681,1.44658528085673,0.5310139186409707,2162,256
9682,0.30592898111933203,0.5492619661391387,2000,256
9683,1.0848818100286248,0.71060254318295,2050,256
9684,0.569062849398578,0.2749158398652962,1962,256
9685,0.07074872249561,0.9668983596234455,1958,256
9686,0.0716177242366401,0.10896349314657594,1974,256
9687,1.317441401163763,0.21086570762079837,2130,256
9688,0.2647280616132943,0.5213881080343356,2118,256
9689,3.161906863088669,0.5346562391682359,1969,256
9690,0.060127669652730704,0.5765850416405104,2010,256
9691,0.40593430522870283,0.9187188058505926,2103,256
9692,0.8878194244661235,0.9107180435734328,2071,256
9693,0.5756935718964925,0.130388268323143,1939,256
9694,3.165196529005042,0.4051173726084496,1996,256
9695,0.5863956170988521,0.8954069482237216,2175,256
9696,1.7434651048604357,0.37397673147162325,2113,256
9697,0.27736241247450116,0.31028647400652276,2003,256
9698,3.6358415535545654,0.24230350873721052,2077,256
9699,0.24353408700675663,0.6223723415761433,1923,256
9700,0.040341077988268643,0.27381364566554334,2078,256
9701,1.1185354043200497,0.01841223205715148,2089,256
9702,1.0756347919541125,0.4711506375163119,2038,256
9703,0.12665517097382756,0.46393392506567743,2039,256
9704,1.8995556477545523,0.9636598000671873,2063,256
9705,0.6909580287847344,0.24906263178471022,2154,256
9706,1.7679184929283709,0.5513136564296113,2001,256
9707,1.430264617689039,0.1675118099213967,2144,256
9708,0.25316772064107157,0.19020786585719718,2148,256
9709,0.11920202235874174,0.7570186883406854,2134,256
9710,0.3837708637572905,0.9843955651483463,2036,256
9711,0.03199284906624063,0.8634095768301057,1935,256
9712,0.13140347598219995,0.9280680053999801,1962,256
9713,0.11738125085566196,0.2609846474396885,2041,256
9714,0.5736915604428886,0.9866444265975729,1934,256
9715,0.5750492719753113,0.5635445565166107,2035,256
9716,0.30028902170239025,0.9996651196547774,1986,256
9717,1.5328647080054623,0.0649133547998797,2016,256
9718,0.8104441879151831,0.46357376833841235,2043,256
9719,0.48161279787911293,0.5369594653874864,2123,256
9720,0.7200359995591777,0.5565636508919146,1925,256
9721,0.03385868276588597,0.20425693366555164,2048,256
9722,0.20334069370505184,0.5798030048089217,2109,256
9723,0.17468933924240612,0.8993845762061538,1999,256
9724,1.297950641039792,0.0531510217936878,2078,256
9725,0.006196287691543937,0.7240942439532226,2097,256
9726,4.385964454671234,0.9964269128648369,2059,256
9727,0.6021491121659548,0.01775326785228515,2053,256
9728,0.020674282388970965,0.01795229937915399,2166,256
9729,0.2684770164986842,0.10009527438738719,1998,256
9730,0.4359280934903011,0.8614372838225862,1924,256
9731,0.02154093565140229,0.5272422304089788,2106,256
9732,0.4618658655700868,0.062056564014127846,2082,256
9733,1.3089834229134722,0.5181336229563488,2036,256
9734,1.8902389865589284,0.37125712885094486,1962,256
9735,0.5841252993592789,0.7866994007425875,2119,256
9736,0.5555693990406256,0.5030060364616915,2074,256
9737,0.2922086339482826,0.5377882881971147,2166,256
9738,0.580665569488965,0.9022338327336147,2083,256
9739,0.6864722396326548,0.46472874429242594,2108,256
9740,0.9405294101546132,0.4788653959037755,1931,256
9741,0.9682783421711182,0.45401899407063195,2023,256
9742,0.768651523192827,0.9147014692558015,2098,256
9743,0.3369839640959803,0.5839396558391925,2056,256
9744,1.7919028959988592,0.8196007306681392,2021,256
9745,1.4625544925681,0.9561242368020307,1971,256
9746,0.06285058128332376,0.5052272251088239,2060,256
9747,5.310990626056544,0.5650995945112884,2176,256
9748,1.9075312996971092,0.4896343900856609,1957,256
9749,0.41128739301306805,0.5643963081254664,2165,256
9750,0.9458051005697126,0.10563105586190924,1923,256
9751,1.3098458393893635,0.27008381489574684,2019,256
9752,2.0442367903309044,0.683861586912686,2024,256
9753,0.5522195398697669,0.6158798870919464,1973,256
9754,3.1092620673985634,0.5987672844506319,2142,256
9755,1.1402039855063304,0.9990180983115876,1996,256
9756,0.012773082809110482,0.5798281975884754,1926,256
9757,0.36141435724459453,0.5221426118725262,2086,256
9758,0.13705026683591995,0.8314375127799224,2144,256
9759,0.1824414012170579,0.003872111636700981,2027,256
9760,0.32432541259373127,0.21223934402809863,2055,256
9761,0.226639273616998,0.37927693985061983,2061,256
9762,1.0588829739518704,0.34117779916715274,2035,256
9763,1.0936684151498732,0.903245190965014,2075,256
9764,2.2336514306566264,0.4699749556606877,1984,256
9765,0.04126684072589413,0.9585962954420892,1925,256
9766,0.2815780813620921,0.9006695631422463,2068,256
9767,1.7711117850116995,0.3123111231260164,1986,256
9768,0.4539378670344209,0.7304035815824722,2025,256
9769,2.7083552234752775,0.5154563156120859,2144,256
9770,0.4329366549995252,0.30443019965043094,2134,256
9771,0.3518353775592512,0.9437294183662198,1924,256
9772,2.00804518368018,0.4932309429670886,2124,256
9773,0.5480275745695122,0.659223342347135,1952,256
9774,0.21832547860036483,0.7993822252435057,1961,256
9775,2.0350600762099647,0.4389035142506651,2102,256
9776,0.39044094661197726,0.9986061638555375,2027,256
9777,1.868661704834036,0.8453297088159537,2144,256
9778,0.2675586030844325,0.11776985158616671,2131,256
9779,0.4769464442510106,0.45094612231062714,2145,256
9780,1.0286275162538594,0.21315612943362594,2078,256
9781,1.307153536351031,0.9477438720758146,2133,256
9782,0.807626038828557,0.39459044275700017,2119,256
9783,1.132385292824721,0.4526800323638247,2134,256
9784,0.10412991424511706,0.7370193511816888,2104,256
9785,3.373083874783813,0.04546892916938028,2064,256
9786,2.2159797963847874,0.8063497485291261,2135,256
9787,0.03130706474560708,0.7526662574792271,2007,256
9788,0.5138131409001451,0.4765912401029585,1944,256
9789,0.12597314214877442,0.6227509824319554,2151,256
9790,0.6839171143994339,0.2248090430451507,2068,256
9791,0.009945335715191373,0.4895216905136497,2063,256
9792,1.8312216368056247,0.0072708504982889055,2076,256
9793,0.5701387971438859,0.7090449670927106,1986,256
9794,0.5631598789370913,0.687719582207348,2088,256
9795,0.5915197969236947,0.13361417038949075,2137,256
9796,0.22674140901986897,0.33695950410753184,2004,256
9797,1.2618720739700824,0.5464488094340741,2080,256
9798,1.0837396159605774,0.6068523684971247,1953,256
9799,0.3568214135958406,0.08801687843725803,2064,256
9800,0.3229630436813459,0.28850955258549393,2034,256
9801,1.3030464288520363,0.4963434867932891,2149,256
9802,0.41686486465787487,0.6646491793565239,2035,256
9803,0.7842772242325636,0.8040322228542576,1952,256
9804,1.9715176434182267,0.9520042696087473,2099,256
9805,0.9763757733378963,0.5255852306135783,1992,256
9806,1.3518878142268926,0.6687669174803486,2103,256
9807,0.9961684031095844,0.32833336657649836,1985,256
9808,0.6218737237010468,0.6361319186655029,1935,256
9809,0.2790110686562866,0.5471862952420369,2015,256
9810,0.19779377776611443,0.5925487314916029,2151,256
9811,0.25626852471949885,0.5926503652062267,2126,256
9812,3.649240876056577,0.7338778045414855,2169,256
9813,0.7437677256498602,0.13897429876996392,2101,256
9814,0.16585235232541176,0.7247930568640444,2001,256
9815,0.9082950007934093,0.8013121793570182,2041,256
9816,1.4745301467153666,0.6583563205287117,1989,256
9817,0.4526481863641388,0.8843028782390034,2105,256
9818,1.9567910420203731,0.23116660101251274,1966,256
9819,0.48168136227869,0.6355712245025338,1992,256
9820,0.050320470409708044,0.5469606586213409,2165,256
9821,3.1286945351356286,0.3580662990208473,2005,256
9822,0.9396056122156554,0.9765168138455634,2099,256
9823,0.24865428681461843,0.6071352879758859,1947,256
9824,0.05471497460313982,0.46488040150467547,2158,256
9825,0.4410892889329498,0.8959005342899545,1957,256
9826,0.690782317275989,0.6906892127874605,1926,256
9827,0.06300553678932831,0.7634616563844713,2144,256
9828,1.1298926294561171,0.1310748507780467,1983,256
9829,2.1316009090510195,0.849113587643494,1955,256
9830,0.2721680882297822,0.7985646470447312,2139,256
9831,2.409268981390469,0.8427090624896714,2068,256
9832,4.2209087457219026,0.2914785813444014,2108,256
9833,2.169494786702815,0.7299302691535489,2033,256
9834,0.374321473798837,0.6906669876238722,1935,256
9835,4.224610779312876,0.325926966947109,1959,256
9836,0.6895992930736831,0.3242268235305006,2048,256
9837,5.079556302420791,0.7502046694633971,2106,256
9838,0.6799292531885774,0.5347864623699831,2066,256
9839,0.2550362718386781,0.3719910855055645,1959,256
9840,5.855154724375164,0.5994415381311444,2100,256
9841,0.052046832442464885,0.6266538328713523,2055,256
9842,0.35872122991579175,0.7752597554401668,2011,256
9843,0.3645711179130203,0.9983097378345951,2047,256
9844,0.6563895758655351,0.7193338385993213,2110,256
9845,0.440457939160322,0.056963760581533185,2085,256
9846,0.2886899450047069,0.585824777218829,1962,256
9847,1.394410223228431,0.8925910024194421,1991,256
9848,0.6133535241666944,0.9461072318758631,1933,256
9849,0.11460678887838462,0.3164665207777254,2145,256
9850,0.6515822688827687,0.6942430174995888,2066,256
9851,0.49863537032421773,0.9027356645277712,2094,256
9852,0.8618480171634811,0.7919330448109502,1989,256
9853,2.9832158192756526,0.7991343605688217,2017,256
9854,0.22229632765500706,0.24582550623170307,2087,256
9855,0.5679280156496245,0.5340248007438805,2135,256
9856,0.357918494713134,0.38836230845821706,1930,256
9857,1.0491018041773972,0.6566364576077105,1923,256
9858,3.7356105290621264,0.036766453771182595,2168,256
9859,1.2158094876732477,0.1563208342325585,1921,256
9860,0.08091095945208474,0.0025646509671573003,2095,256
9861,0.625467172866201,0.2937630804684167,2044,256
9862,2.017239989199285,0.34505494503210365,2155,256
9863,0.020214440488090273,0.4056620935274998,1954,256
9864,0.30673981067636485,0.9806249032605825,2049,256
9865,1.3771592935777008,0.3527227071039809,2066,256
9866,0.31259086693593324,0.4290755775294228,2032,256
9867,6.230826265538419,0.7823267971250424,2035,256
9868,0.0033936692869627107,0.10434699016099802,2032,256
9869,0.3030341797947197,0.45880766976284815,1948,256
9870,0.0681887815475116,0.26078518250270377,2029,256
9871,1.1513899887390127,0.46449502527698794,2124,256
9872,0.14355776225122072,0.4593614864931256,2043,256
9873,0.7898541234391313,0.7489067497450902,1959,256
9874,2.5537462605716406,0.335553496944374,2075,256
9875,0.2638342576311111,0.6776458787925381,2170,256
9876,0.3528578308751173,0.5201167113568106,2078,256
9877,1.0093030373774299,0.6772422918217722,1924,256
9878,0.8908366988835711,0.10051243445099545,2137,256
9879,1.723815215532358,0.010548713192996106,2161,256
9880,1.1239070533951099,0.8868937027451274,1960,256
9881,2.2880117608616293,0.36313152990795317,2128,256
9882,0.007980799286836539,0.8605609905606416,2170,256
9883,1.3641087415910778,0.7801621300645619,2140,256
9884,0.04139370124718598,0.8786444582209534,2072,256
9885,0.023129049428513612,0.5379829019565028,1992,256
9886,0.6623637404830932,0.47570306534236606,2105,256
9887,0.28489283463461895,0.9658299564822006,1928,256
9888,0.6640303229531663,0.2770604102946759,2015,256
9889,5.643636685236493,0.6972475033648025,2132,256
9890,1.7741520109741393,0.5469543861375434,1975,256
9891,1.530584650626787,0.2284302764046916,2150,256
9892,0.6013421861852538,0.17145234010197907,2020,256
9893,0.4002799483446447,0.8621659565318291,1962,256
9894,0.43477774192459745,0.0827939313495708,2120,256
9895,2.634991994029341,0.6624490911949436,1924,256
9896,1.748773563185819,0.40941586421155685,2073,256
9897,2.8622123409791076,0.6879069396584769,2149,256
9898,0.5553957735777301,0.5981311782917775,2051,256
9899,0.6769323196188762,0.05689618539189334,1941,256
9900,0.38728071999784197,0.9135696458263116,2136,256
9901,1.992558361100489,0.04916568062745319,2063,256
9902,0.3244522264668089,0.28244987170483704,2104,256
9903,2.555685634698265,0.6143025717809257,2115,256
9904,3.2024404124057533,0.06704570041379321,2088,256
9905,0.5361286012418566,0.9313652259971162,2077,256
9906,0.06589832561217224,0.2898985094599994,2034,256
9907,2.8205104768024696,0.6207810285361001,2096,256
9908,1.2135792219065928,0.3710872338504847,1950,256
9909,0.3494704593535927,0.8489395348538906,2129,256
9910,1.3862758451458856,0.6585347056842212,1988,256
9911,0.6493893663109771,0.0775811208962569,2033,256
9912,0.9854299082740671,0.6632580466010904,2162,256
9913,0.6016827339630584,0.7792068210942974,1939,256
9914,0.8265483971046721,0.5482899558892015,2114,256
9915,1.270004869235084,0.9630065600407167,2076,256
9916,2.3044912869184224,0.8470844049031611,2037,256
9917,2.2747694118384496,0.13511499616434375,2161,256
9918,1.560236857617928,0.6357270625613841,2158,256
9919,0.33365020202356893,0.7892186350812187,2088,256
9920,0.5876060753318707,0.6998497445315662,2000,256
9921,0.969848337265525,0.36782831645882397,2105,256
9922,0.3273125264382089,0.5535457248044008,1951,256
9923,0.8237180327125668,0.8752275848961631,1922,256
9924,1.0836342766432399,0.6363828309717648,2077,256
9925,1.0675412617474798,0.6003397356345965,1942,256
9926,0.6111912952670957,0.9992267977072904,2037,256
9927,0.37990272588463964,0.06523017947035992,2158,256
9928,0.22783846769425065,0.2085649087357081,1994,256
9929,0.08105489954066442,0.974807451870953,1940,256
9930,0.18477975011276282,0.4041987664285128,2053,256
9931,1.2175621736556381,0.35324502930982493,2097,256
9932,0.7137962471716042,0.2522592099737141,1999,256
9933,0.3515974191014604,0.7664731066792023,2176,256
9934,0.2899976022691011,0.5168299067298796,2072,256
9935,0.12371493902769172,0.7108945814722843,1951,256
9936,1.2963006913371968,0.0061374259843594015,2149,256
9937,0.940456378730612,0.15444461616988792,2155,256
9938,1.161525907922108,0.3502922698461729,2116,256
9939,0.11990869053984372,0.07637446775316858,2076,256
9940,0.10017036919561689,0.8741813521788951,2167,256
9941,1.2486307328154196,0.41160318035451693,2000,256
9942,1.5112687975083507,0.5636157789135323,2026,256
9943,1.5845164120193973,0.2166971141191948,2114,256
9944,0.150374572793127,0.6997467409356201,2127,256
9945,1.331605600374814,0.8730146934180092,2140,256
9946,1.4842469522099562,0.45696269290328817,2119,256
9947,0.340742747848912,0.12179501246773428,2139,256
9948,1.8797590198439749,0.682666915257407,1938,256
9949,0.6358298911642103,0.2928542830748794,2050,256
9950,0.03402445317118876,0.18098220802058607,2157,256
9951,2.53153782991243,0.1400272144877892,2136,256
9952,0.3531232873579865,0.508416409791291,2004,256
9953,1.2506159278548084,0.2153565154657402,1992,256
9954,1.2211295384857668,0.5933908818366991,2100,256
9955,0.24937805488501674,0.8216538698064997,2053,256
9956,2.0550048814133746,0.3504336884583963,2083,256
9957,0.08468274753865881,0.764103406011525,2067,256
9958,3.0124277694535966,0.06348621636921659,2002,256
9959,0.07992373345021277,0.47346312377399447,2120,256
9960,0.811431495275763,0.9721714958242161,2072,256
9961,1.9546502495374136,0.18082907259855296,1926,256
9962,1.241149532857685,0.8224690875872156,2049,256
9963,1.7686669431715942,0.045829346372125435,2077,256
9964,0.14188964486395342,0.29578466512209023,1958,256
9965,0.8844884346667709,0.6237968524128686,2044,256
9966,1.0161907009631195,0.42466814897809513,2129,256
9967,0.5418262900812044,0.5639154483150173,2017,256
9968,1.1052290420726183,0.4904546791762049,2008,256
9969,0.3640789134212804,0.5565111736063557,2137,256
9970,0.9818239911581128,0.6716017293859202,2174,256
9971,0.6359965101655173,0.7155914148379156,2080,256
9972,1.7852964799513922,0.5398884023810603,2038,256
9973,0.24276651058919496,0.2636544660467659,2173,256
9974,1.280668722680298,0.6179376099181217,1940,256
9975,0.21567817567805492,0.6247116735774023,1933,256
9976,0.6929540568081709,0.05877233373834878,2093,256
9977,0.5169719118312068,0.2898064875482488,1935,256
9978,1.6509510056293568,0.27121043793019595,2083,256
9979,0.2756580648061148,0.3016777462830914,2073,256
9980,0.7411006766239112,0.680312773077223,2008,256
9981,0.2727001178513077,0.6598735088165782,2079,256
9982,0.9432815331188045,0.7374095458274114,2000,256
9983,2.471914208007453,0.050037084050566394,2143,256
9984,0.2951747613756486,0.4965125104265359,2062,256
9985,0.49008610452182105,0.7559657959540754,2062,256
9986,0.9030457988121431,0.9199242792508469,2172,256
9987,0.1809705063712071,0.9043470448750548,2105,256
9988,0.04422046863150651,0.6232962608449304,2020,256
9989,0.9450701388053782,0.7931928673223132,2054,256
9990,0.1338413560701472,0.7372484267060988,1959,256
9991,1.359649462831964,0.5045701715608475,2113,256
9992,1.5905701786773503,0.09540049904959724,1968,256
9993,1.092049914943834,0.06702093033889278,2031,256
9994,2.6450817526592267,0.6592643942259125,2143,256
9995,0.18469044028666184,0.4768859856596529,2099,256
9996,2.683796295481613,0.5138409530579434,2118,256
9997,1.1782310902580113,0.40658032578684233,1948,256
9998,0.07147094849396374,0.025250668639162588,1983,256
9999,0.4930140200067354,0.10084417975610593,1927,256
10000,0.2444495688046295,0.42303590370170074,2112,256
