seq,unit_dt,u_class,total_tokens,max_tokens
1,6.0136257899769074e-05,0.2352765904148273,1959,256
2,0.906254902011388,0.0899002252744018,2031,256
3,1.066964883904394,0.0305761926347725,2047,256
4,0.3660011312440533,0.8890179712277314,2136,256
5,0.599047203449187,0.8794658036435052,2097,256
6,1.1696617637692293,0.3207736946202634,2092,256
7,3.7284130829170386e-08,0.9623550317515142,2082,256
8,2.5484317662260397e-05,0.7888456315172008,2053,256
9,2.276871029087636,0.2587176004134962,1995,256
10,1.6575515857071583,0.6044216078513708,1974,256
11,9.375885256214058,0.1400810763054941,2154,256
12,1.4008556231641904,0.0234184118702939,1977,256
13,0.4525769173574151,0.0797588656503019,2111,256
14,0.0004274366462478217,0.2471837242718847,2173,256
15,0.0009076528467360552,0.8466002109902118,1944,256
16,0.027475280239071153,0.9517626189861093,2159,256
17,5.961896871795822,0.5476590807239935,2007,256
18,1.4273255869795365,0.7552323638885133,2057,256
19,3.997080108432147,0.2060553481782143,2003,256
20,0.04622663950435633,0.8080371802230084,1924,256
21,0.06279207314831764,0.0997229639684543,2023,256
22,9.822562962615138e-07,0.5406680751880417,2086,256
23,1.2338429756704963,0.9137990141727445,1927,256
24,0.03226163160495642,0.850147626608376,2015,256
25,0.22946851413435893,0.780092824283179,2165,256
26,0.024005207781049795,0.8846562181418679,2116,256
27,0.08463393299890755,0.5210389356719279,2004,256
28,0.00010026925787353089,0.0247533676648183,1953,256
29,0.0019517729086218347,0.4283182891499628,1979,256
30,0.14126533564982063,0.1780173785337526,2167,256
31,1.7065462205448154,0.3370499374894292,2044,256
32,0.38890861679357164,0.7399578451992072,2113,256
33,0.8544927780523286,0.7110128674892404,2095,256
34,2.5877509537355117,0.8322888969136581,1967,256
35,0.18980611398174424,0.0200092146600704,1952,256
36,3.104868073919544,0.0601498205901764,2088,256
37,0.3575628258176734,0.283400504275543,2118,256
38,2.5884636150590623,0.2216797880991403,2072,256
39,2.80176678642232,0.9454240797391256,2135,256
40,0.3080845921275029,0.5891232620281798,1941,256
41,0.006415712475205526,0.7535466545546363,2071,256
42,0.39307550037205463,0.5229319567935892,2155,256
43,2.2282306567486065,0.6505539244372619,2154,256
44,0.00576033647464926,0.0663912408117284,2053,256
45,0.00719428467673854,0.5870277038415889,1961,256
46,0.007310582199821553,0.1509509356525786,2044,256
47,0.08200166341491377,0.4316609119189203,2083,256
48,0.0027925840010587974,0.2365381661943136,2120,256
49,0.007208891775324009,0.5611330459522713,2086,256
50,2.8993788386636536,0.6522490669014444,2078,256
51,1.5074287061191065,0.5880097462227267,1939,256
52,0.3818528896285365,0.8653656832608166,2149,256
53,0.014897959546115374,0.7017905997388352,2174,256
54,0.006637642352181958,0.935486246390822,1950,256
55,7.78772235720184,0.3688179814159161,1936,256
56,2.6554945637753136,0.6140416359083846,1978,256
57,0.06802846363319165,0.6170828728396037,2086,256
58,1.4033842427421077,0.6172487277805989,2061,256
59,0.05644751601602488,0.075684945618843,1938,256
60,0.2558060755415717,0.9865860439068944,1987,256
61,0.2407302946098868,0.9272755292653496,2102,256
62,0.002784806290216855,0.656050176529276,2050,256
63,0.0021519763617515405,0.0499028367518079,2176,256
64,0.0031485962625812714,0.854561873748052,2009,256
65,0.0002033037319695387,0.405868939346964,2169,256
66,0.07913457844599632,0.308325102386617,2085,256
67,2.987465214187671,0.5786131547234773,2034,256
68,0.01964013474004744,0.3351588136867097,2039,256
69,1.3482882997252994,0.5947615714684154,1947,256
70,0.9356771433722,0.3561094568209558,1991,256
71,0.40139616179394433,0.4042420813606648,2077,256
72,0.1016447787071055,0.9945260784917186,1940,256
73,0.07508387701136666,0.3592929046630626,2127,256
74,0.20928783388020605,0.1864108528280709,2077,256
75,8.720368325308197e-07,0.7811013875737449,1938,256
76,15.542108853439728,0.4858734399405663,2020,256
77,0.30766549648753566,0.8699953297265977,1963,256
78,0.02114495605527174,0.9011163386558236,2015,256
79,1.3610018529714103,0.956511159829896,1960,256
80,0.7581739851116212,0.4216917915808214,1955,256
81,1.8748442681140045,0.4950597552557362,2022,256
82,0.033545589096828865,0.1532910511850737,2044,256
83,2.320474071786168,0.6846038307447859,1958,256
84,4.510338428633064,0.0748050006583381,1955,256
85,0.12881827279834143,0.4254619140184875,2038,256
86,5.0523536971307484e-08,0.3670091413062992,2070,256
87,6.575747456004998e-05,0.6305643533093992,2036,256
88,0.15997094359132735,0.2217759695430362,2164,256
89,6.415287110308689,0.5884877672225689,2067,256
90,0.20821680583041435,0.8343635416656675,2030,256
91,4.994853908782755,0.3091275158585045,2019,256
92,0.014960164551308778,0.2349150451856099,2014,256
93,0.025969196696268734,0.9431182638527316,2039,256
94,3.812606209301818,0.7670071090376316,2093,256
95,0.027687945632166786,0.5494414183919388,2108,256
96,8.311040452950857e-05,0.1406155895871339,1990,256
97,0.009251975062534919,0.9855432769844724,1930,256
98,1.438102622612017e-06,0.735684815195552,1969,256
99,0.023376739765070976,0.8594420855735609,2054,256
100,0.00026454672196880066,0.2746385718066328,2089,256
101,0.00018410331931382183,0.4881122417588333,2167,256
102,6.955237137613685e-05,0.1703991462460031,2077,256
103,0.5208200650344821,0.0746008965476786,2079,256
104,0.00016807266220756137,0.4517198878118029,1950,256
105,0.0014907794087296812,0.2635722401284854,2058,256
106,0.3396485797609138,0.4939302990214348,2172,256
107,1.042839495789564e-08,0.0155307955222508,2050,256
108,2.4992825451928167,0.0815878482701064,2062,256
109,4.213211925580483,0.0062713736715087,2141,256
110,0.046276259313193964,0.5316525718818848,1924,256
111,0.020562347858723847,0.6174049158303004,2052,256
112,2.664852311413132e-05,0.0937541129209306,2084,256
113,2.124217122164172,0.7041066067575736,2059,256
114,0.4377450075463362,0.0001496452652532,2154,256
115,1.9898334740688273e-09,0.1655761108107206,2002,256
116,9.282385881915956e-05,0.0911183193248681,2096,256
117,0.04124149956557176,0.979805291219164,2107,256
118,0.050708140904775614,0.6901098364099525,2082,256
119,0.07518006384727935,0.8103028633756274,2143,256
120,15.957757211608458,0.4243141709400198,2147,256
121,0.00025543559760015776,0.91295759419906,1943,256
122,0.001102180614250412,0.1153987499364403,2101,256
123,0.002837945056617872,0.0014088015947397,2120,256
124,2.5451847054869576,0.5192872908622159,2006,256
125,0.0007509573973214163,0.7996994363996803,1982,256
126,2.281685332085313e-05,0.1626150395553773,1977,256
127,7.507150533717113,0.1148080728349122,2149,256
128,2.454278330159434,0.8828529534997974,1964,256
129,0.09235082458042457,0.9739624974620216,2081,256
130,0.3045636784808291,0.5379759168314385,1921,256
131,0.8803652405006698,0.4152537092196522,2048,256
132,1.4236833009839394,0.4937427788636851,1999,256
133,0.3290450873713169,0.1635503724828687,2102,256
134,0.0027282961432090872,0.3395165819948803,2164,256
135,6.286431203148994e-10,0.7672224212704883,1991,256
136,0.1290355611372533,0.8536389368604794,1981,256
137,1.3045265810142942e-06,0.330612879686198,2152,256
138,0.10082837190939786,0.380665576864255,1961,256
139,2.9711092057663102e-05,0.601225234978312,2014,256
140,1.2461998858177823,0.1328832299138977,2119,256
141,0.0006361789539284478,0.2815810429832919,2111,256
142,0.0008359966539141817,0.7889303930344309,2038,256
143,5.019083540194975e-11,0.1433957593494653,2109,256
144,0.007098335137624593,0.625534272815331,2071,256
145,0.015574285925643163,0.8652118074274465,2119,256
146,1.5504105912115371,0.879908205597824,1984,256
147,1.0606003017561045,0.4599719217000393,1927,256
148,1.0217861993057846,0.6791227093693687,2077,256
149,0.6464884317859132,0.5976158840239979,2083,256
150,0.020781338571772327,0.968908328773273,2137,256
151,0.012595604787568588,0.1889326890644491,1966,256
152,0.23971395861699255,0.6266435953902183,2090,256
153,0.5986654600341044,0.8790277924263038,2013,256
154,0.006058184800141774,0.5070358549499066,1976,256
155,8.599225417599385,0.8406378488817156,2113,256
156,1.5522007208107949,0.4212417560674344,2118,256
157,3.581177953500562,0.3534350781075037,1982,256
158,0.7504428706964709,0.0005006188696674,1998,256
159,0.17569283714264686,0.7205261667554179,2089,256
160,1.222434559244267,0.0040666633602476,2160,256
161,0.007966596820434478,0.5075112815328203,2076,256
162,0.003795620580653567,0.727811914472186,1951,256
163,0.12454850343062793,0.1356685344054369,2059,256
164,2.014065656545821,0.5287718705053949,1990,256
165,1.2635845149730998,0.2362566103038761,2069,256
166,0.006309574911178592,0.3147046797906804,1935,256
167,0.03163644074660826,0.3039611760913251,1994,256
168,0.0067553597569416255,0.993736602691918,2069,256
169,0.03149272217433004,0.4675611189203054,2016,256
170,0.7634782552937411,0.3652512491351187,2142,256
171,0.002600359749533926,0.90508668316769,2046,256
172,0.206993298412665,0.1572481342091306,2036,256
173,3.58586944264987,0.5616008384291952,2058,256
174,0.008865076060466567,0.6716727067818028,2066,256
175,0.023266557869119985,0.5795766886815013,1920,256
176,1.39775231124348,0.3391215463798268,2018,256
177,0.6639133887840155,0.0597366293704253,2086,256
178,0.003139036179949754,0.5179404962455331,2113,256
179,8.00224876547768,0.2218956633209128,1928,256
180,0.010117039163137758,0.37881309389723,1928,256
181,8.792804296257221e-05,0.4640655791239111,1974,256
182,3.3605802475936317e-06,0.2684640029423054,1999,256
183,1.2386380103304429,0.8678831758327166,1974,256
184,0.0011905803871457366,0.0493294853505584,1978,256
185,0.7475579583524127,0.290037224023155,2069,256
186,0.028679926225309543,0.8248287202254991,1933,256
187,0.8220555211568582,0.9199807689900634,2097,256
188,0.006487837372590457,0.1996918813632129,2169,256
189,1.0393915370602618,0.0536407545991786,2042,256
190,2.9271174674439555,0.9223243472848428,2006,256
191,0.02324926303125809,0.9112645313256524,2102,256
192,0.0007059547691202714,0.7853483203663291,2160,256
193,0.03571560700989111,0.345690591707593,2175,256
194,0.6807682266032968,0.8149221067952237,1929,256
195,1.9805335837865304e-05,0.3020473464826284,2114,256
196,1.2221259910666755,0.8960540505390511,2067,256
197,0.00042558276751359514,0.2987456415624537,2081,256
198,3.410282772937762e-05,0.9914838762636043,2090,256
199,1.8983636124757075,0.8659709175491365,2129,256
200,0.016174921413227204,0.035501070416954,2094,256
201,0.11125128393902244,0.0730228666927531,2124,256
202,0.18678015980129234,0.2628555514302925,2036,256
203,4.940761787516367,0.0044207482254058,1967,256
204,0.012174484888698446,0.0456488035588835,2103,256
205,0.006064537575021606,0.6721202935937758,1964,256
206,2.0495448050076814,0.9968772161503974,1939,256
207,5.902291701251255,0.0961224797325921,2093,256
208,5.61733633470022,0.5615795337972558,2093,256
209,0.0026546602810693025,0.3569538582426645,1945,256
210,0.00037380488713131414,0.5088089601395337,2091,256
211,0.3928472774116711,0.0660362944909025,2176,256
212,0.6377946041337711,0.0638710388677139,2168,256
213,4.0629205225946174,0.0492244871164222,1924,256
214,0.8347185681565047,0.4503004472658225,2025,256
215,1.127285962965361,0.5742068065816497,2104,256
216,0.010881399594844417,0.4217952012708246,1977,256
217,2.4806249996480023,0.6868925143389017,1926,256
218,0.006343939131986047,0.1157589575129161,2137,256
219,0.006492764757152748,0.1599736495274363,1963,256
220,0.08460467585854843,0.5376393877843337,1940,256
221,0.5098614383746919,0.4748745915591814,1984,256
222,1.5506302625439875e-05,0.1446371810355868,2062,256
223,0.0034542354446510334,0.7134178555918057,1978,256
224,0.06261498038951033,0.9234873062432664,2073,256
225,0.0009796608848648438,0.3613768401157431,2134,256
226,0.001462728918787563,0.1070844628090115,2164,256
227,0.3797468322480617,0.762333643187808,2033,256
228,0.036575143986655755,0.8719984737098813,2033,256
229,2.0243741308392553,0.3375409438592506,2132,256
230,0.10785917602764296,0.0672480979851175,1992,256
231,0.7615964925377896,0.3119803466184458,2012,256
232,0.010095185401121453,0.8748110629017822,2007,256
233,3.0460268986326025,0.1526771684508014,2009,256
234,0.01572323084115849,0.9567810023018792,1998,256
235,0.9482014018322902,0.1096458325975988,2064,256
236,3.1792758951178524,0.535619794206183,2089,256
237,0.001095564774324254,0.1909847637493803,2115,256
238,0.07321779309857131,0.1058152125585375,2040,256
239,1.1265679787769878,0.6107555510682825,2053,256
240,0.15129215510844013,0.1536930302223597,2017,256
241,2.886889735446739,0.6410700462374033,1936,256
242,0.14812761099555075,0.0986719684010869,2032,256
243,0.09269558236671453,0.5209862804631342,1978,256
244,0.34826918031633763,0.0985753822129505,1929,256
245,3.860364615082663e-12,0.930574345850904,2079,256
246,0.031306424469366274,0.5403896037236594,1934,256
247,0.008329695664660524,0.6386092493587264,2064,256
248,0.002652190368740616,0.6199283537713594,2035,256
249,0.017254320094136803,0.2784611319024641,1942,256
250,1.8069090838960116,0.6385395986072802,2043,256
251,3.9886300165339366,0.8471663088572626,1947,256
252,0.004799346449779552,0.280275613355861,2071,256
253,3.9237417557544885,0.9233845207075247,1938,256
254,0.026119480837288815,0.6126187777193145,2066,256
255,0.038269254122175696,0.1858264978197318,2109,256
256,0.29298299446988063,0.7799457099889436,2158,256
257,5.9243372435364404e-05,0.0270568465861383,2128,256
258,10.514278224043599,0.4799916907663467,1948,256
259,2.0992569192627675e-06,0.6280478702529203,2162,256
260,5.241501785720462,0.3024423193859791,1971,256
261,0.11722010506035009,0.2151699664169026,1983,256
262,8.460612073291498,0.8689293540632287,2169,256
263,1.5031391315989855,0.1645794133371064,2142,256
264,0.00023547522373617305,0.3097154975628244,1980,256
265,0.3507716628317793,0.6527964546641355,1950,256
266,0.10755323048862322,0.728927590927102,2049,256
267,0.84358970736307,0.3206350034416899,1960,256
268,0.7452079668335289,0.4033299496767911,2097,256
269,0.004099772547704892,0.5035577671193195,1990,256
270,0.2681819606673744,0.2885216082116454,1971,256
271,0.03020220780173717,0.5188777247849614,2090,256
272,1.445665107343489,0.6702163100938905,2015,256
273,1.0773974810725493,0.1679792756136138,2000,256
274,0.003574734651512283,0.6045620257093758,1988,256
275,0.015512026800110127,0.5278492758782245,1972,256
276,7.595326027452627,0.1909013683760125,1971,256
277,0.0020063563363210786,0.1609057983191451,2098,256
278,1.630029588457071,0.1979256149368342,1999,256
279,0.27888279220190587,0.9733762477960776,1955,256
280,0.004163701185421024,0.5994585519228813,1997,256
281,0.01634489983743805,0.266824981120821,1926,256
282,0.17314301911874158,0.4736793938780913,2163,256
283,0.5185759544063361,0.3868954617960659,2160,256
284,0.001959648077749804,0.5341288173030908,1963,256
285,0.007393496294563134,0.0982016320517965,2176,256
286,0.0020750157620214858,0.6134472356003475,1978,256
287,0.020005104771978706,0.830519533994088,1958,256
288,0.004458068126836599,0.8619205350276975,2018,256
289,0.18370938378316137,0.6215925601038984,1943,256
290,0.7908226626412684,0.1766408244191324,2134,256
291,0.035257922058636815,0.0108261651918096,2176,256
292,0.03921525251651076,0.6285517451353276,2030,256
293,0.004695020842570608,0.2074851110088582,2005,256
294,0.27246106554663313,0.600457798217034,2128,256
295,0.027328559474597038,0.0005983864884289,2044,256
296,0.24197758237482106,0.6078918291230898,2074,256
297,2.9881050628525117,0.8205057106741217,1929,256
298,3.6956235898215435,0.1619352387444982,2006,256
299,0.3187603650546173,0.3921264027529935,1998,256
300,1.012437109694404,0.2760453347192403,2005,256
301,0.32749862123243617,0.8883568867480147,2091,256
302,0.09187339287741719,0.0258246582337646,2062,256
303,1.2892847622095442,0.7026635588650331,1968,256
304,2.0640054299061403,0.5912223707870969,2015,256
305,3.271041269242298e-08,0.0777866871574946,2060,256
306,1.262182438329267,0.9490258414297792,2175,256
307,1.1141390439354049,0.580632243463122,1932,256
308,0.00010029094847262103,0.1316034387444733,2047,256
309,0.00023648173166329335,0.8304736868078793,2073,256
310,0.017540849777241144,0.8576661435376332,1981,256
311,6.06947914793517,0.4362255730624993,2098,256
312,1.2476272375334834,0.6678226877134489,2014,256
313,0.0008023079027436659,0.2963741078396592,2011,256
314,3.632975013965295,0.5628976223818467,2083,256
315,0.0688549881403289,0.421963103351527,2163,256
316,0.06916053189165568,0.9687309513032276,2080,256
317,1.8691211094573017,0.6871902505710639,2141,256
318,0.0029779336493473575,0.7156965661199186,1955,256
319,1.749496491085464,0.5685960937165878,1995,256
320,3.996358758443098,0.8552388065161465,2071,256
321,0.5479469497585752,0.8666666377979173,2171,256
322,0.036939036400290906,0.4237813422463532,1998,256
323,0.43585708628752984,0.6599692231357372,1929,256
324,11.978003066461952,0.5096921133533904,2084,256
325,0.0424690766101245,0.5553564599379509,1966,256
326,0.04615521492734208,0.0819928405910095,2149,256
327,0.03934750910776388,0.7639331187412212,2058,256
328,0.16882003393247413,0.6097668326336024,1949,256
329,3.9436620539414565e-05,0.658112067662566,2068,256
330,0.18864263343303694,0.8371754459911385,2168,256
331,2.291117731506064,0.9780438893934684,2044,256
332,0.056479957470909004,0.8090238088119343,2108,256
333,0.11488799704847426,0.9949180042901372,2026,256
334,1.195227727389819,0.7226084202666264,2066,256
335,1.5976116609500803,0.4915013596491353,2011,256
336,3.124700051900625,0.0028848541812341,2010,256
337,2.0561139980962797e-05,0.181658464501088,2062,256
338,0.00171857329290373,0.3037977966409579,1969,256
339,0.4612873800431563,0.5488957310827611,2145,256
340,0.00599682158587257,0.2035004386814424,2032,256
341,1.12168173217047,0.9450921668655692,2097,256
342,0.012528490961252818,0.501282883307916,1921,256
343,0.3128412709608944,0.6515420735137603,1997,256
344,5.076301332637423e-07,0.6572765201283273,2054,256
345,0.3294945138962635,0.9715280138127824,2158,256
346,0.08593758326988585,0.7416230423961848,1994,256
347,0.03860705227034754,0.2721493601813325,2140,256
348,6.238678032605309,0.6179610250787525,2070,256
349,2.8542162627674723,0.9573675129742312,1974,256
350,0.25388283990533056,0.9169559491611868,1993,256
351,1.335862348253905,0.7556549551358872,2037,256
352,0.6773165152922346,0.1611698140231789,1993,256
353,2.0891594455756723,0.9093089968753932,1932,256
354,0.007036496153557171,0.7924896976865194,1957,256
355,0.743335422679523,0.6821816466220817,2085,256
356,0.003740218834306886,0.7300678480056532,2038,256
357,0.017036646709852058,0.3052097319526078,2013,256
358,0.9520777868507948,0.2342147742917407,2008,256
359,6.608235154953631,0.9746954994188765,2175,256
360,1.0167005406424292,0.2140550562089384,1984,256
361,3.322797815691787e-08,0.2875850807227075,1951,256
362,2.2078173242891967,0.5382694681229322,2082,256
363,0.5170912860982375,0.7742749515151881,1988,256
364,0.7223845783466469,0.4618822394484086,2176,256
365,7.0335092563754245,0.6572340740038091,1938,256
366,0.00013307072260617997,0.8689275623382167,2016,256
367,8.97607418397785e-06,0.3436218360051735,2122,256
368,0.5442660503944468,0.6145961258216812,1952,256
369,0.006887589752164375,0.0423676388791859,1972,256
370,0.024630361703187,0.6210185071215496,2140,256
371,3.3365702743147057,0.5687530262374462,1991,256
372,3.5438454394783885,0.5434318535075664,2135,256
373,0.06721873490155555,0.5841321038328718,2062,256
374,5.729434085248726,0.3336873102138572,2079,256
375,0.025458504950176927,0.6026394576209142,2153,256
376,1.1600282677438685,0.812408819738989,1943,256
377,0.018299190097690633,0.2235922279489388,2120,256
378,8.217830990093226,0.4316388460833626,1924,256
379,0.04353964918504706,0.0791573571947228,2003,256
380,0.37691098457224625,0.5862796998664686,2044,256
381,0.013565480736831816,0.653781208937484,2028,256
382,0.25939856126088884,0.1460360752397047,2156,256
383,0.3487735096158373,0.5584169805854357,2003,256
384,1.6706776888195843e-05,0.0929696437270382,1964,256
385,4.163864761773172,0.5174310858819923,1988,256
386,0.1021642424351155,0.7174218949820486,2058,256
387,4.097006757621719e-08,0.3344850370329491,1952,256
388,0.04148225437961718,0.3856434069401653,2148,256
389,0.3432261236338504,0.5347962976793655,2095,256
390,0.8026553036986674,0.2546059973271256,1988,256
391,2.679344749809016,0.7241801837139212,2054,256
392,0.00155768292030262,0.6569571739401564,2069,256
393,0.15519868385425756,0.2132959156553844,1942,256
394,0.0028667163599464347,0.8200364467498676,2080,256
395,0.00025603016179011887,0.0006412929057026,2098,256
396,5.635409851390221,0.1792120714636473,2143,256
397,0.240009578293639,0.9625290744108664,2015,256
398,0.004370965454608837,0.3447821757214133,2056,256
399,0.16022756339888927,0.2201568250825077,1986,256
400,0.5834430641656686,0.167006514647608,1977,256
401,0.04535113466036338,0.5637088173223156,1999,256
402,0.03471156270358336,0.1009929568156143,2143,256
403,0.0001010146273249522,0.9212415561712468,2090,256
404,0.1678231952851956,0.3722874674215475,1966,256
405,2.375171623555468,0.1279901647080042,2127,256
406,0.0014990199479254953,0.7008096605613404,2147,256
407,0.16016194821600796,0.4541162956152209,2168,256
408,0.4785115777113131,0.7193903974756983,2144,256
409,11.820966075850508,0.9097628000702844,2018,256
410,0.041577971160135306,0.801796301047444,2041,256
411,0.25164204628373515,0.7976893425010684,2172,256
412,0.00010697981034081368,0.4053769046919319,2087,256
413,0.3479472486006882,0.3092769596055684,2027,256
414,3.2844152356074097,0.7277300388389298,2162,256
415,6.69796671026126e-05,0.4166115887922752,1984,256
416,0.0020932643197092574,0.413863421344873,2170,256
417,0.0014681649679834125,0.0717274094556298,2050,256
418,1.285986747437566,0.274138937260141,2030,256
419,0.23903530858702748,0.3506407490425873,2114,256
420,0.05946684016145494,0.0676964853702011,1998,256
421,0.5038248586835323,0.6405251377625444,2061,256
422,1.5613233166870122,0.4886096770400013,1963,256
423,0.13434972046010057,0.3934916426251713,2175,256
424,0.007114426603420815,0.9539116739312056,1980,256
425,2.6070551707493044e-07,0.9753328959464878,2052,256
426,9.614558709835193e-06,0.3058869294077321,2013,256
427,6.566727557037845,0.6397166259058471,2064,256
428,0.8368927660868639,0.0217915079806715,2048,256
429,0.08402095727215977,0.3427377318233418,1974,256
430,1.651014911610461,0.5587158077182455,2057,256
431,0.0013671953408494566,0.4597340223648476,1953,256
432,0.12856051704349644,0.2759004422725056,2171,256
433,2.8770482022626584,0.9858990668672706,2131,256
434,10.38179366399276,0.1599427000405917,1978,256
435,3.3837597088792794e-10,0.4098905337600568,1934,256
436,3.244963347252715,0.1241448489063202,2050,256
437,0.014733763095574197,0.8846640889235619,1943,256
438,0.06632861357672419,0.085074731880682,1936,256
439,0.027930514467165105,0.4424655580702702,2155,256
440,0.14841545574234805,0.6699524866896186,2047,256
441,0.9823111382426791,0.6767547222056658,2159,256
442,0.002504435700630641,0.5742735890803888,2047,256
443,0.07659296869680926,0.4278338469883337,2113,256
444,7.629494680584638e-06,0.8269842525399423,2166,256
445,1.09958274834629,0.9328530310907526,2106,256
446,0.471002147083243,0.6253454815369841,2152,256
447,2.5462247853149353,0.8592810177378498,2064,256
448,0.4891878622648847,0.8090038827085582,2046,256
449,1.427488255312289,0.4232056652004917,2021,256
450,0.01736076828075279,0.8300969540985894,2120,256
451,0.18595037462984787,0.3033004544935626,1994,256
452,0.0001403374053182212,0.5875443809296275,2032,256
453,0.13216890722849528,0.0842986982425533,2068,256
454,8.438669161372566,0.1149142286252609,2060,256
455,0.12362560006211414,0.2273407492986046,2045,256
456,0.46672512664404014,0.0768695729759531,1949,256
457,0.2244009672629351,0.6188944948469465,2063,256
458,2.2513189477110664,0.1346264509649952,2086,256
459,0.366314244732674,0.7683599344800328,2011,256
460,0.013623503369857862,0.856955044648692,2061,256
461,0.02348458143342537,0.4939439381984845,2048,256
462,0.46010173052300424,0.3138252620762023,2119,256
463,0.07764572661445382,0.8939872721184438,1988,256
464,0.280511095614061,0.681777650437283,1964,256
465,0.06586199482240421,0.2566235088778286,1963,256
466,0.7154984026736869,0.8918726966363503,2101,256
467,0.4851683540133179,0.5268605620195987,2061,256
468,0.16131862125431384,0.2169597218699088,1941,256
469,0.420235581025409,0.336384945173798,1936,256
470,2.2544688670122004,0.3832466080399522,2156,256
471,3.3883385415514263e-06,0.4659114110815779,2110,256
472,0.0016447069779211819,0.0669748458986344,2165,256
473,1.5669882077557904,0.8716490043785056,2160,256
474,0.1292523844877089,0.8817938130930301,1998,256
475,0.020619278284563662,0.4514132251489602,2000,256
476,0.0588377269913087,0.1229195687923779,2064,256
477,0.07124003012296609,0.6406139374247026,2075,256
478,1.3029778594918976e-05,0.0101334629837688,1959,256
479,0.11082911721219446,0.3290603097987079,2095,256
480,2.37084173155864,0.5073110698821311,2006,256
481,0.0029744826011288677,0.4536178393359344,1981,256
482,3.858785545340521,0.7747615039466227,1956,256
483,0.7412654750521891,0.4729202311223235,2129,256
484,0.3448367658094277,0.5006904548988199,1992,256
485,1.6018531686812922,0.0580789690164361,1985,256
486,0.4987869360564617,0.8455386043200123,2056,256
487,0.1745588114792464,0.1366100917130301,1947,256
488,2.5103174338569834,0.8409997572611414,2142,256
489,0.11351082819260724,0.2156551676055513,1928,256
490,0.9883417447652323,0.0186442286929193,2123,256
491,0.7409920765581354,0.5129887853640086,1940,256
492,1.756915705564856,0.021595897934616,2015,256
493,3.449250740673011,0.1480537373500754,1924,256
494,0.001240187673259611,0.1742322366045769,2166,256
495,0.6832641673041903,0.732349400851131,2159,256
496,0.1524986728636906,0.6676694461685923,2172,256
497,0.015228319724725313,0.3199517437443151,2067,256
498,0.1932572181328943,0.5385596320116466,1921,256
499,0.002370908798958505,0.9594324805671872,1972,256
500,2.4832620166142054,0.2680747357094777,2013,256
501,0.12414225903442264,0.8462672749193444,2132,256
502,0.8008647833583109,0.3457224984572326,2055,256
503,0.0006491933162048524,0.3358431501164155,2036,256
504,1.2154261156260223e-08,0.9012517273498756,2035,256
505,1.811742949109294,0.4213421997143868,2071,256
506,0.08808417141569266,0.1792757790401009,1976,256
507,0.3287001756997234,0.0138617031878748,1937,256
508,0.02983352318738548,0.3038900516167951,2136,256
509,4.094981388305208e-05,0.7946007453801297,1934,256
510,0.28746361984974433,0.105559376704434,2009,256
511,0.052578558296038365,0.5690175687092351,2069,256
512,3.5399580353308546e-05,0.7753677953150927,2131,256
513,0.013297965587528689,0.2148988576542465,1997,256
514,0.622698736287666,0.942982653999376,2085,256
515,0.0025146268527639726,0.9181017956759052,2032,256
516,0.03919617877708178,0.3560760613235427,2031,256
517,0.9287519359092383,0.5351957734415317,2158,256
518,4.6513783504221314e-05,0.6152020111095035,1967,256
519,0.21744481083857775,0.9957089552809644,1950,256
520,1.9785189013535165,0.3271561385833368,1984,256
521,0.16392332622210756,0.1923143688339045,1937,256
522,0.0005153837031057683,0.605903427088248,2090,256
523,0.000677980691221148,0.4467048926573528,2151,256
524,2.382429642550829,0.9079743625731964,2167,256
525,0.0006155932574856769,0.0814203429119623,2163,256
526,0.0018962956556085172,0.6553624190295194,2140,256
527,2.5358379235205866,0.3280963449829757,2101,256
528,0.0008591447950349841,0.7508282419416408,1981,256
529,0.10357530630890602,0.9835348451499292,2115,256
530,1.1389348879571455,0.5102087665140463,2073,256
531,0.28791332095135963,0.1091775275648758,2017,256
532,1.267129789933526,0.5370723530333785,2132,256
533,2.1653346318546354,0.6450464707084578,1989,256
534,0.006114969048067959,0.3292078763697197,2146,256
535,0.34212492245686477,0.9878729101635244,2015,256
536,0.24651361971770228,0.690157273858509,2092,256
537,0.0007725761547418682,0.4908941813467783,1993,256
538,0.34809640623259214,0.2113218321225181,1935,256
539,0.005337619575311145,0.9563752971811909,2024,256
540,0.3078578458081603,0.305934109726115,1985,256
541,1.0383503671064283,0.9401388122601656,2007,256
542,0.12460871658514808,0.414927085681711,2065,256
543,0.03196340228709853,0.19694475464464,2029,256
544,0.9583269708562858,0.4191388066026874,2046,256
545,2.458334050417757,0.9839108493140116,2114,256
546,1.6480584990875224,0.3526456740133119,1982,256
547,2.3785884446674825,0.2609916167548021,1925,256
548,0.2471387236105922,0.5824879080075341,1976,256
549,0.04100628957471894,0.7439612193169682,1987,256
550,0.0019580507289577533,0.4168846075463459,1920,256
551,0.022679516985665605,0.181546635056169,2062,256
552,0.6141677129623252,0.4919095954801765,2052,256
553,0.39257820717056596,0.4437035201702948,2131,256
554,0.9498772959665099,0.2274440592210728,1969,256
555,0.5926428560944746,0.4421251765888848,2018,256
556,1.9942170334593787e-05,0.2906629568447402,1985,256
557,0.03284134484189939,0.9086572373131788,2149,256
558,1.4621506098250774,0.4765505155117359,2080,256
559,1.29270152518092,0.1183067949311809,2104,256
560,0.781525945202573,0.0517036811764198,2068,256
561,0.149731116430831,0.1502245372058361,1990,256
562,1.2083587250641903,0.1537083131336034,1978,256
563,0.6873808775707003,0.3111863567010919,2097,256
564,2.302600965656593,0.0380545239693088,1957,256
565,1.4558732168428852,0.088247248953134,2155,256
566,0.001148713745527721,0.0224134651424403,2044,256
567,3.7976212030176164,0.8092502672732346,2063,256
568,0.004954551249509766,0.9013423572355556,2057,256
569,0.5041909352706377,0.8629189775994451,1924,256
570,0.2710948978750636,0.4051277043042509,1922,256
571,1.1685357125633324,0.6499839729973576,1946,256
572,0.0008349183647569001,0.8687629891724031,2075,256
573,8.961013123080681e-08,0.248350212821413,2039,256
574,1.0118023302312535,0.718714752276076,2081,256
575,0.0872865192113114,0.215798710619453,1968,256
576,0.7215417947935353,0.3955148181944848,2016,256
577,2.87045886701362,0.2611474069523699,1923,256
578,1.4398011035606755,0.6446552124604047,2170,256
579,2.5408541075928484,0.8446970638851095,2014,256
580,8.178728881224646e-08,0.9522654766662748,2072,256
581,1.122799230680501,0.7014298234053797,2036,256
582,1.2801788096198514,0.1636919729541184,2119,256
583,0.2825350322100345,0.3610943949396741,2042,256
584,2.7590208158375313,0.6684100055599889,2052,256
585,0.0014605811480616453,0.0220703587069491,2098,256
586,0.4628726729348241,0.4136944449126793,1947,256
587,0.00017547388533486333,0.3488405588434552,2170,256
588,0.008874519754090296,0.2341191438496739,1990,256
589,0.00011557415325968598,0.9231319794352656,2080,256
590,2.055348205494738,0.4276103462987697,1979,256
591,5.358761983007214e-10,0.7949760376848803,1923,256
592,2.1376628066916727,0.6079410163423686,1958,256
593,0.531118068553853,0.200896332000098,1990,256
594,0.0002624136520866278,0.977493864808236,1985,256
595,0.001498679786378847,0.9531877695145536,2164,256
596,0.001204373873637878,0.7882168967086755,2026,256
597,6.134632017467345e-05,0.8939630499626532,1993,256
598,0.022565938334597132,0.6410525755546974,1978,256
599,3.1513324049905225,0.8234786846499389,2128,256
600,0.025148261201417398,0.0548637865655956,2028,256
601,0.31076180862813463,0.6202696883659097,2165,256
602,1.571130072033906e-05,0.9505988868787985,1943,256
603,0.0002284297765385741,0.7778093537864122,2030,256
604,0.009505179927942213,0.6391702744578238,1952,256
605,1.5375945466595022,0.234498744008308,2158,256
606,0.2467378614181449,0.005978496035219,1986,256
607,0.04276508721742808,0.6684932762173954,2030,256
608,13.087848626311574,0.153382643786598,1922,256
609,0.09555627574359325,0.6143619583507728,1980,256
610,1.3717332887952742,0.3806065146331213,2106,256
611,0.006211254271927934,0.1029519281772117,2042,256
612,1.5558344015586127e-06,0.6345558344668635,1932,256
613,3.583870746738113e-05,0.7303608362988833,2109,256
614,1.3466549097645388,0.2306553804801675,1956,256
615,0.01194950394636977,0.1011193619525596,1925,256
616,3.0148534272412704,0.5960877981009335,1926,256
617,0.289343613400558,0.1655000445532091,2070,256
618,0.47306460000235956,0.5036111816558524,2057,256
619,9.997916271330011,0.3412281869066355,2009,256
620,0.16561395461303385,0.6512303097885567,2078,256
621,0.18435560612432025,0.1190755873888723,2051,256
622,1.8310617020194708,0.0715824196051366,2069,256
623,0.272380155616143,0.753248095661724,2087,256
624,0.010685914369135916,0.8836705561353387,2027,256
625,2.481362026185036,0.0658783222992343,2153,256
626,4.931217168128725,0.3408830398032243,2128,256
627,0.5166869218437985,0.6813689222806742,1960,256
628,0.9504508955163115,0.6045537240088891,2159,256
629,0.010918561147744376,0.6945746909305713,2019,256
630,0.6203831543159817,0.6236683432851182,1957,256
631,4.7422118919844974e-05,0.1799749977619219,2010,256
632,0.04342980144876127,0.4093942923096412,2128,256
633,0.01201842941390131,0.7902498447824262,1983,256
634,0.00028700573126086464,0.5703686611337563,2029,256
635,0.2310889619085225,0.2386641031301375,2102,256
636,0.5095600428157622,0.1743906715396631,2095,256
637,0.005845531348877718,0.5840536156989337,2046,256
638,0.33548806795681146,0.6361425327004768,1939,256
639,3.6853083923394276,0.6878866872106147,2004,256
640,0.003614386682044895,0.240359249744437,2138,256
641,0.16109432231346474,0.0825756863307872,2028,256
642,0.056690582902493,0.7805809626909523,2119,256
643,1.4314734573063259e-10,0.589636838033336,1976,256
644,0.018785584446068117,0.6531242160506977,2148,256
645,2.8989299817762558e-08,0.2470465113021132,1993,256
646,0.09948643385062696,0.2913231770309555,1959,256
647,0.9496236203998638,0.7561611788125536,1995,256
648,0.39630325697218693,0.5375980369753415,1987,256
649,0.05901971104594986,0.3226085115812547,2003,256
650,2.9595849361527975,0.9449867905495258,1992,256
651,1.4404808992592883,0.4210325084679356,2134,256
652,0.19243792069394136,0.1447351130252328,2044,256
653,0.053742538821478274,0.8833270573834481,2046,256
654,0.009240506276652101,0.8588586075642203,2142,256
655,0.6750794781709908,0.6663249702379588,2063,256
656,3.4565582907986106e-05,0.514889761973515,2014,256
657,0.21957574976503097,0.3770496242199674,2171,256
658,0.0001208662990069414,0.739950269287952,2122,256
659,0.18765937797030124,0.2036950475133948,2142,256
660,0.009926924473040513,0.508441450278073,2117,256
661,1.3340715757322945,0.0079802744603957,2055,256
662,1.5025463119884123e-05,0.2883054752307254,1929,256
663,0.04875255135981765,0.6305204029135966,2174,256
664,0.1925769249720846,0.1305316060423699,2170,256
665,0.08524616459052396,0.8771970421572887,1962,256
666,0.005332488804987686,0.5117460222952518,2108,256
667,0.3036185570398265,0.4630774870765999,2120,256
668,0.00983389516753218,0.883054891708165,2154,256
669,0.0004904287558326686,0.8284311755884324,1967,256
670,0.00019573747595814174,0.837316653390298,2139,256
671,0.5984691157970373,0.0641403725698366,2170,256
672,0.35372815566841054,0.4412175792188724,2148,256
673,1.9971616200183677,0.2558364327013128,2069,256
674,0.19460401022278181,0.5101784232127224,1961,256
675,0.7636829890374114,0.983020002346942,2000,256
676,2.012508648475945,0.8181122682642984,2049,256
677,0.09617947676276276,0.2006918180634406,1997,256
678,0.5048614034629596,0.5849395321099677,2027,256
679,0.0030669151020929807,0.4722957178229024,1947,256
680,1.3861404339682073,0.5512324980229465,2009,256
681,0.0661832726292949,0.7927349744232147,2088,256
682,1.8472849842747785,0.8512371166198562,2088,256
683,0.016405186783177685,0.2216340116861536,2067,256
684,2.3898236608185925,0.781411224228077,2034,256
685,0.010439361607282205,0.8233322709117239,2070,256
686,0.22174206512953246,0.3895004560922103,2033,256
687,0.01647145279987009,0.6839368073622434,1936,256
688,0.27136796382845496,0.2276412022782913,2055,256
689,0.012273048557195899,0.1489515336408561,2140,256
690,0.46056118902639737,0.414494018113601,2133,256
691,1.6682117725887127,0.456847031858535,1999,256
692,0.006854509213743735,0.382210900687627,2067,256
693,0.40652344604570234,0.0726859788710393,2075,256
694,1.038539875444874,0.9385604373023057,2016,256
695,0.0003530019934663373,0.1855409333060507,2044,256
696,1.2399833018982525e-05,0.7358817194254746,2044,256
697,0.7238839070909779,0.812513107122623,2175,256
698,1.3771477098973703,0.5672608924174334,2134,256
699,0.055627472597997885,0.4965970091744539,1966,256
700,0.9196797732883945,0.9289829916850452,1926,256
701,0.16769117861883734,0.2392544714542113,2104,256
702,0.06301830130418713,0.0425178154990238,2116,256
703,0.0007939206521204493,0.2515446195128002,1974,256
704,3.206320598486176,0.0947195522061103,1942,256
705,2.464374631949825,0.4807166076708451,1984,256
706,0.007893553496491524,0.7764389876896847,2016,256
707,0.8384091057992313,0.8826325171684736,2155,256
708,0.0006044341982418823,0.3814844141459218,2122,256
709,0.4870497897794192,0.212012594694824,2096,256
710,0.0009639950916747931,0.2759159512292348,2155,256
711,0.039441246179470306,0.0465314798080873,2063,256
712,0.005020464354135468,0.5077776967258029,1936,256
713,0.42120412030287696,0.7392729982497083,2023,256
714,0.8832700889505462,0.4495706081415865,1961,256
715,0.0010354602729299289,0.848835370890292,2024,256
716,0.001861561637861085,0.5460540136715822,2024,256
717,0.23908666206292098,0.6699727575333847,2000,256
718,1.3599392817990426,0.7003606076613069,2097,256
719,0.94380799178417,0.6876579987549472,1924,256
720,0.9908773967861683,0.3254815646952823,2048,256
721,0.00028006887695941824,0.0749496803873067,2065,256
722,0.3073749276776285,0.3122604271705329,2143,256
723,0.04070485915464548,0.4255726360003312,2095,256
724,0.9108615560564464,0.2221575084468506,1961,256
725,0.26152912777770226,0.8639942788693481,2129,256
726,1.7439217896711534,0.5371633090918116,2129,256
727,0.08443353129043227,0.6222961043410218,2029,256
728,1.945197010870031,0.2108973588608472,1931,256
729,0.015231991596386987,0.2239780435958768,2048,256
730,0.014182595862939703,0.1610682813608441,2120,256
731,0.008177599274751727,0.3414206680050013,2076,256
732,0.0012336548366685873,0.9031753163009616,2090,256
733,3.0693329480755533,0.7618982933383451,2091,256
734,2.8132818362540455,0.7954693834165161,2111,256
735,0.029672329328340307,0.9897445489299148,2151,256
736,8.52890446845073e-06,0.5563164623648057,2173,256
737,2.5128526238353963e-06,0.6177691326835016,2152,256
738,0.15088725080741655,0.3940576163111063,2081,256
739,2.612049252675861e-08,0.9400022354520728,1976,256
740,0.8364058224272279,0.3094220591552273,1956,256
741,12.93135162815604,0.6283918252932851,2012,256
742,0.02980795235134451,0.1738468120178403,2101,256
743,0.03326798703607143,0.7606582807556123,2150,256
744,0.31562580014525815,0.4520482957100746,1937,256
745,0.3042551692876265,0.9002713848783657,2167,256
746,0.16636226981760766,0.9939807031758122,2073,256
747,0.007922826733297347,0.2234038729110394,2108,256
748,0.0001015663330943364,0.4224320423244546,2170,256
749,0.025978634606248628,0.645556947294646,2175,256
750,0.007904773274647978,0.1450069105071121,2090,256
751,0.8872548086762126,0.8008224323233252,2133,256
752,0.005028767888409604,0.4464521589305985,1981,256
753,0.8081597123902403,0.9647153372487588,1962,256
754,0.37340728366107856,0.5109796643107838,1932,256
755,0.016412512805447955,0.6543768608698074,2114,256
756,0.11649789163267686,0.175425004555818,2056,256
757,0.02871241474631184,0.0275173547334706,2043,256
758,0.1856742407448869,0.4914788032144488,2114,256
759,0.03635795934640757,0.2780489573298729,2088,256
760,0.7911127902681252,0.890889794212006,1988,256
761,0.5540870972741829,0.2213621557458646,2105,256
762,0.006383105519603982,0.9144108536386047,1960,256
763,0.022412133250388086,0.7447895937591935,1993,256
764,0.2956309018244378,0.1951202865169107,2042,256
765,0.0006749366562790745,0.1063432590994228,2149,256
766,0.08108055434389785,0.1227950897617836,2016,256
767,0.05040782401317957,0.9556764834065812,1982,256
768,1.8135323749226668,0.8996161735910154,2157,256
769,0.15705679654960042,0.9785272384686754,1991,256
770,0.1995440000086413,0.3118241998924322,1949,256
771,0.2226280063319937,0.1800532978386401,2120,256
772,2.714145758048676,0.2288926785293116,2131,256
773,0.29661464478661875,0.9307177572898648,2111,256
774,0.08481382921122543,0.3096249273747627,2063,256
775,8.647650966072234,0.8372780779505561,2120,256
776,1.3219271042235612e-05,0.6244783680126583,1924,256
777,0.48303900946729206,0.8279416282340328,2020,256
778,1.7702718209640644,0.9210460079569468,1928,256
779,1.8017811042762377,0.0850625878334063,1956,256
780,1.391904447400678,0.5117254049903485,2047,256
781,0.03256605484975276,0.3527388007939964,2163,256
782,0.0024877915822369037,0.2583317449102793,1997,256
783,3.0989903100519805e-07,0.3760934415292816,2034,256
784,1.0258010156373107,0.943476910264364,2122,256
785,0.021736759770130596,0.8965358854564842,2109,256
786,0.09960587989900613,0.0490032080341646,2083,256
787,2.022063896330745,0.2263107635983091,2027,256
788,7.971777380621302e-07,0.9145527814135672,2088,256
789,0.7733023307680574,0.5754807871259481,1978,256
790,0.006224515748661676,0.3167171767034917,2026,256
791,0.9971895316723769,0.3467392002353496,2093,256
792,0.0005188192794267685,0.5857744649212513,1975,256
793,2.661643454699216,0.4101322724346851,2119,256
794,0.020781850928715078,0.2395038199478553,2075,256
795,0.0745844486659063,0.3787392377524803,1957,256
796,0.00513019563034431,0.6829198885562745,1924,256
797,0.6340564230317268,0.662782693311885,1927,256
798,0.0020451499504026936,0.6204557609259965,2010,256
799,5.870606380361872e-05,0.1762741668586502,2058,256
800,0.6974557232621658,0.9359139364292668,1981,256
801,0.3454840607353682,0.4130087853438634,2144,256
802,0.2780055784848931,0.0208553805559612,2091,256
803,2.1419307119214984e-05,0.6229731147598918,1921,256
804,5.0554609511457455e-08,0.1111246822845997,2118,256
805,0.005005658082702129,0.894401463484808,1968,256
806,0.10629865154694698,0.3624515570061404,1989,256
807,0.5361179771668636,0.4137687197238386,1962,256
808,0.012837826274751595,0.3693854339499658,2019,256
809,4.839841286512587,0.4149654264032592,2043,256
810,0.058674852623017526,0.2967205111628891,1920,256
811,0.5464591402624759,0.2974224938868958,2159,256
812,0.5435721050673405,0.8347678331874369,2065,256
813,1.532007838828209,0.4931010953867291,1996,256
814,0.7392816713268904,0.4203910624329602,2068,256
815,2.9218869222893353,0.5042365831833793,2155,256
816,0.005846710746814851,0.385775230449169,2111,256
817,0.560703883795034,0.8816712780937408,2014,256
818,7.98717309982957e-05,0.5215891679597545,1972,256
819,7.248349191396415,0.198063072441794,1951,256
820,0.2624774674027841,0.9665440810715612,1978,256
821,0.0024821988928628255,0.3203954683028406,2069,256
822,0.7366961400879493,0.9832955236080304,2168,256
823,0.06604936395097395,0.4947931701818939,1992,256
824,0.00031901642689970334,0.2962219429788013,2063,256
825,1.9451856561618153,0.9530088662908436,2087,256
826,1.6667858332124537,0.1991320750523177,2105,256
827,5.239582934397195,0.6621911731847753,2146,256
828,0.16481469384180383,0.7420356050726414,2056,256
829,0.7056237482172147,0.3544732139775287,2061,256
830,5.111125439448859e-06,0.5370832685874503,1970,256
831,8.230492643991845,0.6522429045830336,1922,256
832,0.0848455443422051,0.6718609025019215,2093,256
833,0.33749703055290564,0.9456124615486124,2031,256
834,0.011886781591267919,0.7091430616002422,2094,256
835,0.5377712364212727,0.3777667380240258,1995,256
836,0.16985029387938774,0.3756025188724713,2063,256
837,0.03696407268225366,0.9181375574019032,2152,256
838,1.7063456688952556,0.853235197672831,2154,256
839,0.01483297517389267,0.2467014797293436,2115,256
840,0.007353419036870072,0.3002369272279854,2114,256
841,0.033165267610134545,0.3137659742469465,2091,256
842,15.145542071370086,0.9671163896,2176,256
843,1.3431363067184e-05,0.3995250945764925,2165,256
844,0.014307143022258592,0.0605868247541653,1930,256
845,0.0005745964489942387,0.2137699669082586,2144,256
846,0.7533903374488531,0.3595517643078895,2094,256
847,0.015161720425375962,0.0442135958259395,2141,256
848,0.828171531999116,0.4560770332644908,1979,256
849,2.7969859871170626,0.5171117820755469,1940,256
850,0.02842778960448976,0.4182919533954066,1964,256
851,0.08197777862806982,0.6385568526083376,1937,256
852,0.037513072011479465,0.2977081847241726,2064,256
853,0.0002668995725551427,0.3249448292226021,2053,256
854,0.0008530027720571843,0.2374868184423247,2070,256
855,5.346596384286239e-06,0.3015180025966312,2044,256
856,0.4145840279469721,0.9687638744400154,2019,256
857,7.238601364782584e-08,0.1763971749461891,2114,256
858,0.3280538028177671,0.4205970130981532,2112,256
859,0.29964468620393064,0.1881464354899057,1979,256
860,0.21838935565864798,0.9249771490733332,2151,256
861,0.1243042198252282,0.3997703730521484,2114,256
862,0.15336636523747568,0.4264504958024746,2141,256
863,0.023350438339758445,0.2359502142537888,2083,256
864,4.367197106993428,0.1394500760978744,1945,256
865,0.0011155466881364413,0.3632550430403647,2058,256
866,0.1294113123258932,0.8872615491473985,1984,256
867,0.005845817799028743,0.6144084778961066,1968,256
868,0.12374770241519374,0.9370801338619156,2031,256
869,0.0008978420666994503,0.1309384351526786,1977,256
870,1.3997474952144942,0.2190988512298435,2047,256
871,1.311605970018155,0.7320522056490433,2015,256
872,0.0011777417943902775,0.3628360112208423,2173,256
873,1.1441839621485899,0.2633045752455988,1952,256
874,0.4528270970423426,0.5246502537039615,2105,256
875,0.7967864213917081,0.8687921587950729,1968,256
876,2.839051103966005,0.1682498503049104,2074,256
877,0.34899309213990365,0.8027269619634119,2039,256
878,0.008281551591598137,0.7756700986917371,2042,256
879,0.4276648666029125,0.3805328182356053,1920,256
880,2.8551769317521782,0.4409124091199827,1944,256
881,0.018681926195912114,0.8110020017854663,2132,256
882,4.268287224694857,0.9009068419793288,1968,256
883,0.08437676153511095,0.0810652256301565,2107,256
884,0.009300486053516558,0.3182621346282657,2020,256
885,0.19062258317501984,0.8522144147415917,2121,256
886,0.19833440911593808,0.451944338492653,2050,256
887,0.030418985937900506,0.336855563542131,2022,256
888,0.13673986525537318,0.6548067313190409,2115,256
889,0.71239032199135,0.5243702107834374,2064,256
890,0.26180263526054853,0.9416280258342978,2141,256
891,10.75173278817607,0.3789347202716392,2038,256
892,0.20736151665894503,0.1614159474768369,2040,256
893,0.06533810396808055,0.6500744526955491,2132,256
894,0.16006462810922156,0.56792342482201,1986,256
895,0.0029648041150344855,0.3132958007949977,2145,256
896,0.0098173809708748,0.5359511379586079,2137,256
897,3.3837409993224843,0.9262864356029612,2074,256
898,1.682838644404228,0.9281803632583928,1973,256
899,0.5309729091055957,0.4598568462942598,2029,256
900,0.252871902859221,0.1495798751136745,2142,256
901,2.5582713715381544,0.3927535845025568,2148,256
902,6.506354464614775,0.6639850669770829,2156,256
903,0.0008112868329216042,0.6927464102373091,2056,256
904,0.08774486504274044,0.2719059572143043,2173,256
905,0.22972519808678957,0.9558771790684972,1948,256
906,1.6678902216523032e-07,0.2396517042080168,1928,256
907,0.09781801313328352,0.0581588894219062,2036,256
908,2.7267767233956883e-09,0.8554282739958279,2084,256
909,2.335044026969352,0.596875166209746,2077,256
910,2.274598920595472,0.9428373246178904,1992,256
911,0.03240330308095573,0.0433850473806254,2137,256
912,0.011437024745300839,0.3871741133506189,1951,256
913,1.698378648596188,0.2752392161333854,2061,256
914,0.13792760676232801,0.6072073763872341,1971,256
915,1.2567027667880772,0.7574997435633393,2128,256
916,0.1267910780189407,0.2207132426808339,1999,256
917,0.001184435170117529,0.3786891699419596,1950,256
918,0.24982470805707827,0.0902338877788584,1935,256
919,0.44000751559755924,0.6214394848612576,2174,256
920,0.0001242527606044111,0.3447521471520368,2069,256
921,0.004380428811446655,0.6044076778188117,2111,256
922,0.003610003951237431,0.9080888745045176,1960,256
923,0.5614856098573354,0.7086509452994225,1980,256
924,0.0022361796544969233,0.1343896466306905,1983,256
925,0.1253999809420991,0.8578696566956118,1993,256
926,0.10293734441196828,0.8921012445718007,2068,256
927,0.004467946198891883,0.3077764857993731,2098,256
928,0.20514599215558516,0.8592191069523522,2077,256
929,6.4868100913903515,0.8841834563409559,2106,256
930,0.3820570716181081,0.8603176299354002,2030,256
931,1.4591107257426632e-06,0.2366237811939053,1940,256
932,0.27367055798350876,0.3568461900503329,1951,256
933,2.5413497592793224,0.5175067539310797,2167,256
934,1.4825293163144417e-07,0.5447605000870401,1933,256
935,0.04043227034580255,0.5445664208321955,2026,256
936,0.004965611025317649,0.8078481129057162,2132,256
937,4.806830457713043,0.1525279906017317,1944,256
938,0.8494242979680723,0.8558585747039062,2074,256
939,1.8330678438557568,0.3169255002266976,2131,256
940,0.021640054933529506,0.1415592811696299,2059,256
941,0.06027874600916411,0.3746491083916921,1927,256
942,2.833774446145036,0.6383882892698498,1939,256
943,0.11206498825196502,0.8192890957011987,1939,256
944,1.1792020785459285,0.7648249389843698,2134,256
945,0.5967337793914221,0.0812131043292644,2075,256
946,0.43571226421187514,0.693648690233402,2067,256
947,0.0037314495746199987,0.185671404412935,1991,256
948,0.8238941487627152,0.8026294901500209,2110,256
949,0.0013279032656359278,0.6955383411245262,1966,256
950,0.004097200837778601,0.4839953049242059,2055,256
951,6.544167030692711,0.3256052979886767,1977,256
952,3.020578726863541,0.905904457399756,2077,256
953,0.04700987615948456,0.3675943895629691,1950,256
954,0.04307313539686412,0.1676606829745723,2121,256
955,0.5789340394142376,0.4312405915963138,2073,256
956,0.16127817660399046,0.9484749021638096,2010,256
957,0.030360138338818104,0.0765182466151044,1983,256
958,0.018576039432552566,0.0470532590393719,2171,256
959,1.8488056765192908,0.4253294288582948,1977,256
960,0.5769489746187352,0.0557012793481025,2052,256
961,0.03213391060219326,0.412969115090492,2062,256
962,0.02062945398690481,0.2532625696197028,2171,256
963,0.033903011354388245,0.7134291720175513,2026,256
964,0.0007318102221630003,0.7269693503501394,1962,256
965,0.8020690801416753,0.0160272292284877,1948,256
966,0.16812079734081892,0.2785122241844212,2054,256
967,0.003947726836317057,0.4140484218473214,2167,256
968,1.250409852144249,0.0663892368447155,1996,256
969,1.100677828960455,0.926030865812791,1959,256
970,0.00468822847877297,0.976447135896143,1978,256
971,0.028675540896760155,0.7078586970387819,2034,256
972,0.44908861074907924,0.7869522613332072,2038,256
973,2.935021315352365,0.5764306601035318,2161,256
974,1.4429944771037169,0.6962241659491233,1972,256
975,0.0596154246236857,0.5309094221485702,2165,256
976,0.0002803873437937548,0.5893365813172181,2166,256
977,0.6904643736233557,0.703088478877119,2134,256
978,4.931306564588384e-06,0.8274867732427511,2098,256
979,0.4238298638618404,0.4588478002318638,2157,256
980,0.032233952949188266,0.3422969157163098,2022,256
981,0.0009460861240879563,0.071897401145042,2109,256
982,0.9981090834576897,0.057409312112261,2082,256
983,0.011305744242952345,0.5036970214839496,2087,256
984,0.03756374366872194,0.1704847193726889,2037,256
985,2.7173437915658198e-08,0.605705271665716,1950,256
986,0.024861939884919408,0.0588116623040158,1931,256
987,0.062389033397577384,0.4806404580542391,2092,256
988,0.4080084761498717,0.6290034108507515,1993,256
989,1.8922216895429091,0.4194391880258767,2100,256
990,0.001801220606927421,0.9633201891614364,1938,256
991,1.155417595868878,0.8481819397455849,1963,256
992,3.2900654112481806,0.9527376058892116,1997,256
993,5.514038082022121,0.4389202365183178,1991,256
994,0.04905952596331625,0.8664044069929546,2033,256
995,0.18944148707061745,0.2029706071579333,2039,256
996,2.2180006694227625,0.3954257891468198,1938,256
997,3.8073653221735997,0.1763172932716297,2122,256
998,0.425643133243075,0.6151872589322118,1962,256
999,5.76658100559617,0.5481474373037476,2030,256
1000,0.012835694487752328,0.4573836364710929,2164,256
1001,0.9797588099880998,0.485799374414694,1931,256
1002,1.644255758603963,0.1316891288641717,2144,256
1003,0.5832152388045639,0.8989201261686661,2125,256
1004,0.5927656049979928,0.857612504157253,2049,256
1005,0.7756121415991629,0.3077273549417826,1939,256
1006,1.1741354887810533,0.8318565811598888,1973,256
1007,0.49324667294915536,0.0707563791360931,2046,256
1008,0.0030253143900505217,0.7205397758470656,2056,256
1009,0.00012528309095655106,0.3512259204387938,2021,256
1010,0.023800307077292613,0.445973022526716,2050,256
1011,2.710191795915474,0.2511438638806156,1927,256
1012,0.02141070764023754,0.6005758929236132,1979,256
1013,0.07802595440319172,0.918637193745295,2113,256
1014,5.0035988941861955,0.8535250128296393,1935,256
1015,0.30466084914272173,0.6655566534296161,2008,256
1016,0.0007216385966598615,0.4674091533584545,2057,256
1017,0.0005743815538579875,0.9933624088595048,2030,256
1018,0.6938425923056067,0.6117571469316692,2105,256
1019,0.046373335060636366,0.5200653850257271,1949,256
1020,0.008127039456547504,0.1432006684840331,1945,256
1021,2.660735944910484,0.589312974846541,2143,256
1022,4.678846399156636,0.4163872838835136,1936,256
1023,0.0023303486621289917,0.9612614740266848,1940,256
1024,3.0709765917854677,0.5220103128730412,2127,256
1025,2.9140007597509097e-05,0.1692297813208666,2064,256
1026,0.11076801889937879,0.6820676705778059,1938,256
1027,0.05006715367714796,0.1132728395171395,1990,256
1028,0.030631177841423513,0.4612014352787561,2166,256
1029,0.527151756458188,0.6192927574529343,2002,256
1030,0.005606176944710023,0.3479668930755811,2000,256
1031,0.9875478349284342,0.0315857997762973,2081,256
1032,0.0006719025417317794,0.2058801092834369,2151,256
1033,2.6183622289066,0.6484627008402158,1950,256
1034,0.140454770156975,0.2036695882276615,2159,256
1035,3.4897194434191015,0.6798210237832247,1932,256
1036,0.006152210746658376,0.8897848404009783,1927,256
1037,0.06685523773696535,0.97891509099659,2175,256
1038,0.41828454313577235,0.5419713403131698,2111,256
1039,0.026550670404152186,0.7136432883321321,1989,256
1040,0.008709164156911147,0.4826242158055367,1936,256
1041,1.0978773258715362,0.5313722271585107,2068,256
1042,2.925149589454608e-05,0.5039081009280661,2137,256
1043,1.3177430288263995e-07,0.6427869811700693,2061,256
1044,0.09463762042576043,0.3650918089908509,2031,256
1045,1.9928883334178687e-05,0.6865336994124585,1992,256
1046,0.024234677700007944,0.917013530584314,2091,256
1047,0.023980262502866345,0.9305820257239592,2035,256
1048,0.4474924339709531,0.3987725434639215,1984,256
1049,0.1946052864352486,0.1461615354792562,2019,256
1050,0.00014716736651223354,0.5432739343629572,2093,256
1051,0.3575609105187459,0.108176466441158,2068,256
1052,0.2354796800751578,0.2577355676677113,2160,256
1053,3.875659257043802,0.245715795562181,2049,256
1054,0.9224355322031259,0.4335746221569225,1931,256
1055,0.5842414861404536,0.328113780072066,2086,256
1056,0.636901912735538,0.822127560531859,2176,256
1057,0.17948911519057867,0.0357132120281813,2014,256
1058,0.47613736195519407,0.2877682151508925,2133,256
1059,0.009352474926828057,0.6474383508247218,2127,256
1060,5.909003624066665,0.3482835873551041,2005,256
1061,2.082455475049821e-06,0.1184039015267444,2034,256
1062,0.01762149548219679,0.0779366176808696,2086,256
1063,1.1896244228769035e-08,0.5358782949507652,1935,256
1064,0.32218667448543553,0.3727345081194658,1993,256
1065,2.21391947468091e-07,0.4816135849308652,2005,256
1066,5.258900728456835e-06,0.978464735260904,1976,256
1067,1.446250031026991,0.9717648812278726,2002,256
1068,2.634586023556104,0.8639228276687602,2132,256
1069,0.0006685501122091649,0.6256660209659324,2153,256
1070,0.031577139113368645,0.2448451784333787,2052,256
1071,0.005303355799632813,0.538668375109183,1978,256
1072,0.0005421774915024373,0.4638028442084916,2087,256
1073,0.6620076574946978,0.556654705868808,2088,256
1074,5.715267519632102e-05,0.4020755610035635,2042,256
1075,0.00039878450107018817,0.6439733778615316,2059,256
1076,0.03742832319204009,0.3568319424451127,2119,256
1077,0.4041504602750598,0.6458421285454977,2059,256
1078,0.33094924998378844,0.9821344346702008,1947,256
1079,0.01939316156135678,0.8019730586944755,2067,256
1080,1.2638245489549185,0.7536115392046122,2016,256
1081,0.1000689086472121,0.3290329272560901,2104,256
1082,0.014563504660764573,0.6702265955990581,2151,256
1083,0.577154365297953,0.4683301837018687,2094,256
1084,0.9341160560238189,0.2948905401519013,1969,256
1085,2.888958426533067,0.230614494500435,2078,256
1086,0.11146143718975476,0.2484209803922904,1997,256
1087,0.0014303451027591393,0.0321979200845199,2139,256
1088,3.303014523536498e-05,0.8878096604564795,1927,256
1089,0.06001951437898996,0.5998886999420128,2018,256
1090,0.11459038750935197,0.228708836238063,2094,256
1091,2.265414705246067,0.4024558126540678,2143,256
1092,0.001485710162485035,0.3842455188057706,2050,256
1093,0.022215590938401517,0.8935439834384376,2000,256
1094,0.8043415915293286,0.3626698834184839,1948,256
1095,0.00033480182000406814,0.9880767991494428,1951,256
1096,2.5041161764973494,0.9533007766654912,2041,256
1097,0.050966169219150495,0.1227516676064146,1944,256
1098,6.475553901741974e-05,0.645494637433273,2095,256
1099,0.16817948623035625,0.0698481256928452,2024,256
1100,0.08916944971161368,0.9715650644160948,2011,256
1101,0.004774056080177004,0.4245847454137652,1991,256
1102,6.759334798931919e-08,0.7481333439773963,1981,256
1103,0.016575704802150575,0.1204092056450911,2057,256
1104,1.0778420747864284,0.3251905138752495,2173,256
1105,0.921305755532412,0.1651789245297614,2019,256
1106,0.21304519045143872,0.2059514233950911,2074,256
1107,0.0007540375759035447,0.8161488517923569,2112,256
1108,0.00029317177780931257,0.5097016365007747,2170,256
1109,2.1751781969350183,0.276493469928687,2091,256
1110,2.574070633419873e-06,0.6899541651281826,2106,256
1111,5.92049629301584,0.7070564552029256,1931,256
1112,0.23736273117931667,0.1688622917294157,1923,256
1113,0.01753838382019454,0.278615690829736,1998,256
1114,0.04886293715658863,0.5770789396359005,2068,256
1115,0.0019753616944564348,0.5269889339163735,1959,256
1116,0.4605608572626123,0.4981026691491838,2101,256
1117,0.0016483977058123248,0.2966771456839239,1985,256
1118,0.23984089215624396,0.7171634719688373,2103,256
1119,2.0117495911577032,0.2256389007654937,2002,256
1120,0.05611482394085308,0.7706256967465477,1952,256
1121,0.0443678126082394,0.0844723448467813,2074,256
1122,0.023978284765287985,0.147105424393235,1925,256
1123,0.01082774272793627,0.0167678256575363,1968,256
1124,2.8848307061627723,0.5421375474305488,1945,256
1125,2.8686003165616513e-06,0.5380252878572709,2007,256
1126,0.032799167733527444,0.1675225701976422,2121,256
1127,0.0014821942050226066,0.4536119393782626,2046,256
1128,0.1707353279630611,0.8098575088610738,1920,256
1129,0.0002711796359026702,0.4885555269976949,1999,256
1130,0.0011113265366018896,0.4276450670180425,2075,256
1131,0.001017470152549536,0.3130882925682264,2065,256
1132,1.3175698237653268,0.1809957025988183,1978,256
1133,0.0008720425615635985,0.9707378025585716,1982,256
1134,2.721207247458684,0.6620058300410024,2113,256
1135,0.024358450636657775,0.2253831695107372,2039,256
1136,0.2451887573822365,0.3084464805173389,2032,256
1137,0.06908494462943275,0.4194108016399344,2172,256
1138,0.0885862924832053,0.257789779660964,2106,256
1139,0.026686949638971932,0.6762212879157266,2148,256
1140,0.288736944635457,0.9703768822864476,1998,256
1141,0.10928551497665506,0.5161954369608498,2125,256
1142,0.0006751000236621392,0.3425917205903547,2071,256
1143,0.03152668906087353,0.5687611778050989,1938,256
1144,0.0002249722541964298,0.3827925925799929,2064,256
1145,0.00620377565905367,0.1370287585733018,2093,256
1146,0.557023949560531,0.6352728378726435,2140,256
1147,3.6454293052493e-05,0.6020090488472504,2097,256
1148,0.0034728229374919022,0.7634208978128681,1993,256
1149,0.00012830033109286312,0.1806104271139849,2140,256
1150,0.5988998849138446,0.7845139742001871,1931,256
1151,0.1269104113429039,0.5818988800130909,1985,256
1152,0.058864778087912704,0.1495051630112162,2047,256
1153,0.12262984643461242,0.4813903802481453,2014,256
1154,0.06989030088621702,0.5061956071556692,1960,256
1155,1.730888258634984,0.2044926837450209,1961,256
1156,0.8084885287080861,0.028550803590215,2155,256
1157,0.3375012969714473,0.3849911193310329,1992,256
1158,2.543856833336301,0.4176373032485586,1943,256
1159,8.835841881860336,0.3478587645947925,2142,256
1160,1.4426415970550486,0.5411606913199207,2119,256
1161,0.021350362235035735,0.1522494366522041,2063,256
1162,0.10419452146674324,0.2125959224423518,2169,256
1163,2.1437674206507147,0.0543781003501971,2020,256
1164,11.25034577636609,0.0905981852923565,2101,256
1165,0.006484092009419084,0.469459676492972,1975,256
1166,1.2705735453646583,0.1861116746437636,2058,256
1167,0.0024930776113355245,0.4774408242681633,1970,256
1168,0.00037932449835783954,0.2937469072342534,1967,256
1169,0.04045085800820281,0.0877959647591311,2134,256
1170,0.00029088276983805844,0.0576624121551019,2164,256
1171,0.16411132351009447,0.3884840477035962,2015,256
1172,3.7346304094182687,0.9498239044456788,1953,256
1173,1.2071054730982815,0.2465320702018345,2080,256
1174,3.091289414366213e-06,0.363560818672459,2139,256
1175,7.858952521290114e-05,0.1149295899013672,2111,256
1176,0.02808544697215961,0.4585418920647076,2048,256
1177,0.3709088520637787,0.4234938328158786,1940,256
1178,0.03564873286196678,0.1818910677580733,2082,256
1179,0.0636155555779439,0.7995386885723221,2160,256
1180,0.000630719910070584,0.8231261835769138,1952,256
1181,0.9308934394708896,0.3546985240590982,2002,256
1182,7.85330259271034,0.5732018390234113,2097,256
1183,0.18527065920367303,0.6414385839465117,2022,256
1184,0.3414706318283668,0.8764408395939903,2099,256
1185,0.21142701291126506,0.7700789239673745,2048,256
1186,3.576966446104257e-05,0.4622118837947234,1950,256
1187,0.0003158931542051575,0.618890059943066,1941,256
1188,4.142597981360551e-06,0.0496591453988123,1953,256
1189,0.35599563570995785,0.3454483325551017,2168,256
1190,0.11205890554721251,0.8981897760047008,2057,256
1191,0.011525292418146024,0.8080622104064276,2100,256
1192,1.8152158164761008,0.7751394715506938,1929,256
1193,0.04965730919919265,0.1831743046918702,1963,256
1194,8.492787764136157,0.0184651109952694,1949,256
1195,0.08933009578125935,0.3332751508746047,1951,256
1196,0.003735789569203682,0.070223036233381,2019,256
1197,0.01408296285765101,0.3156441216199671,2166,256
1198,1.453880581348665,0.0353892362266754,2087,256
1199,1.167773254009297,0.3473649235314284,2015,256
1200,0.8605393983439861,0.7026271709586767,2144,256
1201,0.03705521644376833,0.2271315993162965,2070,256
1202,0.03220565524477166,0.3260856638885858,1973,256
1203,4.913073965452128,0.0588924599360421,2153,256
1204,0.0010302665242689641,0.7559468372401297,2176,256
1205,5.086686746381447,0.2305069620529578,2013,256
1206,0.02789505730946642,0.6094038485141144,1939,256
1207,5.247874532418651,0.8356903441532406,1956,256
1208,5.941508614570801,0.1784140759161725,2007,256
1209,0.5083690016067157,0.1527704303027951,2009,256
1210,0.016299049697198056,0.074117934377033,2030,256
1211,0.14838107454012658,0.143738822069926,2003,256
1212,0.012832431534001681,0.9768291913249448,2143,256
1213,2.4838034857727798,0.1075366529315156,1956,256
1214,5.190933342340875,0.9065001573249508,1994,256
1215,0.005332521888323413,0.1513477654406454,2134,256
1216,0.06342078784645461,0.7661034734387822,2152,256
1217,0.011626298435656686,0.7211719122822583,1948,256
1218,4.046651378013281,0.8878333729422005,1992,256
1219,0.1649265082686423,0.3999707287272542,2146,256
1220,0.0004020253282053446,0.2586617647845788,1991,256
1221,0.11577243352857981,0.9693004988507384,1952,256
1222,0.6902448817837021,0.3571339202088301,1997,256
1223,3.964359589332445e-05,0.3733902361257871,1947,256
1224,0.007468912015159843,0.6461289705058479,2157,256
1225,0.01509610479302158,0.8288800795516428,2153,256
1226,0.3974231918214618,0.5242863592340545,2153,256
1227,2.794509926208966,0.4998870325211708,1945,256
1228,0.08390641471262647,0.8203072974922827,1997,256
1229,1.3149938856273293,0.0194390178807279,2017,256
1230,0.019939427211334272,0.8496583711817048,2105,256
1231,0.9969536234932378,0.202304096389304,2053,256
1232,1.7549674267453061,0.1661385711384965,1993,256
1233,0.6422733209467403,0.1214706409739982,2111,256
1234,0.3161315976789662,0.2643315072082318,2176,256
1235,0.040937070172506015,0.2550357087501271,2091,256
1236,0.14622425335210465,0.0150835732594576,2163,256
1237,4.826601662765449,0.3254953901201267,2083,256
1238,1.0437228562892435e-07,0.2716799989519141,2088,256
1239,0.8426175756884958,0.7755400582622067,2049,256
1240,1.6941504931097536e-05,0.4725674402919849,1997,256
1241,1.3514508795590927,0.4795154313275256,2113,256
1242,9.729426462805174e-11,0.6782486493919235,2046,256
1243,0.006568379886909065,0.9941594176507944,1962,256
1244,0.13981338156821319,0.7658065160377009,2073,256
1245,0.026080164281302963,0.3618392144050573,2148,256
1246,0.015480997396697782,0.0171215858283707,2096,256
1247,0.018938184200212135,0.3903390976545248,2132,256
1248,0.15194465866833123,0.9066399674170618,2158,256
1249,0.3889341546142874,0.0039618923431423,2113,256
1250,0.07889240962754106,0.2309433416016022,1969,256
1251,0.022643220111570415,0.5803953325757305,2163,256
1252,0.43997982199457314,0.7884997046960954,2165,256
1253,0.054104533978401086,0.2360521100546454,2058,256
1254,5.7058891394438636,0.7024209399125424,2087,256
1255,0.04594899073725214,0.9620952042106776,1977,256
1256,0.2697896165518067,0.2605662055150045,2099,256
1257,3.34857102097795,0.6627959899618194,2062,256
1258,0.9623838501335084,0.3108792386180022,2084,256
1259,0.33112591053806106,0.6920698038279205,1939,256
1260,1.7421331481360554,0.8217220583925474,2103,256
1261,0.03578711909003309,0.152783867113422,1922,256
1262,1.4569657663252806,0.0791598487485822,2112,256
1263,0.2023441669629825,0.3412976617597408,2020,256
1264,0.47866976806559425,0.0446980354270275,2091,256
1265,0.19173686030852793,0.801303283939972,2101,256
1266,0.05006165024681161,0.4970237165245382,1923,256
1267,0.0010583567740540135,0.4979786104736307,2032,256
1268,6.154049239600522e-07,0.7358986605871551,2090,256
1269,0.000603533215341229,0.8070245889718224,1974,256
1270,0.07357407193556302,0.5476500460187483,2084,256
1271,0.0005695343588566041,0.979947195863445,2093,256
1272,0.11500288674628695,0.7282845616556421,1968,256
1273,1.581619399558065,0.0856184527237365,2067,256
1274,0.5378954225674712,0.327963839623013,2021,256
1275,0.027882479157724217,0.1323481585347725,2138,256
1276,1.4895233186163503,0.2006660568531597,1959,256
1277,0.5710772106912675,0.6625276524999779,2061,256
1278,0.6269065795721175,0.7192010903234181,1961,256
1279,0.020304457257288605,0.7249516410024979,1946,256
1280,2.3798075623908557,0.3726530653020012,2079,256
1281,0.5491355186910816,0.1079401715749315,2007,256
1282,0.30078935005702706,0.078301889508789,2166,256
1283,1.9425995464030237,0.1809423943958528,2024,256
1284,2.7210134003362976,0.226553133004854,2061,256
1285,0.8700991920186709,0.7668209366780973,2167,256
1286,0.030314941996004985,0.1850496875979613,1942,256
1287,0.06057783621886237,0.4825165976637947,1998,256
1288,0.0035790219810071145,0.8584698424993329,1953,256
1289,0.09001183763760222,0.8730037057402181,1958,256
1290,2.534651264202943,0.4380640286743701,2076,256
1291,0.01137104945723542,0.1722760858028144,2076,256
1292,2.185274221550886,0.6368676037386641,2130,256
1293,0.9495952494385179,0.0830368663645295,1988,256
1294,0.7692279354383554,0.3090145883298575,1958,256
1295,0.10597278478890987,0.8393690104303485,2043,256
1296,0.10780019609867057,0.3133211964885087,2052,256
1297,3.1438299458843075,0.2047759475073046,2011,256
1298,0.4802188103393345,0.1876514709790715,2081,256
1299,0.36928396196381674,0.1827713878811268,2133,256
1300,0.027796456683636655,0.1729011628592393,2007,256
1301,0.8907196712866317,0.3657772463251767,1946,256
1302,0.37007593323081783,0.3442357035052179,2111,256
1303,5.684290362083489,0.3437773500785424,1941,256
1304,0.003454971695697314,0.8598400727297012,2116,256
1305,0.1390192924331392,0.783792553955124,2045,256
1306,1.705001289055007,0.5366419962967109,2110,256
1307,5.995770101099536,0.2506592546400722,2144,256
1308,0.02055409920694722,0.8991805358675335,2136,256
1309,0.07591299988179058,0.3306682715136866,1943,256
1310,0.25081417194433403,0.6821940890582338,2110,256
1311,7.731273724971153e-09,0.5676381196085133,2034,256
1312,4.401459874566293,0.599226365618242,1996,256
1313,0.7543960279538918,0.3746230532592814,1931,256
1314,0.0029965475154373,0.5294986658358588,2141,256
1315,0.0537949899808465,0.3373919507672711,1930,256
1316,1.681544612865216,0.6833279502468986,1992,256
1317,1.9686984983343576,0.5488136477257922,1979,256
1318,1.7077076257944515e-07,0.0779559031507648,2155,256
1319,1.0007674030620812,0.2267627673058728,1982,256
1320,0.5628128979091256,0.7895512200404089,2000,256
1321,0.019728582080375645,0.8554834227008487,2094,256
1322,4.6685469450349794e-05,0.6126712508612466,1932,256
1323,0.4005010660281891,0.5653208262984083,2092,256
1324,0.23034746536059858,0.3420813843455739,2034,256
1325,0.00020288366681970736,0.99108767306002,2038,256
1326,0.023992445064679527,0.9673864084902484,2005,256
1327,0.02135635444420752,0.2847510316246721,2097,256
1328,0.2311866562869406,0.4432199739717555,2007,256
1329,0.08793625040398248,0.3793904723708762,1920,256
1330,0.05605266732458097,0.7196041654386179,2146,256
1331,0.002532736852250677,0.1936203710882209,1947,256
1332,0.2191010981475054,0.7836878538319755,2070,256
1333,0.8831504904071884,0.2246842937909514,2169,256
1334,0.005274679809554852,0.508992049203021,1949,256
1335,0.17557165816840287,0.7444702649750814,1980,256
1336,0.05902701724852301,0.3849116451310753,2084,256
1337,5.747141351097454,0.2611244788323275,2167,256
1338,0.008572212460690952,0.6245590272796434,1976,256
1339,0.9789770396029384,0.6618428612483839,1979,256
1340,0.003497291522613363,0.7055874676373266,2108,256
1341,0.02750715865835729,0.8934233352159625,2136,256
1342,0.19528796616523564,0.8759969964176133,2159,256
1343,4.09450735810098,0.80221556498238,2049,256
1344,3.959487709419453,0.8639334867174507,1987,256
1345,1.3438747303936143,0.2261161849113359,2013,256
1346,2.116084406525635,0.205746681901682,1979,256
1347,0.6052788461612117,0.9335528679102356,1974,256
1348,0.027202656982640936,0.8933596093842061,2031,256
1349,0.4911386135288555,0.3391727576749109,2053,256
1350,1.2288641506063702e-08,0.988797427112546,2098,256
1351,0.012837051652851879,0.164903924708815,2130,256
1352,0.07490011614426341,0.0057348512367665,1934,256
1353,1.6519661958373493,0.4369125016787653,2034,256
1354,0.5418304712573673,0.2779882606927112,2047,256
1355,0.02799405933864066,0.3854556691179933,2143,256
1356,0.020037956014172367,0.656938821800434,2175,256
1357,0.896096638388516,0.0253929808555708,2104,256
1358,0.14919143855682762,0.9783340564865288,2011,256
1359,0.0018276774059725058,0.1378252127913227,2044,256
1360,0.0005727606974339113,0.7685519558306161,1946,256
1361,4.5070360020363385,0.8715059945372581,2074,256
1362,4.049419745759663,0.4952953198551015,2087,256
1363,0.27282264019748664,0.007333605731997,1920,256
1364,0.05771378351533782,0.8378022056100338,1987,256
1365,1.178898596874418e-06,0.7479155238075972,2123,256
1366,1.0041882646399913,0.6707863266519185,2091,256
1367,3.438496963151016e-06,0.8472472521366826,2109,256
1368,1.0238320285409828e-05,0.8666817783203422,1987,256
1369,0.038006144646283095,0.6110065848995222,1999,256
1370,0.13029807095150076,0.9523775631401314,1952,256
1371,0.9070685891249433,0.2301400819969459,2007,256
1372,0.26756912325006343,0.7736916648468527,2020,256
1373,0.05216109331753092,0.7397185437873801,1924,256
1374,1.8957605586714974,0.5267596080978869,1945,256
1375,1.7670428120510564,0.1360086111349211,2172,256
1376,1.9339352526538915,0.7507908086568442,2068,256
1377,0.12167070930298268,0.2988877496756686,2108,256
1378,0.09075043534948106,0.270129582716511,1988,256
1379,0.012392606991939765,0.5104857968318917,2099,256
1380,0.003958300961163453,0.7725771108782874,2026,256
1381,0.1256929055287829,0.5828073385558796,2157,256
1382,0.18613899167403933,0.0693316549093345,1961,256
1383,0.004037204148757486,0.1884940733316549,1989,256
1384,1.676045081826493,0.2443382126062148,1927,256
1385,0.002329361239057149,0.4114437636935999,1968,256
1386,0.2649727174728418,0.9122256637620136,1968,256
1387,0.5915050150621148,0.6270688423865175,2115,256
1388,0.018629080378312558,0.6372896303015552,2127,256
1389,4.237501212923729,0.6836547364777394,1976,256
1390,1.9542264451088942,0.64673439610358,1997,256
1391,0.06309726789282107,0.5956777719146551,1930,256
1392,1.5417156243581742,0.8345169144673399,1926,256
1393,0.003533883947300829,0.666198901491371,2018,256
1394,1.0964079411762975,0.395798193678996,1985,256
1395,0.006792235806122049,0.1695796207071912,1944,256
1396,3.0760574252323387e-06,0.075048634010845,1965,256
1397,0.0001015386102545315,0.2404649558594841,1943,256
1398,2.234860562205798,0.0315808112403873,2054,256
1399,0.6099504089358863,0.757454115581635,2116,256
1400,0.015185003883628869,0.4935710366964969,1958,256
1401,0.06475011422232761,0.7772155828500036,2157,256
1402,0.00690462967001041,0.9858099718218982,2107,256
1403,1.7897854930510613,0.4636670619835406,2099,256
1404,2.145109135716662,0.1950796435572737,1965,256
1405,0.008355583820128989,0.7356562007932164,2074,256
1406,0.8241996716145641,0.9107793740041354,1939,256
1407,5.004589786518631e-05,0.6252574469164056,2163,256
1408,0.04136675020834493,0.1927424423153274,2019,256
1409,0.1269539354947198,0.4954866594043728,2080,256
1410,0.08261842255505845,0.2433206063882572,2091,256
1411,0.019154080282440363,0.9875932260019687,2030,256
1412,0.000985633867372474,0.6614644393360518,2001,256
1413,1.045161450362703,0.5610847410092558,2172,256
1414,0.20364277479153034,0.319895246006347,2072,256
1415,0.9310668122006673,0.0088268108163943,2166,256
1416,1.9572769363329559,0.5069640095685018,2129,256
1417,0.27486847388269997,0.5570945281344494,1994,256
1418,0.09749859849706799,0.2188394191663825,2037,256
1419,0.02929871523635304,0.9197971863494966,1975,256
1420,0.08647824382465508,0.5568835100081648,2074,256
1421,1.0734360612874296,0.6010592831372584,2001,256
1422,0.7583507177584476,0.2160810945720783,2155,256
1423,0.0020949743647747216,0.5235823026142273,2142,256
1424,0.014949100858875703,0.2797551644926962,2066,256
1425,0.0037621518889943855,0.914585100699105,1942,256
1426,3.160657159839371,0.4676278187064161,2117,256
1427,0.6335788758547817,0.9423030859794834,2078,256
1428,1.0235914328840518e-05,0.9867209387230867,2068,256
1429,2.3326429615204316,0.5127861992050794,2049,256
1430,0.009475793243968309,0.6938558430739157,2172,256
1431,0.35010621811703635,0.5409569664786236,1937,256
1432,0.005583216126152315,0.7814670611098128,1953,256
1433,0.026157331717348232,0.5770824755178093,2017,256
1434,1.976034186659631,0.0027784633783932,2063,256
1435,0.1776455794846234,0.7166072381939658,2147,256
1436,0.4303907271662093,0.4346380392101714,2174,256
1437,8.378530101953199e-05,0.5051102117415756,1963,256
1438,0.0005366938348559993,0.7440279968828132,1964,256
1439,0.3986896801227191,0.4758973882814863,1970,256
1440,0.0007290923948843503,0.791465713204599,2047,256
1441,0.0019335584492917112,0.6491904659153249,1940,256
1442,4.995870585085097,0.4527879517789357,2003,256
1443,3.027504730555656,0.0443796417389276,1949,256
1444,8.872371466769454,0.2404181733447237,2069,256
1445,10.284059061658056,0.3648006356382547,2022,256
1446,0.14332546556507386,0.0238832047489411,1933,256
1447,0.23571531383828595,0.2175470359049437,2162,256
1448,0.39055899081031076,0.6550146351790506,2123,256
1449,0.1496776245677624,0.837916195037475,1963,256
1450,0.049377830874972016,0.2993427907937374,2155,256
1451,6.630181318423237,0.5676227651295165,1998,256
1452,0.00023299763056260133,0.3735706029728224,2145,256
1453,0.6447569542707334,0.5370298068264266,2111,256
1454,0.37731466798113905,0.6549051730227855,2088,256
1455,0.06650371624985432,0.5311129680896687,2082,256
1456,1.248020525152436,0.1979855385711687,2045,256
1457,0.61075918401228,0.2928588059419466,2104,256
1458,0.029354938565958125,0.5514761029636721,2085,256
1459,1.8602761242782997,0.6879771833635793,1999,256
1460,0.15920500583515426,0.3519419997215579,2113,256
1461,0.4974678528943533,0.2046471194458569,2058,256
1462,0.0030372987969377184,0.654834731318341,2136,256
1463,0.13377778463328496,0.3117308911423297,1933,256
1464,0.0018400490525498916,0.0441817088389248,2099,256
1465,0.23387492474697102,0.2515201919288655,2164,256
1466,0.680546041874519,0.1785921842742366,1988,256
1467,0.0336757771614532,0.1434059941918106,1936,256
1468,0.25725568909890034,0.9287056356763488,2073,256
1469,0.017286810384539397,0.1312948949304879,2091,256
1470,0.12466302933094942,0.6034518984639992,2031,256
1471,0.9184331763725223,0.2427360739641011,1991,256
1472,0.1600652624364434,0.2912260373631586,2000,256
1473,0.6797063316628317,0.1317997388286302,2084,256
1474,0.20597672308369577,0.6264709803172877,2101,256
1475,9.113783080485388e-06,0.8360065022692645,1935,256
1476,0.8833494595493138,0.108598341130021,2017,256
1477,0.008502957087618977,0.6966676912304112,2120,256
1478,0.4432921806095971,0.117506446913962,1920,256
1479,0.8196995353005028,0.1668326228099788,2041,256
1480,0.0009827539174699824,0.5197466171178016,2108,256
1481,2.503298499830286,0.6178788291557517,2168,256
1482,2.9997034087157055,0.6467244077093208,1941,256
1483,2.8897677386410923,0.5979065669918693,1950,256
1484,3.0335521914289794e-06,0.9974373424804636,2105,256
1485,0.11400781821044616,0.6762849217242344,2117,256
1486,0.484030579461753,0.9772642263070463,2011,256
1487,0.7346649978854811,0.5311564695357595,2144,256
1488,0.019021796202479162,0.4080522450245437,2058,256
1489,0.7389613463094542,0.1311162410403711,2045,256
1490,2.0331323103874985,0.4102069574853261,2128,256
1491,1.1433707065992225,0.6893318501661586,1933,256
1492,0.03924505632580927,0.2618596369330003,1926,256
1493,1.6710814416654183,0.4467648926502737,2172,256
1494,0.25905899523751214,0.6304980913740778,2044,256
1495,0.8810273152493554,0.8162298769036549,1999,256
1496,1.3217820362359871,0.1833415756476465,2009,256
1497,1.7746776049898696e-05,0.5873697687627424,1991,256
1498,3.187048588734956,0.9095845636956396,2029,256
1499,0.010738426908482791,0.7933811787235178,2075,256
1500,0.39601117280440723,0.9128998732295972,2036,256
1501,0.12660051544758577,0.5960582482780316,2122,256
1502,0.11813460133030715,0.4795664165811837,1981,256
1503,0.026926538414096396,0.5050539610550141,1980,256
1504,0.11539525339279315,0.8230983845980767,2090,256
1505,0.34537216731401826,0.7445275497089926,2153,256
1506,0.2117101814818792,0.5964050112210914,1961,256
1507,0.003923922739952363,0.290904141189244,2135,256
1508,4.6170389785970025,0.818306923257956,1958,256
1509,4.188802484748816,0.3215760658456799,2157,256
1510,0.00020735613156505717,0.727021820663023,2055,256
1511,1.291132159925375,0.2496158096984206,2077,256
1512,0.9385805406332375,0.6758996861347738,1963,256
1513,1.9979329242055872,0.1768030329650216,2142,256
1514,9.10048496291881e-05,0.5825481352690743,2170,256
1515,0.0069247943061202565,0.9136572813533416,2135,256
1516,0.00018938432377417104,0.5082979936973898,2021,256
1517,0.15571517256745515,0.0520006520223362,2022,256
1518,0.01743340872123786,0.703879862828665,1976,256
1519,0.09500938684513606,0.1269331482656696,2008,256
1520,2.642655187730828,0.0872244206116268,2099,256
1521,0.05066889732829846,0.732134127127717,1951,256
1522,3.4369317633242056,0.0893247727860432,2115,256
1523,0.005013598831743745,0.2549067660929205,1945,256
1524,0.003828019702326771,0.8726603855739524,2015,256
1525,6.303047630636444e-08,0.1370873324874475,2060,256
1526,0.18518077356003715,0.5306444855695479,2123,256
1527,0.0031574279879564245,0.9009569323355396,2099,256
1528,0.07159755784921645,0.6179195671329464,2044,256
1529,0.7236335804140359,0.2530001626876915,2168,256
1530,0.8163604257265515,0.0605047798615263,2088,256
1531,0.0023679823586071737,0.0374716933643236,1989,256
1532,11.724138982919833,0.2701838770437264,2107,256
1533,0.15711164140591963,0.7844518632864174,1950,256
1534,1.7578294902371292,0.5755907284715135,2065,256
1535,2.08687954087327,0.6552962287162348,2169,256
1536,0.01737866262597519,0.6367605080516765,1962,256
1537,0.8367468462471849,0.2946348537591385,2020,256
1538,0.9296706957589431,0.6930470481919307,1932,256
1539,0.8826299028468126,0.8712327231327476,2115,256
1540,0.3580948121209354,0.9232985656995406,2018,256
1541,0.6833905357317513,0.0273400885525147,2050,256
1542,0.028010138111801305,0.3916871243056383,2047,256
1543,0.004197291275112965,0.3869605848696806,2100,256
1544,2.64544344951646e-06,0.4634926252271915,2171,256
1545,2.753289643679625e-06,0.6743297803796252,1938,256
1546,0.22704447845433434,0.1792764709671923,2127,256
1547,3.0914914814106793,0.8578084327602788,2090,256
1548,0.07086449365286664,0.2806655844034117,2115,256
1549,6.834801713330243,0.1708979887711427,1938,256
1550,0.035960621806723936,0.4723459919137875,2132,256
1551,0.5421520546067661,0.5111297147522902,1935,256
1552,4.233096145041334,0.0519014835569922,2137,256
1553,0.13064387707060252,0.8230913027300623,1941,256
1554,0.008603977968995731,0.2297492242920441,2152,256
1555,0.0006110785563511976,0.7706896550102171,2173,256
1556,0.012990399049011326,0.092548193323222,2172,256
1557,0.011033026896229842,0.3128811311465228,2126,256
1558,0.2909061621067338,0.5204714929952964,2081,256
1559,0.018175526857464347,0.5342088134447434,2046,256
1560,1.2993959702797573,0.0434558911603625,1963,256
1561,4.201575353026921,0.7754236352097018,1980,256
1562,0.02130188185593518,0.5350802019625104,1931,256
1563,0.0695898443504381,0.4841987197132409,1937,256
1564,0.5747244236805659,0.465571408783567,2112,256
1565,0.7760600391816277,0.7159840304562298,2046,256
1566,2.5314383607209066,0.1015786546821901,1979,256
1567,4.300224940691782,0.439180884294904,2176,256
1568,9.310966252300737e-05,0.1772048442660757,2096,256
1569,10.838703680502714,0.0581770474172921,1978,256
1570,1.1086745159451832,0.0319472524620114,1937,256
1571,0.13748884229859143,0.350664275103735,1939,256
1572,0.0010509891946038122,0.2910059312615011,1935,256
1573,0.6295443317427831,0.392597391617106,2048,256
1574,0.7369105197772157,0.3003693627918131,1962,256
1575,0.08059958493806776,0.3079278256845411,2059,256
1576,1.856537999485364,0.1625212429292732,1997,256
1577,0.003929678690964625,0.666736347294789,2116,256
1578,0.0006810546863587552,0.9910383006427504,1966,256
1579,4.529818119752342,0.5543924032227684,2071,256
1580,0.0028337733074340456,0.967621224143917,2091,256
1581,0.018292585508386833,0.5786808295233321,2043,256
1582,0.16588001621187357,0.7284802436291478,2017,256
1583,0.11346660761190364,0.0085400696227693,2038,256
1584,0.001138292058715251,0.2314964888383461,2076,256
1585,0.930254937356953,0.8959528492201103,2037,256
1586,0.41171817280514267,0.4344203068242764,2012,256
1587,0.5616240379353054,0.9337844232527048,2011,256
1588,7.112717064335137e-06,0.1412395616998616,2083,256
1589,0.021842359222379183,0.6633439752125887,1929,256
1590,3.0822319062911316,0.1445618827453073,2169,256
1591,0.032917369674525035,0.2615703077302098,2086,256
1592,0.0033159261318431023,0.8249510082660262,1938,256
1593,1.476205099912033,0.8259413780418619,2103,256
1594,5.093152937843742,0.1617354057643137,2041,256
1595,0.18457305328405635,0.94404278746697,2108,256
1596,0.005465444767845863,0.3718214300839478,2012,256
1597,3.0943646869547505,0.1801727813401069,2052,256
1598,1.4410948068373584,0.3650586458698612,2061,256
1599,0.5877759467589811,0.1234646817415379,2105,256
1600,0.04632433057152187,0.5276942822743609,2064,256
1601,1.5032133015075881,0.320421685674476,1957,256
1602,3.3411959448603774,0.8276250765271574,2149,256
1603,0.000983940742210743,0.4861588491491241,2030,256
1604,1.0745976948299265,0.9679178218070832,2116,256
1605,4.404128725340687e-06,0.4795907378707975,2112,256
1606,1.6871641499013776,0.6399727182588942,1991,256
1607,0.27137544403076935,0.3530339167162769,2043,256
1608,0.9674322438829791,0.6408373586252545,2125,256
1609,0.28354758128141777,0.4121967867591842,1934,256
1610,0.1419234373474354,0.847970877393267,1940,256
1611,0.6393619744048658,0.8128152477191546,2040,256
1612,0.027411872684842558,0.6303786123363495,1985,256
1613,0.0643555467904731,0.1706214092101848,2063,256
1614,1.6344752998552512,0.1496750541186091,2135,256
1615,0.034594144781612754,0.0913571669194517,2045,256
1616,0.004796962129740777,0.7750205005686414,2161,256
1617,0.013969970942194675,0.9663713024138444,2142,256
1618,1.0496454361416436,0.0255868603148449,2126,256
1619,0.001049336690714334,0.4685335819788117,2071,256
1620,3.0187145989564326,0.2201764674853216,1988,256
1621,2.925633164992369,0.3730805730126858,2055,256
1622,7.074825536853093,0.1966430667124289,2015,256
1623,0.20106483850201176,0.2144494929316629,2038,256
1624,2.9581625954705477,0.6110813726742061,2161,256
1625,1.7696862278398808,0.6618946497695558,2109,256
1626,0.8590193145001251,0.957920460795798,2054,256
1627,1.9264424932084887,0.0141474063901179,2097,256
1628,0.003416464230390617,0.5102544015693061,1959,256
1629,1.9665019512911102,0.1925340351238732,1969,256
1630,0.29755289034155474,0.7047815633979471,1987,256
1631,0.15094757041819723,0.0291813397598449,2018,256
1632,0.39311283122587193,0.5160027855949764,2012,256
1633,1.9783867610128965,0.6454933290321504,2070,256
1634,6.472521952851664,0.1432009606149838,1936,256
1635,0.5192964646541761,0.7310834443726044,2141,256
1636,5.446368802438402e-08,0.2247735366555909,1969,256
1637,0.07549114670555203,0.795907071183767,2021,256
1638,0.07033821467838751,0.9080002312907964,1943,256
1639,0.6587638109780136,0.941762195498528,2101,256
1640,0.00033096423474755245,0.5906148350531459,1984,256
1641,0.006034480629635304,0.4820009216576703,1991,256
1642,0.1156816750993078,0.0567959002059664,2041,256
1643,0.5674809189661573,0.9629426041959068,2141,256
1644,2.659772633464401,0.620355033134605,2069,256
1645,0.6468747758643293,0.7165313959576741,1988,256
1646,0.06570293270003595,0.3529316275278717,1941,256
1647,6.160644480719776,0.4499400153363617,1991,256
1648,4.3980529943253104e-06,0.573357352344922,2141,256
1649,0.039192512462108114,0.1550734304525736,2098,256
1650,0.06567949357334364,0.2183035158867619,2067,256
1651,1.1463656871661778,0.3922885523423943,2091,256
1652,0.789685265484157,0.9871747696236312,1939,256
1653,0.010380750670693805,0.1409039274068373,1971,256
1654,7.693642332200452e-06,0.6435510829337785,2031,256
1655,7.618458137566451,0.6425854770026079,1948,256
1656,0.001054311775699697,0.4130259494520166,2041,256
1657,0.001012381497757135,0.6618176349621292,1994,256
1658,0.5717502288596831,0.6624650920850936,2025,256
1659,0.007930760461667071,0.3999656874067692,2117,256
1660,0.18713517035213917,0.4164770032284063,2137,256
1661,6.221750475787572e-11,0.8178277689623747,2155,256
1662,8.831031443383085e-06,0.9448254159539666,2101,256
1663,0.008027143860172226,0.1102404717777114,2092,256
1664,0.3913479403560341,0.3159436315983613,1944,256
1665,0.10695182479765408,0.7630066502068776,2078,256
1666,0.0002058577797823111,0.293831000323332,2015,256
1667,0.9588105526460261,0.9224434845898912,2075,256
1668,0.22304638240751365,0.4852547943433706,2120,256
1669,9.739143419672308e-06,0.0536783795276686,2171,256
1670,2.178289292722137,0.8621377500631995,2011,256
1671,0.00015272414180711043,0.6388441393574067,2090,256
1672,1.9808094540372594,0.7594205276869537,2108,256
1673,20.319779914108064,0.7439364816786304,2047,256
1674,0.010450649591555285,0.0640115982443088,1990,256
1675,1.5537772627853905e-06,0.9721241894139044,1961,256
1676,1.0414222051881963,0.1684828160530689,1947,256
1677,0.4099193519872908,0.4755064271788191,2101,256
1678,1.081202444020976,0.8483410643489766,2050,256
1679,0.010312159705484837,0.2829946513732567,2063,256
1680,0.00568207899525142,0.7914748885164588,2160,256
1681,6.989091718450025e-05,0.0391653074796535,2135,256
1682,6.579174969596116e-06,0.9128495521202502,2157,256
1683,2.940485564604917,0.6980028189208038,2124,256
1684,2.0324855848002485,0.9440433527847688,2161,256
1685,0.410293152848063,0.0220307991616612,2034,256
1686,0.8095032061119931,0.5677246683927288,2160,256
1687,1.310990662345378e-06,0.353723409808192,2012,256
1688,6.308825473941413,0.9810550837417926,1922,256
1689,0.6314836898044142,0.5659130939102416,2027,256
1690,0.512394586060837,0.7753600361844952,2099,256
1691,0.0026221019677625124,0.5649900993579803,2063,256
1692,0.18581712104928005,0.5246994249628536,2061,256
1693,0.3223085507146646,0.3779871355698676,1963,256
1694,0.01803464940226607,0.110336225318167,1933,256
1695,2.1801453959481885,0.5996106067272532,2088,256
1696,0.01582565245324139,0.9062749336747192,2031,256
1697,0.026336578312446703,0.9912510880318968,1960,256
1698,1.5899731195451277,0.4692622122729779,2027,256
1699,0.0065448808722001,0.5266550327876086,1955,256
1700,0.00013706985411828098,0.9334864090770753,1955,256
1701,0.0050321110077296005,0.2324616542243489,1937,256
1702,1.6269427883973213,0.8887343220358648,2111,256
1703,0.03730485534649692,0.1132662032285272,2102,256
1704,0.10872150589021021,0.3054908116172211,2036,256
1705,5.2611170458811564e-05,0.4397373849002726,2002,256
1706,1.9321505725355586,0.7601364843354061,2035,256
1707,0.0018539509814171921,0.5183565134987741,2132,256
1708,2.6175551958496754,0.6675003503219598,2088,256
1709,0.36345661939978324,0.1460128300858001,1961,256
1710,0.004732833805711485,0.5047670943327107,2062,256
1711,6.221415129669784,0.8649747311031861,1976,256
1712,0.012905024830250895,0.2647368828448343,2045,256
1713,1.098484492150389,0.2214325651735174,2176,256
1714,3.4202318519578425e-05,0.6460556086726112,2019,256
1715,1.152007145076399,0.6712958436885456,2121,256
1716,0.33808989477062096,0.5858737401678198,1924,256
1717,1.1101871676839665,0.6645079514494795,1921,256
1718,1.437821639838323e-06,0.6497453450465126,2074,256
1719,6.143641647091979e-10,0.201999829658988,2015,256
1720,0.02552419880207613,0.6306307640201847,2072,256
1721,0.3058911936522648,0.9973924136380048,2034,256
1722,4.900074374738533,0.7485395408724131,2155,256
1723,0.10471844037473432,0.1786218631981406,1980,256
1724,4.737496494420316e-05,0.1813901106012507,2011,256
1725,0.007223176524443789,0.2320834001560735,2056,256
1726,1.2933127419146924,0.8083764904757075,2102,256
1727,0.669234370659489,0.7813572323072538,2029,256
1728,2.1236949993337135,0.1363643074532364,2173,256
1729,0.03483041703930799,0.1726059836471124,1985,256
1730,5.76023444200989,0.9236944233701926,1928,256
1731,0.25934910962712776,0.9757180630570452,2088,256
1732,3.4693841614134575,0.7564344602935467,2044,256
1733,0.3802313866005389,0.5272744825354825,2133,256
1734,0.005336479694842581,0.8388105785258292,1995,256
1735,0.0008194494328697135,0.8489791814599894,2064,256
1736,0.14391229414654502,0.2040430845899974,1939,256
1737,0.7037998766523322,0.6031680042134426,1942,256
1738,0.8947736627440187,0.5543093279522147,1938,256
1739,0.3197633251666145,0.1253480029557769,2003,256
1740,0.8018922543041763,0.9078388780156968,2132,256
1741,0.041549296390237786,0.5455165970300938,2111,256
1742,0.38103133386458604,0.5760870411076646,2164,256
1743,2.504691555175447e-05,0.7716403023895706,2157,256
1744,0.0001917778625773321,0.6295204437451493,2146,256
1745,0.8807430383320958,0.6298894367220359,2006,256
1746,0.002200712954234363,0.8570977587350136,2012,256
1747,0.8854515567088165,0.6704671883422464,2040,256
1748,0.0011141245012809902,0.5599678976491836,1974,256
1749,0.0006213604666246876,0.7186120456961753,2056,256
1750,0.006880901954447439,0.5397390279629958,2017,256
1751,7.179560746297458,0.8702350155589867,2088,256
1752,0.01217405372453501,0.9410137599997191,1992,256
1753,0.0034447546411773625,0.7211550835507897,2039,256
1754,0.4381237533323199,0.16670926724454,2119,256
1755,0.0001757729668829885,0.1146886586917987,2063,256
1756,0.037758761249509436,0.4451474348528794,2121,256
1757,1.4106498224568818,0.1307473242355881,1981,256
1758,0.017292261664594005,0.3324781052982077,2047,256
1759,0.0024543242272426465,0.0519260867513643,1963,256
1760,0.00022614528058728984,0.9839994160509952,2023,256
1761,1.3415566054178685,0.8459236647502756,2144,256
1762,0.04741484090599579,0.7063777361694245,1970,256
1763,0.0001062287811456699,0.5758614717655065,2020,256
1764,0.08952243633128279,0.7098393166864698,2109,256
1765,0.6459070228079461,0.3409013659642694,1964,256
1766,0.026505047391543853,0.2743229081899319,1996,256
1767,0.03102619343163191,0.9429699888469028,1934,256
1768,0.14709959443468787,0.6944712487809879,1998,256
1769,0.2914270302236878,0.2697901462995364,2162,256
1770,0.007109176084724965,0.8254304389676018,2010,256
1771,4.773266961003906,0.7500087469347609,2005,256
1772,0.001698752554430116,0.7986184662917712,2033,256
1773,0.07987339590771492,0.6871290485061978,2108,256
1774,0.8451602521300621,0.4981836496860811,2112,256
1775,0.895517177027861,0.0579172678542655,1992,256
1776,0.020629995865588852,0.0283366971048352,2037,256
1777,0.6158260934899127,0.0739111633579112,1971,256
1778,0.23012392466749335,0.3818822726173494,2101,256
1779,0.8989005892340648,0.6998616268814988,2047,256
1780,0.05536282334666893,0.5162552440877701,2041,256
1781,0.22106769456791353,0.249672430386919,2079,256
1782,0.000480251043028588,0.6185440527035039,2151,256
1783,0.002038011627926023,0.5461920093667597,2157,256
1784,0.07102715899776645,0.6993578501908444,2128,256
1785,0.002732648505419064,0.5730373800282882,2162,256
1786,5.593270082942503e-05,0.6120598726038053,2046,256
1787,1.0401360863421393e-06,0.6044123810981819,2027,256
1788,0.05431011618324185,0.8621070625877191,1964,256
1789,6.743664587580127e-09,0.7715865249715601,1973,256
1790,0.38479327000465513,0.2554431715643568,1990,256
1791,0.9584864632025152,0.8663737585510797,1988,256
1792,0.5664433883849189,0.8512509076627605,2143,256
1793,8.061125941948343e-07,0.4598397262026685,2102,256
1794,1.3926663346351413,0.7386929905481755,2121,256
1795,3.588898745948149,0.2234152897973541,2045,256
1796,1.2394961903413741,0.9668633774695136,2117,256
1797,0.28146680936780877,0.5758324434141441,2168,256
1798,0.08825593610799437,0.7490259751143642,2111,256
1799,0.9302191859220917,0.2255906047909062,2027,256
1800,0.2931024712495073,0.0854227749329231,2175,256
1801,0.167292266418985,0.6325470563203058,2057,256
1802,0.010749063533668774,0.4239171312541899,2026,256
1803,2.863927333192635,0.2611353367486531,2111,256
1804,2.063330562297209,0.540568424342761,1921,256
1805,0.3333717920962137,0.7130944348897558,2098,256
1806,1.662073595351902e-05,0.9343595781634676,1991,256
1807,0.27477272187942064,0.5430084206175406,1969,256
1808,1.4512579329251658,0.6728703128621493,2013,256
1809,0.005463017411495403,0.0952941251631469,1994,256
1810,0.06823159228363299,0.3758325898023968,2111,256
1811,0.2865672353206993,0.9107162106475452,2066,256
1812,3.546419502745137,0.7069796393953313,2069,256
1813,9.577716237572831,0.4583784191679977,2110,256
1814,0.0008224756803853194,0.5921194450440344,1981,256
1815,0.8960076509088002,0.7573103384827804,1989,256
1816,0.0422372127923087,0.2119599595948244,2124,256
1817,0.16647205354287672,0.7251856791973171,2057,256
1818,0.005830578853309079,0.5161251139604898,1952,256
1819,2.052504197724031,0.6437295366280554,2025,256
1820,0.03185618636547597,0.7024999551822763,2164,256
1821,0.0025554921478729963,0.7638134601102049,2137,256
1822,0.40626529457978616,0.4295792447125284,1991,256
1823,8.016719849916164,0.3750970074324542,1945,256
1824,0.0006321025794731777,0.2181079457480963,2120,256
1825,0.7129552311028523,0.3690233998843375,2123,256
1826,0.015885982029053784,0.1128975460991748,1954,256
1827,2.8916085160431453,0.1232554489943237,1938,256
1828,1.9975986506528416,0.8110834621827069,1972,256
1829,0.040276796876099454,0.046981821052618,1955,256
1830,12.294489636033113,0.6894339684450342,2157,256
1831,0.014175502366614186,0.5555937169890024,1962,256
1832,1.6886637353351608,0.4120719391124634,1928,256
1833,7.596433856864308,0.9555999819384324,2163,256
1834,0.45819051156969687,0.4430888215821467,2061,256
1835,0.23966034009677992,0.6759684396757502,2086,256
1836,0.14730437930182702,0.9594469634437742,2164,256
1837,0.025330709213689764,0.6096549998863282,1999,256
1838,0.8680955840832417,0.4150173703428891,2020,256
1839,0.020151973621626452,0.8222875169025553,2042,256
1840,0.2493254917395773,0.5934244697639678,1933,256
1841,3.677080662257545,0.4198633761397172,1926,256
1842,0.021594491588155146,0.3039557924352268,2014,256
1843,1.460412270176226,0.8795398894086396,2157,256
1844,0.10070242365693134,0.6590152872575689,2095,256
1845,0.00036118076125646965,0.031211433883461,1925,256
1846,0.48083595611700725,0.1006519614081107,1978,256
1847,4.349058711242058,0.673276691785677,2032,256
1848,0.2250346531794759,0.0246781047542385,1981,256
1849,0.0001892180345531684,0.3989938478698701,2094,256
1850,0.6270961279663398,0.60249018572412,2095,256
1851,0.902231836559405,0.2003959557779527,1973,256
1852,1.1502980091487136,0.4928828109465534,2013,256
1853,1.5781444171896724e-08,0.7501114434303034,2029,256
1854,5.197702500787875,0.2800191632537646,2030,256
1855,0.028407983971144295,0.6740542552279521,2157,256
1856,0.0008548015450108082,0.191756936833813,2065,256
1857,0.18641507145522387,0.1752000424946048,2022,256
1858,0.04004166811660685,0.3959291584742208,2153,256
1859,0.011150381262648258,0.3459268496139415,2139,256
1860,3.318777527672168,0.684195735549479,2101,256
1861,1.3462748100000154e-05,0.9579403706854328,2140,256
1862,0.7973913055404398,0.5407684676623491,1999,256
1863,0.03375209563848072,0.930869621918623,1920,256
1864,1.6131562047973091,0.0174092247780496,2105,256
1865,0.0005468665339379296,0.8563464704169704,2148,256
1866,0.0003451722611708042,0.7326480228510681,2064,256
1867,6.492689388064064,0.1597385961666333,2015,256
1868,0.34510951334160994,0.4873325562776267,1941,256
1869,0.13261545335376965,0.7938820934519503,1967,256
1870,0.940289777152585,0.262164098562636,2015,256
1871,0.001861680037016043,0.3195546747108996,2042,256
1872,0.5572143313402229,0.7898226418762198,1952,256
1873,0.0790434964080501,0.6876419314268095,1939,256
1874,4.5589923713436065,0.1764543616056332,1999,256
1875,0.001156724997766447,0.3656881913167723,2124,256
1876,4.97783547997199,0.0450656735002557,1948,256
1877,0.05183552754365981,0.1564500964161349,1968,256
1878,0.001584676863353988,0.4431320702784113,2117,256
1879,0.5929900874434159,0.9344771928959436,2074,256
1880,0.21900173555428956,0.7580889472319655,2065,256
1881,0.0007531751293122001,0.7629040705066599,2166,256
1882,7.720405268041036e-07,0.5611246765155602,1980,256
1883,2.0278737601401486,0.6362254019879097,2086,256
1884,1.1626036223199962e-06,0.1136140232665924,1937,256
1885,1.265182943006659,0.4580955546505579,1996,256
1886,0.5679442134796588,0.0145207293574175,1925,256
1887,0.027069727945691756,0.1794475017099016,1925,256
1888,0.02649704148174145,0.3105087478474659,2148,256
1889,0.004938383978513498,0.5428759601782336,2077,256
1890,0.0005098858879101133,0.3624527986117672,2174,256
1891,1.3927719194169412,0.6993395027726854,2079,256
1892,2.7539692250358496,0.7833728328199495,2009,256
1893,0.22504111680462313,0.6804669238373546,2155,256
1894,0.03127821680773715,0.7767364477962043,2083,256
1895,0.3920233314361886,0.7402117401382456,1971,256
1896,0.0011233872225170087,0.4587140381818794,2080,256
1897,0.19968798098759058,0.9862357135997534,2000,256
1898,9.501577390518695e-06,0.0717859240307687,2164,256
1899,0.14481024485363658,0.0854777247131087,2154,256
1900,0.38707894073482846,0.9712107885819296,2108,256
1901,0.07177240752473982,0.7127879062767185,1950,256
1902,4.517911748384742,0.785042326991385,2166,256
1903,0.3118764724894349,0.0624266786123577,2066,256
1904,1.1661762404687275,0.0509918351745775,1981,256
1905,0.1119266082807456,0.1161188775194054,2060,256
1906,0.40109638224988353,0.9478855945377346,2138,256
1907,0.005554601408841263,0.0904182460906762,2100,256
1908,7.597241922126698e-07,0.174198713063665,1978,256
1909,0.09754757731683643,0.6884669687527913,1968,256
1910,0.012846272589436368,0.0307283244514271,2045,256
1911,3.03023106588003,0.5588831904008319,1929,256
1912,7.055853744675041,0.9088025600782212,2074,256
1913,1.328300257887935,0.0260391845274977,2066,256
1914,0.809780218939604,0.5163242213434475,2092,256
1915,0.20097873069523856,0.99543462251873,2064,256
1916,0.7702740123613279,0.8964585874407086,2164,256
1917,0.5655588407055985,0.4498596675685412,2145,256
1918,1.1234456798283032,0.5048353446688147,2144,256
1919,1.1160682594627191,0.0951203385711287,2167,256
1920,0.03827380301545606,0.8303448904991325,2065,256
1921,5.648789511161576e-07,0.90552830394417,1929,256
1922,0.32684925105838125,0.7000382790235713,2030,256
1923,0.00026987384565495937,0.2810144778389487,2057,256
1924,0.0017332330678511251,0.7509531596632689,1983,256
1925,0.026410732644714174,0.012569083103807,2138,256
1926,5.3504887732818025,0.2564621659199009,2057,256
1927,0.8328369299315236,0.6561622940568224,2100,256
1928,1.2017966726681866,0.912602197547034,2037,256
1929,0.0004453121785606118,0.2011297594210114,2129,256
1930,0.2897226097456155,0.5254339499123734,2162,256
1931,0.019022138014117656,0.1169811785353903,1964,256
1932,0.41497329079980627,0.0283539690171713,2083,256
1933,0.0010841446175197114,0.4176004517085139,2054,256
1934,0.7293255437743794,0.4094161363045205,2070,256
1935,0.05145094137896764,0.2442554300757581,2099,256
1936,2.855100447828701,0.5994065184300136,1925,256
1937,2.5866267413517225,0.6555285311025657,2097,256
1938,3.410959726982633e-05,0.5309971729677005,2114,256
1939,0.452727012961879,0.2891145590779376,2142,256
1940,4.934237752881141,0.9472789443424788,2017,256
1941,0.009367704697901729,0.5356320638988891,1940,256
1942,0.007178241052022897,0.8802665147322706,2120,256
1943,0.019738320146571047,0.9507320330912914,2167,256
1944,0.0022088275450079745,0.5250228521607645,2014,256
1945,0.2829623587795094,0.4524045954004627,1973,256
1946,0.40329085837995676,0.6216133727830897,2154,256
1947,0.03473117767745066,0.4497623667391194,1960,256
1948,3.968169237000652,0.0732814906497497,2174,256
1949,0.006594604423927113,0.4772854529173878,1923,256
1950,0.5115041561997683,0.3677809291057575,2138,256
1951,0.7184879585985522,0.7994385156014803,1982,256
1952,0.382193591588293,0.7369427577663379,1972,256
1953,0.47359055862514665,0.2784087225764291,1961,256
1954,0.8166280447086047,0.9170925962539824,2132,256
1955,0.2426046429772792,0.5509802616499556,2025,256
1956,4.5620494417526585,0.8919934085495806,2122,256
1957,0.03645921615016543,0.3403787674302923,1992,256
1958,2.4397815012126443,0.6603326990823978,2018,256
1959,2.2354734465141435e-05,0.8213294157323635,2115,256
1960,1.0026208244854656e-06,0.1481545962363643,1942,256
1961,3.477162823924222,0.2146164471939255,2014,256
1962,0.7237774984356493,0.7630702823591795,1921,256
1963,0.5701715089160365,0.1608666038407759,1946,256
1964,0.5304769612312109,0.5863663437487076,1986,256
1965,0.02570758426830406,0.8958785263451314,2104,256
1966,0.22205483937126344,0.845924637841716,2143,256
1967,3.3619318752940197,0.9613312170439992,1959,256
1968,0.00824319312393059,0.6313428473538995,1988,256
1969,0.9830367216398747,0.2109736734892563,2029,256
1970,0.006242495282571105,0.8058577997405689,2037,256
1971,0.01419887786981955,0.985108617867092,1939,256
1972,0.28505911628303643,0.1896369673602396,1976,256
1973,0.12360879841754618,0.6050194404625884,2081,256
1974,0.3819588591259207,0.1351963370350857,1942,256
1975,0.1285837049568326,0.2572821788455361,2010,256
1976,1.9907926949049206,0.0656223745935249,2053,256
1977,0.009194798751935492,0.1054895976927841,2018,256
1978,0.15407268166697927,0.9733123329685442,2055,256
1979,0.04862669509747911,0.6417828295248258,2088,256
1980,0.4478931254949758,0.6269928390042452,1948,256
1981,0.061418646478792936,0.000936407559462,1948,256
1982,0.22568430047037905,0.4855657197333247,1970,256
1983,4.319356021585022e-05,0.6485910854581147,2016,256
1984,2.6669770514336987e-05,0.2050180780371308,2096,256
1985,3.650380818250513,0.412462674731714,1983,256
1986,0.7187585239210058,0.4595836274623822,2134,256
1987,8.755290993769379e-05,0.261435748363358,2146,256
1988,0.0988351975014319,0.8643242664608026,2139,256
1989,0.0003599311051531771,0.3877996633826287,2068,256
1990,0.00018278888976698527,0.7494394935505788,1974,256
1991,0.18576235468515515,0.6347868932530355,2174,256
1992,0.032794792663745624,0.6013056089335176,1994,256
1993,0.42644634638429396,0.4370986862445305,1982,256
1994,1.3989844667633144,0.8771246068662178,2106,256
1995,1.0476283727982574e-07,0.3344425723685098,1996,256
1996,1.0027933502508213,0.7861819060256948,2034,256
1997,0.22988515398475762,0.0772614679613412,2031,256
1998,1.9225164373368286,0.9084970719629883,2061,256
1999,3.0218668003517495,0.4341912944468247,2039,256
2000,0.02394449433871587,0.1635914724100744,2165,256
2001,0.0007719861731974697,0.3497944869352327,2050,256
2002,0.3386795782314411,0.5371406437873041,2123,256
2003,0.11375381494847585,0.622559030247474,2157,256
2004,0.017073703149493382,0.349892571501561,2170,256
2005,0.05812022267187788,0.3537550298922562,1947,256
2006,0.05519511765390971,0.4989666670538802,2102,256
2007,0.015207017984689573,0.8744159694661333,2094,256
2008,2.5068852595397475e-05,0.4640173385132917,1983,256
2009,1.1498740141989177,0.3965563320057456,1963,256
2010,0.024006486954085287,0.6850665840812966,2071,256
2011,0.0008359745836203426,0.1649731590378876,1954,256
2012,1.9460428624478872,0.2294938113301441,1942,256
2013,0.0005185372060608284,0.6278008167048711,2168,256
2014,0.0001504139573794286,0.9099639331327688,2097,256
2015,0.02349358172302853,0.8712954252143555,2002,256
2016,0.23902032889381064,0.8983661065319855,2084,256
2017,6.6877837434249665,0.1551127726890215,2153,256
2018,0.0007357792655117408,0.298052038295908,2002,256
2019,0.23202625434795252,0.5595617919247375,2052,256
2020,0.06858963448494701,0.2105787990672153,1982,256
2021,0.004075249711314926,0.7813819293514396,1950,256
2022,0.8984198583815868,0.0982152393859635,2140,256
2023,0.00035251826624452644,0.3269772849180959,1959,256
2024,0.4263631093998756,0.7722788589447825,1999,256
2025,0.18813895044989207,0.23787903390544,2094,256
2026,1.1058403724134958,0.2043663435342665,2013,256
2027,2.9986497157080727,0.1989296627082143,2001,256
2028,0.698195021092473,0.424403718022363,2114,256
2029,9.848176062434091e-06,0.5788740313953996,2086,256
2030,1.7536940844352051,0.763538587452981,1978,256
2031,0.0003752797774623814,0.7129570587912396,1921,256
2032,0.016493533799747065,0.9459916009513464,2052,256
2033,1.5072070356756877,0.5326544714246777,2054,256
2034,0.02673458410472689,0.445045846000392,2000,256
2035,0.2813839118327377,0.3086880775894621,2041,256
2036,0.29318875485830165,0.8789257580990416,1936,256
2037,0.40942461567585164,0.8916081087918412,1997,256
2038,0.028913224157433793,0.1574822254287904,2068,256
2039,0.47983218724937665,0.8833618975755055,1925,256
2040,0.10870686197495302,0.8392831580525036,2076,256
2041,3.859185788505132e-07,0.1934207164801475,1989,256
2042,0.03148967978038596,0.2809626078537901,2122,256
2043,6.934130252003765e-06,0.1716696760343027,2013,256
2044,3.047605447914287,0.6914663535748533,1929,256
2045,0.0005097286900752705,0.0405772667107643,1935,256
2046,0.09293025401385219,0.5647034164003798,1980,256
2047,0.0005416503724641614,0.6123887464124129,1988,256
2048,0.19382644980586358,0.0920216935132194,2108,256
2049,8.855116231871932e-05,0.87366335063948,2157,256
2050,0.034897288878508806,0.6157700584195352,2145,256
2051,0.00022597042063587973,0.6198457003768165,1998,256
2052,1.7196045168298935,0.3056607704803372,2010,256
2053,0.2104519545761112,0.4309696572226485,1947,256
2054,0.08215725086364252,0.1687557499324521,2076,256
2055,0.043755691451195615,0.7817271531988895,2093,256
2056,0.5279437321392649,0.820498388316787,2018,256
2057,0.11060014079064213,0.9048288940568608,1992,256
2058,0.10608448482646092,0.9994117721428668,2089,256
2059,1.044311006293389,0.4643077638043649,2016,256
2060,7.484949004706579,0.4258349589634093,2170,256
2061,0.004366489086415483,0.8565451072182041,2124,256
2062,0.9017124780358226,0.9313712523185298,2094,256
2063,9.2524790835731,0.0655907272164517,2129,256
2064,3.6064972632430477e-06,0.3813713644515133,1979,256
2065,1.1222133027693433,0.9886318486733896,1985,256
2066,1.0511251082968096,0.7633733874561378,1925,256
2067,0.2834330589493931,0.7965454050776741,2067,256
2068,0.02183647313535224,0.8174395106383125,2086,256
2069,0.04836260982729096,0.4724153388680475,2079,256
2070,0.30792127980325945,0.8716083244951786,2149,256
2071,0.7295278246042775,0.2400489576264735,2065,256
2072,1.6990596938549123,0.8337086060826149,2046,256
2073,0.18472524632956402,0.069941991759403,1991,256
2074,0.3654544609384186,0.7813801792378368,2057,256
2075,0.1349362720357311,0.1134913737019885,1984,256
2076,4.365475004898086,0.172926074316578,1975,256
2077,2.0647799493698726,0.3348294361711139,1925,256
2078,0.9471099132984055,0.7926899721709405,2062,256
2079,0.43408329907012194,0.5078925610033896,1987,256
2080,0.0422084954886197,0.1118114261396685,2159,256
2081,0.040142787647636936,0.8230371848795526,2113,256
2082,0.37879561079573354,0.3796669207751402,2117,256
2083,0.00018776273800523714,0.3404301500076101,2101,256
2084,4.696247499239369e-06,0.2423271987082627,1922,256
2085,1.5604321360239908,0.6569129117358773,1996,256
2086,0.023058346488979423,0.2217368943212578,2039,256
2087,0.43951032909060755,0.7134895858200799,2169,256
2088,0.9445272924015105,0.3975998971431758,1939,256
2089,0.5304579022581254,0.2938189623982267,2065,256
2090,0.673983712015393,0.6575125760682328,2067,256
2091,3.111229788670358,0.5170202597579595,2038,256
2092,0.06960276721879963,0.5321332540887187,1941,256
2093,0.46956856132380925,0.0264500438652683,2126,256
2094,0.028046743285258594,0.7405592578407161,2045,256
2095,0.41027522043031955,0.8200234493258444,2018,256
2096,0.4532891642183366,0.3773248473650054,2121,256
2097,2.9586748401851662e-08,0.2856346794625467,2112,256
2098,0.28839050661657245,0.5482313709224913,2131,256
2099,0.0016273569602870996,0.3088051480815708,1940,256
2100,1.3805481858559883e-05,0.90261261002123,1954,256
2101,0.001115275695182319,0.2426971818324188,2049,256
2102,0.0003566315769145533,0.1692764683735577,1975,256
2103,4.437218951575943,0.6404302485059823,2162,256
2104,2.2000954268985433,0.6865943837603509,1949,256
2105,0.20286914441111295,0.5424769002514407,2137,256
2106,6.35399723049127e-05,0.8576584159592915,2139,256
2107,0.40051812043656454,0.5961773422294615,1991,256
2108,0.20642844486006648,0.8690944614146513,2054,256
2109,0.5901393488866841,0.0730821687810484,2158,256
2110,0.003518172049400506,0.8406430945146031,2171,256
2111,0.08690818881657458,0.8406975632683685,1935,256
2112,0.978498112779292,0.6315035153177828,1935,256
2113,0.033997847903865765,0.391215774500781,2028,256
2114,0.022565413154411115,0.1457554802035541,1944,256
2115,0.3695325669583502,0.6303615765195304,1952,256
2116,0.6103813227833762,0.0090950862379086,2009,256
2117,4.0962043017863765,0.9053829960596226,2154,256
2118,1.4086624914660328,0.3174571432103943,2067,256
2119,0.30760554196095874,0.9085796050568496,2015,256
2120,0.6018983613873243,0.993310107538084,1979,256
2121,0.24066767515746892,0.6676307998564676,2049,256
2122,6.549336431928877e-05,0.5294007388836077,2172,256
2123,0.08542297629942623,0.8763634869888598,2166,256
2124,2.5631307756537067,0.1337657470447942,1998,256
2125,0.0033372923572615966,0.5561426812833579,1935,256
2126,0.017720768564738264,0.2592923948131751,2048,256
2127,0.006056508629382806,0.4179742722736949,1928,256
2128,8.531309748364186e-05,0.9188197431399758,1974,256
2129,0.006994562462903438,0.1963938853769098,2006,256
2130,11.05345253804762,0.673840930797857,2133,256
2131,0.24768054402454767,0.2747310687341535,2119,256
2132,0.2809476536794262,0.8253382476110607,2176,256
2133,0.03375204678707359,0.5302414196520894,2155,256
2134,0.00913762792398195,0.1639475250700042,2073,256
2135,0.4222596582967135,0.8217798474408802,2153,256
2136,0.313441263943455,0.99002250787323,2039,256
2137,0.12890512539363452,0.4274088019003084,2097,256
2138,0.39624519905822814,0.3918160006838387,2130,256
2139,0.49146555159567445,0.7022236212980892,2064,256
2140,0.19432752985704438,0.3393851319447253,2124,256
2141,0.8207454420057751,0.3160047217534623,2108,256
2142,0.5524980376535764,0.4786531249237433,1988,256
2143,0.0807208174265049,0.6248353203773773,2166,256
2144,0.5365619138121639,0.4307675769287317,2137,256
2145,0.00023146979498130907,0.6364647043398093,2051,256
2146,0.002628852166516659,0.1542863722649312,2017,256
2147,0.09517363689941985,0.1006073664555281,1956,256
2148,0.0048019204844398184,0.3769553668495741,2147,256
2149,8.101966932986342,0.956106251804339,2066,256
2150,0.00019183208380786144,0.5523774807834158,1979,256
2151,0.3315463903443268,0.926033567463066,1982,256
2152,0.001366792395318892,0.4865973756010343,2105,256
2153,0.012643056257382034,0.1589160030022,2100,256
2154,0.016936606192463257,0.9868136121798968,2007,256
2155,0.5392597857832649,0.8624987963649441,2007,256
2156,0.01417008947716011,0.8792198267329658,2005,256
2157,0.06272431692517845,0.3615348873323604,2139,256
2158,10.676643737693695,0.1190341112897905,1999,256
2159,0.222283246245915,0.8431776392842772,2148,256
2160,0.000453190435409792,0.0149381206961293,2021,256
2161,1.7074004504762241,0.8560980259365918,2004,256
2162,0.0003752091851825847,0.6777810994568553,1991,256
2163,0.031757423610846804,0.6082428259856063,2002,256
2164,0.031544942415556734,0.6793063467144256,2161,256
2165,0.00027286310189018995,0.012914220090294,2118,256
2166,0.8664816530965508,0.8711253355109849,2112,256
2167,0.0008544576506379304,0.9068991061242756,1984,256
2168,0.9453302606277736,0.6960820720161127,1932,256
2169,0.8486907558314242,0.427488351507285,1943,256
2170,0.05327955959686069,0.9605458905498792,1985,256
2171,2.574336507093226,0.5662685097693854,2029,256
2172,3.6518180941741436,0.9507224539209624,1966,256
2173,0.09315604144414608,0.7041022181150665,2037,256
2174,0.012740627685184306,0.2499497830631251,2080,256
2175,2.3965822711635645,0.8627125190522826,2053,256
2176,1.201457172943234,0.8153231999384521,2153,256
2177,0.022324158983710506,0.0223283073313107,2060,256
2178,0.007352238465971707,0.5348812689747504,1957,256
2179,0.08719837872569626,0.5174988030923097,2135,256
2180,1.7183443653431902,0.3463699351851295,1982,256
2181,0.001810145648440905,0.7074053833243461,2113,256
2182,0.1416865596371173,0.8145954288342535,2122,256
2183,0.7876664355646434,0.0258200042520149,1939,256
2184,0.14193064665382818,0.2627177292361413,2146,256
2185,0.2657401941575357,0.8341524807596787,1982,256
2186,0.051286218777427416,0.5968901011638234,2092,256
2187,0.04674171992350136,0.7384291383827402,2094,256
2188,4.885270140875788,0.2719573040244032,2147,256
2189,3.7567547918135213e-11,0.485086337694208,1933,256
2190,0.0032038163648283728,0.7942275038091892,2068,256
2191,0.007936808015619466,0.9974061779856132,2009,256
2192,1.1600993085307463,0.9822689948376822,2118,256
2193,0.003996029372893515,0.7152296636445267,2167,256
2194,0.002234754967558842,0.6150144661666701,2002,256
2195,1.791663619137733,0.9636279328801224,2075,256
2196,0.02211569683734231,0.7042843378238585,2171,256
2197,0.4551794364823898,0.4407248824687726,1967,256
2198,3.313128807377648e-06,0.1989561699195057,2055,256
2199,7.992409131657361e-05,0.6453912918288802,1968,256
2200,0.5073492746028501,0.4201192986569988,1926,256
2201,7.22945373439373e-06,0.2188991084405835,2089,256
2202,4.137422557256577,0.5126333019908951,2025,256
2203,0.41871562636510223,0.8172823817948367,2016,256
2204,0.11776922933450484,0.8774638081073662,1959,256
2205,0.039764690257788574,0.9824159470725378,1928,256
2206,0.2245726053725199,0.2289850085734842,2027,256
2207,0.10991286538829195,0.9057153308303358,1984,256
2208,0.7459645641107678,0.0919638017338819,2166,256
2209,4.433370173660259,0.0237757974968776,2133,256
2210,0.016203269837690815,0.923688365891852,2025,256
2211,1.3674481045391151,0.886964349568212,1996,256
2212,1.0975163336966152,0.3721402086601928,2164,256
2213,0.6954678692502909,0.6387709490491299,2079,256
2214,0.3430994594302529,0.728672449031487,2074,256
2215,0.14997042057266377,0.5568430570775224,2029,256
2216,4.893370811196402,0.1764961042487118,2122,256
2217,0.5843293131403916,0.613987819829336,1969,256
2218,0.03830267235163834,0.4681597845961784,2117,256
2219,0.1348311108816987,0.5901847815088602,2175,256
2220,0.00026255749352465936,0.6620747264662435,2056,256
2221,0.0762986689869937,0.6736177180557842,2054,256
2222,8.389422576083445e-06,0.8355055823254337,2032,256
2223,0.3638273345984235,0.9510665429260582,1980,256
2224,0.0009233148281690929,0.2802604310058763,1927,256
2225,0.10078097396542514,0.5200921697957177,2156,256
2226,0.05002395153851068,0.8644623325216602,2170,256
2227,0.6821719250011622,0.7659910645037913,2148,256
2228,0.23129128558954642,0.4272663109136568,2067,256
2229,0.17472179802265803,0.0832143541023235,2023,256
2230,2.9059419298701555e-05,0.0585809271146661,1969,256
2231,0.0009752847469554817,0.7033847590629031,2123,256
2232,0.0024036352179433867,0.1655750111677647,1929,256
2233,0.0007976357858782764,0.4022571273388028,1957,256
2234,1.8825051615139166,0.215447999006657,1921,256
2235,0.7314035192291602,0.558393715400335,2146,256
2236,2.509149363341531e-05,0.3316717687832178,1982,256
2237,0.28226253341221985,0.6634516491707834,1992,256
2238,0.8916210881430479,0.339624502645995,2160,256
2239,0.7487693932567094,0.368460749555602,2098,256
2240,0.03459126607966938,0.980155851180824,2078,256
2241,1.7216341253412271e-07,0.8440635357415874,2072,256
2242,0.00016291994899116715,0.3493027616825611,1943,256
2243,0.04223269891612066,0.2042796877015545,1983,256
2244,0.2956511863200529,0.6810237698812271,1971,256
2245,0.040501645104797986,0.5184962097924855,1954,256
2246,0.00016037179310365946,0.961708425618924,2054,256
2247,0.0005742688139149623,0.7897769187338112,1936,256
2248,9.131438848750793,0.0511794157264456,2010,256
2249,0.00028726811073214527,0.3290399112445931,2027,256
2250,0.5214730587804014,0.4705509939590895,2142,256
2251,0.00298227233857964,0.9477179118491412,1977,256
2252,0.2718671574088478,0.2677261478730578,1966,256
2253,0.014013432835699257,0.5659830096535771,2166,256
2254,1.0125984423658975e-07,0.2029597228912187,1941,256
2255,0.004168448371411362,0.7406118554290022,1933,256
2256,0.001108179599426294,0.2485233196580861,2098,256
2257,2.57759754200855,0.141758098040531,2152,256
2258,0.008767546532879264,0.1459341727498651,2043,256
2259,2.305403055955678,0.4189415212772701,2097,256
2260,0.8657582165557587,0.182629910001302,2163,256
2261,0.45156583675015294,0.7145152188419385,1921,256
2262,0.04879701996787734,0.1714901866193547,1993,256
2263,0.5519241720836837,0.9970521894257962,2087,256
2264,0.9874415154659927,0.7315039712818044,1992,256
2265,3.210350691748206,0.1962780260715577,1981,256
2266,0.1303736509252867,0.829601896194063,1970,256
2267,0.038492010250682544,0.7878373455951265,2164,256
2268,0.6440720210582817,0.9948753596151522,1953,256
2269,0.034406663223419814,0.4909860580769952,2083,256
2270,0.09759955905226964,0.1771379586619563,1946,256
2271,1.8061914481934591,0.4715084776753772,1926,256
2272,0.0647219805728423,0.4256820744682382,2050,256
2273,0.06837420974215343,0.5708825949680745,2035,256
2274,0.9163853468079056,0.7258368517214404,1935,256
2275,0.710751391392513,0.4372862847025071,1998,256
2276,0.014166403467272647,0.8625268847984612,2003,256
2277,2.973278296174248e-05,0.7153217084279121,2124,256
2278,4.277530904417283,0.0615113233326204,2091,256
2279,2.010450269169681,0.5060954929383026,1927,256
2280,0.18514419146375408,0.3029130762010288,2114,256
2281,0.9997790825603123,0.004142772049746,1973,256
2282,0.08147668737529541,0.6798906454209096,2066,256
2283,0.0028932166630275887,0.0714131544418165,1921,256
2284,3.933521495858472,0.5122246891019521,2014,256
2285,0.03370039686899369,0.0323054193709044,2100,256
2286,0.05217059526977772,0.4369131280506043,2142,256
2287,4.267184643132838,0.9319696254519708,2077,256
2288,5.631287934782786,0.063250762029792,2167,256
2289,0.00038881023692575317,0.6939244319727865,2140,256
2290,3.5393323467566444e-05,0.8716825536476384,2149,256
2291,3.8497431198524223,0.1815666429214532,2061,256
2292,0.0018507015034697994,0.9133786206905112,1979,256
2293,0.0018178454668092375,0.0010476620210132,2137,256
2294,2.3465674645186154,0.7737422132000027,1938,256
2295,0.0008991674014850607,0.2541864060875923,1951,256
2296,0.003762718019987815,0.4192205256204254,1956,256
2297,0.238729489000991,0.5065752315569956,2106,256
2298,0.0005220725305345274,0.0570952655978479,2006,256
2299,0.3988002534251523,0.9546637729582014,1936,256
2300,0.7503985800425811,0.0218606029979169,2066,256
2301,0.02322611939178886,0.4797681800653531,2097,256
2302,0.0013147539717094812,0.4823498269850362,1948,256
2303,0.9163849933667692,0.9721612384846104,1974,256
2304,0.016500486304075922,0.797754590349815,2061,256
2305,10.721144760855752,0.1238054455460222,2135,256
2306,0.32896466987383405,0.8243709291633339,2064,256
2307,0.6875047321099622,0.5074658827219282,2174,256
2308,0.3496318424010492,0.9449259541412712,1993,256
2309,1.311594623603981,0.508136982662538,2101,256
2310,1.8542946527625908,0.1753345142040659,2119,256
2311,0.009415089976002973,0.9841674289210508,2054,256
2312,0.20441997597700862,0.5522272947649453,2148,256
2313,0.9222486172790503,0.7080192817424708,2054,256
2314,0.03622441871177693,0.3282827305266088,1962,256
2315,0.8859706521278017,0.2518795720336394,1937,256
2316,0.002067320029637877,0.5579730725648463,1945,256
2317,2.4949050173091072e-05,0.6718566969230151,2025,256
2318,11.587524556800746,0.3991081213247974,2107,256
2319,0.04801076465426197,0.1188447163005093,2146,256
2320,1.0606091385133845,0.7994270335564464,2045,256
2321,0.011210106865742982,0.7106380563523224,2075,256
2322,1.2746687066594942,0.3209406426831809,2007,256
2323,0.42770159745308695,0.8451093380437481,2123,256
2324,0.025832658814909686,0.484444948870301,2167,256
2325,1.53522606893173e-06,0.1098053480265796,2093,256
2326,0.0031548999780111786,0.8593013225454534,2026,256
2327,1.356385761064346e-07,0.3815785429265899,2016,256
2328,0.00938612924849334,0.790422840758524,2098,256
2329,0.014300277311967013,0.8061239833370013,1971,256
2330,1.3692926614354042,0.2214957955017524,2092,256
2331,2.7492509669217076,0.4845222250865232,1978,256
2332,2.509457293542962,0.7850085440256853,2052,256
2333,0.016524407687996005,0.9351297467582614,2035,256
2334,0.13894596680261562,0.5051338438145235,1966,256
2335,0.16864995388169626,0.8955555962125088,1975,256
2336,0.09406511878238893,0.1890832575363169,2156,256
2337,3.385856127900801,0.6550883103541232,1982,256
2338,0.1649719254993935,0.7490942114716732,2145,256
2339,0.12854364623774017,0.3323620002500306,2136,256
2340,0.24532306002786786,0.3426918280217886,2099,256
2341,0.04867724078915328,0.3765629790163844,2047,256
2342,1.6253911886131727,0.6668919577569451,2168,256
2343,1.2498280105252833,0.5376741998532133,1993,256
2344,0.010035244438504407,0.1025574033135265,2043,256
2345,0.04538615743226838,0.233438844153539,1969,256
2346,3.784372136073223,0.3805072884105409,2100,256
2347,4.456683283700112,0.2586124066648294,2152,256
2348,4.334980529835777,0.0749224369817684,2069,256
2349,0.07418605663462945,0.3133627359973293,1993,256
2350,2.6130116932206224,0.2054439644595024,2013,256
2351,0.22956271447556686,0.2308781122274357,2103,256
2352,0.2689909238103343,0.4046319107599254,2086,256
2353,0.0018748091105955486,0.4887896679724269,2020,256
2354,0.44896003860954736,0.0123482351097184,1945,256
2355,0.0921725949879843,0.3352228452809763,2050,256
2356,0.0003562202772628244,0.9493088553853628,1939,256
2357,0.16189069276911552,0.1857701760870994,2027,256
2358,2.3908286265735628,0.7470521589893839,1976,256
2359,0.9060746068916321,0.8807446081814253,2124,256
2360,0.02190649691836085,0.3095832218060144,1936,256
2361,0.5423562852007505,0.5186593132370396,2172,256
2362,0.6882849258992354,0.5105799120410726,2148,256
2363,7.344548115360053,0.072605504016217,2094,256
2364,0.26308643500552736,0.7489641556380123,1931,256
2365,0.1507377783256401,0.9947104730052018,2103,256
2366,9.930485017352279,0.899767441575398,2090,256
2367,3.9184894739201734,0.90833585468486,2050,256
2368,3.0645032539602015,0.2295093185421218,1993,256
2369,0.8027652042032204,0.1955602907974203,1965,256
2370,0.08585842354422106,0.1612818186002578,2172,256
2371,0.006051458634148149,0.1971655072177534,1972,256
2372,0.3447869057063546,0.1622252571246407,2157,256
2373,1.1770942536455475,0.0013090105202141,2102,256
2374,1.1598431088734217e-05,0.4146041433915189,2132,256
2375,0.2932252951418139,0.0899664829545976,2019,256
2376,0.0009633353181069199,0.737788136576969,2127,256
2377,1.0109130830450894,0.719907706569615,1970,256
2378,0.002721825861845832,0.6897150071214956,2101,256
2379,0.6001468318012572,0.743184771599913,1947,256
2380,3.573896696172767,0.3365450129023943,2109,256
2381,0.45533535436748257,0.3083825749267113,1952,256
2382,0.004751117562772197,0.5267010540685486,2079,256
2383,0.002301061138035894,0.5060233709600925,2118,256
2384,0.01707419055840096,0.7405242333134262,2170,256
2385,4.274198194340849,0.6614454958206438,1942,256
2386,3.109028387948716e-06,0.4250089124729764,2162,256
2387,2.158467939739695,0.0691840528022118,1979,256
2388,0.05620039644752559,0.0404884358360464,1924,256
2389,8.128322833459189,0.906642114520609,2072,256
2390,0.15710391964823633,0.7156656595168183,2080,256
2391,2.2178169456627117,0.4312594851004209,2101,256
2392,1.7565065129056459,0.9245270035327084,1924,256
2393,0.0012693721359661916,0.1591810178016262,1946,256
2394,0.7572652528988277,0.6012323817970966,2061,256
2395,0.006665273862372814,0.08569170556074,2031,256
2396,2.039698537830382,0.5729650319379217,2173,256
2397,0.1576881115741037,0.0482919554299825,2095,256
2398,0.16058716200545067,0.8840502893193443,2172,256
2399,0.2090273983689788,0.1281261222127951,2125,256
2400,0.7020570977532046,0.0751456286057918,2085,256
2401,0.2015849727979172,0.2256632924424482,1952,256
2402,0.19002011133313518,0.9551368914629004,1956,256
2403,0.17383587360119784,0.9590749825854386,1944,256
2404,0.46229020101633467,0.5556486678834657,2032,256
2405,0.15595561250593803,0.7071645507919255,2103,256
2406,0.004267160098031641,0.7705493467080269,2010,256
2407,0.030740383722947726,0.4067566880347755,1950,256
2408,0.014232935472664408,0.6174594612954584,2046,256
2409,7.932243149544187,0.4266580328796815,2040,256
2410,0.8030027187612172,0.7118936065174907,2151,256
2411,1.532175655725099e-05,0.8050933398582543,2131,256
2412,0.024144945602252093,0.9407009203418248,2035,256
2413,0.8355202123103654,0.0580004780229003,2083,256
2414,0.12997546233113122,0.5571301563030825,1968,256
2415,1.7815032595314066,0.5733156726278184,2002,256
2416,4.755848270478405,0.0696131782370407,1996,256
2417,2.5404782765667676e-06,0.455336221443177,2150,256
2418,0.007658963825287932,0.4670068252575158,2001,256
2419,0.1631424436178739,0.4790556257067609,1971,256
2420,0.20969881192339182,0.837449872441139,1930,256
2421,0.012097672993567801,0.4582182828289867,2136,256
2422,0.05974925566106919,0.7840840797399452,2148,256
2423,9.44351619786276e-06,0.6541789787327164,2141,256
2424,1.6294192760102495e-10,0.5754685685431276,2090,256
2425,1.6038613169429539,0.4379412348449061,2044,256
2426,0.0014035119493325317,0.4939820238316013,1968,256
2427,0.1065028685307614,0.1505052858241267,1974,256
2428,0.00010800440231186566,0.4596934964214016,1939,256
2429,0.00027478441202972135,0.0521394008264682,2057,256
2430,0.08456549585360357,0.6519132739232987,1945,256
2431,5.262681756270068e-06,0.7841007228595777,2160,256
2432,0.010029271137660077,0.4714981192628508,1990,256
2433,0.8532362278161257,0.5252626194868265,2046,256
2434,0.00012779742097069696,0.7312853395956733,2046,256
2435,2.764591093501195,0.5539165012798052,2012,256
2436,0.12499286218091496,0.571710919833857,2162,256
2437,1.7078035089679489,0.8653295605584193,2095,256
2438,0.0012814336459595764,0.000394452008432,1940,256
2439,0.005071457729704284,0.6172032397296894,2105,256
2440,6.368210996535291,0.6659686611062986,1976,256
2441,0.2911012556742425,0.2542731726083912,2022,256
2442,2.734360082479937,0.9633921071231548,2056,256
2443,2.667414118099683,0.9657548997232156,2050,256
2444,0.00980803339909081,0.9901269701081096,1995,256
2445,0.08852404575651483,0.0038659897049194,2127,256
2446,0.29121725835506695,0.5515038479468993,2144,256
2447,0.2785941752468633,0.2562963558972934,2134,256
2448,4.467167465123989,0.2743963265590534,2055,256
2449,1.5242922685838975,0.6468453906732384,2012,256
2450,1.7578583556810088,0.2484430142743562,2043,256
2451,0.006743085886278213,0.8968370142766583,2032,256
2452,0.12595804691897303,0.7553347711396113,2174,256
2453,0.012349539929121533,0.9977320885404564,2101,256
2454,0.10221041737922346,0.0563318020070473,2032,256
2455,0.7986382200700963,0.6600256425510036,1988,256
2456,7.421173347029338e-05,0.5810020142468426,2154,256
2457,2.428058709326192e-07,0.7814539753207874,2038,256
2458,0.005587156992830392,0.2455443292254432,1931,256
2459,2.5883361562646874,0.2315918212684554,1968,256
2460,0.7291721849802872,0.9228289606033148,1931,256
2461,0.0005448628663091055,0.3378254707915286,2088,256
2462,1.8671968594733777,0.3784787515364675,2123,256
2463,0.006808118641924506,0.9212519708470952,1976,256
2464,0.25236941908699645,0.1262155196980485,2054,256
2465,0.16836582464432506,0.2171418938219395,1920,256
2466,0.9155341836331207,0.0457061803522023,2057,256
2467,0.2811108099029006,0.318652161861526,2169,256
2468,0.6554192667282733,0.3853938306631987,1996,256
2469,0.0568338709504476,0.3170156416239423,2088,256
2470,0.5235758530947712,0.7611868622759264,2172,256
2471,18.78353349744944,0.4867624015685659,2038,256
2472,0.013495995578940564,0.6973313142393047,2039,256
2473,2.21972905728074,0.8284704907971161,1935,256
2474,0.00012245649427801387,0.3548898893006379,2011,256
2475,4.187757965032378,0.5983021278844843,2027,256
2476,0.23268880293306218,0.8275470666105625,2013,256
2477,0.0005042042131857523,0.8176388911681906,1944,256
2478,14.434343834988653,0.6387490496986407,2021,256
2479,0.4507419860958996,0.5012368003990287,2170,256
2480,0.07681533900733466,0.7210564050002235,2152,256
2481,0.05806143044393766,0.443069036177128,2015,256
2482,0.013359083469525617,0.0794570800340591,1976,256
2483,0.5342810078694903,0.0340921058315036,2136,256
2484,0.008245701334154844,0.1647934591040754,2027,256
2485,0.9981768260428349,0.4233015221373658,2002,256
2486,6.423782547068791,0.9538424959186352,1984,256
2487,0.007681170352339878,0.5954341028264476,2006,256
2488,0.0004200141484410167,0.6043608245972327,1933,256
2489,9.371566327297542,0.3044245006653886,1969,256
2490,1.978495161973953,0.9322685036721462,1935,256
2491,0.3423997774147287,0.0283298688676096,1987,256
2492,0.08249763889454688,0.5381291550459646,2022,256
2493,0.258821200696464,0.6219105028531847,1949,256
2494,0.12034117088519107,0.1703529893078029,1963,256
2495,1.0069872779900455,0.8557529806574411,2002,256
2496,0.010144012964578767,0.7193242068135458,1940,256
2497,0.005411239025320929,0.211087886303497,2101,256
2498,0.1277255038144638,0.8120627370660092,2116,256
2499,0.04149606107438692,0.7229927885497678,2172,256
2500,0.0018922339536314617,0.5870891546833654,2095,256
2501,0.009607022607475053,0.0438960400222016,1984,256
2502,4.2617055975256655,0.1057656590778117,2078,256
2503,1.793289262302851,0.0736920305831485,2089,256
2504,0.8362318508802039,0.4901799522473771,2008,256
2505,0.5385763143932152,0.2403486258459254,2094,256
2506,0.2317419961029312,0.3377009625392057,2166,256
2507,2.4244781818675176,0.7007229222057085,2139,256
2508,0.9787934956742855,0.865747166244249,2059,256
2509,0.37128617485742627,0.3621662681719569,2004,256
2510,0.11828887156904429,0.7166316529097769,2045,256
2511,3.9086822197663427,0.8838365351482178,2041,256
2512,9.858761018535137e-05,0.0710428601140051,2024,256
2513,1.6601679919418078,0.598130896830959,1922,256
2514,7.271839580576181,0.3502120049943971,2115,256
2515,1.1175140931821952,0.8768819064425807,2076,256
2516,3.876031579348827,0.5115022545689737,1962,256
2517,0.547883225809592,0.7335613067372743,1959,256
2518,3.074619924165509,0.8587634861845957,1983,256
2519,0.35635663068771967,0.999272008143908,1968,256
2520,0.43452989750662474,0.4392254980786231,2136,256
2521,4.78047893718104e-06,0.4641192320340049,2013,256
2522,1.1268144119634176,0.8754185529340572,2083,256
2523,0.005304485193845624,0.2310637752946287,1944,256
2524,0.8774025219603528,0.1577097255454715,2139,256
2525,0.31565116408029176,0.7196955220620177,1949,256
2526,0.0013316851234985473,0.0485374953299462,2130,256
2527,0.2857724787391112,0.0339879774482183,2148,256
2528,0.012229628380806682,0.4019401097825349,2025,256
2529,0.6369543726998568,0.4904365033275503,1954,256
2530,0.23267991646659814,0.0007259088527232,2048,256
2531,1.5760182493552994,0.1852880574794039,2034,256
2532,7.38617878307827e-05,0.987227933263181,2051,256
2533,0.5537362484593702,0.9512183579489396,1950,256
2534,0.9739731957724722,0.786621195482428,1980,256
2535,0.0005697493969206242,0.0507139242879483,2001,256
2536,0.1485991121018673,0.4205721996937962,1976,256
2537,0.2222783372231383,0.5136593345544522,1923,256
2538,0.11322677473168431,0.7960495828871638,2170,256
2539,1.5599038430052622e-05,0.7800958088241042,2043,256
2540,2.7953711667283865,0.2278495589057083,2162,256
2541,0.01180880051402405,0.6425809126937074,1936,256
2542,7.897333597878373,0.7031482659416164,1942,256
2543,4.707329131383525,0.4190521825843943,2002,256
2544,0.5682423820181314,0.1571011833547535,2050,256
2545,0.11912132747748987,0.9497088211639916,1948,256
2546,0.0014112602963031943,0.6173275654372594,2028,256
2547,0.2915871122370913,0.7819597951040248,1988,256
2548,5.0189466634744555,0.2465743083648741,2034,256
2549,0.010298695816623413,0.9859914948173788,2143,256
2550,1.4128466192032441e-05,0.5254869175438804,2141,256
2551,0.5133308526246974,0.512009453954016,1931,256
2552,0.0200302700362048,0.8608001523377538,2009,256
2553,0.00014414996926278773,0.8053053620621722,2069,256
2554,0.001720532074530823,0.0645898980308501,1992,256
2555,0.2241272450410163,0.7395185071762328,2158,256
2556,0.4679900638445638,0.838877610930309,2059,256
2557,0.0004487795217768162,0.6674385998814764,2112,256
2558,0.655465674444134,0.7057043665893252,2172,256
2559,0.0026074758025957556,0.7358246676179643,1946,256
2560,2.0651994361716874e-06,0.1160635042057547,1970,256
2561,0.06288998165883782,0.5998717015026144,2050,256
2562,0.2901374943632665,0.3795095180465698,1983,256
2563,0.43672572684412236,0.2318963335166577,2117,256
2564,0.13038372042784252,0.1015618782697096,2085,256
2565,0.6788824541170606,0.734916587751061,1959,256
2566,3.852776894140192,0.6824409501737978,1928,256
2567,2.0487197291571873,0.1547963397229471,2086,256
2568,1.8797899558605975,0.5159079368398964,2161,256
2569,0.0016359400257145076,0.8633857990003799,2100,256
2570,0.06314832786152563,0.6936917183037749,2124,256
2571,0.006573389407283668,0.0890511662705365,2009,256
2572,0.019961790176822748,0.9130306602381418,1924,256
2573,1.3658617747195998,0.7076537182215623,1939,256
2574,0.015806659834934938,0.805942390091623,2033,256
2575,0.5579024359278852,0.9534804072500191,2077,256
2576,0.0009798864344752211,0.0170373112586299,2092,256
2577,0.002071774270199784,0.2139985368521817,2115,256
2578,6.0026003673787045,0.3155106074878839,2026,256
2579,0.0872295690862307,0.4882279243112619,2150,256
2580,0.0013258948935504467,0.76753941296933,2163,256
2581,8.266878902403654e-08,0.0856825152514775,1993,256
2582,3.160806908603821,0.5372768655284578,1941,256
2583,1.348524111122572,0.5046452023934435,2016,256
2584,0.022549407899920618,0.1816064437209669,2025,256
2585,2.2012533543545367,0.7881019428839979,2132,256
2586,0.05079829667933274,0.1846095850895092,1968,256
2587,1.0029007088067179,0.611535758359862,2004,256
2588,0.013378314139156619,0.8278944528082316,2031,256
2589,4.541062174596355,0.9377002392287892,2036,256
2590,0.30074268997976294,0.1843723979818892,2069,256
2591,0.015852352956744996,0.0404511298365036,2164,256
2592,0.8753170600668785,0.5014284616408397,2160,256
2593,0.028673998434913806,0.9320903489393604,2136,256
2594,2.3194358538603272,0.9021296767623238,2019,256
2595,0.10623472005512312,0.0884834665383932,2124,256
2596,0.6999883021574247,0.4469844271853976,1930,256
2597,0.11521415732427244,0.2882119563567457,1969,256
2598,2.1992132426368087,0.8665622620094832,2083,256
2599,5.715819076686699,0.6302240375650394,1978,256
2600,4.8924460905364304e-05,0.3667305919856125,1925,256
2601,9.744545256697754e-06,0.8661582503318463,2005,256
2602,1.2004584197578618,0.9523412262371876,1936,256
2603,0.0002900951218476363,0.0523165681312167,2019,256
2604,2.524595009209791,0.852621144726786,2152,256
2605,3.6339731225133862,0.359571997177072,2010,256
2606,0.0010413961389219928,0.911200536018567,1958,256
2607,2.5512109837386014,0.7081855949619176,1943,256
2608,0.004736481334662436,0.3990151875715724,2073,256
2609,0.0115355989062717,0.0033833320578936,1996,256
2610,0.21932324705441084,0.4958867593607504,1953,256
2611,0.00016994404974934242,0.6652315541609538,1944,256
2612,0.001226595723555731,0.0180143607610983,2064,256
2613,0.16073327776042304,0.8629978710474379,2164,256
2614,0.11003640448424319,0.9803373333917376,1972,256
2615,1.4623453728181475e-05,0.7231523248809881,2175,256
2616,7.258494306393339,0.1845922775926103,2043,256
2617,0.000146459819099139,0.7216601581173681,1972,256
2618,10.790098143718154,0.5045047377126208,2157,256
2619,0.0005615826563495137,0.7362778197812204,2108,256
2620,0.010595112298025011,0.3007384965214321,2088,256
2621,0.05976203757609193,0.523697192244962,2039,256
2622,4.980922519529213e-08,0.1439591666237443,2132,256
2623,3.144973543738264,0.5304837158045953,1938,256
2624,0.33914399247253335,0.9192138618303076,2034,256
2625,1.6282988918590648,0.676808429281477,2075,256
2626,5.196491921430305e-07,0.5107528357303197,2022,256
2627,6.288627501686678,0.8582648818035912,2035,256
2628,0.12317063599272561,0.7533663888427723,2042,256
2629,0.08052400356522178,0.1866638643867926,1991,256
2630,0.07790891854740462,0.8326863313110058,1948,256
2631,0.39850698747769714,0.6205153841418415,2020,256
2632,0.07892367584191204,0.5967653087261574,1955,256
2633,0.00039183213102917254,0.2305487145412762,2081,256
2634,0.05322241429382402,0.1511203553952564,2087,256
2635,0.0007829207957647066,0.9195936268783108,1975,256
2636,0.016007599364331146,0.8875236617891206,2072,256
2637,0.062383836611338006,0.2480026539786315,1941,256
2638,0.026480295183172152,0.2328015218841109,2171,256
2639,0.0007824069522304304,0.1813759936575369,2074,256
2640,0.008128830348839478,0.3966321027351638,2001,256
2641,3.8893610722349043,0.294729273372565,2077,256
2642,0.1956676147199258,0.97740611886421,2002,256
2643,0.01061859005902674,0.8972365297810285,2006,256
2644,6.94907282957309e-05,0.9959706258362532,1984,256
2645,0.35338788665141496,0.3852067461790752,2034,256
2646,0.40160010923533096,0.9559560412788136,1949,256
2647,0.09422811622192506,0.3407629570704482,2056,256
2648,0.036479125144122,0.9780093866200114,2138,256
2649,0.0008792494061690662,0.6063191203689938,2054,256
2650,0.03375155289678569,0.1242752625079833,2079,256
2651,0.00013576665751164428,0.5060486814875214,1991,256
2652,0.006988130925561105,0.818787668874915,2011,256
2653,17.983786593326823,0.1363476041548403,1992,256
2654,0.23895264535282668,0.5926336439572331,1982,256
2655,1.1055631192582742,0.2463814937555527,2000,256
2656,0.031412277010776576,0.3992144510780332,1987,256
2657,7.664690702395326,0.1513080449054105,1934,256
2658,0.00410019471431317,0.8461510701977359,2167,256
2659,0.017723338203681188,0.6033308937294473,1923,256
2660,0.09671751855240755,0.6502274750623767,1970,256
2661,0.2788814547857908,0.3539848469840592,1945,256
2662,0.06587501697720842,0.2577821259047714,1977,256
2663,1.80043772920019,0.2930861282560723,1951,256
2664,0.03800035600945105,0.135544882972779,1992,256
2665,0.0015570411557316725,0.0696185044699763,2120,256
2666,0.1635731312660334,0.7824418182751521,1945,256
2667,0.9391987373144599,0.187478852909898,1981,256
2668,0.002144175046510682,0.2474094036837943,2067,256
2669,1.1816191806133889,0.4512884975075253,2135,256
2670,1.7874830983088459,0.3200522915361811,2132,256
2671,0.04190295393680082,0.8904135943894601,1925,256
2672,0.00031892389448831126,0.5869221318911556,1928,256
2673,0.0036015500702452183,0.4666711064534488,1978,256
2674,0.021278334187054975,0.6555361049954676,2171,256
2675,0.4960438233804012,0.3497653647277835,1981,256
2676,3.9859442070626705e-07,0.0912417833488091,1979,256
2677,0.014127293492036414,0.679194202370039,2137,256
2678,0.9665817757005949,0.9724876334834496,1957,256
2679,7.073715985107847e-07,0.8238747461173132,2080,256
2680,0.055905491384293585,0.1639510159842485,1929,256
2681,0.17568158810837964,0.0862061574904842,2099,256
2682,0.004274276250761567,0.0241433229265757,1930,256
2683,0.0022423416671848904,0.4877030776946224,2062,256
2684,0.36749570802942183,0.2202454658193173,1983,256
2685,0.18546047444908373,0.206422289319948,2112,256
2686,4.9306643547080755,0.7808550842649392,1968,256
2687,0.3118892723546234,0.0647490886619935,2120,256
2688,0.12253310996256256,0.9878524813044048,2082,256
2689,10.945709027465792,0.7004600292763838,2155,256
2690,0.027066251550171797,0.2310685049968845,1977,256
2691,0.6277362971853597,0.9312647343494466,2094,256
2692,1.3019221051845669,0.6748996303254482,1973,256
2693,0.2727380637917212,0.5968047505215046,1946,256
2694,0.0004304467364389368,0.4328831467446533,2060,256
2695,0.001022901382176313,0.5532990286062408,2011,256
2696,0.2534270908934731,0.3458131045862364,1991,256
2697,0.3378729046533461,0.1183489998963748,2123,256
2698,0.057452263831437186,0.2008448592088553,1943,256
2699,0.11141923057155997,0.4902259848560435,2000,256
2700,2.7339899296814405,0.6498157338681461,2029,256
2701,1.4666421909885525,0.6318636218521155,1999,256
2702,0.3662281594046556,0.6544469906914671,2098,256
2703,0.01051711221852485,0.8046268921328539,2132,256
2704,0.029453184212246613,0.6389263818060306,2045,256
2705,0.0001848580881240059,0.739127712473523,2164,256
2706,0.00029302540863553246,0.3949034428914517,2108,256
2707,4.107944168030341,0.5382405570051106,1955,256
2708,3.249138489010237,0.3543330680840453,2067,256
2709,1.082023172820236,0.8124664184622978,2075,256
2710,3.2720571316748392,0.0931071878308384,2154,256
2711,0.10420728546142538,0.0031301320052223,2149,256
2712,1.6833777417475673,0.0317283706090965,1920,256
2713,0.09986458635643886,0.0363342677890251,2117,256
2714,0.3649613330899236,0.3178469039341647,2023,256
2715,0.012391878218218189,0.226403276562453,2130,256
2716,0.9195544640169336,0.0540288207667214,1964,256
2717,0.0008548631780598296,0.4246733433495235,1948,256
2718,1.6705663319584757e-07,0.2904240522342495,1991,256
2719,0.005623213304614169,0.0234930987050913,1931,256
2720,0.9761596592319024,0.4478505096939844,2046,256
2721,0.0002520326275710922,0.9983318927516154,2141,256
2722,2.159589110859571,0.9708554725777884,1925,256
2723,1.2165083081227195,0.1831140266946038,2098,256
2724,0.2582928009088946,0.4693722490781395,2158,256
2725,0.11053084796515783,0.8759304083515158,2118,256
2726,2.96074768056314e-05,0.9802936000446018,2134,256
2727,0.005013011081430055,0.2950596765604105,1921,256
2728,0.003992587507983908,0.2100998333732614,2108,256
2729,1.7573420610543586,0.6186837108353475,1976,256
2730,0.05523325971222479,0.4197168198906069,1941,256
2731,0.27739136229986106,0.7046372530605762,1993,256
2732,0.20900854947042988,0.0484398679770886,2037,256
2733,1.4516834657657836,0.864178049001345,2102,256
2734,8.426126268234196e-07,0.4492242754668309,1981,256
2735,0.025730866265588636,0.6771104375995819,1981,256
2736,0.3360576273738278,0.5262491022146727,2128,256
2737,0.04615120849755569,0.7429968382016736,2078,256
2738,0.052981837149260295,0.0107254360609098,2026,256
2739,6.6714560191739766e-06,0.2403662642042969,2149,256
2740,0.3372846280521629,0.7737067445641918,2049,256
2741,0.0001597982597945223,0.8468810555732454,2099,256
2742,0.8265954065115396,0.3117639601484403,1997,256
2743,2.234625991023728e-05,0.6066279968714202,1999,256
2744,0.16811722556894163,0.7243067787628575,2092,256
2745,0.08623517720772869,0.1421787146025502,2105,256
2746,0.59344934064452,0.3842448674794652,2162,256
2747,1.9571725500410848,0.6244366156724948,2131,256
2748,1.3366142691250005,0.5272928813443226,2029,256
2749,0.020537373764280064,0.2541079021212415,2081,256
2750,2.827268840293628,0.5403582033637798,2157,256
2751,0.013353211410016216,0.829694707704798,1988,256
2752,2.0654974017038085e-05,0.7909212748433299,2030,256
2753,0.17452508060946612,0.4520356625129637,2139,256
2754,5.634643267442773,0.0541533107741764,2117,256
2755,1.5635634704085906,0.8572997856063488,2037,256
2756,0.008989288910244534,0.2028017847936968,2054,256
2757,0.8740882051838266,0.6893380846939235,2079,256
2758,3.996049728573549,0.3281781534689211,2139,256
2759,1.0211191963463704,0.9990917597953792,2168,256
2760,0.4386980369242888,0.5410068983080019,2073,256
2761,0.0040741286395390075,0.9978745571399598,1972,256
2762,0.16752732663878048,0.8063473744302444,2012,256
2763,0.0006539217421732408,0.1706550812210491,1960,256
2764,1.2027934053142207e-06,0.4957808806299886,2172,256
2765,0.6402578670534773,0.7446789057779808,2020,256
2766,5.031533253690238e-06,0.9630294369743996,2136,256
2767,3.553582492717807,0.188274837320392,2046,256
2768,2.1806464059870443,0.2952585788468286,2157,256
2769,1.6899422064332548,0.2857742762939815,2130,256
2770,0.0021454630613130933,0.3908618271396431,2087,256
2771,0.4105637287208739,0.3450557793697987,1924,256
2772,0.008141990127445294,0.93181625306419,2065,256
2773,0.38582529195387055,0.4566272655748317,1940,256
2774,0.05136388017442916,0.3389347884059168,2009,256
2775,0.0021449317760396562,0.1978405368658449,1930,256
2776,0.001271958905504774,0.5818810048202985,2121,256
2777,2.7877840487461966e-09,0.7883559080682041,2000,256
2778,4.181553314860233,0.3201282640815871,2013,256
2779,0.05761159579256927,0.1024123905286986,2002,256
2780,0.20902845006928075,0.8527532972407851,1967,256
2781,1.8549950100264465,0.1009272996692661,2105,256
2782,1.9019512772289184e-06,0.4941426348127354,1942,256
2783,3.964854952041584,0.6625949619932909,2093,256
2784,0.04504436139907661,0.8590716604459214,2018,256
2785,0.024599978894412698,0.4749865649313077,2075,256
2786,5.797030737326229e-06,0.8707420187459523,2017,256
2787,6.045917532038422,0.3976603845256473,2140,256
2788,0.0578602428859648,0.1265552215911495,2127,256
2789,3.2570622089805363e-05,0.1975873791039132,1990,256
2790,0.00024248677490944706,0.6229524103539669,2106,256
2791,0.015998430557373922,0.9511770904687477,2128,256
2792,0.37959473651895026,0.8776592526361314,2025,256
2793,0.054668510203400786,0.9361568844716346,1920,256
2794,0.12810428747581312,0.2964918380178837,2169,256
2795,0.03427602964198825,0.9353300967519278,1934,256
2796,0.0009521422938515678,0.6896883382019399,1995,256
2797,0.6134073805288568,0.4230951604571961,2069,256
2798,1.005178481951046,0.7925403290288568,2042,256
2799,4.242309408362552,0.0394071094068432,2109,256
2800,0.004380012717199933,0.5480777893790327,2045,256
2801,1.3870365907923353e-05,0.316572332883745,2138,256
2802,0.05419982864121671,0.2727511113189561,1992,256
2803,0.9089354621377151,0.4128665955369794,1926,256
2804,1.5965975335162976,0.5365304697935659,2112,256
2805,0.8450137133033523,0.4975256806568447,1982,256
2806,0.0014483293434254046,0.6877871134112029,1935,256
2807,0.22964296052031488,0.6265349298751743,2002,256
2808,2.13096683434457,0.0745599784744486,1985,256
2809,0.002226842465791482,0.8719189847266604,1976,256
2810,1.6273487317238031,0.5867753391091348,1970,256
2811,0.028992786846136376,0.5783317756552537,2065,256
2812,1.0876917902399854,0.1858150348064978,1955,256
2813,0.3837473911941401,0.2702038023748243,1942,256
2814,0.026381710618263644,0.450352010240857,2050,256
2815,3.7440062957567393,0.6756614979998484,2104,256
2816,0.1822908632187004,0.6202706586850422,2079,256
2817,0.24687518420987992,0.5771037678839381,2060,256
2818,0.9555219656976666,0.005816282398978,2143,256
2819,0.13257941456746267,0.6706038606036783,2129,256
2820,0.3329343606613427,0.4153358099144157,2170,256
2821,1.0276899822525936,0.0039283386643581,1996,256
2822,0.23986451349242113,0.1210579188996581,2063,256
2823,0.0004018221332510613,0.2287034705387496,2056,256
2824,0.41314036708923974,0.4389321319898802,2129,256
2825,0.7247271257714575,0.990976641112065,1948,256
2826,3.264909400984159e-06,0.672803958488611,2090,256
2827,0.24086114784166804,0.273926208304929,2117,256
2828,8.140743096721057e-05,0.159653442006719,2003,256
2829,0.6062523814458398,0.9944283883293824,2000,256
2830,0.25290168121984224,0.8280773964694115,2030,256
2831,0.17155522575308083,0.5773622575278748,2002,256
2832,0.00011982348081346254,0.7350301698164206,2001,256
2833,0.4819412342528184,0.1859508756663463,2100,256
2834,0.6091089212716083,0.3693654140092289,2033,256
2835,0.030491346508989117,0.8079522511419637,2041,256
2836,2.536219076262297,0.1858101267871327,2091,256
2837,0.013646392134552614,0.5411067118697107,2051,256
2838,0.025472952714703134,0.1482285453184844,2149,256
2839,6.934868967730611,0.2486902363103165,2029,256
2840,0.48483341566239424,0.6606721987449921,2138,256
2841,2.7957094818505035,0.4867467315990397,2149,256
2842,0.03085251801883217,0.6109804030963386,2113,256
2843,0.0013602914650573648,0.3149846810894485,1985,256
2844,0.7999212006710039,0.8103106163324781,1969,256
2845,0.0075376382880481835,0.5482644702017915,1955,256
2846,0.09934870519996628,0.3694269924036848,2129,256
2847,0.2049937213133462,0.6557590654909454,1984,256
2848,1.5861840534318776,0.4318559092596626,2160,256
2849,0.05948569819518038,0.5375804405064051,2099,256
2850,0.27848915922189016,0.855430876557106,1989,256
2851,0.6150686622905372,0.7201051173469889,1950,256
2852,9.232688562701357,0.955070736044176,2108,256
2853,0.0011786582869542108,0.3981329713162933,2033,256
2854,0.22178672428227453,0.8701730434402928,1952,256
2855,2.2710466457590326,0.2876945837187707,2035,256
2856,3.071384526133429,0.0701772052597918,1981,256
2857,0.1944529111583807,0.6119432690387138,2082,256
2858,0.06900699085374114,0.5417796151067418,2172,256
2859,3.782875062881704e-05,0.2384435464950556,2036,256
2860,9.329370876230637,0.9524387247244784,1961,256
2861,0.274530525310129,0.4364078010993799,2102,256
2862,0.041336993917904616,0.5548931253449865,1987,256
2863,2.175957725341801,0.1722965851214765,2165,256
2864,0.669116903201323,0.2907356159191456,1944,256
2865,0.011820847437292037,0.1136866221433144,1991,256
2866,1.902810584386697,0.0097146213657213,1995,256
2867,4.766415766226716,0.6270942220099608,1992,256
2868,3.0302193720060995,0.6480231987780308,1976,256
2869,0.43902431901108746,0.6188796613620784,2073,256
2870,2.6869478021241773,0.6972551103060483,1977,256
2871,0.2463976630648303,0.9401977970593244,2017,256
2872,0.18318692637090453,0.5020015163987124,1988,256
2873,7.06303273769419,0.9201348031137878,1949,256
2874,0.053170670507019686,0.6954245393562059,1946,256
2875,0.23086126473220997,0.3873083462069508,1977,256
2876,0.07944304950876196,0.8812034723558316,1999,256
2877,6.298253706321544,0.9836685617153356,2105,256
2878,3.005458047428761,0.133001965633934,1958,256
2879,2.7859722474857053e-08,0.0742653198452704,2075,256
2880,0.8897773153045369,0.9450663055170642,1957,256
2881,1.0783812514207296,0.1035059892916321,1932,256
2882,0.007696944385737169,0.7432549286346923,1953,256
2883,1.0310455925660977,0.940035377189985,1955,256
2884,0.6268037409043455,0.6890772988288774,1927,256
2885,2.0876552372770756,0.9579003692349706,2060,256
2886,0.07985373930471606,0.6842249259095871,1935,256
2887,0.0051110567115139225,0.5117702483699781,2039,256
2888,1.7397847274442637,0.6347628370532734,2037,256
2889,0.35846165911398986,0.2104775709952251,2116,256
2890,8.362787490704813e-05,0.7781539535695353,2082,256
2891,0.34715441708115535,0.5768110261353826,2057,256
2892,0.23632654989417562,0.2578731930731806,2061,256
2893,0.2977219399414387,0.4717540540445037,2030,256
2894,1.845765847650478e-05,0.4459325918545588,2084,256
2895,0.34061448515529613,0.4830128927320415,2117,256
2896,8.984230637741919e-05,0.090040640665804,1988,256
2897,0.24557201418913496,0.9871042872636108,2148,256
2898,0.06369925920954159,0.2407975223045602,2126,256
2899,0.0013400707272050805,0.3293315021247829,2086,256
2900,0.055243661820098655,0.3219165089489421,2125,256
2901,0.04247755206424216,0.8653275072412147,2060,256
2902,0.001973499315613576,0.1594981756137359,1962,256
2903,0.007483590953859615,0.6748516651179052,1953,256
2904,0.01639594095064099,0.9714261771572554,2055,256
2905,0.15845283750217512,0.5237700884994376,1927,256
2906,0.02028812741162663,0.3532256675813336,1998,256
2907,1.8752709710788633,0.8851453774231127,1922,256
2908,0.7095923089573822,0.7482111795088084,2129,256
2909,1.2079587930081665e-06,0.6298414232969166,1960,256
2910,6.700715464272453,0.1827686989881952,2024,256
2911,0.04100496666509933,0.8198748019864447,1953,256
2912,0.02816006529406044,0.5056897742212911,2057,256
2913,0.18634538333662995,0.2819881285961243,1951,256
2914,1.0185754208448303,0.4915981368707022,2049,256
2915,0.029715935611237428,0.0688138730285449,1986,256
2916,0.27234074700637934,0.6663829617376861,2101,256
2917,0.26019069756554797,0.6883249440465502,1921,256
2918,0.5263379866937274,0.0693451834413969,2168,256
2919,0.0019758086023267114,0.4959927519641762,1943,256
2920,0.00021191152284303545,0.1906228110667497,2079,256
2921,5.88981956840864e-07,0.0818271332134347,2132,256
2922,0.01570338744027338,0.5197482950356298,2065,256
2923,2.543651614724811,0.0461269394359937,1966,256
2924,0.00030662734710214387,0.2021368877289008,2141,256
2925,0.00023253320288165653,0.4280496123891097,2101,256
2926,4.133144047860131,0.4051678090852827,2063,256
2927,0.0029065836126390696,0.5984999921900187,1968,256
2928,1.8921925411724836,0.3745465638677558,1959,256
2929,3.7426236234771157e-06,0.156048333148196,1929,256
2930,0.11626252699951461,0.9526909625335706,1972,256
2931,3.0712865485682837e-07,0.21331089716345,2094,256
2932,0.6679668840439956,0.0155068144599591,2014,256
2933,0.279974528526782,0.7178436314295666,2127,256
2934,0.3348931214497439,0.4573519556901168,2169,256
2935,1.3789564195591764,0.1829944200221039,1978,256
2936,0.2949832092948769,0.2906505537358712,2044,256
2937,0.22026854432143908,0.8612403458804186,2012,256
2938,0.07192759471839662,0.8603087468210991,1949,256
2939,0.01668380645695256,0.7617291882517696,1965,256
2940,0.06498760998759823,0.3227679397359182,2080,256
2941,0.013836268747867732,0.8250763922610581,2174,256
2942,0.003284972339534977,0.5115794941621549,2150,256
2943,0.04008998998831282,0.0402137298347673,1940,256
2944,12.142070823984882,0.4928942329310863,2069,256
2945,0.820130469009612,0.907905625262134,2112,256
2946,0.0018948064503619163,0.5507604479781809,2142,256
2947,0.2545635085300609,0.9943059044945156,1953,256
2948,0.0036679958741502893,0.909285532170849,2084,256
2949,0.05100602886248802,0.4666858930060533,2066,256
2950,0.025467519009649525,0.4826226807906909,1926,256
2951,0.5620144383082978,0.0130450213215568,2029,256
2952,6.331074384072825,0.7136425060381522,1935,256
2953,0.06860407503551086,0.1040673845051849,2042,256
2954,1.9050150790892986,0.9163415407872122,2111,256
2955,0.6241510516159826,0.3823807658009591,2114,256
2956,0.009939943908680107,0.4825439858060305,2047,256
2957,0.8875482537477037,0.2134731576415722,2129,256
2958,0.06308502731564143,0.0327737501982252,1997,256
2959,1.9711769794725815e-05,0.7410554798963906,2030,256
2960,5.122057955501242e-10,0.7040056485116842,2171,256
2961,0.034111526766744706,0.8844988383793729,2153,256
2962,0.3004163213849146,0.7553234063727734,2016,256
2963,1.0353618193263312,0.154686284407619,2031,256
2964,0.05156192311583617,0.7438979120479401,2154,256
2965,0.12637744138981422,0.4433981817996113,2085,256
2966,0.001235562768290158,0.1651647965644859,1957,256
2967,0.03169780806360158,0.182325019501911,2085,256
2968,0.2700491044901416,0.4511561908655139,2043,256
2969,2.3071121167649418,0.4864854983891895,2026,256
2970,0.051609779581252374,0.804407505618065,1957,256
2971,0.009590632502184936,0.4238598372782717,2081,256
2972,0.029393466787792207,0.3009799527072333,1997,256
2973,0.1968524051524481,0.1189038417261023,2103,256
2974,0.7517605650117056,0.5878650726737784,2099,256
2975,0.18151387411777373,0.735936763706847,1934,256
2976,0.0005543816117603142,0.996783312430306,2116,256
2977,0.03020200677248532,0.2670206370372229,2167,256
2978,1.1550584696391164,0.4599494969668095,2069,256
2979,0.6704284523689842,0.1165366981315891,1934,256
2980,2.2402896759868366e-05,0.2769690350347766,2019,256
2981,2.6842488680215883e-08,0.3342000074826112,2003,256
2982,0.044177049622399614,0.9434881353043776,2037,256
2983,0.04119967405407747,0.920180003867884,2058,256
2984,0.27874940654084335,0.5316784279001212,1978,256
2985,0.0007462034814950222,0.292613443443836,2085,256
2986,0.680861651079814,0.4527473059515411,2128,256
2987,0.26125497664170455,0.8969674726727963,2128,256
2988,8.822708552225547e-06,0.723017720605085,2175,256
2989,1.5365345153442962,0.7251985672676705,2173,256
2990,0.0005325957941370198,0.7843763560024185,2176,256
2991,0.13925588678950862,0.4543785441576289,2114,256
2992,0.53461553627992,0.4037703944444576,1980,256
2993,0.09561715980116411,0.0755296673527575,1955,256
2994,2.581916105516825e-06,0.3681452927362832,1999,256
2995,0.00032836757436727513,0.4333530631874549,1986,256
2996,0.3027813434719997,0.266542505690353,1951,256
2997,0.2691472092475912,0.9523364910046715,2112,256
2998,0.011296600811520738,0.5699705667568755,2045,256
2999,3.9838579397395595,0.7018962819641039,2108,256
3000,0.1652298839530218,0.3597998909397484,2036,256
3001,0.5272501768495248,0.2523886280315899,2123,256
3002,0.4791052344820511,0.1677265596289757,2174,256
3003,0.032461198493302625,0.8829322637177032,2136,256
3004,1.7187583411468417,0.8924073507284306,2150,256
3005,0.13241667928748513,0.3874183296356017,1946,256
3006,6.909099574676578,0.7079360360425978,2174,256
3007,0.06762207631223392,0.5060926188643741,2023,256
3008,2.211233117666641,0.35734212388489,1960,256
3009,0.09380752767138942,0.1341309696269055,2142,256
3010,1.8332749851647,0.6717155737705538,2020,256
3011,2.7232184163279856e-08,0.987449836790722,2066,256
3012,0.5919354581824704,0.8809001786721726,2114,256
3013,0.583612013708174,0.9107449073846746,1958,256
3014,0.9626032947749421,0.0252365341933639,2108,256
3015,0.00416083603735806,0.8672144218894765,1922,256
3016,0.005048619948244527,0.4114981929236189,1949,256
3017,0.12067777304336137,0.9244254089973756,2171,256
3018,0.0013765477832753234,0.2812638028888654,2066,256
3019,2.1211348903731975,0.9167817207745584,2058,256
3020,0.07041474782867609,0.6984555615799947,2092,256
3021,0.8359758207640722,0.7314410958584475,2055,256
3022,0.8568519949767813,0.247209746364735,2109,256
3023,0.30233843779360936,0.881065933257698,1997,256
3024,0.0004247057040356922,0.1696380774747085,2154,256
3025,0.1258681489396677,0.3369543725177868,2121,256
3026,0.5157029426508003,0.2926222458582209,2171,256
3027,0.12776340514363047,0.7924430590564945,1939,256
3028,0.0031471792766814104,0.7666526839483464,1981,256
3029,0.009319580980732628,0.2772934462553946,2125,256
3030,0.2626760184524678,0.7565766200154499,2022,256
3031,0.043536055998918036,0.5559603677486227,2026,256
3032,1.7522339085756429e-09,0.5083985794784301,2172,256
3033,0.04087969429331751,0.0511640761468624,1944,256
3034,0.0027657380571921675,0.627345641642102,1976,256
3035,0.7952804056554003,0.7881167117689135,1985,256
3036,5.927068271234415,0.9014246534525304,1939,256
3037,0.04471377152215209,0.3347417893162889,2007,256
3038,0.10219209288373877,0.0266665424294182,2040,256
3039,0.015570565887593113,0.7336247892289509,2171,256
3040,0.3961087724046772,0.3307027641809839,2141,256
3041,4.014470515766158,0.716664395692725,2036,256
3042,0.05168713675244629,0.6130477336691427,1988,256
3043,0.008286539183672201,0.2501183364284525,2149,256
3044,0.038210103076673066,0.7344999860740395,1932,256
3045,0.4486459772999912,0.2665379588687127,2053,256
3046,1.9913946276965004,0.3142524607404152,2004,256
3047,8.41023313283232e-06,0.485471202061085,1953,256
3048,0.10009267059116907,0.0382405795777862,2070,256
3049,0.00014248893765013784,0.0349774895047981,1973,256
3050,0.0007750842789692911,0.5714287090440533,2091,256
3051,0.41474073867824396,0.1420068719506293,2066,256
3052,0.14345417444816658,0.02360118201498,1957,256
3053,1.2361503236049676,0.1023213584386784,2136,256
3054,0.041851466665919684,0.7241044477266454,2163,256
3055,0.003738793811067447,0.3326788278073842,2085,256
3056,0.011061961112785632,0.1597363345511954,2043,256
3057,0.11176641113389185,0.008716261977933,2029,256
3058,1.6182017674712996,0.2116767133754291,2069,256
3059,0.07079321532969382,0.8184560027352856,2030,256
3060,0.225042243883276,0.9878337070833076,2154,256
3061,1.1205161512213238,0.1040444855211193,2051,256
3062,1.11506735468446,0.6719391054069149,2014,256
3063,0.05690363013887205,0.8233879493153423,2153,256
3064,0.16729050273305576,0.8924223491877881,2134,256
3065,0.016566382930520707,0.2125780075945725,1923,256
3066,0.8681394561595102,0.1463218586266572,2026,256
3067,0.2431758967137976,0.6772341076116283,1965,256
3068,0.059046988630237975,0.819326723492472,2037,256
3069,0.01350313656504552,0.1988724329180152,2066,256
3070,1.3312829907584131e-05,0.3730869277442521,1933,256
3071,0.5342068614731276,0.4994128633656799,2158,256
3072,0.07474035114800075,0.4338785922245991,2176,256
3073,4.201481670520462,0.2649417911437136,1969,256
3074,3.1984479151559118,0.2000617882455418,1989,256
3075,1.3692868277886776,0.6602444213027362,2071,256
3076,4.818527869689797,0.4263250081010719,2104,256
3077,0.00018932105955850488,0.585078919595417,2124,256
3078,4.1900126183966805e-07,0.03431180237548,2144,256
3079,15.118628070736401,0.4472048917665405,2008,256
3080,0.17519274219719236,0.1860315792538563,1980,256
3081,2.7962927681033185,0.1634526670598314,2005,256
3082,2.004775730099113,0.196035341192279,1946,256
3083,0.009785883483747782,0.7880667097082671,1966,256
3084,0.026333912690033417,0.0629247073972931,2068,256
3085,0.03712896071372756,0.8850807250204168,2144,256
3086,1.8655495882386715,0.6034063040645693,1957,256
3087,0.06592601064559339,0.4252657299598107,1961,256
3088,0.6331622743289329,0.4997658415326218,2172,256
3089,0.037999441691293295,0.3514391094372745,2095,256
3090,1.1054911772223224,0.6647465968894608,2100,256
3091,5.0995848155074786,0.0810447700138702,2072,256
3092,0.000146503172541262,0.591112052795381,1991,256
3093,0.9036927907183228,0.372095287219009,2043,256
3094,0.0011974814002751089,0.025668610262151,2120,256
3095,2.3994868862244587,0.5457048343327895,2062,256
3096,0.07882557924983034,0.0734726628180869,2020,256
3097,7.552773514263199e-07,0.8414957383203412,2066,256
3098,0.06192756151422516,0.488885456524478,1977,256
3099,0.011447008437832319,0.9367266905874166,2145,256
3100,2.337383525814582,0.1332348513376239,2152,256
3101,0.7206093232078373,0.6015621017457863,2126,256
3102,1.2220656277867372,0.228999390390304,2073,256
3103,0.31853455620548793,0.4745439312021267,2060,256
3104,0.1022373146044283,0.038897227228555,2077,256
3105,3.3279004723073364,0.090424406863447,1976,256
3106,0.27970491542931303,0.0137493561935135,1988,256
3107,0.149214131126452,0.0680871285907145,1951,256
3108,0.10185252631370979,0.9294432478669428,2107,256
3109,1.315229230627123,0.6085149274114532,2158,256
3110,0.3974443056146501,0.0321121414030114,1944,256
3111,1.9183357672851575e-08,0.5310796701178873,2176,256
3112,0.35581883583113255,0.5943581331176989,2156,256
3113,0.09744723809132373,0.7146997477583742,1931,256
3114,0.4970947006881765,0.0509511880238973,2070,256
3115,1.2577982445910434,0.6085853283828276,1986,256
3116,0.007922752447848095,0.7054345142291695,2134,256
3117,0.6978790602987404,0.3231127354694961,1969,256
3118,0.006754754819065748,0.3908596353611354,2116,256
3119,0.24095432585060697,0.0856845849280198,2063,256
3120,0.9812853179440214,0.6313079617737187,1948,256
3121,0.25593340550862786,0.6608455088563703,2001,256
3122,2.013088243671313,0.6954942818439899,2063,256
3123,2.6952921300483506,0.8608841790663738,2051,256
3124,1.726505335732527,0.2376929190443295,1946,256
3125,0.04066416152881421,0.6544143503346987,1966,256
3126,0.003906399674752146,0.5773594088022603,2126,256
3127,1.5641643102054568,0.0700951721743157,2109,256
3128,0.08205106625323416,0.163140889301345,2161,256
3129,0.06907258778049102,0.7683273661211839,2085,256
3130,0.5425670181217132,0.740259096232191,2124,256
3131,0.016445277827050728,0.970601872753842,2142,256
3132,0.5459802455358972,0.3293617006618012,2033,256
3133,2.6925828401307305e-06,0.1132630683260652,2161,256
3134,0.218069551573641,0.7151327136334401,2104,256
3135,0.008915795740313717,0.6778782239398528,1927,256
3136,7.798327636321933e-06,0.6689247420321213,1981,256
3137,0.3863526453351635,0.1412421056703503,2016,256
3138,6.905833168759742,0.2970831295074835,2034,256
3139,0.006238558463238005,0.7508536314098609,1924,256
3140,0.006032119436659786,0.4693012704066658,1967,256
3141,1.4484017989716429e-06,0.7102203199230003,2059,256
3142,1.3164371936611694,0.9524946693441982,2132,256
3143,3.3967357391373842,0.0150398309049624,2148,256
3144,0.594766520165335,0.9554452931258404,1962,256
3145,0.5437914830615863,0.9341157790062202,1940,256
3146,0.034886701127216646,0.5102862024086139,2011,256
3147,3.6226160175358317,0.1609658625143368,2072,256
3148,0.07716309110490677,0.9383235585491216,2142,256
3149,5.7190213787681365e-08,0.1421231628888613,1994,256
3150,2.297934169072939,0.3755545276818689,2125,256
3151,5.478033269721489,0.6199492583860289,2115,256
3152,0.014613645761446387,0.6470979915509063,2102,256
3153,0.0035042630651784083,0.576671156767701,1992,256
3154,7.611648282044599e-05,0.9284099410124363,2064,256
3155,8.261062816667635e-05,0.2367484163042323,2093,256
3156,0.689993119986855,0.3611918766889891,2159,256
3157,2.9386218456393998,0.3214977662646395,2110,256
3158,0.044298171254253775,0.4307947198128662,1968,256
3159,0.03913691446982736,0.3822624462099953,2097,256
3160,0.0020893405990204403,0.0466712557337912,2049,256
3161,0.000618224605706842,0.0641401388099731,2089,256
3162,1.0258646655229433,0.3325045320339025,2000,256
3163,0.6223075282199914,0.7757341611811192,2163,256
3164,0.06996111369513257,0.1405524153698003,2127,256
3165,0.13819244351738344,0.294003326212253,2121,256
3166,0.00012110380622909768,0.4378323819045258,1935,256
3167,0.048637127970035644,0.0531199384234789,2032,256
3168,0.002920505356719051,0.5471580736176354,2147,256
3169,0.0662723810464304,0.5566537612023879,2100,256
3170,7.311758837449971e-05,0.2361829552834216,2055,256
3171,10.126844269711668,0.7158989191575185,2109,256
3172,0.20621342589699151,0.969725385713407,1933,256
3173,0.007030103699473722,0.7186917659851305,1990,256
3174,0.0029356519127137428,0.8519847257287122,1973,256
3175,0.04088272280148653,0.1097191875992089,1987,256
3176,1.4786650063385445,0.3443563018604967,2019,256
3177,0.006449182455286994,0.8102729609218149,2001,256
3178,4.247693216633545,0.957282495200077,2122,256
3179,0.11407963032154124,0.2582658535769796,2037,256
3180,2.0880050583218505e-05,0.039517049425785,2044,256
3181,7.490208322730945,0.9462597402082144,2012,256
3182,0.9516348248839838,0.7864250209229334,2136,256
3183,0.30993147551023764,0.9409458793291784,1950,256
3184,3.33298757625226,0.6977477268242018,1950,256
3185,0.4691483206710444,0.827993206922408,1936,256
3186,0.03323237158380011,0.745236444619488,2044,256
3187,3.9473409697007678,0.3741573702980904,2024,256
3188,0.012360601324311134,0.642220263849981,2133,256
3189,0.00015362531287865786,0.2075860212570869,1935,256
3190,3.6701022877190472,0.6935071622345527,2058,256
3191,2.865414103426355,0.7118053848075279,1921,256
3192,0.13079414781150756,0.639304281229041,1965,256
3193,4.9093317153077,0.5243285396524454,1937,256
3194,0.6192141315636306,0.8650933975134585,2108,256
3195,0.680552320112747,0.5379475207013856,2077,256
3196,1.7097472809941967,0.2778461831000256,2158,256
3197,4.9392553439835346e-05,0.4121749763427802,2012,256
3198,6.282084212129885e-05,0.4465042105371246,2047,256
3199,0.9532466485600566,0.8143002519924581,2159,256
3200,0.00019155454998082247,0.3555376582308118,2026,256
3201,0.015199290524122035,0.6073225442211616,2087,256
3202,1.4724896965459267,0.2702446992238817,1986,256
3203,0.004352456776679237,0.101995896472438,2162,256
3204,0.013893455390170497,0.7215352902584439,2043,256
3205,3.301719300519797,0.7779011054466699,2168,256
3206,1.8616083627375206,0.3450669258097277,2092,256
3207,0.14271048557982624,0.322571979778308,2074,256
3208,0.08357241886640092,0.0630543791777193,2154,256
3209,0.0013623638537401802,0.7310415943127461,2124,256
3210,0.06767561016617564,0.9425094352957772,2114,256
3211,1.340832433332087,0.3379972872549435,2038,256
3212,0.08840497859150899,0.788277975931073,2079,256
3213,0.6510657211704977,0.5484103228351125,1972,256
3214,0.08744388352557958,0.7925498908853729,2102,256
3215,0.03264573339167596,0.9233514087339608,2126,256
3216,1.4100341714699627,0.3311060620970952,2067,256
3217,0.8642265642795467,0.6226185990326284,2160,256
3218,0.013409624454581999,0.9473872117729386,2070,256
3219,1.9725414150480347,0.7507600797730924,2134,256
3220,1.6205434319069631,0.4575680158085961,2075,256
3221,1.2753305761506029,0.2848378073170594,1969,256
3222,0.02575701704663429,0.308302893648721,1979,256
3223,0.2309528513051618,0.1286459121914474,1970,256
3224,0.5248421025629579,0.4316587489405001,2015,256
3225,0.570835842812738,0.5209383832771749,1967,256
3226,0.010902710215941653,0.511034873597976,1974,256
3227,0.09397687702760055,0.4280130216438992,2074,256
3228,3.5449804161342313,0.085755317269462,1978,256
3229,2.841008202903831,0.3388863446377174,2134,256
3230,1.0072369657094131,0.8941755269602565,2123,256
3231,3.895610556725897e-05,0.1134220133363372,2029,256
3232,0.016530250725034768,0.0752448802708248,2093,256
3233,0.00023405803681269657,0.7338410404041661,2120,256
3234,0.10554911783719911,0.732802179992751,2037,256
3235,0.1358943360198708,0.9789124901999944,2157,256
3236,0.5745939152344803,0.7854873635304163,1925,256
3237,0.12587136953628433,0.2458639713787389,2149,256
3238,0.8131670128926185,0.4876953778679924,2075,256
3239,0.2894757778932655,0.1658111949788244,2168,256
3240,0.0016338661648808385,0.5721373017491626,2093,256
3241,0.424413991443483,0.8600626275066324,2127,256
3242,2.4863179601530523,0.1364238444316601,2064,256
3243,0.04871712250502317,0.9540271305575466,1948,256
3244,0.02769708032398592,0.2718497659553834,2110,256
3245,0.3431718776542975,0.7357276937112076,1930,256
3246,1.3191908818736144,0.1389743444828758,1943,256
3247,0.05999005603646109,0.1547984076389766,1968,256
3248,0.5306296480271514,0.3541687482470816,2045,256
3249,0.0008744678200949632,0.8846248691913816,1969,256
3250,0.08384349127604096,0.6322162791493059,1987,256
3251,0.8188982002839056,0.792851005775612,1980,256
3252,0.883953486693219,0.585629830558796,2125,256
3253,0.0023520532039122467,0.8983670623430762,1960,256
3254,0.021554691562260846,0.8425637203959104,2137,256
3255,0.051853509349381224,0.0544761277164614,2151,256
3256,0.017046499047987888,0.5609768300622963,2022,256
3257,1.840394359016167,0.1937190233680512,1943,256
3258,0.9433758761564283,0.005429354158524,2115,256
3259,0.01077578018751333,0.454202533014828,1938,256
3260,1.5436425138014733,0.0635744208648885,2035,256
3261,0.012673507138708493,0.6686572208758556,1948,256
3262,0.0005223175576364556,0.0612044956890083,2115,256
3263,0.24291680107669722,0.5573507868512916,1945,256
3264,1.3812606591592375e-06,0.3698037938357837,2165,256
3265,0.09823670865122215,0.5495312110761943,2006,256
3266,1.923924668087445,0.413217447501371,2135,256
3267,0.7265744359995048,0.2308789034607982,1953,256
3268,0.42682111264893097,0.8021700004779603,2072,256
3269,0.3350917653805245,0.5965855554360062,1940,256
3270,0.03236528061350097,0.5970325125416539,2125,256
3271,0.006658846345135816,0.6351266804316542,2015,256
3272,0.39166468262253284,0.0377918184987151,2061,256
3273,0.03830596767550082,0.9409719520899334,2088,256
3274,0.004208650740030468,0.8588460398275389,2142,256
3275,3.382384962818794,0.2405719098557047,1984,256
3276,1.7796218240384e-05,0.8585478864084943,2047,256
3277,0.0010933835985265045,0.6090407939104764,2082,256
3278,0.07085155230590783,0.5229474224869327,2156,256
3279,1.2953339573383609,0.8828077718782092,1990,256
3280,0.0021424279625869604,0.8668555364528532,2009,256
3281,0.004092434728705157,0.6831264108028515,1978,256
3282,1.3095790448333637,0.1125595850603256,2061,256
3283,0.7951673575195675,0.396265779515752,2067,256
3284,0.12538317539352695,0.8219558776849174,1982,256
3285,2.292543640035324,0.8886102366906697,2006,256
3286,0.6811389031597892,0.1328370107205576,1983,256
3287,1.6718591672871788,0.6010143111831111,2044,256
3288,0.11945603314440095,0.2813157670172564,2160,256
3289,2.0589121258673426,0.2762046675462607,2005,256
3290,0.06908961763398477,0.4035179240560841,2098,256
3291,0.18791326617464799,0.5558721146233229,2166,256
3292,1.1834412427079473e-05,0.6848865852946414,1960,256
3293,9.984726051747772e-08,0.1538571225027037,2009,256
3294,1.9160071123936446,0.0140998997790878,2087,256
3295,0.808667261738384,0.4671798375578871,1986,256
3296,7.20002457228245e-05,0.0694934448096543,2004,256
3297,0.03668816650463133,0.929816455956468,2153,256
3298,0.15597324200325574,0.3681875564089921,2016,256
3299,0.5815683775545913,0.0737501340812338,2126,256
3300,0.0001808058592047146,0.6110291335388754,2051,256
3301,1.0567781538225698,0.6783589302506712,2006,256
3302,0.13214399306654656,0.1455437861753352,2109,256
3303,2.2722151658403873,0.6552277491576359,2084,256
3304,0.0006659766542738556,0.4047936506435893,1935,256
3305,0.812580342551562,0.9597556527771702,1994,256
3306,5.5420666627697,0.1876423649281052,1958,256
3307,0.05717993654366046,0.8415703607492454,1953,256
3308,0.16555614727390922,0.4612037149321971,1986,256
3309,0.00460239787085809,0.4613830445098948,2045,256
3310,0.00021707531310114606,0.0961638155984406,2013,256
3311,0.4096516816885373,0.0739353560408302,1924,256
3312,3.3558780293994,0.7677463163296434,1943,256
3313,1.694751514257222,0.6380870688105863,2157,256
3314,0.0013799028451345963,0.2797462516765829,2084,256
3315,0.30691197064323805,0.8010030106422157,1955,256
3316,0.0003285631287744294,0.9493714297996448,2138,256
3317,2.359397669111082,0.6434052122077181,2170,256
3318,2.089438902144376,0.8921828239122738,2108,256
3319,0.03578586746474677,0.6139355581356568,2147,256
3320,0.0944026751640152,0.1883752347226446,2174,256
3321,0.1047656603032844,0.1915069477881977,2167,256
3322,0.9036215404558148,0.6228678476908793,2046,256
3323,0.4777684995145665,0.7794494554066086,1999,256
3324,3.5407206748703297,0.6659898315810067,2013,256
3325,0.5149046818776408,0.1312757082384186,1982,256
3326,5.592511769301721,0.886734963321511,2114,256
3327,0.7287365750911708,0.3890345261924891,1975,256
3328,0.4522378466801458,0.6820162245368461,2157,256
3329,1.0287228546478159e-07,0.2346492950733231,1967,256
3330,6.576340633473726e-05,0.0034290495782854,2134,256
3331,0.18319132383805622,0.9611124471859638,2089,256
3332,6.600006488387051,0.404489821843462,1965,256
3333,0.0007067107481948703,0.9647627335156748,2050,256
3334,5.2277361175873704e-08,0.3955232439122293,2061,256
3335,0.6491919526594643,0.8253257425699909,2040,256
3336,1.1007616425458389,0.1958694323675581,1941,256
3337,0.14450828673212948,0.9099493587404336,1995,256
3338,0.0005410906080167463,0.4127931418534915,2136,256
3339,0.7325097762671958,0.6371170801167406,1949,256
3340,3.090027191514886e-07,0.4039639798372423,1967,256
3341,1.396368485014902,0.7598701733134521,2071,256
3342,0.09141048061693197,0.0781466667702022,2005,256
3343,7.201762571209471e-06,0.2483695772318522,2049,256
3344,0.007526199147046413,0.0586474500931087,1992,256
3345,0.0313592722957097,0.5647480877951521,2091,256
3346,2.916445424506719,0.2293573904164905,2027,256
3347,0.014478631074290338,0.3077767579136349,2086,256
3348,0.019547064285111843,0.0783738483032788,2170,256
3349,0.0001685361892350691,0.0519741072696244,1968,256
3350,2.7899428597405893,0.350685851556656,2172,256
3351,0.13285204026876288,0.5142478074393956,2002,256
3352,0.08906970042280582,0.3760703260634335,2075,256
3353,4.73930521802341,0.0192472694618631,2087,256
3354,1.9384932903666274,0.6047067462914465,1982,256
3355,0.1205674887940661,0.2589225240295553,2129,256
3356,0.15699758535440905,0.9358901831347,2025,256
3357,0.10002606917070159,0.4645850524486151,1992,256
3358,0.06746572813424864,0.1670659805425324,2028,256
3359,0.04259555875498058,0.8245066804492026,1940,256
3360,0.020601035102811423,0.4096904269076706,2015,256
3361,0.5511298734130402,0.5929255998640601,2020,256
3362,0.0012572020137494543,0.4682851422826358,2062,256
3363,0.17878754555322046,0.7846109944405472,1972,256
3364,0.089565298527807,0.721349836389099,2118,256
3365,0.01715871556506731,0.7909553005798762,1963,256
3366,0.7809294247556064,0.3545126485849381,1985,256
3367,0.0006110003333693094,0.8752074716978684,1921,256
3368,0.12621676842085378,0.0327833041840334,1931,256
3369,0.11882254025302796,0.7292811562625159,2107,256
3370,0.04286839365443296,0.6719173102875092,2155,256
3371,3.8750998738398983,0.999140302978316,1939,256
3372,0.0056893013387474866,0.9336754877369106,2066,256
3373,0.006225407137240784,0.2326359278796697,2161,256
3374,0.0014054697463962683,0.4782330695977832,1956,256
3375,0.24070462653249858,0.1665791185544218,2017,256
3376,3.1948420912219366,0.9421338387659248,1994,256
3377,3.9312575119047546,0.9654436123880544,1975,256
3378,0.19180810025641098,0.2517501550760662,1995,256
3379,3.713539150524374,0.0370768901372291,1997,256
3380,0.355774804906899,0.6427703803824812,2037,256
3381,0.5210181514653023,0.4210763729537407,1983,256
3382,5.650528775890031e-05,0.7882667858020431,1974,256
3383,0.07567661303224536,0.0468474818448713,1926,256
3384,0.36090204880974924,0.1627134211480486,2012,256
3385,0.3719924783158778,0.305033737459141,1942,256
3386,1.2813931595577186,0.4925064238757707,2113,256
3387,0.007128381218165348,0.9965935287513148,1969,256
3388,0.0044099494521668055,0.950581358298472,2121,256
3389,0.20796627861549283,0.0719955570496412,2085,256
3390,0.1957886475118879,0.8262395213291945,2115,256
3391,0.4418111155654243,0.2617537493721134,1951,256
3392,0.0012658025345974365,0.7395503113185699,1983,256
3393,0.09013595860490864,0.8471096323813907,2171,256
3394,0.7236243531614438,0.6516060983481481,2174,256
3395,1.5771305364534103,0.0624452741761473,2022,256
3396,0.24117471009074276,0.9560922897390975,2122,256
3397,0.027131459270189548,0.5461284638443762,1945,256
3398,4.157457375400843,0.0792455336375407,2151,256
3399,0.10071959821277626,0.648167166114318,2095,256
3400,0.1865130816398247,0.957633237714301,2007,256
3401,0.5091533943773262,0.8886150619078294,2109,256
3402,1.7657100215051407,0.3813214894642512,2113,256
3403,6.83528858748839e-06,0.7068961101662083,1924,256
3404,0.6182231386212155,0.8610739363286468,1953,256
3405,0.02998700647155811,0.7220341400014726,2064,256
3406,0.0034033918187199425,0.4733101643551377,2023,256
3407,8.60329090479727e-05,0.6002916261676772,2007,256
3408,0.006700898723822528,0.6581844387009795,1938,256
3409,9.313767767076236e-07,0.625051527614499,2098,256
3410,2.9278460950564207,0.7519546087485198,2009,256
3411,0.00031744614952457884,0.4429963817981385,2074,256
3412,1.5913565302582524e-05,0.714293094285231,1986,256
3413,1.3228059473727685,0.9947611354934558,1977,256
3414,5.031090450814377,0.0684682306964399,2076,256
3415,0.05221008346546279,0.7014356399116393,1960,256
3416,4.231302483333099e-08,0.5762723368599381,2039,256
3417,0.007088681761729594,0.8804383152867709,2159,256
3418,0.3817400815636848,0.0278054053750015,1953,256
3419,3.24360719694643,0.1450171477954666,2132,256
3420,6.499338410824426,0.0906104318499386,2174,256
3421,4.859321778548897,0.8649500765020695,2090,256
3422,0.27528073561182287,0.3024310837385817,2168,256
3423,0.16555465491290167,0.3756858690064628,1940,256
3424,3.945342891025059e-05,0.8361297371684052,2124,256
3425,0.020308792646174297,0.435364219698569,2150,256
3426,0.601723581471579,0.0005019369055224,2169,256
3427,0.9080338194800398,0.3803662741436633,2106,256
3428,2.000292858894978,0.6602826217418825,2148,256
3429,0.5547835705684413,0.4616524427456262,2037,256
3430,0.16714676627629757,0.1846598675801564,2008,256
3431,0.7756036075252749,0.8200866524456171,2167,256
3432,0.38698313071134655,0.2356665701051732,1932,256
3433,2.7013515961960026,0.4244422930665149,2109,256
3434,0.27792520215040906,0.106461595343048,2018,256
3435,0.10350719128514,0.5389576222096982,2009,256
3436,0.10341900868298634,0.354780461018417,1962,256
3437,0.48847195933708387,0.7462122124496676,2045,256
3438,0.13156295486486946,0.5949400698562147,2107,256
3439,1.0288380091465665,0.2945731980242766,2152,256
3440,4.465681055319862,0.3338015479764785,2165,256
3441,0.07126952694178129,0.905696350036542,1968,256
3442,0.0002883582130399216,0.5522086930242919,2142,256
3443,0.41873274891535445,0.4787470479481105,1939,256
3444,0.16217209096223795,0.8940818603669369,2017,256
3445,0.002029696087055455,0.0630889644296187,2136,256
3446,0.8885262792574329,0.6707426456100417,2039,256
3447,0.00847404438493863,0.7085981417350717,1953,256
3448,0.17417369320860268,0.5173942701793977,2137,256
3449,0.6835499561998946,0.0869211795188117,2151,256
3450,0.01842819681033376,0.6597887009442599,1930,256
3451,3.7124541079360722,0.7773656035554236,2176,256
3452,16.341043905098324,0.2240430229954855,1983,256
3453,0.011318486254797786,0.9419245768308594,2043,256
3454,0.2252816074038221,0.4998622101391914,1984,256
3455,2.0979119662848658,0.8258012336128718,1981,256
3456,0.4779977483274903,0.2811444124165837,2104,256
3457,0.09153129894466759,0.4875946210708496,2007,256
3458,1.2375988952258651e-05,0.0494497504919823,2043,256
3459,1.8275116150330837,0.5755866235536424,2175,256
3460,2.3169672478678005,0.5742258713396134,1958,256
3461,0.00013240237611380018,0.9600833523648592,2030,256
3462,1.6799792665568187,0.5350301346290554,1978,256
3463,2.5817198059616504,0.1591393008485739,2130,256
3464,1.6842107430657645,0.416294111246562,1926,256
3465,0.012569237831194024,0.2463341553152445,1987,256
3466,3.96119579302225,0.1744393112230168,2059,256
3467,2.689161073313482,0.0249491589575076,2125,256
3468,0.6475653476322578,0.4473715677001858,2113,256
3469,0.0061871862663915225,0.8590972454556406,2083,256
3470,0.8504455140159088,0.5442760385845355,2146,256
3471,3.589348461147152,0.9641469663689656,2022,256
3472,2.920044836876809,0.2042852166540997,2084,256
3473,0.15455190902835492,0.6186208844035097,1936,256
3474,1.4763121349448927,0.760458730950767,1934,256
3475,0.001027007195693923,0.8036175586599987,2021,256
3476,0.04277519619454292,0.9444956921253426,2118,256
3477,2.54059182373314e-12,0.510951513015707,1995,256
3478,0.6972495354149731,0.7861277428422875,2095,256
3479,0.4931796165769841,0.8857206077275392,1948,256
3480,0.5457214255832353,0.6641261744352482,2088,256
3481,0.03981151300859924,0.5376740120554616,2071,256
3482,0.8679030729764771,0.2402180053646456,1920,256
3483,0.006671746668266282,0.5479521627729392,2120,256
3484,3.690070372675992,0.2507304530196466,2163,256
3485,0.2664530209509778,0.1608052470454281,2161,256
3486,7.122168004182552,0.4618396200577151,1935,256
3487,0.03641230710994646,0.3435099900962471,1963,256
3488,0.15853479977816884,0.6688486641250797,1921,256
3489,2.0505845726529337,0.012083461962607,2034,256
3490,0.004162019885895014,0.8701705194626614,1956,256
3491,0.839737051566036,0.5107157118246346,2113,256
3492,1.22647170972055,0.3969561987222132,1995,256
3493,1.0137269660221593,0.0388614351325499,2112,256
3494,0.22820382637874495,0.9660452128195306,2028,256
3495,0.1107785225676403,0.7775239904423105,2051,256
3496,0.3202861064600209,0.1386600925054792,2037,256
3497,0.030263142006630946,0.2078738585896719,2166,256
3498,0.00022746479423500006,0.5162356862763918,1932,256
3499,2.5459884660988634,0.7820279879588732,1959,256
3500,0.767597777986528,0.4874401067316108,2163,256
3501,0.8571900829726776,0.0337296922356658,1999,256
3502,8.075167181807042e-06,0.8907306124574288,2149,256
3503,0.23195093027488967,0.6060579939803128,2089,256
3504,0.0629428634393541,0.8081928424641782,2137,256
3505,6.637754043054487e-08,0.9146048756468822,2106,256
3506,0.18462316541464546,0.1093212257969031,2157,256
3507,1.336196128481973,0.7659320979038285,2129,256
3508,0.0004738726533303165,0.6517607130575386,2087,256
3509,0.16456842057814086,0.4218769182557469,2087,256
3510,1.648366109584036,0.6657077460616225,2041,256
3511,0.5044601516558727,0.3695878226580722,2091,256
3512,0.13730654407992537,0.5418649066486139,2150,256
3513,0.9452558694060691,0.5897545646524575,1983,256
3514,0.08404531691245756,0.9694360465666196,2164,256
3515,0.9407099106956602,0.1710663885172683,2063,256
3516,0.12151357446002137,0.293385385301804,2041,256
3517,2.018535705900225,0.5123847866262419,2048,256
3518,2.2250037988532325,0.1431537111078095,2029,256
3519,0.00039237815753544853,0.0827344870610994,2093,256
3520,4.449813100752159,0.5394422664124318,1955,256
3521,0.9608209497374253,0.53899780644681,1951,256
3522,0.03712054156864065,0.6769522104897516,2062,256
3523,0.10922098992426339,0.312845642315794,2113,256
3524,0.12125852771635343,0.5356848504540818,1978,256
3525,2.870757735800872,0.2590909031580973,2156,256
3526,0.19747895004933422,0.7737448127834841,1984,256
3527,0.18090465768416342,0.9734683569289582,1940,256
3528,0.726064192459397,0.8017443747920727,1947,256
3529,0.0102432938806855,0.5117613683221158,2096,256
3530,0.6695330918452127,0.395328665636799,1947,256
3531,0.05303281907446262,0.3590271269408189,2173,256
3532,0.055855154777155115,0.2651740091860753,2073,256
3533,0.0003450982482223779,0.8885134439756279,1999,256
3534,0.8619766636811725,0.5671383917616124,2120,256
3535,3.100023717580989e-06,0.2482196771400096,2006,256
3536,0.4236872241172451,0.8761325399834166,1966,256
3537,2.1573440453418793,0.429250118167199,2055,256
3538,0.07703201167941079,0.6488854778961276,2160,256
3539,0.6979074564139257,0.4025017613484691,2028,256
3540,2.3004645009470703,0.8181875357486846,2142,256
3541,0.7044167486810343,0.2132348942684473,2058,256
3542,1.2405080502012138,0.8648007218235616,1921,256
3543,0.7320320119428845,0.8374498106714634,1969,256
3544,3.690758932412386,0.4546188325066572,2001,256
3545,0.006269336424797802,0.0418605139792711,2034,256
3546,0.8011671281019692,0.4084895140822719,1958,256
3547,0.09362317675745184,0.004194785257926,1951,256
3548,3.837961039675704,0.2368167419649814,2106,256
3549,0.021225860736976628,0.8527922192434972,2117,256
3550,0.056782419492667054,0.2202284621658589,1969,256
3551,3.41843738274334,0.2649445472718298,2027,256
3552,0.041153745853806156,0.5216144148184648,2082,256
3553,0.09744949445755129,0.6395837938061391,2173,256
3554,1.3724375437275989,0.147351904733103,2119,256
3555,2.7623852590410584e-05,0.2271995264831089,2116,256
3556,2.508837937114771,0.4166885434174817,2049,256
3557,0.001111095474210065,0.4902167092106934,2029,256
3558,0.0011194497819439794,0.6911093614244536,1949,256
3559,1.0470824609285716,0.5523597287249592,2122,256
3560,1.851035253482631,0.3529988722846768,2020,256
3561,1.423751697695162,0.2920443172745461,2154,256
3562,0.11489003613328704,0.0526557585823475,2007,256
3563,0.07324790465255175,0.3812948169469379,2083,256
3564,0.07983118656701595,0.5493077747026799,1953,256
3565,2.340585558677355,0.0375326099742917,1929,256
3566,7.299857530008453,0.2247904862825103,2156,256
3567,0.00011729187096753315,0.7304907932197583,1965,256
3568,0.006631105800752295,0.0197475719711285,1987,256
3569,0.0004096919644483759,0.1016574074390366,2158,256
3570,3.965907710014414e-05,0.6123728439170162,1958,256
3571,2.4335028718339005,0.7192527284282119,2171,256
3572,3.8104781853187992e-06,0.1767309748567399,2044,256
3573,0.8566783600919765,0.8711688480966985,2030,256
3574,0.20934850750513753,0.2253249042477603,2018,256
3575,0.2652296768637527,0.7737032272554454,2173,256
3576,0.6891815605230128,0.9957542575228177,2116,256
3577,3.053136938028623,0.5755272447399392,2061,256
3578,0.5014512940586566,0.9143886427227912,2067,256
3579,0.011182456123354376,0.395687611190792,2135,256
3580,0.007977902699778603,0.5118579898135335,2175,256
3581,0.008616630466273947,0.728451406782295,2077,256
3582,3.277297979542365e-06,0.8675303330467335,1932,256
3583,8.306304508047675e-05,0.3988447957545504,1927,256
3584,0.23369846597948443,0.5706282359424242,2050,256
3585,2.916267462288644e-05,0.4934171449622884,1935,256
3586,0.6429238048789816,0.7440856346781712,2162,256
3587,0.6479369737558108,0.8884575568320607,2073,256
3588,0.6889744663736725,0.2555494979569428,2176,256
3589,0.0015189091710866372,0.6598563082270276,2144,256
3590,1.762433363092735,0.731295078438072,1971,256
3591,6.481268191104098,0.6434467413650347,2000,256
3592,0.34046983476665454,0.0656256817284509,1956,256
3593,0.34510392264519074,0.1081356838425008,2037,256
3594,0.1717323008525416,0.7687781083443257,2076,256
3595,0.13164547892549483,0.6617647417340184,1987,256
3596,0.1379237692953622,0.1481904972836789,1966,256
3597,0.0009146489030244158,0.2366740469770192,1937,256
3598,0.42886890025276986,0.4007427591113597,1935,256
3599,2.5934494114312554,0.9253890915688796,2095,256
3600,5.587080471630912,0.5819035965553492,1957,256
3601,0.7796193692424396,0.6411675579895985,1953,256
3602,6.136056031649692e-05,0.9117780910405134,1980,256
3603,0.12533800574817588,0.6299245157499265,2103,256
3604,4.780188803125293e-05,0.3437517637033467,2061,256
3605,0.031770081443754164,0.3001475149852672,2133,256
3606,0.3970330492837336,0.9823596812917076,2021,256
3607,0.37102853223380516,0.9544589942506142,2053,256
3608,0.18920554603619477,0.5619728730459816,1958,256
3609,0.3288202275646856,0.6113834090764274,2044,256
3610,0.0025610068419967247,0.9935863655913022,1938,256
3611,0.6223035032733266,0.2771298234233667,1974,256
3612,0.17650237673486083,0.5608530766702043,1949,256
3613,0.8726536258167704,0.6749592648612577,1924,256
3614,0.0021587688895405304,0.7024248591920154,1965,256
3615,0.13302735988256675,0.0658425128016391,2024,256
3616,0.15375469797006133,0.613638785889529,2058,256
3617,1.871397827323159,0.3886277340475926,2093,256
3618,0.05443977198348905,0.0144923617014611,1976,256
3619,1.0237311570416627,0.1336029615318607,2091,256
3620,5.650613126450728,0.8765430368754874,2021,256
3621,1.677578392125723,0.5426623928380349,2016,256
3622,0.03919759645860147,0.5804602497460779,2108,256
3623,0.07413295528689526,0.3093599509808199,2124,256
3624,3.8172955489812024,0.5609519613966215,1968,256
3625,0.07662938543873282,0.5171030992933231,2079,256
3626,1.6675021594909607,0.2997276835360239,2099,256
3627,0.014909050414929844,0.6046016178780065,2138,256
3628,0.599333771969365,0.1960701326841627,2082,256
3629,1.2250913069796432,0.3556442361304525,2102,256
3630,0.05469068533685627,0.7582108501217837,2021,256
3631,0.9652805412399367,0.1283408082810736,1979,256
3632,0.192814981654978,0.9276068154564407,1969,256
3633,2.166125919447707,0.7815230643082526,1967,256
3634,0.7251558985483424,0.2920571708607431,2096,256
3635,1.3193888971883772,0.5680699609728888,2153,256
3636,0.04484928610105389,0.7332502947615659,2161,256
3637,2.300468321479159,0.6186382067217933,1967,256
3638,1.2643678048509555,0.9222267008535848,1967,256
3639,0.2631517818516375,0.5845178996494148,2059,256
3640,0.0129440457164059,0.4997339162683669,1976,256
3641,3.613862693854298,0.3287342758986789,2052,256
3642,0.0020354811312109406,0.1891117568890232,2170,256
3643,2.104359746903877,0.98742836530661,2070,256
3644,0.0033089561158809997,0.0494231918764199,2082,256
3645,0.07541852431315424,0.7212311981492494,2042,256
3646,1.103085513703003,0.4499641333491037,1994,256
3647,2.1091792824854716,0.5830818964631881,1999,256
3648,0.043851917815896715,0.5849907651836598,1961,256
3649,1.0570571624777718,0.6970153699748045,2049,256
3650,0.0013623018280929967,0.5970901936631828,2023,256
3651,0.3000851688347354,0.3461606657669652,2041,256
3652,0.027690285855502976,0.6366521595191708,2168,256
3653,0.0030142631347973314,0.2598050965701096,2090,256
3654,1.8611288772578374,0.0642497472757031,2141,256
3655,1.9008658163076364,0.9867307295588764,2074,256
3656,0.7811400426555954,0.8128868694179784,2120,256
3657,0.3084047198639363,0.1702796262299795,2138,256
3658,0.00033404782073418653,0.6919136157360734,2080,256
3659,0.03358291978383708,0.8753981355021534,1920,256
3660,0.612426814705174,0.2103161641444446,2067,256
3661,5.3819026698677,0.2328285112084117,2040,256
3662,1.9874752128863073e-05,0.0153735678844282,2035,256
3663,0.0009808788851131667,0.3316146252983094,2165,256
3664,0.0038334967597869547,0.2632346977233031,2079,256
3665,0.706709108051572,0.0370127923907322,1930,256
3666,0.006839664081809988,0.7466877768158284,2136,256
3667,4.506829963419671e-07,0.5870324283432817,2156,256
3668,0.09117599472167295,0.8517078803382077,2122,256
3669,0.576674959979808,0.9312418154637312,1927,256
3670,0.042543313371997085,0.0528524723785904,2091,256
3671,0.04277198829783239,0.0383684696974977,2041,256
3672,0.00014446432306205794,0.4532355463412417,2053,256
3673,0.00023762781763163757,0.4584644183517196,2158,256
3674,4.872968089856039,0.0094675504463153,1953,256
3675,0.0008310509783926402,0.92956196499863,2101,256
3676,1.1057806184002796,0.5313245280659997,2099,256
3677,0.3693425319646645,0.5830245652592755,1979,256
3678,2.3323271433117028,0.3104881045558498,1920,256
3679,0.5167250588991514,0.0975224586798545,1933,256
3680,0.14376870126326888,0.91801538519724,2125,256
3681,1.5322082187497097,0.3505299715674913,2137,256
3682,0.0002692168785272283,0.5550043794031374,1954,256
3683,0.0056974575077118035,0.9200472348272016,2146,256
3684,0.23748396449452513,0.4344804124468749,2171,256
3685,2.1850391909575646,0.8616788348879195,2036,256
3686,0.26194056933806553,0.9500767416397348,2151,256
3687,0.12929587736568993,0.0588894479666647,1920,256
3688,0.0006874747781882001,0.5570287154863119,1930,256
3689,2.6437312926002585,0.806599080250806,1943,256
3690,0.002533774958627092,0.9444902695202348,1977,256
3691,0.3000760894204465,0.2438196204290379,2128,256
3692,8.877557236636111,0.2439047510879878,2066,256
3693,0.009371513359214972,0.1966496047383928,2103,256
3694,1.0813081036875287,0.8415747580316989,2083,256
3695,0.0016659000895360525,0.3280896589175998,2022,256
3696,0.8823033705983125,0.711195664300659,1982,256
3697,1.8121033578576868,0.825557993812731,2133,256
3698,0.00011007319231565284,0.2308911029680451,2130,256
3699,19.936556648486064,0.8106579278598829,2084,256
3700,0.6216335221108934,0.3510807996493593,2121,256
3701,0.0031774506838447318,0.1087295521162875,2030,256
3702,0.00035428110517731056,0.7681610868981507,2165,256
3703,0.003571477947908095,0.6823016669968546,2097,256
3704,0.00524522354970284,0.0719813842670713,2168,256
3705,0.00012643986255906093,0.6356247712681473,2069,256
3706,0.037629581780208025,0.1639143770967585,1980,256
3707,0.035200611083198274,0.0687894769930689,2028,256
3708,0.2592033987069986,0.5407710846093218,2073,256
3709,0.7816324764949284,0.8138942120454948,1967,256
3710,0.006862420107141272,0.210626845713676,2026,256
3711,3.813512212074496e-05,0.2032773824787869,2103,256
3712,0.8428052630166654,0.739473592590615,2120,256
3713,4.798050640407761,0.7125722267694565,1958,256
3714,0.0056709774626633475,0.2667223522640708,2174,256
3715,3.090336807354184,0.724816640754898,2028,256
3716,0.26816444115623905,0.1071741757084405,2132,256
3717,0.0033615203054161566,0.6896514981251581,1936,256
3718,0.22870803799593523,0.5117638369274379,2112,256
3719,0.0045681824461453885,0.9555405513931892,2127,256
3720,0.022164909023966978,0.603879435926697,2152,256
3721,5.61920615847999,0.3237172334117043,1933,256
3722,2.2373610731802642e-10,0.5730676906860869,2127,256
3723,2.578931966890241,0.7452823428682583,2017,256
3724,0.0006947237077453194,0.7557259319002444,1976,256
3725,0.19200103833734827,0.0413950377199636,2081,256
3726,0.24275951894812658,0.3249151463917218,2046,256
3727,0.11424449007013782,0.7608326180893855,1968,256
3728,0.006383113937411724,0.1661956881319196,2035,256
3729,0.15132487390634008,0.4517783693031713,1933,256
3730,0.004152888391678495,0.5074626910576894,2136,256
3731,0.04813483109934659,0.0465242844996948,1950,256
3732,0.0006047219336702629,0.2590980962919094,1991,256
3733,0.04708318099060238,0.601836486257273,2127,256
3734,0.570157923494268,0.950483051605712,2084,256
3735,4.425183084440407e-06,0.0496467482886864,2029,256
3736,0.0019259254317090513,0.4438808274901604,2163,256
3737,2.2125593394206065,0.7357022690690861,2157,256
3738,1.8737029039974884,0.2301971436192476,1993,256
3739,0.14232884164762286,0.8747534353023132,2015,256
3740,0.08207844713072215,0.9709949751548822,2087,256
3741,1.3104119630131068,0.7837063648447521,2058,256
3742,0.0001509453895619415,0.1697332220448586,2038,256
3743,2.585042681868913e-06,0.5751996173870495,2045,256
3744,3.004422493265442,0.7939944563889918,1956,256
3745,0.00019095723437073878,0.0987236136873328,1977,256
3746,0.0006113012203258348,0.6892824183198257,1934,256
3747,0.004782180721516597,0.1982977450599664,2122,256
3748,0.7810276544705262,0.0350309160025061,2034,256
3749,9.887689374040891e-06,0.0662340784576109,1979,256
3750,0.013178430195150028,0.6368121633754493,2150,256
3751,1.2988865634968675e-07,0.4892263070769762,2133,256
3752,0.009661957794540911,0.5155085904538979,2160,256
3753,0.4950825873403508,0.4541610014721648,2136,256
3754,0.008217480725209503,0.9911389375640636,1941,256
3755,0.5942505988933048,0.7316689955251318,2122,256
3756,1.3571161864829833,0.6347353904498915,1955,256
3757,0.00893163577493367,0.1620510406103497,2099,256
3758,4.570932803525088,0.3975622588571297,2147,256
3759,0.0025788236675080476,0.3498147714505299,1965,256
3760,2.9509399149526145,0.5810435591214733,1980,256
3761,0.00950029075063663,0.6231721414997095,2118,256
3762,0.5718598838578559,0.833804071243047,1933,256
3763,7.469138500620131,0.2472325393954438,2148,256
3764,0.0007779155475372128,0.7942274596541082,2100,256
3765,0.07455258460323112,0.2717147549779052,2039,256
3766,0.0013642703132919038,0.2657777202959578,1927,256
3767,0.783033474115192,0.0472170862999902,1976,256
3768,0.014735656097748883,0.9867719779911996,1970,256
3769,0.008599373003111954,0.0661712625491005,2172,256
3770,0.2594949356787259,0.905029373514532,1943,256
3771,10.284417480568784,0.3614997777378437,1947,256
3772,0.08030260138074724,0.1446034002143104,2137,256
3773,0.16102230032749137,0.1894040797637327,2112,256
3774,0.043971690628249925,0.5675501803854841,1933,256
3775,0.036548114381770046,0.8991958806530154,2176,256
3776,2.52175885564297,0.3243726324283751,2085,256
3777,0.7966809479196966,0.8227668886505458,1945,256
3778,2.283602314297771,0.6222909952567931,2035,256
3779,0.30205099244320216,0.3747783837834415,1988,256
3780,0.0011043141181310248,0.8347925154029864,2077,256
3781,0.11418500986082883,0.6941762695059078,2165,256
3782,1.1349841363879607,0.9948018650117472,2066,256
3783,0.30542078445349075,0.6385553048321279,1939,256
3784,3.6661512082771633e-05,0.6384249846563514,2158,256
3785,6.215748158108337e-05,0.2944754132672346,1927,256
3786,0.00023529754174455932,0.6814660975709252,2129,256
3787,1.9668775946970984e-06,0.2578623838765684,2167,256
3788,3.4146840031339303,0.0815753512844673,2089,256
3789,0.19074572196534903,0.6601800682412318,2067,256
3790,0.00019427176475239968,0.1105241804060876,2014,256
3791,0.05026595136685532,0.4954914881066646,2156,256
3792,0.14843430311043831,0.6199829018316876,2112,256
3793,1.6810480774840464,0.00920814525751,2010,256
3794,0.0005806703902185379,0.7970064240759348,2096,256
3795,0.1341498778384232,0.8574968049282056,2078,256
3796,0.010277614856119135,0.2035195004850782,1986,256
3797,6.18021579002811,0.6313063632143702,1983,256
3798,3.5653898873610186,0.2431040161020817,2062,256
3799,2.5761856711702937,0.0124820345788629,2123,256
3800,0.11323331702954184,0.6350209576337131,2098,256
3801,0.0858465475539271,0.8084774549067079,1925,256
3802,0.0008910197779469539,0.7228541489489854,2156,256
3803,0.041466416716410326,0.3895993946555042,2139,256
3804,0.054600404477112875,0.9243881280921664,2174,256
3805,0.8418962990415758,0.611718082139427,1921,256
3806,0.002728150042444742,0.6765021205256221,1965,256
3807,0.007213515495915225,0.9618361200111138,2168,256
3808,0.00018006763759824274,0.8334004314310409,2055,256
3809,0.028973547657401892,0.9487705645605872,2174,256
3810,0.03948472455772076,0.9823255624905418,2125,256
3811,0.7698791661439128,0.6106715190584545,2020,256
3812,0.7699542932765445,0.7688701876641528,1934,256
3813,0.0012296793522549845,0.6788117685898755,2057,256
3814,14.107204867782242,0.5670890222764007,2149,256
3815,0.017354311583487398,0.3434288978063445,1920,256
3816,0.03290807944408574,0.9151618056585874,2016,256
3817,0.043071977388755824,0.9815236889014766,2171,256
3818,1.2847129580583454,0.2911823625032792,2009,256
3819,0.4896521488712484,0.5573162034162511,2083,256
3820,8.828047477900515,0.9362461669681026,2152,256
3821,0.5263716487187629,0.4952173406403295,2033,256
3822,1.3040432996172129,0.4258521208494419,2096,256
3823,0.02081056279288022,0.7956636917547639,2061,256
3824,0.6589612805449933,0.2008369050288483,1982,256
3825,0.00803514911933756,0.4469136046548546,1951,256
3826,0.5839103637592736,0.4807296237794066,2151,256
3827,12.764443369085633,0.9189338152244388,2111,256
3828,4.524580636631246,0.6432482445486966,2093,256
3829,2.3271531952032007,0.6271829457977571,2021,256
3830,0.05444764713992441,0.6680197081820064,2007,256
3831,2.386234695018453,0.0865686674420421,2081,256
3832,0.12797462873538865,0.7209025433271337,2063,256
3833,4.229486150929228,0.0391313732133032,2018,256
3834,0.016059724477011032,0.1974425612594299,2094,256
3835,2.7923512047238632,0.0443755356878604,2147,256
3836,0.16823776439582874,0.4619427749280871,1977,256
3837,1.6139004251423243,0.2962867188362027,1976,256
3838,0.14903459026482907,0.8037641804590311,2174,256
3839,4.721000638116828,0.0428476489855094,2035,256
3840,0.00034958109459636174,0.8602695801967593,1972,256
3841,0.0001977000611860464,0.4637461787701642,2056,256
3842,0.00203903551871493,0.7679334876668716,1946,256
3843,0.014440297373631637,0.6928141824522587,2047,256
3844,0.6301917384453078,0.4677726415175791,1922,256
3845,0.6062533824874454,0.6055774351603113,2022,256
3846,0.043942481190586406,0.9190026904078904,2075,256
3847,0.17802333476625512,0.6516435722565496,2087,256
3848,0.06918491658574898,0.7561064834344235,2028,256
3849,0.05013361676906663,0.3481987728546177,1988,256
3850,1.4209781013196476,0.03643897239759,2005,256
3851,0.013724129502313942,0.2240659617075898,1950,256
3852,0.012325558009934852,0.012073501393504,2037,256
3853,5.854104961723553e-09,0.9750052352189036,2144,256
3854,0.03274766933525106,0.4488382063811409,2075,256
3855,0.0002988538924305974,0.7564246292638471,1950,256
3856,2.4511976869998602e-05,0.6838705161618414,2001,256
3857,0.003465274050110805,0.0202464789932527,2098,256
3858,2.1648007845690427,0.2653254704530253,1958,256
3859,1.799247514254641,0.3624645467846136,2083,256
3860,0.014455583933707838,0.8622417658992636,2049,256
3861,0.8090132821431134,0.5061545211725212,2017,256
3862,2.558132561502382,0.7037338298407001,2172,256
3863,0.009414529361557875,0.4544679366057444,2078,256
3864,0.5940722617392841,0.3281903875426366,2000,256
3865,0.029844735771357874,0.991447325965798,2030,256
3866,0.0008018696917550345,0.4965112918109294,2035,256
3867,4.342354957867472,0.7946574015810128,2092,256
3868,3.766607464679098,0.0974539181671446,2031,256
3869,0.17373557137239043,0.8850849923151575,1959,256
3870,12.711326611454519,0.2973770883350979,2044,256
3871,0.08710558365439651,0.3474163448698603,1922,256
3872,1.5180813466222584e-06,0.1012032304847698,1974,256
3873,1.8077083522631894,0.9059967392793044,2164,256
3874,0.0016853542002685158,0.6606964612765834,2107,256
3875,1.0331149096248087,0.0906850508294763,2081,256
3876,1.0411281256634615,0.5779717379505886,2032,256
3877,0.019542537048720204,0.8160427423595717,1962,256
3878,1.7033494945518026,0.1230868239530631,1930,256
3879,0.6167215926415207,0.746361809597387,2169,256
3880,0.00010607797565432391,0.594612229987493,1994,256
3881,0.6013108752656294,0.9927744896510734,2054,256
3882,0.006451692337755422,0.0062348009704658,1975,256
3883,0.11440469601996008,0.3199544632924169,2028,256
3884,0.016193809342130255,0.9489278708090336,2130,256
3885,0.9319155379455011,0.702482580055103,2122,256
3886,0.13769212209600132,0.3287968139275842,2143,256
3887,0.1356160303149414,0.1511447576907543,2029,256
3888,0.2564134442471989,0.4328862372146915,1996,256
3889,0.19743394921903462,0.0039127014764075,2118,256
3890,0.13227843631456554,0.2294429900574478,2051,256
3891,0.25312653619460795,0.3043644220018412,1967,256
3892,0.24468228780811885,0.7632286711469624,2032,256
3893,0.01981138556618133,0.0550804838266318,1965,256
3894,6.023134752579325,0.6695644470749156,2093,256
3895,0.011040238561459977,0.8341654714695862,2106,256
3896,0.1791879005721469,0.2325127214893437,1953,256
3897,0.18454831606219055,0.3264573141605676,2016,256
3898,0.00042748980609820254,0.8073655826085515,1988,256
3899,0.30719028945016774,0.2701918910931759,2064,256
3900,0.42331883704822126,0.7861713725966518,1937,256
3901,5.329785223678598e-05,0.8091486200727761,2114,256
3902,0.08481160316264899,0.7946427002894787,1957,256
3903,5.682402359502825,0.377132024752203,2028,256
3904,5.228442820144512e-07,0.326447407408331,2048,256
3905,5.1604096638880455,0.745162247706759,1950,256
3906,0.07865347097080926,0.7686457038868063,1920,256
3907,0.12265323401554876,0.1379092079261039,1984,256
3908,0.02517808571708404,0.6695391471817819,2169,256
3909,0.9197112453588907,0.1944746779110272,2116,256
3910,0.1903582179626714,0.3212772013875891,2152,256
3911,4.25864460079415,0.3514534541430492,2171,256
3912,0.09708679779264998,0.9126850781956608,2034,256
3913,0.01418004645862367,0.5976975627162565,2092,256
3914,1.0797756518433435,0.2195072173407232,2089,256
3915,0.029367874375769557,0.8203664056404965,1960,256
3916,0.03273875285527145,0.0418886171762264,2086,256
3917,0.11372501009712542,0.3331886356424526,1970,256
3918,2.176941822518229,0.9805480181282314,2170,256
3919,1.203899492590173e-05,0.2690894256760957,2100,256
3920,0.029224972657522715,0.5973490684385233,1952,256
3921,2.6635163702769007,0.5694732915880851,1927,256
3922,0.02035207222883989,0.9553052992436616,2027,256
3923,9.491168779633532e-05,0.1938133658799221,1947,256
3924,0.0007464412950746168,0.6324372130151925,1991,256
3925,6.6157085051739575,0.0162527300696153,2147,256
3926,0.3328665682436957,0.7006100470421539,2040,256
3927,0.11366290736866871,0.4622298130135847,1980,256
3928,2.4494891216030502e-11,0.626566938285583,1975,256
3929,2.4805495357707948e-09,0.2060731361096629,2069,256
3930,0.028779334626635858,0.2646411326956692,2040,256
3931,1.6846674595109163,0.4094572515324779,1943,256
3932,4.820506705900622,0.3395518608778187,2069,256
3933,0.009320604157311702,0.5520248062548606,2108,256
3934,1.4683626519874349,0.0228958919385358,2044,256
3935,0.16359801085658723,0.4527732106380665,2099,256
3936,0.022655064025085443,0.853865365386963,1965,256
3937,0.38933045255871346,0.7565044817538461,1932,256
3938,0.000733665368462817,0.0444574604690271,2082,256
3939,0.032428612813329045,0.4706396386182464,1984,256
3940,1.888381770828842,0.8803235365830443,1982,256
3941,8.718607280040645,0.2760706070924253,1950,256
3942,1.610178682978424,0.034155821090716,2078,256
3943,0.060842010276396276,0.3355701661045689,1996,256
3944,0.002314039775698745,0.0973352689648147,1945,256
3945,1.385888937883153,0.3559048708016868,2080,256
3946,3.084316193960785,0.5658110352752524,2056,256
3947,7.213975795303364e-05,0.3450864743993387,2002,256
3948,0.21224221541833066,0.6803190208582344,1995,256
3949,3.9141587132527755,0.5518290272647897,1979,256
3950,0.014107480981628128,0.8265050062428111,2005,256
3951,0.6469709254864334,0.6248187134335046,2172,256
3952,0.0735780267773765,0.0885957817410307,1922,256
3953,0.7273299173876723,0.0483815909442766,2022,256
3954,0.24767006945741724,0.7692286717718506,2150,256
3955,0.6294151799551051,0.7955075473545297,1930,256
3956,0.19112612258006195,0.871582605131666,1941,256
3957,0.00042691698061776305,0.423021985393623,2157,256
3958,0.009714188993547743,0.3068065359173366,1979,256
3959,0.049247325190157065,0.1477161243241984,2142,256
3960,10.144106000219384,0.3245981252591706,2029,256
3961,0.027165205414201542,0.992085948837256,2150,256
3962,0.016734703335737504,0.5829814602522292,1947,256
3963,0.12940047278259217,0.9032202171429864,2059,256
3964,0.18912593491434612,0.5885693740821439,2081,256
3965,0.03756656356478702,0.966823117652929,1930,256
3966,1.2156435232948946,0.9804143417920448,2158,256
3967,0.011413754433622691,0.6180809792070111,1979,256
3968,0.1338334493595901,0.6773931420991146,2108,256
3969,0.0008186404129654697,0.4914862895133293,2001,256
3970,0.06440012573669286,0.9319128045638062,2013,256
3971,2.911910377277073,0.310605720222682,2101,256
3972,0.034404971031511036,0.4055726208527745,2075,256
3973,0.3352725163993942,0.4614021485275034,2068,256
3974,3.0713639147363465,0.1790427175617197,1921,256
3975,0.06881783053112714,0.3738122490226456,1944,256
3976,0.06200615557093406,0.4410718769346827,2156,256
3977,0.003770658535942327,0.7493113788795134,2026,256
3978,4.759553307567134,0.0805967232239064,1937,256
3979,0.043513939076839474,0.1688022583161804,2148,256
3980,0.00012680354202035138,0.6405831602020718,2109,256
3981,1.319247556827106,0.6679279015066648,2007,256
3982,0.050067043416209406,0.9850122424541105,2161,256
3983,0.0009280168944586434,0.2239304972607148,2103,256
3984,3.5996783825697705,0.9454647738787924,2007,256
3985,3.2598324476624405e-06,0.8303723455611441,2063,256
3986,0.0003849421852631109,0.5616191930624328,2090,256
3987,0.28519861086754994,0.4470334540637866,2013,256
3988,1.7101885512681874,0.0512890030415161,1946,256
3989,0.0032581737959552133,0.8087286667728733,2073,256
3990,0.027775519250408325,0.8039201950301799,2110,256
3991,0.0029789037117359508,0.3597804517972837,1977,256
3992,0.03379214567271317,0.6096743603505557,2132,256
3993,3.468099510129398,0.4790481117645078,1991,256
3994,2.801214412278314e-05,0.046049788889762,2027,256
3995,6.954140581680215e-05,0.309164287631348,2059,256
3996,1.244266263924431,0.5707577640628351,1923,256
3997,4.652411553915101,0.8668743165202061,2062,256
3998,5.98318525673469,0.6985940191088327,2007,256
3999,1.9379392725391844,0.7576153983929825,1924,256
4000,0.5698581166328653,0.7119289474537305,2044,256
4001,1.4669119619048867,0.5455974538307401,2009,256
4002,3.1824744124430477,0.4953215312769493,2075,256
4003,2.003644569642215e-06,0.657159971609125,2015,256
4004,0.23120155509048185,0.363371824479454,2067,256
4005,3.0930402634538767e-08,0.7544795334102984,1976,256
4006,0.5408763150554495,0.4845630036013283,2151,256
4007,4.039233724440819,0.946247895465484,2100,256
4008,0.07822591863708254,0.3492077774728107,1979,256
4009,0.23321433962321253,0.5195094653844098,1942,256
4010,0.11724921603451596,0.4908619474322289,2079,256
4011,0.3518753354058564,0.2607928138990832,2001,256
4012,3.838129867128409e-07,0.2258294361547068,2020,256
4013,0.6439847459527921,0.444109657284185,2003,256
4014,0.2763955798765023,0.6733704552370419,2057,256
4015,0.8813965323268051,0.4631201933724699,1943,256
4016,0.007494709573324122,0.9493044203204286,2031,256
4017,0.07154146180320496,0.4898510169038578,2062,256
4018,0.0114755878552195,0.4931045226877207,2002,256
4019,0.43276372100875543,0.4390460036986727,2110,256
4020,0.027182162491539225,0.4196236301853716,1983,256
4021,4.390057362332197,0.3302296704894745,2160,256
4022,0.16959592535437404,0.6890862431044127,2140,256
4023,4.222471857059014,0.974271552040452,1941,256
4024,0.29732597580182857,0.6583434298205366,2074,256
4025,0.3508081179950663,0.8456934719121703,2100,256
4026,1.56169981098613e-08,0.7995035874192529,1943,256
4027,0.4665665971049932,0.6229520638860229,1920,256
4028,4.488058241872399,0.5880205358600548,2103,256
4029,8.302879551257366,0.352316904602716,2133,256
4030,0.04676114329038912,0.7667237780118282,1991,256
4031,0.8687638438396,0.397696588130038,2159,256
4032,0.001053629390454767,0.4256018145328683,1936,256
4033,1.1304996008959283,0.2744574169972241,2012,256
4034,0.03524857583042264,0.9690041752446152,1925,256
4035,0.4636341608361246,0.64237493786756,1935,256
4036,0.002500670687396084,0.5243832537893711,2176,256
4037,0.4619248877557869,0.839673861365708,2013,256
4038,0.32445409289362914,0.3675810698761381,1947,256
4039,1.788180855773072,0.7036781854580619,2077,256
4040,0.15885671014113617,0.9433004664031928,2131,256
4041,0.23219313614777956,0.6574965898960151,2112,256
4042,2.9548904723021385,0.1838158486545362,1975,256
4043,5.248971203844584,0.107515621331666,2063,256
4044,0.00026241850107291823,0.2757416620288714,2052,256
4045,0.006297050578816257,0.5619835223009723,2067,256
4046,0.09306918967152791,0.066604937218474,2143,256
4047,2.562273397090132,0.7950965156679611,2047,256
4048,0.0020281783635539645,0.7150555099841708,2061,256
4049,0.37488112410731034,0.0466785450586387,1997,256
4050,0.02340979825470211,0.5411308513926384,2041,256
4051,0.002260614853008033,0.0656923315065327,1992,256
4052,13.767158495932282,0.289310771668838,2074,256
4053,0.716685321934224,0.1499011845521338,2168,256
4054,0.0023131916532458845,0.6676752641078461,1994,256
4055,0.10341182562128816,0.3579655535227242,2028,256
4056,0.003220156197349514,0.0792356419935259,2017,256
4057,0.010900063584026155,0.9311690185278052,2095,256
4058,0.07211296099475259,0.0514112809022431,1971,256
4059,0.07865619638974894,0.2505313657654151,2065,256
4060,0.0421564480580284,0.8683746870838442,1941,256
4061,0.00039456900904275965,0.328982528577696,2002,256
4062,3.807905199179306,0.5565280665140853,2162,256
4063,1.4658030453767685,0.9959011866427117,1969,256
4064,1.7452920111538075,0.4775088496729681,2173,256
4065,0.00036827174444176646,0.8470429258597386,1967,256
4066,0.3105350424822754,0.4219947789828434,2132,256
4067,0.062439138219013306,0.6592561238898822,1939,256
4068,0.09790066359632045,0.3238545597531926,2082,256
4069,0.22719915234775165,0.6288985919986515,2014,256
4070,0.003911192626109371,0.1244167959928537,2022,256
4071,0.2430629033774419,0.2057022493109676,2125,256
4072,0.11063554817051315,0.6287670720955884,2149,256
4073,1.0960642807381307,0.3613501321989046,2139,256
4074,0.36480085452982647,0.5880064084108019,1972,256
4075,0.000316184420972532,0.5552766385289886,2016,256
4076,0.2694715331991405,0.4894871002025327,2016,256
4077,2.5795406019862416e-07,0.3976597249826129,2146,256
4078,3.835741095451398,0.2749866084132176,1942,256
4079,0.005221521125285458,0.896405041587452,1960,256
4080,0.004484107845170642,0.7799106907754315,2153,256
4081,0.8435243820684875,0.7499832401702875,1944,256
4082,1.57466438551514e-05,0.92882808816134,2166,256
4083,0.09317518576929895,0.9923357811174144,2175,256
4084,4.030043492343892,0.4391871904408955,1994,256
4085,0.9997357389663201,0.8346636144178439,1955,256
4086,0.8617984047530625,0.876154509699773,2028,256
4087,8.228178656420477,0.0313580626701462,2112,256
4088,4.8335658197563385,0.7684337384160469,2066,256
4089,0.001994190847182923,0.7868335920331154,2033,256
4090,0.8611045425828658,0.7795285982431411,2062,256
4091,0.15252580781829467,0.0830256166075616,1996,256
4092,0.6252115238414371,0.9782550893937972,2024,256
4093,4.738057749557788,0.3675524863430383,2083,256
4094,0.0017090425651550012,0.2528067612841537,2038,256
4095,0.05874174371508164,0.3610542551939294,2066,256
4096,0.43666092366272413,0.9555351004856942,2099,256
4097,0.0004797957203445887,0.5510015928305576,2171,256
4098,0.03975758083411355,0.6188389711909879,2061,256
4099,1.062009736520168,0.8063424448856038,2145,256
4100,1.8758817995655215,0.1997564012127887,1969,256
4101,0.1493738126659915,0.1373150217773172,2171,256
4102,0.2031552956601374,0.9642025816295638,2099,256
4103,0.029060109314850216,0.763782448311738,2081,256
4104,0.00356345044951077,0.2830749613725266,2108,256
4105,0.1615278415807954,0.8052922565648247,2108,256
4106,2.257285981791078,0.7853864288824575,2144,256
4107,0.00019898365439565698,0.5972693031428511,2113,256
4108,0.00043885388292836,0.3371449935653875,2125,256
4109,0.0006042695104331762,0.4344640720759568,2080,256
4110,0.013913817746718453,0.4776510699467072,1980,256
4111,2.512748254569303,0.9729124797490318,2063,256
4112,6.080300485559368,0.0099548183287188,1981,256
4113,0.04280254522004497,0.5905139220991523,2023,256
4114,0.010730537942982041,0.1960888149804064,2047,256
4115,1.804466101844926e-05,0.263877948524244,2018,256
4116,9.6444472495643,0.4020950144932725,2126,256
4117,0.7541772841754145,0.8264571359347822,2169,256
4118,0.16167482021454285,0.2037634134562141,1982,256
4119,0.00015005659756490403,0.1742554893866923,2145,256
4120,5.064999721560395,0.6905040496901664,2116,256
4121,0.10707836912980932,0.6883745245600391,2015,256
4122,0.019896572010437975,0.606219972651255,2143,256
4123,0.014423200515493173,0.3968117218924654,2054,256
4124,0.015870001966557502,0.4427068122227575,2098,256
4125,0.08204190712096412,0.168680521671465,1955,256
4126,1.0685809671384712,0.6300343476018548,1968,256
4127,0.07675776385571621,0.3968418252655021,2078,256
4128,0.011228925030950182,0.9791306613105432,2056,256
4129,0.12621482418323532,0.020528052297108,1938,256
4130,0.002208348865237763,0.6887224258789582,2029,256
4131,0.0011719335313160179,0.1307755848419214,2019,256
4132,1.8915624664761026,0.4757309976682228,2029,256
4133,0.04276229993161591,0.6004880721683101,2052,256
4134,0.0007580502201990677,0.3667615789034271,1927,256
4135,0.0034166039170424535,0.6558686458400947,2119,256
4136,0.3274843764830842,0.6892245997651496,1932,256
4137,5.356991506263097,0.6885689120632855,2019,256
4138,0.1735210082652987,0.3251820741447629,2137,256
4139,0.18308323186521494,0.4772768427248515,2048,256
4140,1.6132358615800937,0.5781244350004306,2113,256
4141,1.5892189780733865,0.1869844260500205,2085,256
4142,0.19114186153762452,0.4876181176068385,1969,256
4143,0.13972947722433418,0.1107044088131935,2071,256
4144,1.8395749548384999,0.3120372261701721,1933,256
4145,0.17769835806456838,0.678689594548039,1961,256
4146,0.9429113206270393,0.1546967158145522,2152,256
4147,8.239992754095628e-05,0.842313731394137,2018,256
4148,0.9441871540206951,0.1503600188673631,2130,256
4149,0.18873581652275007,0.9739537610676224,2105,256
4150,1.3761411024375243,0.4426263782756496,1962,256
4151,0.050281786708123916,0.7641738995564766,2006,256
4152,0.0005407168657901456,0.8581384334028926,2108,256
4153,0.0004969881130534169,0.0597195669595393,1937,256
4154,0.45281520168806433,0.7531655257082498,2093,256
4155,0.4407998204882512,0.3131204630309323,2127,256
4156,2.909709919103572,0.7760183072261526,1936,256
4157,0.4462098087178814,0.6927482220075908,2076,256
4158,0.0010035435130525024,0.7868531456886647,2073,256
4159,0.6609972091705427,0.7992587754256247,2111,256
4160,1.3993644489073056,0.1477769187960215,2094,256
4161,0.582215988619761,0.6168779231608239,2012,256
4162,0.0003623929466396948,0.4678824122973979,1939,256
4163,1.9316670381420622,0.7494130162046965,2172,256
4164,1.163920418164704,0.9038330229836272,2072,256
4165,2.74950005241006,0.0139526638422864,2010,256
4166,9.858243936030146,0.1475836612734836,1952,256
4167,0.0053395075289865935,0.2022081656647704,2044,256
4168,0.5635856828700053,0.524680650862115,2006,256
4169,0.011276834846449311,0.6876916452388917,2166,256
4170,0.08671320084911913,0.0475437446534785,2128,256
4171,1.7726747133583638,0.4341098109029626,1923,256
4172,0.9233580496885135,0.7311009567965545,2128,256
4173,1.4822078147605853,0.4937567650522242,2106,256
4174,1.1481022412915984,0.2743988872940134,2002,256
4175,4.7029365952990165,0.1179271444140928,2008,256
4176,0.0883423134716124,0.0418813889349414,2138,256
4177,1.0160789084031534,0.677539988119135,2125,256
4178,0.05278151078943733,0.5549836056146488,2057,256
4179,0.8543222297425838,0.5126220195567482,1985,256
4180,3.6135599756891317,0.328237860033799,2121,256
4181,0.014834902878247142,0.9726423433145844,2057,256
4182,0.029047533540416465,0.0296842056675572,1975,256
4183,1.007545748889889e-13,0.700685033539372,2060,256
4184,0.00022467570780543953,0.4796695237390499,2131,256
4185,0.0028288093088904816,0.6992983757551683,1923,256
4186,0.6145704959430222,0.6878276723775565,2139,256
4187,0.38339519449284293,0.1382900294886613,1972,256
4188,0.003017719507386442,0.544836638095735,2026,256
4189,0.2912912545472195,0.2571289791492547,2062,256
4190,0.06486379317520245,0.830322681433681,2108,256
4191,0.013163376085888516,0.1865371319865101,2124,256
4192,0.25962181445107413,0.3103784525163955,2064,256
4193,1.3650300712932715,0.9279446480690996,2117,256
4194,0.3347600987079826,0.1799102371716889,2019,256
4195,0.002801580293903055,0.0770360863883063,1995,256
4196,0.041697323910241654,0.0088842627979469,1955,256
4197,2.736632833339708,0.8406708149059803,1959,256
4198,0.015477873185804927,0.629327426582326,2129,256
4199,0.001356503259594342,0.4645374564632467,2074,256
4200,0.014379258016197584,0.6568862343234839,2117,256
4201,0.004880423703742412,0.4307196748599127,2063,256
4202,4.958290494926305,0.6321694255668622,2036,256
4203,0.6122711052919058,0.4512519837559842,2113,256
4204,0.2659520122621851,0.1063816993150492,1977,256
4205,0.10998324098921707,0.8747299683870495,2088,256
4206,1.2404437098816556,0.4821490952837026,2048,256
4207,0.018977008849451953,0.2304985954445874,1993,256
4208,3.5146683631297764,0.7204316464547269,1967,256
4209,0.24153573852940283,0.0287674040599259,2064,256
4210,0.46554164113077184,0.4416461054996985,2027,256
4211,0.0028675771029419233,0.6691188559122152,2103,256
4212,0.38054896486759304,0.3119261136852372,1942,256
4213,4.540396883007602,0.0908368449006019,2005,256
4214,0.02118908200573108,0.3006723775461859,2165,256
4215,4.390443615176922,0.4678667051370427,1948,256
4216,2.4505439855611133e-12,0.4378477820238221,1991,256
4217,10.926647713437628,0.9874969876887388,2023,256
4218,1.604406207699998e-06,0.1764037182501494,2040,256
4219,4.00172170872574,0.8305249002921544,2136,256
4220,0.0007419757392307175,0.3753105149543622,2164,256
4221,0.00036450680261940714,0.1267081556345021,2084,256
4222,3.7623238971014326,0.4329023302300052,2166,256
4223,0.5557277232174793,0.2216549708263235,1995,256
4224,1.6132372482447435,0.5726009402761153,1967,256
4225,0.3029502922051131,0.516305690073777,1926,256
4226,2.725335785794899,0.599041334001223,2114,256
4227,0.5853690909873736,0.0587510579672299,2152,256
4228,0.0359697202989801,0.6060040129151832,2077,256
4229,0.9686909685930533,0.7017019494387378,2150,256
4230,3.158791181512904,0.7240098786168995,2077,256
4231,0.06369457664754734,0.9637070312733688,2126,256
4232,4.141285439120614e-06,0.0251221157759895,1921,256
4233,1.4538890277435887,0.3659754894856571,1975,256
4234,0.21372615178096827,0.5979075499586438,2001,256
4235,0.010548707012457807,0.7587138392378306,1944,256
4236,0.0017373807469471861,0.1854615419319075,2151,256
4237,0.9509393464991465,0.3917516989052126,2097,256
4238,1.1312116550319637,0.1384796362537405,2172,256
4239,0.21321192216138402,0.5193059737176889,1933,256
4240,0.00012858336305005658,0.7325226826236441,1921,256
4241,0.6754829779294123,0.8829202312181277,2098,256
4242,4.553256101898291e-05,0.3509999228525949,2020,256
4243,1.6128641719978059,0.5968679699882742,1958,256
4244,0.00010342749901575986,0.6419336799771772,2164,256
4245,7.207501581378408e-05,0.6978165455032953,2106,256
4246,0.46358700473976394,0.9347131767149636,2003,256
4247,0.09201734674064403,0.164833035012629,2149,256
4248,2.148238073265307,0.3225671529888984,2058,256
4249,0.04601331774367529,0.479756144029951,2076,256
4250,0.16199680729367266,0.3355229692246694,2151,256
4251,0.336951088453235,0.3126491502316116,2039,256
4252,0.00013779823379992084,0.2153465478670007,2067,256
4253,0.08214336728684779,0.6722694294877563,1974,256
4254,0.05319788425077425,0.4246072948676229,1953,256
4255,1.4202557084885155,0.4402449540530361,2004,256
4256,4.894758540903763,0.1123699925014568,1940,256
4257,0.6480503725460675,0.649061048224979,2073,256
4258,0.10083336270566068,0.8626800322295453,2113,256
4259,2.9792020337398207e-05,0.3609686669359994,2014,256
4260,0.49836739684264564,0.3716840181687503,1957,256
4261,0.08854916614429567,0.5026601439130159,1974,256
4262,0.21815159412396867,0.7351431824782441,1926,256
4263,1.3978779618430961e-06,0.6943093809020263,1948,256
4264,0.024231344373074195,0.3162079375370881,2054,256
4265,0.4246250537653045,0.9337228906844328,2141,256
4266,0.007795944661342149,0.9119573884125732,1935,256
4267,0.004467710391206614,0.2995041051688829,2107,256
4268,0.027351663381295476,0.9154899526889568,1949,256
4269,0.8837863929712818,0.521735480306481,1984,256
4270,0.0004053191804058964,0.0922707189267409,2108,256
4271,0.2748090603686595,0.3664781740854144,1988,256
4272,0.2580380963841406,0.0032679808985488,1987,256
4273,7.436527907475139e-06,0.0503999275617442,2079,256
4274,0.05002006476185955,0.6510769904377948,2074,256
4275,0.0005442771559144213,0.3327886412681289,2136,256
4276,0.16918366082934364,0.9179683182729668,2140,256
4277,3.152615432703815,0.3271877902136229,2050,256
4278,1.7748418654108862,0.5288413677590287,2125,256
4279,0.09248291124889287,0.2597583388940777,1946,256
4280,0.08281614043754629,0.5578601055694724,2084,256
4281,0.9266275641436857,0.7814801913579054,1971,256
4282,0.41678401521143243,0.3462873526541521,2149,256
4283,0.5177354454031099,0.9484871939220996,2088,256
4284,0.0037862045667691807,0.3146798865001547,1996,256
4285,0.005706807333761938,0.2768060895866673,2026,256
4286,0.0006386344496425809,0.6991181305042915,2076,256
4287,1.3640549497165644,0.8727953558665548,2058,256
4288,0.04328197524522841,0.3840438457370063,1943,256
4289,1.0645008589579414,0.1740227678959205,1993,256
4290,1.1100861194507425,0.1244791049415041,2134,256
4291,0.44384875532890783,0.9769370287865664,1971,256
4292,6.780829875349274e-07,0.5838065120665356,2162,256
4293,0.49120760245363865,0.2224702853431951,2160,256
4294,0.021232534140182543,0.9549677262130326,1968,256
4295,1.9876640378574124e-06,0.3534316709761902,2089,256
4296,0.017530524401737375,0.9384013717023244,2064,256
4297,0.7092375054920914,0.7721487242918857,2086,256
4298,0.739509495134237,0.9598177056940148,1971,256
4299,1.192910347693794e-05,0.4217271984199255,1951,256
4300,1.2901749834551564,0.0636163340326538,2084,256
4301,0.8181339573966888,0.1478896982398184,1964,256
4302,0.03521086043015786,0.6001986928113116,2014,256
4303,9.095170774979719,0.3397614033045784,2143,256
4304,0.024957509820967977,0.9912903996781448,2058,256
4305,0.7792556351619689,0.6053573288699616,2150,256
4306,0.06225976092542938,0.8332618429374224,2136,256
4307,0.7956568559859036,0.0374210128240244,2115,256
4308,0.0011635261317474394,0.0876617749630908,2068,256
4309,0.0020524750525447045,0.2152721673516426,1982,256
4310,0.0005247134737436864,0.9281803270237527,2174,256
4311,0.184930163849802,0.6135884573378952,1952,256
4312,0.01073310702537169,0.1190110715224288,2000,256
4313,1.5573508334591404,0.3691609601589528,1987,256
4314,0.18223189343296972,0.2277678102024842,2037,256
4315,0.029110810203040023,0.5661534728100882,2024,256
4316,2.261383471104922,0.225733284287816,2059,256
4317,0.0016540327309955017,0.6195983973342416,2093,256
4318,0.2573681684245247,0.4143158882149347,2036,256
4319,1.649482293684869,0.2411595233932287,2012,256
4320,0.02961868069640633,0.411878647306818,2117,256
4321,0.0024289579021170705,0.9219997049806986,2014,256
4322,0.0006403512903139012,0.2604686690119572,1922,256
4323,0.0006454113737751154,0.6635468387064057,2084,256
4324,0.48678007696051434,0.093360103205437,2137,256
4325,0.03882253491982287,0.5035009814207473,2151,256
4326,1.1882328933712845,0.9791436259015942,2097,256
4327,0.34730002630140666,0.1316954213104555,2155,256
4328,1.051055643437227,0.7466229807502062,1947,256
4329,0.1734951449382025,0.1674202608520368,2014,256
4330,7.762382745966933,0.0446193375925592,2120,256
4331,0.13199893768461657,0.5866299133759475,2128,256
4332,0.8814030396961531,0.3242979268349978,1989,256
4333,0.3765533456234191,0.5704906930645276,1941,256
4334,0.006969219277064762,0.2920184182557704,2089,256
4335,4.070135327100902,0.1681397096164441,1923,256
4336,0.014926819129847054,0.8319143853745018,2052,256
4337,0.06334412686778891,0.9794672856494508,2039,256
4338,0.005170218632729067,0.503037950075935,2076,256
4339,3.3884146324322724,0.93075200523724,2037,256
4340,1.4163653479483664,0.1495115540537922,2029,256
4341,0.0776847308015193,0.7435526730288122,1944,256
4342,0.18568839635215284,0.8575387765142968,2147,256
4343,0.8156592058105833,0.7999352435119049,1957,256
4344,3.429962005489731,0.6681267746609503,2044,256
4345,4.524431794773841,0.7211373859270056,2158,256
4346,0.08164087575781726,0.2853261910267336,1936,256
4347,0.0037373352597867625,0.0809050454286481,2122,256
4348,0.0016699105433885877,0.7827569458915882,2034,256
4349,0.0011984727499680648,0.5115299809021763,2162,256
4350,0.6127860132274388,0.8194118957495052,1947,256
4351,0.00977563402689588,0.2066503950508702,2087,256
4352,4.572397025514931,0.3655168272933168,2078,256
4353,1.9518688041579018e-07,0.2210935580553216,1958,256
4354,0.33197533247912037,0.5936846915707915,1925,256
4355,0.9451338522160042,0.150069948632966,2132,256
4356,0.8609865118647589,0.7011415178379593,2035,256
4357,0.007128297212894574,0.9495496534663702,2086,256
4358,1.3580848182463459,0.4530825654955586,2127,256
4359,0.8750243853644133,0.2322562646718038,1935,256
4360,0.0009906914736542518,0.333277593117432,2071,256
4361,12.206609919338272,0.3986863756042577,2133,256
4362,2.4396571738291706,0.3240221397824258,2160,256
4363,1.9480675427700922,0.2588063689960528,1947,256
4364,0.06271206675774194,0.9963986825731984,1984,256
4365,0.026151901143069624,0.2627779421249122,2089,256
4366,0.0003930404875545624,0.732578965363877,2036,256
4367,0.5388406083043474,0.5991924511353126,2123,256
4368,0.0005763054610113335,0.8138059547874007,1993,256
4369,0.019357061619955047,0.3676341761490763,2008,256
4370,0.3218276646014385,0.1274370344398006,1950,256
4371,0.3427326209779561,0.963677586816486,2007,256
4372,1.093365009144456,0.5932891563740743,2002,256
4373,0.010978322052615029,0.3489232953375351,2095,256
4374,0.0005300244552422491,0.3415881755968061,2143,256
4375,2.6910998470385032,0.9510918914290608,2119,256
4376,1.2941850879351706,0.1497425714127419,2166,256
4377,3.2274590194183865e-05,0.222368773634011,1922,256
4378,1.595002817718216,0.9627055313017008,2132,256
4379,0.5873663668507065,0.0290932399471076,2156,256
4380,0.09260917232808405,0.3785630693197775,1956,256
4381,1.3039508411399843,0.303252570656098,2075,256
4382,0.17108438385186592,0.3106419443678342,2004,256
4383,6.340506975830601,0.3498384710774411,1984,256
4384,0.0015209530215722505,0.5564319976849438,2013,256
4385,3.3069093793161937e-07,0.3716747876227931,1951,256
4386,0.7902623894960865,0.8537389698239464,1987,256
4387,5.059569577609969,0.8305797313607791,2176,256
4388,0.1022882937165558,0.991356124749614,1979,256
4389,1.292240750472196e-06,0.2625348706817915,1959,256
4390,0.116760423330311,0.0631596458450496,2005,256
4391,2.0216928346856093,0.2439283745819072,1954,256
4392,0.9016727123572171,0.1234197589561557,1945,256
4393,0.20341591806309126,0.0750704025574662,2056,256
4394,2.4441192031734453,0.1157856866521402,2064,256
4395,0.03444928230556594,0.2047706689476911,2147,256
4396,0.2330288476256892,0.2136998112312277,2135,256
4397,0.06650893441170244,0.4285167499506623,2106,256
4398,0.4501871458758749,0.3319806542573184,2135,256
4399,0.001952475358300609,0.1944760579608483,2017,256
4400,0.18138526015988152,0.560593732719856,1928,256
4401,2.0040506120879686e-07,0.3394728612032895,2129,256
4402,2.201970909125326,0.8539965965293959,1969,256
4403,0.00014693510052042047,0.5466471417490711,2088,256
4404,0.06661122907837551,0.5443582071532165,2085,256
4405,3.9092671709405042,0.2739208991337806,2029,256
4406,1.447851625883247,0.0781713160342781,2140,256
4407,0.002041307575846969,0.0339569080791546,2138,256
4408,0.7849954584516329,0.5796381886282562,1924,256
4409,0.39262779474271503,0.2761432929826904,2175,256
4410,0.11443706533576811,0.2159169305073409,1966,256
4411,0.29641097844276076,0.5993343742645463,2055,256
4412,4.862717457517902e-05,0.3098612264900804,2144,256
4413,0.0059893311380696534,0.3656864111387261,2164,256
4414,0.07844539233692466,0.9824359612734817,2102,256
4415,0.39699574312825775,0.0663553249734519,2156,256
4416,1.1549309847941877e-08,0.5266448173648034,2105,256
4417,7.710297170435236,0.2465128570531493,1975,256
4418,0.4587391728902932,0.9572980223265928,2092,256
4419,0.12826808545649254,0.2559145522976805,1962,256
4420,0.145996410731206,0.8949954637941767,2157,256
4421,0.009657416851546686,0.1880998741372189,2100,256
4422,1.4974075369856816,0.6070459215737083,2114,256
4423,0.0018667689421720634,0.7921534523012977,2112,256
4424,5.880185753961786e-07,0.3081173526352893,2070,256
4425,0.011125440287302522,0.6882037920627798,2112,256
4426,1.4249392810800476,0.3819154852915675,2131,256
4427,0.1618825876679265,0.5267254114502942,1935,256
4428,2.441434500950131e-06,0.3898000548378757,2081,256
4429,0.3941871083875458,0.6991701070123573,2101,256
4430,2.162389010867082e-05,0.1062321193583556,2046,256
4431,3.42252804856662,0.4736620807068946,2107,256
4432,5.998862133401404,0.4554296404202119,2020,256
4433,6.688081265060844,0.8752509153469168,2114,256
4434,4.31551830220445,0.5090283771730629,2074,256
4435,3.569633707149904,0.7185227060346799,1973,256
4436,1.0240784922109034,0.1450261729776192,2013,256
4437,1.164843741087217,0.2477148568239082,2152,256
4438,0.011750065978504184,0.7711596524759721,2134,256
4439,4.834680055470618,0.3813555000900306,2076,256
4440,1.1858729186989911,0.7243387996921983,1936,256
4441,4.059939915186645e-05,0.846917859687151,2145,256
4442,0.008627345486932284,0.7289292240277783,2164,256
4443,0.03825729532646469,0.2162327232447917,2113,256
4444,5.306519306475613e-07,0.1113487975798148,2173,256
4445,0.3848199934179707,0.8663321603969545,1949,256
4446,0.18917580156790575,0.7777660063064312,2150,256
4447,1.6109576488233655,0.2061000664963846,2075,256
4448,0.000785484023408431,0.9467901397791314,2044,256
4449,3.4823552166627003,0.2216963363585531,2007,256
4450,0.036770501968277323,0.194925424158618,2101,256
4451,0.8096187916483124,0.3482487929860182,2113,256
4452,0.008285998699020828,0.5341357772226661,2021,256
4453,1.3375499452883668,0.9715527664916302,2134,256
4454,1.8514322481580345,0.5063670336180595,1961,256
4455,0.0043289939338460245,0.2678765047959551,2035,256
4456,0.0030341078168251595,0.5806802325476839,2018,256
4457,1.9920089367814136,0.7414804636444018,2143,256
4458,0.014907584984811244,0.6304908074995532,2073,256
4459,0.2673881332606926,0.9022790311322032,2133,256
4460,0.012138716530399942,0.7366327387256807,2051,256
4461,2.9589408713993572,0.949501110222638,2024,256
4462,0.000354698845768649,0.1263152722477709,2176,256
4463,1.996935563268897,0.2646135286855134,2123,256
4464,5.9291638203575686e-05,0.9770941684607216,2172,256
4465,4.6118787180723683e-08,0.2358670929221247,1987,256
4466,0.022132650055196566,0.2527408468958547,1981,256
4467,6.700029414402395,0.0585576869953862,2060,256
4468,0.044268447033872144,0.6358597318634659,2082,256
4469,14.043897432142323,0.1088181186215734,2035,256
4470,0.009555743938426854,0.7170272577538339,2022,256
4471,0.0008494213686544378,0.582337182568253,2006,256
4472,0.00930970903557514,0.3451448049401608,2020,256
4473,0.0002658709945672231,0.7716015794068453,1951,256
4474,0.56885425676659,0.323788590260175,2169,256
4475,0.20261716638075686,0.0956406775232694,1996,256
4476,0.4963682275412076,0.2799361473971709,2038,256
4477,0.0010293538294359268,0.4610398818666303,2111,256
4478,0.49202320348978423,0.2397307435719349,2058,256
4479,0.1182404086802958,0.904698861179542,2175,256
4480,6.280863623411482e-05,0.0601584875595068,1986,256
4481,0.03893807778674121,0.5698790432384722,2017,256
4482,0.14732287616184467,0.2123371162830598,2063,256
4483,0.01919214032943155,0.62644474076722,2135,256
4484,4.689661764348007,0.626257786522445,2165,256
4485,4.339432480102747,0.8002150391316136,1943,256
4486,0.3264222848693767,0.2003797075975013,2146,256
4487,0.6382877068451195,0.7855391602215347,1949,256
4488,3.2581322223448677,0.902917588459267,2102,256
4489,0.002353639186514594,0.3764475373219944,1922,256
4490,0.02147609501102664,0.1532995564279975,1920,256
4491,3.607560157549397,0.7658462173238247,1920,256
4492,0.02069853421644603,0.5664845617391101,2010,256
4493,0.0838666629180495,0.22317531651986,1990,256
4494,0.0075038072386799555,0.9938619444102476,1983,256
4495,0.056789564057418467,0.1229155188403482,1948,256
4496,0.004766839018932019,0.5386771355047345,2097,256
4497,0.5164026069086188,0.629640685569652,1950,256
4498,0.5230499813868804,0.6624255970532446,2132,256
4499,3.514134301447762,0.1387378237503689,1991,256
4500,0.00018179958841127618,0.3660275145846847,1997,256
4501,0.5142597731756894,0.063891875583238,1965,256
4502,0.7051698294999584,0.7252236202465564,2154,256
4503,2.563461684739318,0.3234936570751477,2112,256
4504,0.44474073867001707,0.9647376189041031,2000,256
4505,0.2709959089220083,0.9677824757063704,2013,256
4506,0.007266718597883429,0.8196045330949836,1968,256
4507,2.2251228337216435,0.7884442258480455,2156,256
4508,0.05796152969610998,0.9616621251283504,1982,256
4509,8.570147754707931e-06,0.990751418742546,2100,256
4510,0.15879982373951154,0.4900805524752747,2175,256
4511,0.14200679033739197,0.7235224166251767,2157,256
4512,0.12555554013062273,0.4871943851435739,1951,256
4513,0.002150421962942631,0.5237307132760411,1941,256
4514,1.0379163612042783,0.30220144710067,1990,256
4515,0.0004035577394590839,0.9560702085855188,2054,256
4516,0.03770206425370551,0.5291128872811668,2171,256
4517,0.18414526742044915,0.466525924787315,2022,256
4518,5.3641588315868765,0.6646982865234301,2031,256
4519,0.017885756823973174,0.532508824224971,2127,256
4520,0.7264663330616385,0.12040891941481,2052,256
4521,0.3144784495342343,0.5742536476135169,1935,256
4522,0.19614241228232562,0.8757049500615035,2038,256
4523,1.357450245535603,0.7068600094524404,1930,256
4524,0.7773503971506092,0.1399509945983408,2066,256
4525,0.01607307544060582,0.9598755102487248,1924,256
4526,3.8794169950124027,0.6719254353134003,1996,256
4527,2.486035145966964,0.6344064589510856,2000,256
4528,3.1682742392102474,0.4679467565958799,2041,256
4529,0.0019967453134258303,0.466015927444207,2072,256
4530,0.00038684712366748056,0.0513490364695307,1922,256
4531,0.38349574413825616,0.5151339234645776,2063,256
4532,0.015974971736786064,0.919703640988274,2169,256
4533,0.004314308298660025,0.6702935804578072,2149,256
4534,0.11723620583621161,0.6792852129713964,2008,256
4535,2.8436944465635654,0.6973499449385252,2099,256
4536,0.00018229370818232453,0.941003161316866,2062,256
4537,0.181463799292959,0.6384173808808019,2167,256
4538,0.5765939807953925,0.8518925335195915,2001,256
4539,0.6574360694640746,0.279703258914361,2125,256
4540,0.0009550125654866457,0.9140224685764382,1972,256
4541,18.24034741434768,0.2727428774110646,2091,256
4542,1.3885643405486272,0.9403846249305472,1931,256
4543,0.003558275083486655,0.8106751533599257,1976,256
4544,1.0843122278581212,0.3271878242740328,2130,256
4545,1.0913887852384296,0.9860954558481656,2145,256
4546,0.00011061320352890997,0.8180529450392904,1930,256
4547,0.7449404850792867,0.3076746762422798,2133,256
4548,0.03095335772989415,0.500229558710387,1934,256
4549,0.00015408573933042057,0.5289165710653362,2077,256
4550,7.898485836052735e-06,0.733263283919522,1933,256
4551,0.0005375615610348499,0.1641557750629193,1957,256
4552,3.9679921427996274,0.0545345193356977,2057,256
4553,0.006055791178550352,0.5328688044455081,2002,256
4554,0.43190876746131224,0.2405098239839298,2025,256
4555,0.1434121929117782,0.5904766419775831,1998,256
4556,1.9308634495600465,0.4741131707071644,2093,256
4557,0.20392030991325322,0.420658663305039,1927,256
4558,0.004159962057310925,0.8028917324888256,1952,256
4559,8.383736873217034,0.4543968020955253,2025,256
4560,0.3049592437608289,0.1323999347518836,2078,256
4561,0.21333736979023948,0.3221248773442373,2076,256
4562,2.1850233828758435e-05,0.3873811573574423,2166,256
4563,0.7367865511292677,0.738939618966844,2067,256
4564,2.7756423655862687e-05,0.4554257301350368,2168,256
4565,1.4261750366640895,0.2986237914791482,2056,256
4566,0.4148387153058671,0.6077186951257216,2059,256
4567,0.8935878581383819,0.7841085000448581,2174,256
4568,0.4196655882529455,0.1281745885213108,2093,256
4569,14.495551386908227,0.5236724647244323,2040,256
4570,0.15615196060755182,0.93889362965626,2011,256
4571,0.11885895674083385,0.6159049658868938,2022,256
4572,6.612654480420469e-05,0.0525311522090979,1977,256
4573,0.02608298115804174,0.0582095862093334,2099,256
4574,1.351564765456623e-07,0.9488124644149796,2006,256
4575,4.254072278455231,0.6707977402563212,2077,256
4576,1.2380505035073794,0.0202301701143593,2061,256
4577,0.07990329050323157,0.857165889036321,2006,256
4578,0.03761930331089688,0.5664580891909153,1928,256
4579,3.068610014529405,0.8453783925832624,2061,256
4580,0.13852168620983252,0.5253067284445394,1965,256
4581,0.0015138602450112603,0.4816100187099028,2088,256
4582,3.7350055149167987,0.0400456788026321,2029,256
4583,0.377156774877278,0.8546780960947592,1955,256
4584,0.4664482336874374,0.0525073256872883,2061,256
4585,4.894018938443359e-05,0.0080781057550139,2163,256
4586,6.843058656853908,0.0713417593395275,2116,256
4587,1.0604567591728287,0.669470170266612,2175,256
4588,1.2304915463397372,0.2623968934140017,2026,256
4589,8.672010024644067,0.0321906027270411,2135,256
4590,0.1585894280977057,0.2209895263416593,2039,256
4591,0.5002773863573251,0.9276332706355735,2119,256
4592,0.2827791029283562,0.4208489053906185,2120,256
4593,0.18289970067920225,0.1121223334913871,2099,256
4594,1.4766640517245901,0.4060995378954244,2166,256
4595,0.013472595410002255,0.5737225768723879,2164,256
4596,0.09260046226663149,0.5318492722335326,1985,256
4597,14.434328774977837,0.0293416155332003,2162,256
4598,1.4397520735472897e-06,0.9404706178133204,1944,256
4599,0.032870799267776155,0.931221197236691,1937,256
4600,0.10343043521659714,0.0782752446953437,2117,256
4601,0.6432951192890942,0.1743544137389123,2107,256
4602,1.5376094021630862,0.0994021547264091,2121,256
4603,0.2370327459565435,0.6281462021170973,2170,256
4604,0.006280894342729784,0.2922141450242477,1926,256
4605,0.009590249166538535,0.8428004366639835,2171,256
4606,0.01395445074379491,0.1898366480849076,2126,256
4607,7.815487186726177,0.909989868838443,1927,256
4608,0.13597893155025675,0.8315783134199322,1958,256
4609,0.0051112203724078915,0.1985272082462215,2108,256
4610,0.04939989240884127,0.5248408838928202,1946,256
4611,0.0001375786376021315,0.4098157259603133,2119,256
4612,15.901747494498158,0.4811079843637448,2091,256
4613,6.950404954010757,0.0319588255726488,2085,256
4614,0.008741263080243426,0.0672579072518727,2134,256
4615,0.9424192666487912,0.2140422218531661,2087,256
4616,1.7886669068352878,0.6859843260295225,2161,256
4617,5.058018692666703,0.1200139602982217,1954,256
4618,6.020326899566836,0.0675930795731937,2037,256
4619,0.10636885229844087,0.2377227906504128,2127,256
4620,3.5164393123440427,0.0848583505255115,2097,256
4621,0.29892285360140614,0.5252831134820799,1983,256
4622,0.16931022048670694,0.2195582080791348,1932,256
4623,0.05591252575482218,0.2281965841095963,2049,256
4624,2.0590764522806206,0.4100743442002552,2049,256
4625,0.003237944151080232,0.5417604179880035,2129,256
4626,0.2855924359170381,0.8537601954228686,2175,256
4627,0.24646200363606824,0.1313047355869475,2063,256
4628,1.3128587836998593,0.3199157060859465,1951,256
4629,0.507035683578607,0.2256171423416804,2129,256
4630,2.3625156400820018,0.4840928543328888,2078,256
4631,0.03506242849989443,0.4835441702763038,2163,256
4632,0.14687507007509806,0.0894546933720018,2170,256
4633,0.38867915201664355,0.9706798165394804,2077,256
4634,0.09199844983269767,0.6456283310698646,2127,256
4635,2.7133515166867994,0.7340430755081443,2015,256
4636,3.0517363766979613,0.8023284510318138,2142,256
4637,0.0745398935315709,0.1907295961156933,2054,256
4638,0.06739173146711808,0.5265200816578538,2114,256
4639,0.6061456845334909,0.0031957501748764,1943,256
4640,5.200818649800456e-08,0.8322698019549133,2001,256
4641,6.621654797069468e-06,0.7559561403909624,1985,256
4642,1.62072750977471e-05,0.0494875307913805,1952,256
4643,0.9232917111260045,0.5227492969994224,1928,256
4644,3.8409487864609706,0.102846156198745,1934,256
4645,4.816546891106503,0.0553812233276606,1937,256
4646,0.48994439330429673,0.4401164939278056,1966,256
4647,2.2503013665310214,0.7035992777643879,2045,256
4648,3.709578738473476e-05,0.292436577647734,2005,256
4649,3.178408602573416,0.1440304307593084,2052,256
4650,0.44778910113140735,0.1742907904999764,1956,256
4651,0.011458561281559337,0.4249016837123862,2094,256
4652,1.8937961570333903,0.575614007803192,1985,256
4653,0.6597247308094017,0.4713894295795734,2003,256
4654,0.000644853446357949,0.426555130563281,2019,256
4655,0.021249109358966685,0.4314148898298208,2116,256
4656,0.002611356786751178,0.4581357704248585,1955,256
4657,0.002474947578295149,0.5025938261199284,2016,256
4658,0.0350537173201364,0.9698446294596792,1954,256
4659,1.2200681135983384,0.2196913977264493,2030,256
4660,0.463973706736056,0.1817885460591135,1962,256
4661,0.023633445862720856,0.9441407242474588,2106,256
4662,11.071167149207527,0.7276849765697103,2004,256
4663,0.44306999375141976,0.7539703689949614,2105,256
4664,0.0508599664003389,0.850911660511915,2139,256
4665,1.2819555446040374,0.7717559588999546,2042,256
4666,1.2252366372362216,0.6524521808887707,2174,256
4667,0.21469886575658098,0.6706233668259726,2078,256
4668,0.6280047587231622,0.6203758220531677,2007,256
4669,0.21411076004944124,0.4750902081980795,2016,256
4670,1.3081677712567326,0.3646606371228543,2071,256
4671,0.47092653417802616,0.4709388681791062,2000,256
4672,1.3900112773021038,0.43934208261831,2128,256
4673,0.26091877889328585,0.1919012828787257,1985,256
4674,0.8139096644083083,0.5266186714524556,1995,256
4675,0.1698395583228381,0.0471209983176922,2016,256
4676,0.0013766833647014904,0.9066535621160554,2150,256
4677,2.3348868711513773,0.4545910766339788,2023,256
4678,0.00015299241276932,0.0664292666748086,1939,256
4679,1.0337844444170863,0.3069263906380374,1974,256
4680,0.21295080684412165,0.8898236801448702,1958,256
4681,2.4354648295946562e-14,0.875399995946242,2176,256
4682,0.32988371705431296,0.2202480887492869,2170,256
4683,0.2989303555813166,0.5281693851137577,2170,256
4684,3.3081914989289325e-14,0.6233421331817202,2080,256
4685,0.0011070197046558995,0.0763405816471574,2014,256
4686,0.009273520783311394,0.354789064016928,2073,256
4687,0.008503938062615604,0.7801305851145263,2151,256
4688,0.12841659907303,0.8456669374031972,2163,256
4689,0.22868373441939055,0.5845861078906607,1972,256
4690,1.6420607636974835,0.6309954313807898,2078,256
4691,0.37619167187189634,0.768268499403789,2023,256
4692,1.3133267949177603,0.1351901192049425,2088,256
4693,0.555817894712988,0.1170521634019452,2080,256
4694,0.014282707798378735,0.8136028775363705,1955,256
4695,0.45059324315137333,0.4776389772342534,1956,256
4696,2.792066449014717,0.5930071893129223,2139,256
4697,1.4340724117242004e-06,0.497062698921041,2116,256
4698,1.2701054011716393,0.1131081663625629,2135,256
4699,0.04995059833068199,0.6187691684418006,2124,256
4700,0.0020662817939003848,0.309314800027793,1995,256
4701,4.962439018359977e-07,0.2098519273009188,2030,256
4702,2.27850037599298e-07,0.0257234256105762,1948,256
4703,2.348031958896163,0.1585040033885636,2143,256
4704,0.02537987877757396,0.7124346917688625,2163,256
4705,7.619146863127813e-05,0.4300541927480612,2041,256
4706,0.0015221935377492442,0.9958220280652296,1943,256
4707,3.7421694776367973,0.1009566890691626,1943,256
4708,0.7252552709376969,0.6721588143528796,2006,256
4709,0.0859851404705209,0.4964649499596963,2056,256
4710,1.691047366322751,0.990606898951086,2104,256
4711,0.0028154389535909054,0.4520441392825286,2002,256
4712,0.2995903397426651,0.440894116953935,1937,256
4713,0.7057618802049076,0.2358362629526276,1939,256
4714,0.023697980524282434,0.969145213543573,2026,256
4715,1.6363184443969594,0.2124538993494946,2060,256
4716,0.006093168617585698,0.7659913884257694,2124,256
4717,0.001058771010769638,0.5911894629668301,2158,256
4718,0.08675822220888253,0.5172288646149967,1965,256
4719,2.119678693730508e-05,0.4510842398214374,1937,256
4720,0.06446837101046614,0.3947840769744135,1996,256
4721,0.4562489606607091,0.1378713850230092,2011,256
4722,0.034825419922655476,0.9100265061614063,2174,256
4723,2.4379633776729728,0.6183672697002769,2086,256
4724,0.013245814815889495,0.2957885132060851,2094,256
4725,1.0312051402690767,0.9832402967571632,1968,256
4726,0.24087610206108181,0.8282480048491436,2158,256
4727,3.42611708798531,0.4375497171436775,1929,256
4728,0.0005015995515770295,0.4980545102727642,2047,256
4729,0.47470028128246416,0.6450315062138406,1995,256
4730,0.037783321609076645,0.9902535305813616,1948,256
4731,0.7219317364609518,0.6790799200476672,2162,256
4732,2.5154289208587013,0.397681547920916,2101,256
4733,0.5254943282198862,0.8782465292180766,2101,256
4734,0.639659592254297,0.6441787095543754,2060,256
4735,0.35004875259332546,0.2767616640886862,2131,256
4736,0.2722411823114474,0.3122158265715687,2065,256
4737,7.691681635950806,0.4798240494146255,2112,256
4738,0.025446485233300814,0.3419642353336637,1967,256
4739,1.4393231838730893,0.069325702732969,1964,256
4740,2.01882718686056,0.3094166007107575,1946,256
4741,0.685894612691387,0.2014544618188614,2175,256
4742,0.11791572612520246,0.3194808263277431,2151,256
4743,1.253419764359635,0.9235989831034044,2107,256
4744,0.08303443953382192,0.654713490674036,2139,256
4745,2.4685396205666152,0.6872051322273584,2069,256
4746,0.0003769327967378663,0.0546854786739914,2076,256
4747,7.72486733189801,0.6939056070228653,2150,256
4748,2.073528701244055,0.4055864497711857,1941,256
4749,0.013938417288917749,0.4703253863325021,2007,256
4750,1.8115786145560604,0.8349460809606966,1999,256
4751,0.3322013142658669,0.1555276198746745,1998,256
4752,0.004705967216570697,0.2902630664156042,1978,256
4753,0.0061364900988854915,0.3333259378927009,2076,256
4754,0.41919557245542605,0.8609016575932611,2169,256
4755,0.00011182254004511467,0.3075658417020772,2143,256
4756,1.7092230197225462,0.9094705920891484,1971,256
4757,1.1154315391963958,0.875710312164216,2000,256
4758,2.756706583720071,0.9164236687337858,2142,256
4759,0.03734429857350858,0.5078174708588387,2012,256
4760,0.08979493169720547,0.2147380141859145,1953,256
4761,1.5128253929344502e-07,0.952467722945676,2114,256
4762,0.9200046370743887,0.4174029531635378,1920,256
4763,0.004605249711072899,0.4679527702555206,2055,256
4764,0.00010996056720346174,0.5624622771676905,2147,256
4765,0.00037940311153571236,0.4311401096783211,1934,256
4766,0.04330853037254772,0.1721756256775832,2113,256
4767,1.139714762176868e-05,0.099481145305074,2151,256
4768,0.007770370901347975,0.477180488109739,1933,256
4769,8.83307535285348e-06,0.250294057147813,1977,256
4770,0.3499602303660696,0.2518775952709818,2036,256
4771,0.1170102250297925,0.7135303988476748,1943,256
4772,0.0033188988181340373,0.5306183110418629,2063,256
4773,2.1071127373610214,0.130204167818171,1990,256
4774,0.04929837044252937,0.2936875600290871,2019,256
4775,0.001750190000611043,0.2367541821023806,2140,256
4776,2.4498394980793062e-05,0.4661039997038001,2087,256
4777,0.5761496920536927,0.539177469205194,2128,256
4778,0.11741050448894455,0.7959956444059352,2039,256
4779,2.678697450509214e-05,0.1601469016939604,2101,256
4780,0.00036580996549792925,0.8219110437115453,2132,256
4781,0.09711002011144795,0.8020672754960524,2037,256
4782,0.015143650054636831,0.3279077244500418,2131,256
4783,3.4728504027417775,0.7793411465545875,2026,256
4784,0.10151057256253244,0.0227880365577418,2034,256
4785,0.2788733220082775,0.6558797703833414,2176,256
4786,0.05565810239802428,0.7608898620722339,2174,256
4787,0.0059767433163884845,0.8913848978058129,2149,256
4788,5.3098422588063,0.5080074615287868,2029,256
4789,0.03163646129486242,0.7371625258217794,2081,256
4790,0.4509806710076475,0.0730398317208519,1983,256
4791,0.007807697507724671,0.0626824658559611,2099,256
4792,0.8171121947611947,0.2785902636121086,2158,256
4793,0.05568924534683451,0.7230411230260577,2081,256
4794,3.71609083323607,0.8714064705504492,1979,256
4795,0.0068351098272447655,0.3598580066986578,1963,256
4796,0.24973823160795164,0.5733684518535757,2104,256
4797,0.0014622154073738011,0.0849925783605792,2105,256
4798,0.977213688404965,0.966030363097876,1975,256
4799,0.06071466773738034,0.1653039865469343,2136,256
4800,0.3455428548174833,0.2376704619359932,2046,256
4801,1.7313198110627908,0.7446086076450764,1958,256
4802,0.013659769744200303,0.706788620509884,1988,256
4803,5.237958056743654e-05,0.1500016336849496,1946,256
4804,0.020081311077307797,0.8465030732693704,2006,256
4805,0.3506746917713817,0.3821767286830784,1983,256
4806,0.049021485227607804,0.6660061523058708,1948,256
4807,0.003261595014882147,0.3663991980660205,2047,256
4808,0.11883310747798165,0.7240637015470842,2173,256
4809,0.23981111709958855,0.5065433896140317,1934,256
4810,0.24105098804904326,0.2928579324928492,2000,256
4811,1.023940798182184,0.5929363268970532,2013,256
4812,0.27394681811835997,0.5489144025118634,1977,256
4813,0.03890142776767192,0.3806961543119802,2051,256
4814,0.1269525792722541,0.1730213078309349,2039,256
4815,1.8347273602417375,0.9055694930406876,2132,256
4816,1.6401898689428425,0.4728002127483367,2134,256
4817,8.503513593615555,0.0462336869583412,1954,256
4818,1.1021380464046495,0.662951848472565,1971,256
4819,3.339766305118713e-05,0.2186891022632828,2144,256
4820,1.888624409943707e-11,0.5171557304530189,1956,256
4821,0.2985698229157864,0.3242064753355356,2016,256
4822,1.001280189285903e-06,0.0619746631438515,1984,256
4823,0.0021188947710589316,0.8776297158840077,1979,256
4824,0.31819958899469347,0.3016714290967138,2155,256
4825,0.0032907647022405615,0.5901922080827737,2006,256
4826,0.1989479705507778,0.2183505298749314,1966,256
4827,2.5699018394364847e-06,0.9053522353091928,1943,256
4828,2.5490907066092054,0.4227638567453177,2114,256
4829,0.27511663583448753,0.1537393104656289,2152,256
4830,0.11942468101343143,0.4453102331292772,2001,256
4831,0.6452671668369269,0.0468011377097208,2068,256
4832,0.052326696955576714,0.228931462031527,2055,256
4833,5.7369498152128875,0.2227091479171878,1973,256
4834,0.010327893646367452,0.4319823683113584,2017,256
4835,2.154249081668642,0.7845553875313328,2043,256
4836,2.8447914367668514,0.7290701308126918,2104,256
4837,1.5575916389104645,0.6378838113329031,2033,256
4838,0.6455219856912496,0.4455060833559667,2048,256
4839,0.5943614101194837,0.3724798798816736,2115,256
4840,1.5944736799009747,0.3335018990045729,2117,256
4841,4.560159923625621,0.7679057327022915,2095,256
4842,1.037727472656478,0.3405468178523819,2117,256
4843,0.0010668230290867703,0.6852964579897545,2122,256
4844,0.4752662082646055,0.720721250609459,2108,256
4845,0.13873415835478314,0.8823687735865108,2041,256
4846,0.458610586983072,0.7587504104009222,2001,256
4847,0.4331047608160475,0.6235270009786167,2149,256
4848,0.021626775442212556,0.9543938076999166,1998,256
4849,5.402463449170038,0.6837408352223975,2080,256
4850,0.16930115902484433,0.7820442420478135,2136,256
4851,3.215713436884595,0.92562526194449,2119,256
4852,11.85301757178741,0.6158054517230355,1980,256
4853,0.011511698698191485,0.2480931317878123,1952,256
4854,0.02307168579482541,0.2210890881306907,2121,256
4855,5.970771834770663,0.7611875007979776,2127,256
4856,0.003991299681454992,0.4336007754500373,2079,256
4857,0.708538821078617,0.2344796354120008,2079,256
4858,0.14040299387232663,0.8356734401202743,2011,256
4859,2.699856593355121,0.3425349562809698,2125,256
4860,0.04057806676925786,0.7951371012344846,1976,256
4861,3.107131066892208e-06,0.2432102524682843,2099,256
4862,0.1011337766985153,0.5123698397078496,1924,256
4863,5.719357040033038,0.2783115965292795,2089,256
4864,0.2671924309496889,0.1293116535768915,2175,256
4865,4.917899806666219,0.5602923395272851,2068,256
4866,0.19352096942272742,0.3623556784484302,2153,256
4867,0.16480831878962998,0.9421347772780144,2002,256
4868,1.6964073360434988,0.8051696097347778,2147,256
4869,2.556242945952909e-07,0.1669983747081329,2025,256
4870,5.245455675644453e-05,0.5406603556738243,2023,256
4871,0.0596217477715968,0.6223471851819786,2119,256
4872,0.04246242940519574,0.4211352293940529,2001,256
4873,0.04198470891765475,0.8167030418575079,1930,256
4874,0.00588901804211193,0.3616682426982427,2154,256
4875,1.5227464784859075,0.7819203830829587,2083,256
4876,2.5993345122078906,0.6865862598220619,1943,256
4877,1.6863436212951173,0.8255535622774486,2122,256
4878,0.1833141610397562,0.6751464260018618,2023,256
4879,0.3569566210609126,0.5439229942800743,2149,256
4880,2.5842066243908945,0.5145754430643835,1922,256
4881,0.008072926455581402,0.3560375260370493,2015,256
4882,2.7416572725674557,0.4303618919720473,2008,256
4883,4.8561389217587,0.5284330891598893,2176,256
4884,0.4666931897371494,0.7274983828779618,1972,256
4885,1.832610380047878,0.8717884632448124,1960,256
4886,0.03497590583453323,0.4148663899858315,2157,256
4887,0.49924885699997107,0.6349670112459799,2126,256
4888,0.6973423551403791,0.8649266663974265,1925,256
4889,6.5348106497097396e-06,0.1721584514713138,2078,256
4890,0.1808749156502833,0.6310987279480195,2087,256
4891,0.014955922759963524,0.0562888007468771,2174,256
4892,0.6439514805663477,0.6952683290593015,2080,256
4893,4.098361028866938e-05,0.6102303160851388,2005,256
4894,0.002060582826610839,0.2521201240655589,2144,256
4895,0.0011619684339151588,0.2387860643512089,1959,256
4896,0.021122505333895054,0.5992657125681811,1935,256
4897,1.943597491497216e-07,0.7297247485821438,2074,256
4898,0.03540210418414159,0.6772799927687512,2125,256
4899,2.302011628735669,0.5530476126431548,1921,256
4900,0.4218696718757266,0.0498736943166524,2059,256
4901,2.920337646858149e-07,0.2952144195405871,2150,256
4902,0.000274744783997862,0.172484300621807,1939,256
4903,3.6525150787003966,0.3527008393035703,2146,256
4904,0.27326685232455483,0.259526945363445,2167,256
4905,0.03554135337162896,0.4572604948939912,2152,256
4906,0.2208520767114299,0.8676506342814785,2096,256
4907,0.029859499172163732,0.343809753728222,2074,256
4908,0.16817684258721113,0.7426728056601792,1923,256
4909,0.20691740383221982,0.4989165263472521,2062,256
4910,0.1772495289227294,0.701329916506175,2104,256
4911,0.00034320750628195424,0.6790844808980027,2109,256
4912,5.259653823258304,0.7144278761731507,1980,256
4913,2.7259799904530486e-05,0.0423240737396376,2152,256
4914,0.007959579489444124,0.89969169997785,2059,256
4915,0.0009735409136944328,0.2488322081339078,2164,256
4916,0.007041034647494499,0.6645626018030448,1933,256
4917,0.4332229488686875,0.8175246489597535,1996,256
4918,0.3570954117272032,0.4188801111846367,2065,256
4919,1.125968211714581,0.1123170236674715,1930,256
4920,3.1445986562330526,0.8143495483970377,2133,256
4921,0.015239271748289696,0.5841166156465407,2089,256
4922,2.389758288176599e-10,0.1575696890649512,2055,256
4923,0.04599952365931228,0.1075706353034543,1958,256
4924,1.5970264536815397e-05,0.2884669908129806,2085,256
4925,9.96191714796877,0.8924667569443951,2081,256
4926,0.01007416866653396,0.5422695044025259,2059,256
4927,3.029860089042414,0.8380759720952475,1934,256
4928,0.004343635598823958,0.5784678557813423,2148,256
4929,11.88075046546435,0.1792517690253993,2095,256
4930,0.6360461072467334,0.1820936687524013,1924,256
4931,0.791253099781697,0.996527800786878,1925,256
4932,4.256368269015013,0.273857452528673,2048,256
4933,0.704315852913782,0.1594166682057235,1922,256
4934,0.9825855404085599,0.1142131371698569,2052,256
4935,0.2565348174769244,0.8627884457532902,1952,256
4936,1.036950833048758,0.3833746971220312,2169,256
4937,0.0010349912878558963,0.0369379884536573,2127,256
4938,1.140098515779462,0.5373603288757393,1974,256
4939,2.9349940068017566,0.6297485757976328,1986,256
4940,0.21260582914272105,0.8470540737736185,1971,256
4941,0.001081314128641181,0.4329861170487128,1992,256
4942,0.40395441579103014,0.1978634435157047,2163,256
4943,1.5289345468616715,0.8913141478310831,2147,256
4944,0.004585975202750236,0.4085226348325534,1928,256
4945,0.03851443920996237,0.6193274776044901,2160,256
4946,0.5434297293110325,0.2702580708382701,2014,256
4947,0.023259414838657712,0.5265900131583398,2061,256
4948,0.013406657959147585,0.2736386491793176,2080,256
4949,3.0456922739650056,0.7561092103764098,2077,256
4950,0.004406298258554697,0.4828456690184695,1968,256
4951,0.020801952534205834,0.6090491153320637,2150,256
4952,2.0905490677306493,0.4667929413494616,1938,256
4953,0.0057931625166521075,0.4599952769846315,2093,256
4954,0.629287574584508,0.5941131007636014,2025,256
4955,0.029715224822846487,0.4553091040738061,2020,256
4956,8.098219996809172,0.1615826888376446,1924,256
4957,1.6628110178536464,0.974147885798918,2018,256
4958,0.21761770003328107,0.3434966935145011,2074,256
4959,4.0871735571599024e-07,0.6687695340698858,2088,256
4960,0.06473577888309946,0.6679261780745557,2049,256
4961,0.0002046839426140988,0.1798678200674853,1982,256
4962,2.3935581906554515,0.525870918877535,2134,256
4963,0.9683967717311933,0.8490449673895181,2149,256
4964,2.4405678486228095,0.3175088445062045,2149,256
4965,0.00922647477451107,0.5787193303997441,2100,256
4966,2.5155098856945726,0.2024302320128423,2016,256
4967,3.015832339252665,0.7117094549223636,2138,256
4968,0.2112133823702879,0.685381663800745,2057,256
4969,0.6337998750875202,0.8217457637695406,1958,256
4970,0.041971694546116205,0.3169340856599094,2088,256
4971,1.7860771953974517e-05,0.8931614442284239,2051,256
4972,0.09316371302896971,0.7217119354316327,2064,256
4973,0.0006011706647073996,0.6288105343604468,2109,256
4974,0.026455869853854137,0.4332482095497141,2043,256
4975,0.31014556039881114,0.5307659901117121,2085,256
4976,5.116532174244035,0.162070749068438,1944,256
4977,0.006602618238085345,0.8166151686123919,1941,256
4978,0.005930292551685997,0.2713182446823942,2152,256
4979,0.07212347926648079,0.5045973723793672,2143,256
4980,1.5248515417946147,0.6536715036379854,1988,256
4981,0.2436999092877121,0.9521024014190927,2116,256
4982,5.069120623273757,0.207322706593128,2015,256
4983,0.7848660656542881,0.5008761080139068,2124,256
4984,1.0483652660019933,0.4320711574685929,2150,256
4985,1.1441266320897165,0.1470311874840334,2111,256
4986,0.18572555359644913,0.6875524907929059,1987,256
4987,1.092203695540164,0.8973003410516889,2172,256
4988,4.188964122598517,0.2272201135263486,1930,256
4989,2.6197758028065854,0.981244854248502,1956,256
4990,0.8901652400070905,0.6971432700677815,1957,256
4991,14.45099996443482,0.8526371570970375,2116,256
4992,1.3337352823270747,0.4917130901181975,2067,256
4993,2.921191362868022,0.4789791967691816,1991,256
4994,1.455265099292367,0.1940242098590678,1978,256
4995,0.027335377671207375,0.546079005468029,2081,256
4996,0.2361529836248196,0.3464782017252105,1993,256
4997,3.0117183741411577,0.2054058793114431,2115,256
4998,2.070001177342121,0.3404783573097579,2076,256
4999,0.06471707209056839,0.7875216811871135,2013,256
5000,0.5631669860309994,0.3507955150475953,2069,256
5001,1.5196982922275168,0.3910677840880349,2103,256
5002,3.8112662988351573,0.515068800776266,2165,256
5003,1.1336863598789515,0.6318645444985963,2054,256
5004,1.3251660558583487,0.9258624579410716,2072,256
5005,0.10637394606333919,0.4739733887003762,2127,256
5006,15.45011986443273,0.0853362987810372,2061,256
5007,4.6612672810769326e-06,0.6107319845271778,1977,256
5008,0.005637588105740015,0.8615804980340654,1926,256
5009,0.07408778097528299,0.6143080711377509,1984,256
5010,0.003136166934311991,0.475277591024569,1951,256
5011,0.10931459805280835,0.1077030533005943,2061,256
5012,0.22232025613344425,0.6955047095565645,2159,256
5013,0.0661092674433292,0.7659706839623074,2052,256
5014,0.02365220589299233,0.2521890198818513,2147,256
5015,0.10566928098588751,0.3590387956565277,1964,256
5016,4.3500671404437385,0.5982060603273853,2042,256
5017,10.167725924532421,0.3050805280311374,2172,256
5018,3.4765165834069374e-05,0.6323021475750057,2080,256
5019,0.5498003121285053,0.0710969692508888,2150,256
5020,0.015495781020280154,0.0351232078946627,2135,256
5021,0.004192553653273067,0.1697026886453823,2103,256
5022,0.015950862766906725,0.5642922065158041,1990,256
5023,0.2039624607963112,0.1584913028693158,2020,256
5024,1.8619761972207043,0.5659948004893791,2066,256
5025,0.09923052355952683,0.1196947259497654,2161,256
5026,0.6844760376414238,0.0711637646799575,2090,256
5027,0.006238403301321559,0.222079127097841,2065,256
5028,0.03136444769882484,0.8463583078085444,2049,256
5029,0.00015870121807514263,0.4110283429091882,1978,256
5030,0.00043618239666597607,0.1703589504430596,2172,256
5031,2.1964773533341195,0.4375410871815721,1920,256
5032,0.05003809874869202,0.4758717663469494,2114,256
5033,0.024778455700199306,0.7420322445541224,1988,256
5034,0.0033914984977998475,0.9699028360689133,2143,256
5035,0.006048124340641493,0.2954029827392468,1987,256
5036,0.005640780947581219,0.9378107090449198,2091,256
5037,0.04524032606130512,0.8073597198700708,1987,256
5038,0.019050097386923825,0.7037387360909334,1920,256
5039,0.3002396919300036,0.4775288738166384,1950,256
5040,1.647251363444559,0.2137941225050502,1930,256
5041,5.430513032393073,0.156600763863699,2067,256
5042,4.417726398271523e-07,0.0078860350462225,1923,256
5043,0.2227659812867458,0.1854663550104485,1948,256
5044,0.0011309453636596757,0.1094986012056185,1922,256
5045,0.650927168640548,0.7429506345610593,2024,256
5046,1.7583528655740708,0.274887725942448,2157,256
5047,2.429343713932568,0.2580054757256859,2048,256
5048,0.4745156957649364,0.1082147313758379,2020,256
5049,0.0259803125691403,0.9688342291275672,2125,256
5050,0.020849331226874063,0.1155305220472897,2140,256
5051,5.280742619841569,0.4124712408569313,2009,256
5052,0.012897721080814694,0.4761040834602215,1989,256
5053,9.528711844977536,0.7312440044423195,2142,256
5054,0.07824704844089174,0.175083177674488,1945,256
5055,0.684026171224965,0.5862774824579071,2021,256
5056,0.7475792801584277,0.2328321623412544,1976,256
5057,1.0328349230039977,0.039739009162609,1970,256
5058,0.004963151994103344,0.3951018519421465,2131,256
5059,1.0224242332923636,0.7597541232953299,2105,256
5060,4.056073280286215e-06,0.7608195533956261,1960,256
5061,0.016111915077423454,0.8258388955805548,2094,256
5062,4.759639682948161,0.2045807828097096,2152,256
5063,1.6039197165214298e-06,0.4570723082872551,2089,256
5064,9.644096242029328e-07,0.4731979734877838,2140,256
5065,0.5726660602357533,0.7188858005420767,2042,256
5066,0.6926802168750072,0.1725844997884312,2044,256
5067,0.026680468654906638,0.0923880036267199,2152,256
5068,0.03907126535366998,0.0641051976974027,1928,256
5069,6.028866103426566,0.6556862233300125,1963,256
5070,0.0028129674814840666,0.5450993516531913,2099,256
5071,0.14263249332952233,0.8776077713088918,2033,256
5072,5.026459193074741,0.8992788752493553,2018,256
5073,0.4090716611258346,0.2855964832280653,2156,256
5074,0.029889362562028177,0.6921167394172861,2104,256
5075,0.0206471800583383,0.3268423072766581,1947,256
5076,0.20053047665530446,0.3583200135206943,2012,256
5077,0.2567439739579676,0.6234311145390156,2094,256
5078,0.0026899392007281647,0.5008483883306505,2157,256
5079,3.5044139763767763,0.2419787893363502,1956,256
5080,2.085461240341047,0.9427434164776668,2130,256
5081,0.5232664137882457,0.8265604036347478,2054,256
5082,1.0188705790075705,0.850903926316276,1947,256
5083,9.249246313745325e-07,0.0030919805126299,2031,256
5084,0.00023522138447981103,0.155454556841845,2150,256
5085,8.117370280451351e-09,0.8638917226068428,1927,256
5086,0.0011159202031397967,0.3576608548278932,2025,256
5087,0.1646178183120301,0.719299031420845,2103,256
5088,0.001025336769896912,0.8225140672461316,2160,256
5089,0.019771393568826425,0.899493378924384,1975,256
5090,0.06038429953950613,0.1799278031079233,2099,256
5091,0.522438209444667,0.5031395002349168,1993,256
5092,1.0098297873215818,0.1365552328379684,1989,256
5093,0.0018517041450609314,0.5298243964027893,2132,256
5094,1.6525133542819383e-05,0.0654169089430163,2034,256
5095,0.36905541138197423,0.5636096993533527,2105,256
5096,4.17236330400049,0.6433199359419204,2165,256
5097,0.0006958794072799064,0.4992722175144753,2021,256
5098,1.9247057983519025,0.1781763660008892,2002,256
5099,0.10252156165872789,0.8134393030231492,1986,256
5100,0.16490137167508695,0.9982785381777888,1967,256
5101,7.679169222572721e-05,0.70014177027845,2134,256
5102,2.7690145179635043e-06,0.9221952006231924,2145,256
5103,1.0468449847976442,0.7907303753590251,1984,256
5104,0.3010455649987804,0.9973697994955882,2172,256
5105,0.12879114653708956,0.9011549870598784,1971,256
5106,0.020892446924342254,0.2044686193964362,1950,256
5107,1.5851847231453113,0.8919400376391712,2144,256
5108,0.025519589043274903,0.3719716498764802,2073,256
5109,1.3088841940033282,0.0820652589238191,2049,256
5110,0.28003443436954184,0.0347210598826576,2132,256
5111,1.4663607309603765e-05,0.5686051012097585,2157,256
5112,0.7934503343614244,0.0787488976691667,2009,256
5113,2.6930505886447528e-05,0.0890482701201696,2077,256
5114,0.46764299454919867,0.841596497727253,2119,256
5115,0.3010889911696084,0.2634728568972584,2093,256
5116,0.004285142506498021,0.4194332344135357,2032,256
5117,2.1633506327336605,0.153527031371161,1964,256
5118,1.1740296339872238,0.7478150749323488,1952,256
5119,1.775318107731469e-05,0.4718601473708732,2157,256
5120,0.03422056642093015,0.2522557275741164,2057,256
5121,0.01692317254281762,0.9027161223626624,2105,256
5122,0.01296457862643114,0.4536402369885303,2014,256
5123,1.777752457505751,0.6554036139579803,1958,256
5124,1.950573716857002,0.2781911242838208,2138,256
5125,0.3859542126000942,0.0488407422761996,2059,256
5126,0.06408060077875938,0.9834301844748152,1962,256
5127,0.0016319089092786088,0.1477724787224987,2077,256
5128,9.399676834667892,0.9043926026608424,1935,256
5129,0.0272339009291973,0.7476865304065679,1927,256
5130,0.03428219369144409,0.8306816938852418,2123,256
5131,0.3763339461467736,0.6365750772980017,2089,256
5132,2.8893420240261925e-07,0.1318791645209378,2103,256
5133,0.026026059116890935,0.8198929538281006,1986,256
5134,0.3200400853020986,0.024696409614081,1987,256
5135,5.057725878737248,0.8276447000681985,2174,256
5136,8.766861131327152e-05,0.816941165931248,1953,256
5137,0.24513198764305202,0.2020417792263066,1928,256
5138,0.005385900775651949,0.5469616053864772,2169,256
5139,0.561118596826385,0.2680286516229613,2058,256
5140,0.013917278470532328,0.157200948975442,2006,256
5141,7.658384757164625,0.476595256432722,1969,256
5142,0.036133479016675706,0.3483404012772118,2153,256
5143,1.7693898581388257,0.940938311952929,2030,256
5144,0.0031506220117709,0.5496014971911829,2119,256
5145,0.10363102287734001,0.7003988170160899,2033,256
5146,0.05224313587057858,0.6089456474008892,1958,256
5147,0.006594423723352785,0.9451448315191976,1992,256
5148,0.6314463647839775,0.1903984142710811,2073,256
5149,1.9379176049321505,0.7665691593836139,1950,256
5150,0.2588497234191813,0.6696370642446199,1972,256
5151,0.10451476868320966,0.1084890837264155,2043,256
5152,0.19425672278061035,0.4704264150172693,2120,256
5153,1.8685043449607066,0.8295499688151078,2083,256
5154,1.6241329833087401,0.3254645668880416,1976,256
5155,0.1700084087698011,0.4124423858832803,2058,256
5156,2.2098130661950837,0.3016343011331053,2013,256
5157,0.38465230218136764,0.5348152810230378,2091,256
5158,0.006641596046126535,0.3280260252475714,1929,256
5159,1.78725363878451,0.9072086194444904,1980,256
5160,1.510742732813948,0.2129289890782801,2116,256
5161,0.29312133405018403,0.1227087805693104,2062,256
5162,0.0022616399555637733,0.5442344845316345,1941,256
5163,0.8857607268522305,0.9963720367076778,2100,256
5164,0.05183612249129239,0.013086649235302,2086,256
5165,0.0029540320736284814,0.1099967559046128,2047,256
5166,0.47978861845233556,0.3972470215603273,2005,256
5167,1.7829134738073402,0.4065655357035321,2149,256
5168,0.13888290702317874,0.2052278860397568,2074,256
5169,0.10793670013027742,0.4593288296432137,1920,256
5170,0.011101334729104089,0.9474273747450448,2143,256
5171,1.8538312346356822,0.1033775476646108,2019,256
5172,0.008830299760493205,0.2916061081076584,2111,256
5173,0.8241955494501398,0.6556401904986224,2155,256
5174,0.05044724733035963,0.4998681768622288,2059,256
5175,0.000906124577462074,0.1832359425091814,2016,256
5176,0.1378356454394388,0.5325126041609887,1963,256
5177,0.00043260250807081933,0.382881487105033,2019,256
5178,0.005276454541734026,0.3243395163621755,1963,256
5179,1.6953288284051482,0.8111528947858254,2020,256
5180,0.044110971759477126,0.3381626204067672,1928,256
5181,0.9512591703268172,0.1421312198265136,2068,256
5182,7.823377708592329,0.2210643247596483,1953,256
5183,4.9707750209621196e-08,0.1786680767848429,2078,256
5184,3.2258061072039568,0.0849315693513943,2137,256
5185,1.0510703779578783,0.1291759972197846,1996,256
5186,1.7790752141444424,0.8256703938137944,1948,256
5187,1.466203255290254,0.1861223281616237,2158,256
5188,6.395000486087754e-05,0.8903276952776533,1994,256
5189,2.5039691081035764,0.5905515597126912,2135,256
5190,2.8567530449172063,0.4941567423983309,2175,256
5191,8.164961244486943,0.3832734283929101,2021,256
5192,0.09065721757839962,0.6404372354431216,2030,256
5193,0.04079662682837361,0.9295581328348425,2111,256
5194,0.030209534387193794,0.3061884046272882,2054,256
5195,0.00018489978749747576,0.6173521937577344,2054,256
5196,0.06510602931871191,0.3678642998759448,2013,256
5197,3.921455924116539e-07,0.8467550631259627,2021,256
5198,5.2859912231487005,0.2570831291231034,2096,256
5199,1.443060820860334,0.3510435543075083,1937,256
5200,0.0527818610821808,0.5268226235381902,2027,256
5201,4.101021493292804e-05,0.5040619952422698,2128,256
5202,0.12331471923091845,0.0222140049679254,2074,256
5203,0.37390922584392294,0.1269116721300063,2144,256
5204,3.469018278562507,0.1073939393810836,2163,256
5205,0.37095482763105947,0.8102888006171858,1997,256
5206,0.15623790704776386,0.3534973976515058,2104,256
5207,0.3256191663862897,0.4135016282563279,2007,256
5208,0.07799491579051553,0.8680764886005011,2140,256
5209,0.5598271336496338,0.4290033450403466,2148,256
5210,0.022250101480008395,0.739202119553818,2090,256
5211,0.011044501545342622,0.6328928744236924,1976,256
5212,0.2618923670436564,0.1227234112281684,2159,256
5213,0.06542141912074084,0.2686796851381269,2164,256
5214,0.8608609831037289,0.1348390630588918,2002,256
5215,0.2940644577543704,0.7865759407279761,2039,256
5216,0.037416372739781205,0.3636827656648933,1941,256
5217,4.0965020657100695,0.0592204210350283,2152,256
5218,3.0950658551337873,0.0060564362179592,1995,256
5219,0.04166693798446163,0.9229331646657905,1982,256
5220,2.0477069107251564,0.4697148044279347,1985,256
5221,2.2376271191172235,0.8763266227369471,1995,256
5222,0.0008396819810168999,0.0382428365816672,2044,256
5223,2.19896024046699,0.8920626786954076,2158,256
5224,0.008659690001280786,0.4918042293325049,2040,256
5225,2.711339436281787,0.4052242905601818,1959,256
5226,0.15408729175299754,0.1790875647087932,2055,256
5227,0.440152440119699,0.6507828748574381,1997,256
5228,0.031720659609925865,0.4594977440074443,2084,256
5229,0.0072516786674646765,0.499756990353054,1938,256
5230,2.0626289610796444,0.3484017901490163,2076,256
5231,2.7683500123591274,0.5297138862160594,2026,256
5232,0.006326568291602293,0.1487312239924523,2073,256
5233,0.004014960918573398,0.3733918000436221,2039,256
5234,0.18528528767468438,0.251596185366298,1958,256
5235,2.452364889713503,0.2088088999885848,1990,256
5236,0.036809939679847976,0.3097916408924301,1961,256
5237,0.12542719811759714,0.6042370852065563,2101,256
5238,0.8311332163083454,0.4084823266350094,2069,256
5239,7.988485803544641,0.772904383750235,2112,256
5240,0.00889295892837986,0.1448866608585255,1969,256
5241,0.019281297591930237,0.5184300650502793,2109,256
5242,0.05526943858022704,0.082162355164322,2164,256
5243,0.13993074986776124,0.533041471564538,2085,256
5244,0.27155041478545566,0.4789298768980636,2127,256
5245,4.63646852862457e-05,0.6465100790155044,1961,256
5246,0.14498406067216485,0.4807490927535325,2151,256
5247,0.8287704589985404,0.8131525313780561,2062,256
5248,2.483937571983707,0.4982429346418039,2113,256
5249,6.605426584716872,0.5390510541283824,2115,256
5250,0.016158605611448367,0.7907640679025294,1975,256
5251,0.16545122087217173,0.1650633494071789,2084,256
5252,3.641445532037536,0.4421320869278698,1948,256
5253,1.269366871889742,0.859580635701628,2087,256
5254,2.6396977055188686,0.4352207317842127,2060,256
5255,0.00350326625496978,0.862895279620225,2001,256
5256,0.001803847642483283,0.0178503945117579,2047,256
5257,1.3881787077940948,0.2970642893796653,2144,256
5258,1.1866392194915274,0.9171418979042516,2123,256
5259,0.0015527732588655073,0.6308508427829124,2003,256
5260,0.00030503351888343336,0.2476031696378984,2016,256
5261,1.2331369416588824,0.8458829147666754,2078,256
5262,0.04123134831453812,0.5114465148781605,1958,256
5263,0.706078576926795,0.8977765697221423,1953,256
5264,0.0739494556362164,0.1704096433393119,2055,256
5265,0.029408514685622337,0.0586067005280415,1999,256
5266,0.008592820311390874,0.6710900650495886,2153,256
5267,0.0068157881180890955,0.3719290684403804,1930,256
5268,6.601860068138595e-08,0.4149389135748078,2065,256
5269,0.05503641623788749,0.0438422726559577,2095,256
5270,6.624641886002298e-05,0.453158424060202,2003,256
5271,2.012550103543684,0.5178116211117203,2034,256
5272,4.250302013861869,0.7530250439376632,2111,256
5273,0.001314433040427619,0.8078001242940539,2173,256
5274,8.408301937920304e-06,0.877043061965694,2040,256
5275,0.1315012612351258,0.5347178493827565,1995,256
5276,2.5643612080191684,0.6742995057324399,2002,256
5277,0.075293752428903,0.8533981687064791,1989,256
5278,1.0419591263499907e-09,0.6539733717812409,2042,256
5279,0.6564728358466309,0.8251059653925044,2018,256
5280,2.3670773031713415,0.5141979262843266,1943,256
5281,1.2036287584290841,0.94864828217044,1934,256
5282,0.08355090086998836,0.8346146111191299,2140,256
5283,0.5510142743415858,0.090677471634487,2081,256
5284,2.1191387510489497,0.7500029115867509,2008,256
5285,2.963522734389478,0.9883763523217612,2107,256
5286,0.585497040299663,0.3849809784460481,1963,256
5287,0.1216190548362611,0.0782383061100041,2002,256
5288,0.025389804893465134,0.3859424191277147,1984,256
5289,4.527795527914881,0.8597328839381391,2097,256
5290,3.6311845685684356,0.8394450313604003,1991,256
5291,0.00851660546690304,0.300170759576526,1958,256
5292,0.7243626948563693,0.4686197479779685,1926,256
5293,0.022462675740648804,0.4028726712221763,2029,256
5294,0.791386641791018,0.1936504202793387,2146,256
5295,2.842495690069686,0.4154794461163125,2132,256
5296,0.16454097978014684,0.6246713355520729,1970,256
5297,2.2125999544837254,0.3915335620463571,2017,256
5298,0.5093769679076406,0.2866585198080316,2017,256
5299,1.4831327148822886,0.3375874332406885,1975,256
5300,1.3584721718985269,0.3180324501652374,1998,256
5301,0.011560428158296929,0.307405087444311,2013,256
5302,0.011014874466177282,0.7117362201069398,1945,256
5303,1.8354149913073774,0.8168385128217526,1964,256
5304,0.0003223927066632976,0.2292026726775695,1932,256
5305,0.00011964244503849907,0.7929752496854852,2114,256
5306,3.5837685384908706,0.1807456109062273,1988,256
5307,0.36382828547322515,0.9834848656142066,1965,256
5308,0.22283537520907123,0.8762601024130225,2171,256
5309,0.30270439597663046,0.7320015216506992,1959,256
5310,3.280206947226149,0.4039663063375844,2043,256
5311,3.660100145257702,0.7976551187016143,2063,256
5312,0.020929172406795368,0.4668498126442878,2093,256
5313,0.1578643875347124,0.6927633857107293,2137,256
5314,0.42946993638100545,0.6489593416964456,2069,256
5315,2.4446964418965558,0.722897832530954,2015,256
5316,1.2057256001781536,0.2453130199950819,2176,256
5317,0.6589788085051872,0.4967794479827336,1948,256
5318,0.0037561902244462,0.5156555192576099,1961,256
5319,0.1446279983262365,0.1072912326435447,1976,256
5320,0.37261799982465493,0.1280132811649806,2135,256
5321,0.002559804114735733,0.2246794907533866,2000,256
5322,0.08378784745922266,0.9485398974068268,2033,256
5323,0.020537919301131947,0.5775156199832755,1977,256
5324,0.7969927573304336,0.5350460910603458,1925,256
5325,0.033922836008223975,0.3485353519019214,1982,256
5326,19.546319053859193,0.2506374600010337,2023,256
5327,0.2980829666237325,0.329385317714821,2158,256
5328,0.8492796478885378,0.0283837836730201,1961,256
5329,0.011951106606807324,0.3927281630772398,2092,256
5330,1.5568770406119588,0.5020911924852504,2111,256
5331,5.050864089054458,0.1606022596649171,2030,256
5332,0.20823045550917077,0.9772293274034816,1934,256
5333,0.0004852906045431607,0.9950860987846056,2052,256
5334,0.00017222230406739147,0.2579811252019149,2006,256
5335,0.00158674675151401,0.1699311748245744,2122,256
5336,0.003821823322054544,0.979555860050498,2041,256
5337,0.09117145710518593,0.3634935191524572,2037,256
5338,0.006182542825582347,0.3131849134662359,2116,256
5339,4.545592239791296,0.7805212164488409,2035,256
5340,0.002287781167661415,0.3963688075295716,2085,256
5341,2.2483391644242703,0.3823934112239493,2139,256
5342,10.058507609154352,0.8544603513838152,2082,256
5343,0.07531131824798633,0.8190018971073862,1962,256
5344,0.0034003533117812324,0.5029129385894798,2092,256
5345,0.7878528310974741,0.8853993912584741,1931,256
5346,0.09553806002732594,0.3823940901052226,1935,256
5347,1.700533820329672,0.0375011142206009,1921,256
5348,3.0609836610026897,0.6784582227604335,2027,256
5349,0.08074208580657495,0.5482828494356863,2085,256
5350,10.179918958081862,0.2671524061797695,2081,256
5351,0.021519490999923393,0.3984097198338143,2105,256
5352,0.6237137308886307,0.3387012877542004,2019,256
5353,0.09742660446995166,0.6087302682870899,2068,256
5354,0.012832878201264518,0.0637671863637429,2044,256
5355,0.3682776487332634,0.7927530463434479,2049,256
5356,0.03476367382048202,0.09333158600235,2144,256
5357,0.0051250308289377145,0.2828600209896371,2044,256
5358,0.0860810928398644,0.8751234497198344,2094,256
5359,0.0018438698881268084,0.119044585394175,2136,256
5360,7.390115232594528e-05,0.749919061847013,2087,256
5361,4.241246586885358,0.3135700661282036,2014,256
5362,9.167020211021866e-06,0.1224197428511368,1966,256
5363,0.10825815704697823,0.1029352545209015,1975,256
5364,0.00011952931227325348,0.3511814645860012,2008,256
5365,0.14952726190554044,0.3833861792040585,1920,256
5366,0.3282441855503183,0.9188075561577664,2168,256
5367,0.15669514503240828,0.6849297828384394,1929,256
5368,0.2631222716171663,0.2483029849633052,1993,256
5369,0.12084751911794006,0.8251718962480948,1921,256
5370,0.16630111276599832,0.3233186773474866,2063,256
5371,0.08344808476081018,0.2152756576538694,2059,256
5372,1.1522708330727518,0.6388264523025455,2106,256
5373,0.09399873966890566,0.2422601379783043,2152,256
5374,0.00010108370898126148,0.9128920412025082,1953,256
5375,0.1929960936739952,0.8630910905401116,1979,256
5376,7.145040005691746,0.7891931407988184,2042,256
5377,4.265157097046694,0.0720190532625941,2033,256
5378,0.12765321450705852,0.8539191649371141,1949,256
5379,6.253426409841663e-05,0.5267727134819935,2054,256
5380,0.009126581546247608,0.495145279925833,2161,256
5381,0.1228319712690294,0.2167162512817828,2151,256
5382,0.356443085530451,0.3699366522865246,1931,256
5383,0.09457708486342827,0.4714085681153345,2034,256
5384,0.019460707642157637,0.8050843050990731,2089,256
5385,0.004866910951582097,0.5683038663254919,2042,256
5386,0.4170799138548009,0.923001655455542,2030,256
5387,0.006699901581439218,0.3616072047063359,2083,256
5388,2.2374557201577854e-06,0.6914629124529,2119,256
5389,0.802295868020438,0.3196892260636513,2088,256
5390,0.013346812499229426,0.4697102570999121,2075,256
5391,0.34622037691503277,0.0568315567202976,2156,256
5392,0.7095543330243276,0.5683109685075525,1927,256
5393,0.006394469642105313,0.4595503582701093,2018,256
5394,0.0012440831188188484,0.0072894194556748,1962,256
5395,0.30215718569802663,0.3099353242597474,1951,256
5396,2.3044380266711277,0.4199321176802958,2091,256
5397,5.843713908996126,0.8873353824140735,1922,256
5398,2.115460037345512,0.3521021050631717,2072,256
5399,0.005174039635304089,0.8068545905752963,1963,256
5400,5.925552102953061,0.2282812883509725,1920,256
5401,0.14433278075527783,0.0625667082920117,1998,256
5402,0.0004125170569551832,0.8541715539616802,2031,256
5403,0.13374609042834731,0.0159910017866981,1990,256
5404,3.07651975443186e-05,0.6093114112864876,2048,256
5405,0.45825822585262466,0.2059742170032598,2174,256
5406,0.2266916754346817,0.6111143283605003,2118,256
5407,2.1106572718670806,0.6105278862646756,1983,256
5408,0.04643424278406705,0.9689533462078762,2131,256
5409,0.00010659174598759719,0.8234392524753358,1987,256
5410,0.04278132317471551,0.8658749763081645,2172,256
5411,0.4396274919283979,0.8004663985504805,2130,256
5412,0.12449362455859836,0.9095771161985422,2131,256
5413,0.0074712256216843504,0.1285902917359649,2081,256
5414,3.160046166267803,0.3733050026364738,2098,256
5415,3.903978162942571e-05,0.1098126884212716,2035,256
5416,0.5278232017867622,0.7172961995498724,1974,256
5417,0.0004362959789687118,0.8754220472674198,2069,256
5418,0.02503518173745102,0.4712467116184499,1992,256
5419,0.09370212072034785,0.8521439833124489,2091,256
5420,0.015317889490054104,0.5497072205495513,1959,256
5421,0.1475315163065252,0.1070066893123794,2040,256
5422,1.3287821320591686,0.6440014904265841,2020,256
5423,0.022044487697778146,0.2342635670293076,1940,256
5424,0.006766848504455327,0.7305624438767122,2068,256
5425,17.47156948494625,0.4701928493620821,2104,256
5426,0.40032638460721537,0.396404292124054,2158,256
5427,0.08519629058373865,0.9413467182793724,2133,256
5428,0.002062555787139348,0.4570485137307726,2149,256
5429,0.04342465843070417,0.5094069683065063,2166,256
5430,0.10647260628180259,0.700061375223751,1996,256
5431,0.03468202773638193,0.8476156442715606,2173,256
5432,2.478480853623609,0.6304112827943753,2108,256
5433,0.05028929454750008,0.8598240478518779,2037,256
5434,7.664172025857579e-05,0.2558760667293224,2043,256
5435,1.1773905816097772,0.822886590102913,1963,256
5436,0.04669203035875618,0.4220788876484378,2009,256
5437,0.4605427522195113,0.6017365148228911,1948,256
5438,3.368158381507302e-06,0.4289474060143283,2003,256
5439,2.4396160810116636,0.9000739373077149,2110,256
5440,0.05736552224994231,0.932279455805334,1962,256
5441,0.014546176759496968,0.8914116987479764,2031,256
5442,9.255678568007676,0.9858862116461204,2053,256
5443,0.00012063695112181911,0.0327705508996878,2174,256
5444,0.003427281164465527,0.7845984264292228,2127,256
5445,1.2452114857351493,0.5139961840181314,1991,256
5446,0.0035566277954217043,0.915868097614922,2075,256
5447,0.2144282670940076,0.7105708515185816,1984,256
5448,1.9412276669324182,0.0481591401187182,2031,256
5449,0.023790286491573626,0.6054239800940879,2154,256
5450,0.00039269276397112224,0.5394228862780742,2073,256
5451,0.010653558947791658,0.3160826231223453,2061,256
5452,0.024534329444500135,0.6822545061664131,1922,256
5453,2.789708252886289,0.4091487780346698,2041,256
5454,0.029054272180638236,0.2390978987690972,2079,256
5455,0.31242850674587286,0.3115225909834431,2092,256
5456,0.09574183316102737,0.4640926143121877,2153,256
5457,2.1460113010527193,0.3392967200891619,1927,256
5458,8.855013050881245,0.784179427287875,2161,256
5459,1.0686946375515323,0.4627013760421036,1958,256
5460,0.24775620670355072,0.1527126530595691,1950,256
5461,0.18738319898828468,0.6499283040297046,2133,256
5462,0.059805009065180506,0.3166144414857694,2078,256
5463,0.736515634100528,0.5517989308183511,1971,256
5464,0.2691691803921027,0.5002574550887522,2034,256
5465,0.40206825438861954,0.9101676549384476,2097,256
5466,0.0016622719763254828,0.4912099895344446,2055,256
5467,1.537058728187134,0.3501880198294088,2056,256
5468,0.00041429171320666013,0.952338948153622,2147,256
5469,0.0005675661699920172,0.7692116981786462,2175,256
5470,0.08442846044851764,0.9955288362108704,1995,256
5471,0.03494801651945245,0.0748138043671621,2064,256
5472,0.6694845550127472,0.8681277278525632,2081,256
5473,0.011453960578061773,0.9930711761328542,1985,256
5474,0.9980084985170516,0.2319063862396325,1992,256
5475,0.6852327711645548,0.7306264127409244,1963,256
5476,0.013415753247710632,0.9706690203349,1966,256
5477,0.13878847658646679,0.2713265757125179,1958,256
5478,0.546959740068595,0.033155082452139,2143,256
5479,3.927643956280453,0.8056081483976378,1966,256
5480,1.2548941843509154,0.910363368223721,1960,256
5481,2.5230462957706448,0.3259409182237331,2064,256
5482,0.01976580580712841,0.1278107155906772,2105,256
5483,3.024527220202835e-13,0.7383431875849708,2034,256
5484,0.00055509038413246,0.6833850448044471,1959,256
5485,0.0738430953870362,0.0012247080866174,2133,256
5486,0.1097626722115516,0.946086570802648,1953,256
5487,2.8115974812620204,0.5524084749101172,2148,256
5488,0.32770063575059055,0.5560961440004153,1984,256
5489,0.217847713578336,0.8579666067052258,1998,256
5490,0.37651634957143415,0.4429612884704721,2137,256
5491,3.3176052455955124e-08,0.8978625912021778,1994,256
5492,0.15154200598122738,0.0191750707617098,2088,256
5493,0.526522908346999,0.6450866789875419,2022,256
5494,0.09825082363094807,0.955315949497016,2079,256
5495,3.770701588557032e-05,0.4645256819967671,2094,256
5496,0.26208497568580075,0.5671576684907121,2130,256
5497,9.163543140065322,0.3684993926867078,2094,256
5498,0.021293921680908715,0.943716681918046,1920,256
5499,4.075275392457495,0.4951863836721601,1979,256
5500,0.09815832807397366,0.8516778170804108,2127,256
5501,0.0010292598904201797,0.6893327484240873,1968,256
5502,0.36620321130585315,0.3792536354909037,2152,256
5503,1.1204688835879757,0.8719144779924635,2163,256
5504,0.8796783628807832,0.2263811309828215,2001,256
5505,0.5257411283487425,0.9153572356768984,2035,256
5506,0.3642346878044047,0.6731838743815413,2135,256
5507,0.000426036282450976,0.6162886838210904,2150,256
5508,3.041109149534405,0.6539214761044151,2082,256
5509,0.02109784965044388,0.1268680273925264,2089,256
5510,0.06461813471042942,0.8336257354638773,2133,256
5511,0.0037588620070633937,0.7010690874615534,1960,256
5512,0.3968647819456938,0.566633873148186,2105,256
5513,0.733658547085604,0.496993113555324,1953,256
5514,0.019473148244643735,0.825351018894539,2077,256
5515,1.237951625877663,0.9817347062902168,1995,256
5516,0.4474186837778023,0.7900683439614471,1947,256
5517,3.3716131107746077,0.7597166658035206,2031,256
5518,1.3093506002767987,0.0344496253903597,1999,256
5519,0.2938907204765179,0.1781273877433068,2165,256
5520,2.73595391092553,0.6180445300188494,2014,256
5521,0.1557576362931745,0.6120336524616875,2010,256
5522,2.1973755651106512,0.5637863590085662,2155,256
5523,0.44873292589315283,0.5233179017687999,2082,256
5524,0.07714189802158383,0.0713598635820551,1932,256
5525,7.42127422737482,0.8725612571730275,1955,256
5526,1.9939953898701357,0.064855878861741,1960,256
5527,4.3807006574010703e-07,0.9692068541367824,2132,256
5528,0.0183084117649961,0.8901299381435286,2047,256
5529,0.024460214087750138,0.0348277483303183,2004,256
5530,0.010457381473136827,0.381654816968565,2047,256
5531,2.7376775180988684,0.952743927912604,1993,256
5532,0.398771255749372,0.990248785755636,1929,256
5533,2.564493294558765,0.9968170249255914,2012,256
5534,4.053805051591379e-05,0.5035850554733087,1954,256
5535,1.0932934073942242,0.343327178259207,2048,256
5536,4.4802031521907555,0.0510853332771912,2016,256
5537,0.005337990789920711,0.9636560443343628,2059,256
5538,0.01826357679547122,0.8380351569292667,2043,256
5539,0.3468654480366513,0.3506082396744703,1957,256
5540,7.006862263740295,0.7317809679120533,1998,256
5541,0.02160842875268104,0.1654596603814624,2117,256
5542,0.02351656552090535,0.613961598912436,1992,256
5543,0.2560250185314605,0.0504189743028543,1984,256
5544,0.1128768446069201,0.8215462532008199,2133,256
5545,0.4721729854581804,0.9191701380126084,2093,256
5546,0.059370796093633174,0.4224935499398327,2144,256
5547,0.0038543969393022206,0.3763102325980956,2138,256
5548,3.995859869227252,0.8408904674163873,2064,256
5549,0.0642002041864606,0.8846130570827159,2149,256
5550,0.03157676718144936,0.3449488004646392,1999,256
5551,2.2237952991822367,0.0448726428371901,2143,256
5552,0.002941331305984105,0.0435697905059587,2128,256
5553,8.995424956104737e-06,0.7443320323148382,1941,256
5554,3.1335644140687102,0.2982495126847299,2077,256
5555,0.04940107839774302,0.0827288828448249,2140,256
5556,0.007875833405765304,0.94218883021225,2043,256
5557,0.015174040744757585,0.0474540759249515,1940,256
5558,0.0006217406376940054,0.619852473101735,2117,256
5559,0.20070315548849743,0.8057879136811198,1948,256
5560,5.957359244397641e-06,0.7678488329094464,2050,256
5561,3.8856244758906184,0.2772554524485334,1939,256
5562,0.0003345267344405716,0.7079078384573436,1981,256
5563,0.14851236436701315,0.3700143572553385,1935,256
5564,0.8055716067655969,0.5335534835199588,2017,256
5565,0.6542881584188921,0.7048198840353427,2137,256
5566,11.087617301462567,0.4734371160464052,2043,256
5567,0.20944802391772216,0.4998835145841087,1939,256
5568,8.356803323430938e-06,0.6680399017831573,1942,256
5569,2.757085143647262,0.6665166713626287,1972,256
5570,0.003920740123145519,0.8748669879961319,1992,256
5571,0.019875871204500496,0.0517273490786096,1996,256
5572,0.5486032276488263,0.4195600979677606,2030,256
5573,0.016343900203119405,0.5244873361055878,2089,256
5574,0.3923579174289826,0.8451131351472042,1995,256
5575,3.7611718118056543,0.5517447022036297,2041,256
5576,0.16972431183073058,0.3262707584665585,1935,256
5577,2.331638527443215,0.914694417568432,2144,256
5578,2.2191519286192265e-05,0.2597728387605432,1932,256
5579,0.028568678522710278,0.0966860614262787,1952,256
5580,1.0317339766641513,0.7429594461892016,2121,256
5581,0.03863679721400205,0.4924545561668778,2162,256
5582,0.8372209458445218,0.5749601422401289,2031,256
5583,0.14008345181987394,0.5618468355734917,2017,256
5584,0.004120286912116166,0.683029667655712,2128,256
5585,3.374223947165233,0.6686142155114055,2005,256
5586,1.5968582881902895,0.9395725061094184,2153,256
5587,1.948662015641821,0.4841668939983724,2114,256
5588,0.35431481213940696,0.2048134745996738,2010,256
5589,0.05486583645364097,0.9377400843350352,2031,256
5590,1.0817789320372087,0.62003775445445,2027,256
5591,1.3527265659992371,0.5189856525743904,2138,256
5592,0.04716584284801383,0.4319042702482035,2114,256
5593,0.0034770824400705744,0.2551160191051181,2119,256
5594,0.000170633247488755,0.1441796880510581,1954,256
5595,0.01800606402769719,0.8957035439390496,2140,256
5596,1.2472798886993361,0.1700248404473952,1991,256
5597,4.8329701205018,0.7685305628922116,2155,256
5598,0.45858177718675247,0.1185327727271114,1995,256
5599,0.00020294157467583783,0.7716988197842913,1935,256
5600,0.015088774068778918,0.4235735683987057,2055,256
5601,0.0094859449932041,0.0386769406990922,2115,256
5602,1.2858036709355334e-05,0.7139430921774822,2023,256
5603,0.0030498295579943252,0.7404539676600986,2176,256
5604,0.0014102235892941384,0.8248457476748328,1948,256
5605,1.0815915637198499,0.8061608780986562,2143,256
5606,0.0880813098776026,0.1961870744470935,2013,256
5607,0.4674707668634408,0.8014132408518991,2113,256
5608,0.2637814590954546,0.6157856999175146,2118,256
5609,0.00017174305233581464,0.8220433550171262,2105,256
5610,0.15534401719415689,0.6802106356464456,2079,256
5611,2.814221060579237e-05,0.0854023974939528,1985,256
5612,0.132490588133607,0.1340266792344965,2175,256
5613,0.004483887581152738,0.727234173512682,2147,256
5614,0.41585972896435436,0.5073512252103816,2015,256
5615,3.7386262484366624,0.0583419271484949,2028,256
5616,1.1821051586768456,0.3801832668022941,2083,256
5617,0.0017982668620625396,0.6477247040259128,2137,256
5618,0.8502651064708897,0.8097252955113319,2028,256
5619,0.3327230882315334,0.8575613737992752,2039,256
5620,0.18434026001349643,0.536029918470473,2159,256
5621,1.3471704379092777e-10,0.0227902793012365,1935,256
5622,0.0024738542683113373,0.343450148217522,2105,256
5623,1.8355398095375406,0.1006908235585311,2048,256
5624,1.7740109387514445e-10,0.5183884147639437,2130,256
5625,2.865902560397508e-05,0.446508841675014,2153,256
5626,0.030634716165252186,0.5560800963211473,1929,256
5627,0.030896514748658545,0.1219243571931578,2000,256
5628,0.00013423761641167823,0.5223366937034866,2086,256
5629,0.18693347606335495,0.4539374322669817,2137,256
5630,0.28249421511085293,0.4560246290285511,2166,256
5631,0.1373675081993642,0.6856823299990051,2106,256
5632,1.2000650431780717e-10,0.4897785696892832,2005,256
5633,0.05992479126558137,0.2539327339923412,2087,256
5634,0.2139096189181761,0.8756241258013642,1974,256
5635,0.0002506480424064229,0.855593699032074,1996,256
5636,6.102314380730179,0.9272178171759032,1996,256
5637,0.05722120469679476,0.8707529300345052,2172,256
5638,0.020639823174181265,0.8110238250069771,2079,256
5639,0.03150003645168409,0.2742152932764332,1971,256
5640,2.3602587776118957,0.1008943367567786,2030,256
5641,0.5151130976049029,0.0378262737461159,2034,256
5642,0.2072872062307943,0.7434620890346784,1944,256
5643,2.0148139768282025,0.7909688268700344,1927,256
5644,9.212898958631328e-05,0.3507404494850762,1988,256
5645,0.5716882574946326,0.5254337343409659,2138,256
5646,0.002796505754972289,0.7035786385302073,1976,256
5647,2.5384960937988543e-05,0.3913974294638309,2069,256
5648,9.73543249154835e-06,0.4356755634731196,2146,256
5649,1.3059199402179789,0.7185179223961073,2056,256
5650,0.004795907592061404,0.8971734618973024,2031,256
5651,0.704536205576498,0.8364322351955588,1924,256
5652,0.39520169702210295,0.4635133536601575,2148,256
5653,0.04246340161077099,0.1376357691481945,2148,256
5654,0.2267998825291322,0.169471162077311,2081,256
5655,0.00040762421310256824,0.0562240115642495,2044,256
5656,2.312992969913271e-06,0.5214764866174215,1967,256
5657,0.8544564943479899,0.933136606316216,2008,256
5658,0.07701728545100889,0.5902232975503428,2079,256
5659,0.027759227888278226,0.8410400959292189,2175,256
5660,0.0005758525391627617,0.8733783472970944,2081,256
5661,0.09237430033378309,0.0125664715789537,2166,256
5662,1.3732042151639875e-05,0.962064611030384,1920,256
5663,5.608357950055553,0.3575158963753263,2027,256
5664,0.40892658065975,0.9237287258693072,1940,256
5665,0.04377198097858247,0.1926314996428497,1947,256
5666,0.05302210412843347,0.2401299604534257,2034,256
5667,0.029663803085511652,0.994130277049812,1957,256
5668,0.33743477293193114,0.6988348691553415,2074,256
5669,2.939339870282446e-05,0.895508411729383,2114,256
5670,0.27571526740138397,0.969953719114985,2007,256
5671,6.352837202328157e-05,0.973202787098853,1974,256
5672,1.2423877762394668e-05,0.8312672639603187,2142,256
5673,0.05725666600089475,0.2694344152342152,2000,256
5674,2.273019146949463,0.3018928701984135,2062,256
5675,0.015538227042838257,0.8140735743909184,1921,256
5676,0.2702567733649231,0.4999717072099285,1932,256
5677,0.254003113737833,0.7139911312618412,2078,256
5678,0.21595302633230376,0.4598477643571468,2147,256
5679,0.12068431387951689,0.9281678646337872,1994,256
5680,0.07345981948315485,0.1911100085834457,2046,256
5681,1.5129555927763556,0.033972254410612,2033,256
5682,5.950627375822918e-05,0.1638601189434059,1949,256
5683,2.8128710560368353e-05,0.1444782636887626,2052,256
5684,0.8062840842006977,0.8152538017126583,2046,256
5685,3.004278606269897,0.711492015359965,1980,256
5686,13.645186183046425,0.7439201478404162,1962,256
5687,2.7890458982898756,0.2928351467735159,2091,256
5688,0.007808748448446272,0.8413951471528789,2085,256
5689,0.006048266682290996,0.8608467823523906,2049,256
5690,0.0187823048166034,0.8202730664433653,1976,256
5691,0.0058512187085604205,0.4045800478057579,2027,256
5692,1.0207382148306716,0.3183968178308395,2003,256
5693,0.4837641652528886,0.4856363284252836,1937,256
5694,0.10650131209386535,0.3064388478031418,2157,256
5695,0.19512312540287277,0.6935323039361686,2031,256
5696,0.0022365041887290413,0.2387877939668903,2060,256
5697,0.050686029737192724,0.2516094027369856,2144,256
5698,13.59948702013881,0.9651435362324106,2150,256
5699,1.7405488021545004,0.416705878263538,2150,256
5700,0.2731498741855164,0.9201216609335938,2175,256
5701,0.5974465241115063,0.993044798225949,1971,256
5702,0.0041522707682163104,0.1261364560866916,1971,256
5703,0.05841175991105698,0.0263830850816619,2090,256
5704,0.8363515706116911,0.0571082542425832,1962,256
5705,0.00038097163818267735,0.5514838158843718,1948,256
5706,0.05670394820319054,0.2611294921890963,1923,256
5707,1.2268440128227105,0.314819477633064,2084,256
5708,0.18536938468667294,0.9002878017378626,1923,256
5709,0.05913171628224432,0.5229758115300704,2093,256
5710,1.764716063894944e-07,0.1819220544493655,2001,256
5711,0.04792750411438327,0.5009663061810127,2099,256
5712,0.4781904929213187,0.5761263950123935,1982,256
5713,0.0025188255152430476,0.8771873661272697,2070,256
5714,0.33162148544516845,0.4937773735165242,2073,256
5715,0.7156730897629376,0.9933233365182892,2161,256
5716,0.01219642403744282,0.4071047651445967,2109,256
5717,0.006804071785487557,0.9350685148623284,1958,256
5718,0.9530264042382859,0.4994418426733561,2099,256
5719,0.27127470999915104,0.4818319521439862,2157,256
5720,4.379284935323297e-06,0.8509795883670835,1991,256
5721,5.60814770011596e-07,0.9141403620066484,2126,256
5722,1.0433950719377596e-05,0.0930961756025451,2041,256
5723,0.00022617659236547245,0.8936906976834545,2018,256
5724,1.968344751883129,0.5476728508160962,2151,256
5725,8.814438653627704e-10,0.8981962264053635,2035,256
5726,0.11849139515660413,0.1085332215105038,1950,256
5727,0.00015475075217142347,0.1954616189579584,2009,256
5728,0.005559174015049492,0.6411909820527533,2003,256
5729,0.28581894359530496,0.8359901376692668,2082,256
5730,2.3887017135920985,0.684509133080975,1936,256
5731,2.037689523699444e-05,0.8975555675724066,2034,256
5732,2.5746776473294997,0.994611309629441,1932,256
5733,6.723603070472234,0.7062129287739853,2147,256
5734,2.98765229843076,0.83775909959201,2016,256
5735,0.0029826700837456512,0.1525886602825112,2145,256
5736,0.09711319008846743,0.4498225049349913,2088,256
5737,0.050933393390916716,0.3981574211488863,1995,256
5738,0.006119264777668085,0.9220824504147836,2072,256
5739,0.021831708711673226,0.467140268117287,2135,256
5740,0.3254228009011997,0.2894534000644752,2034,256
5741,0.056994660913310485,0.2715405642192788,2166,256
5742,0.3014024779958701,0.2413854344825974,2038,256
5743,0.21208284733487467,0.2648442772749939,1963,256
5744,0.007178908997086679,0.1495096052845761,2121,256
5745,0.1755269729300834,0.2468205668290255,2152,256
5746,2.2630626812556884,0.0187799850632804,2146,256
5747,0.008407984361805048,0.2355917767026542,1988,256
5748,0.007080453733662241,0.4059441312041956,2014,256
5749,1.5910973766938337,0.1588543879842069,2112,256
5750,1.8202045240665252,0.4693876960142344,2129,256
5751,8.584132234558785e-05,0.1578482768368864,1929,256
5752,0.024595695968319148,0.7065320243809127,2038,256
5753,0.00045838495618625755,0.7913184292266959,1928,256
5754,0.31766790168449877,0.9421624417519786,2161,256
5755,0.022687711600703646,0.605617113844388,2103,256
5756,0.30240267799599163,0.5338538153434299,1963,256
5757,0.001499569453816597,0.6298407121592862,2098,256
5758,0.33773712936780714,0.275511204493936,2104,256
5759,0.5615610912429998,0.2880592917548088,2023,256
5760,0.9216012747330122,0.1332384288506457,2148,256
5761,0.10038932809897362,0.7952365845749281,1944,256
5762,0.0005566987780245186,0.2417720767133782,1942,256
5763,0.016321433870259028,0.610296650555371,2045,256
5764,0.002431027635596792,0.9439339149759338,2056,256
5765,0.06601332250888706,0.5554717528240463,2116,256
5766,6.278561449892274e-08,0.690221909439264,2120,256
5767,0.32119324210963135,0.2271903173494103,2147,256
5768,0.07697933150508436,0.218321044832831,1991,256
5769,0.008536478211845637,0.3666769490207456,2104,256
5770,5.428004997199666,0.776114729735123,2172,256
5771,0.029090363451146094,0.8526320281321803,1926,256
5772,1.1999766639629872,0.0170166161949726,1961,256
5773,0.22488500291621372,0.0052063100797057,2020,256
5774,0.000128154079248149,0.3595387735185752,2093,256
5775,0.017414492422582993,0.6305529148317542,1936,256
5776,0.07375103080356661,0.8634796051418147,2113,256
5777,3.2031781461950245e-06,0.3501429386950626,2068,256
5778,2.2083781054302216,0.8354951841679544,2134,256
5779,3.4907911562381444,0.6131454300153362,2050,256
5780,0.0004756374460217045,0.9325901280879686,2136,256
5781,2.465145072662739,0.1268602245855401,2164,256
5782,0.348968425406539,0.0237911765471063,1937,256
5783,0.1668554388942543,0.6326434713172463,2106,256
5784,0.02246055818801304,0.7615837034746152,2107,256
5785,0.44135702028684426,0.8260736259928261,1991,256
5786,0.10973210089755604,0.6313064074842556,2044,256
5787,2.25680273295829,0.8524492642882945,2138,256
5788,0.010447240089137335,0.7953656517649739,2080,256
5789,2.5146622858052363,0.0128911771481972,1930,256
5790,0.0283955645753678,0.8747521906874204,2176,256
5791,0.0015432158883602603,0.7589700075426224,2068,256
5792,0.8113597496197028,0.5985514221420708,1955,256
5793,2.597170199236389,0.9244896135356264,2071,256
5794,0.001514181214679416,0.3542859899515238,2022,256
5795,0.5869659180011456,0.8172510606710446,1956,256
5796,0.0003871353605743226,0.8273916046052008,1985,256
5797,0.017250751048045725,0.7518704965392794,1991,256
5798,6.314201166457306,0.0703205749334535,2117,256
5799,0.002755980905574952,0.7137491450245534,2063,256
5800,0.0010386552661590448,0.7754474757303623,2031,256
5801,0.04465763601832847,0.2392281550776823,2022,256
5802,0.031723251629112666,0.8339325293863018,2028,256
5803,5.823320615048124,0.9008984072410772,1927,256
5804,0.13981725939814324,0.4144735986836531,1964,256
5805,0.002315154326541924,0.6769422522434198,2001,256
5806,0.5510489419284056,0.938250676686856,2064,256
5807,2.7547643342783698e-05,0.7386997281533513,2175,256
5808,1.0743619662817971,0.9434324113319542,2019,256
5809,12.482331207533605,0.9777697511424116,1956,256
5810,0.5660942029286543,0.2811222490734003,2062,256
5811,0.07839260626097312,0.9043407502697276,2175,256
5812,0.3971824372779409,0.5536822152729645,2092,256
5813,2.5954715146550527,0.7970383584698263,2126,256
5814,1.649430434723677,0.7001977894282148,1996,256
5815,0.00011227510147973223,0.3097025596422309,1967,256
5816,0.3907449578301144,0.8721807458344688,1970,256
5817,0.25139812730061495,0.6475810226436265,2099,256
5818,0.8647920588828577,0.2770830087861614,1951,256
5819,0.012859894050385677,0.3057178181932872,1938,256
5820,0.16386710731299062,0.4200158527186387,1967,256
5821,0.3093831108361354,0.7582319259978924,2107,256
5822,0.015453128485033137,0.8990943852984409,1944,256
5823,0.6631572902728609,0.2463467495544384,1935,256
5824,0.3624061429762327,0.9808450596498977,2000,256
5825,0.7769290638619464,0.3791931091584956,1970,256
5826,0.03439184783411547,0.6182126748296227,2134,256
5827,3.41290626137853,0.888364538477569,2004,256
5828,0.16809737383647655,0.8671165754303993,2165,256
5829,0.07905964015867747,0.3613346262142607,1968,256
5830,5.368789540944635,0.9317398345961372,2083,256
5831,0.3401396861175633,0.5859861503750456,2058,256
5832,2.3944196944396143,0.2524853716854405,2007,256
5833,7.789663222198475e-05,0.9357292632944486,2047,256
5834,1.3209985541832796,0.7663545558839977,2167,256
5835,0.0362355982395129,0.8763941330494182,1978,256
5836,3.5625778103673795,0.1938867967202822,2094,256
5837,0.010302764442189739,0.5447921181036772,1933,256
5838,0.004093382915475412,0.5797479691752035,2112,256
5839,1.4055563089402703,0.0206574678731219,2031,256
5840,0.17271370073063902,0.4973426650551077,2013,256
5841,1.5202351580971574,0.9034217268847828,1934,256
5842,0.0013163691814906415,0.8305035716595239,1936,256
5843,0.1515159378125506,0.4262150870896426,1951,256
5844,0.42588049816048146,0.6442910435877881,2109,256
5845,0.12502949274864017,0.3688187298794219,1958,256
5846,3.4927412414682126,0.7325936536929366,1980,256
5847,0.009047378840274813,0.1559832964793471,2035,256
5848,0.7300151653643002,0.0871478286234107,2006,256
5849,0.015269624044719715,0.6372822689598853,2035,256
5850,1.9994472361395776,0.886335745723299,2122,256
5851,0.22138480962836937,0.0832342055687825,2060,256
5852,1.6154667252183383,0.5359791761317368,2121,256
5853,0.21995569908190218,0.5069463903625483,1963,256
5854,4.153383050827472e-05,0.1176407389756059,1939,256
5855,0.06936273035185933,0.0704208285505733,2132,256
5856,0.353107652435019,0.037265790473037,2025,256
5857,5.874325151762257e-07,0.6700731852946517,2136,256
5858,4.247693591295462,0.9907260264997078,1924,256
5859,2.68206279609995,0.5949637742498666,2036,256
5860,3.394305248629069,0.4494307545158291,1973,256
5861,0.03221883621968822,0.1967440317539103,2135,256
5862,1.0323330993895241,0.2769663619089499,2015,256
5863,0.11111681800655293,0.6571849419258808,2111,256
5864,0.4232452454447404,0.0148931449029301,2124,256
5865,3.0694910084841704,0.0428464059886631,2086,256
5866,1.13442639464584,0.1268628791932562,2090,256
5867,0.39596264346309096,0.2609750819392461,2010,256
5868,3.4000343346970046,0.2792465819587026,2116,256
5869,0.09591261053643522,0.8015164774383391,1979,256
5870,0.0034275799580863616,0.5038002352969955,2004,256
5871,0.00045463726106504445,0.1008549795755512,2002,256
5872,0.046962088153785955,0.9838978841041732,2027,256
5873,6.293969592127792,0.1995342885618919,1986,256
5874,0.008336338737944851,0.1134778581481634,1951,256
5875,0.03853476749419611,0.4863147016054457,2157,256
5876,1.2238986903224165,0.2821629091070481,2125,256
5877,0.6719378211033133,0.3930268198310612,2138,256
5878,0.03418456792156647,0.7442350937873259,2107,256
5879,2.7654916504146274,0.0154032014204198,2020,256
5880,0.03429239544381424,0.1319388248252736,2083,256
5881,0.013036291724762436,0.6153044832495908,2001,256
5882,0.3197448385256648,0.1757854134946824,2023,256
5883,1.6104513054337876e-08,0.6508796453166696,2157,256
5884,5.961568160996799,0.0125414795091474,1999,256
5885,0.48983807999932333,0.9138630507284892,1964,256
5886,0.5189179471638968,0.5428877884641781,2122,256
5887,1.8628498279783434,0.5967546692837152,2117,256
5888,0.5487363508938398,0.6244081757829778,1984,256
5889,0.7018597811700857,0.7723460623845629,2075,256
5890,0.09039105467646409,0.2951858648739823,2015,256
5891,0.48583160103296613,0.1139197646468558,2079,256
5892,1.8106470868812004,0.5260254461627927,1956,256
5893,0.010399999749929216,0.8697519321436675,2140,256
5894,0.4052562418646359,0.8707548908409631,2041,256
5895,0.01595420271093976,0.2685781079486448,1940,256
5896,1.9126240029841834,0.1178146531093696,1977,256
5897,0.006256973235190361,0.317723667102009,2113,256
5898,3.711465430576245,0.8864585424758251,2005,256
5899,2.528510307469759,0.8411292256976818,2144,256
5900,3.479047801082626,0.6907288550481485,1969,256
5901,0.05876670874544459,0.1811752212382934,1987,256
5902,0.4939195336242269,0.9574253360621832,2036,256
5903,0.7672265398861589,0.905583041553918,2043,256
5904,1.3509200172092128,0.2320282372116645,2120,256
5905,0.00494079669535399,0.1186146443203628,2014,256
5906,0.09594568474390859,0.8632701459513408,2041,256
5907,6.706345731211673e-05,0.9821054258664484,1975,256
5908,0.30676745128714306,0.708516769839538,2041,256
5909,0.5753326538537777,0.2885281616238391,1949,256
5910,0.5213081611775205,0.928338845317068,2033,256
5911,3.086831051669189,0.2723757345586697,1932,256
5912,2.177693628318379,0.0109334265584494,1930,256
5913,0.9612517786942997,0.2491816739800407,2023,256
5914,0.036633616677194274,0.2666381089014518,1965,256
5915,0.14906543492981134,0.9381048484442044,2144,256
5916,4.437060055200127,0.5433576239022472,2014,256
5917,3.5871279859729093,0.4016116292685725,2012,256
5918,0.043914247192868454,0.0326086627110395,1931,256
5919,1.4895661439404018,0.2451934317646729,1965,256
5920,0.05150639830789963,0.2466584323542324,2015,256
5921,1.2844223287524523,0.3506777052790374,2055,256
5922,0.10531773920482781,0.5454816275325984,2054,256
5923,0.0401209595508358,0.6812040411719349,2027,256
5924,0.09737168531996512,0.6773085396922814,1928,256
5925,0.05705438526436575,0.0674507523533264,2085,256
5926,0.002798222988797982,0.0326924052528386,2140,256
5927,0.6659891246849668,0.3020595882914414,2111,256
5928,0.011688656954592546,0.631323630899924,2130,256
5929,0.06611561009793085,0.9611013012323886,1991,256
5930,3.466179900069119,0.4275373627499066,1964,256
5931,1.627970819538577,0.9623669067152284,2011,256
5932,2.7681903043801136e-05,0.9092435139355092,1957,256
5933,5.140423670747441e-07,0.5145596886202883,2147,256
5934,7.987212380167963e-07,0.7488236734779953,1942,256
5935,0.0010617514808931824,0.0233575746061187,2142,256
5936,0.027880877661703808,0.9426508617898514,2150,256
5937,2.49490936901466,0.7554985074283992,2164,256
5938,0.0028233660190128606,0.4512823450644756,2090,256
5939,0.00011185592296128607,0.6985048612320777,2038,256
5940,0.8752933021239873,0.5909754196145035,2088,256
5941,0.1856428812884344,0.7344887731100463,2037,256
5942,0.002233148135891117,0.0468102370445994,2132,256
5943,1.2395459780028164,0.0668449211229079,2101,256
5944,0.00331955545089046,0.2603461722287816,2011,256
5945,2.5472599606717585,0.683629915137871,2035,256
5946,0.02320532869541239,0.9509792325993917,2068,256
5947,4.547040213488874,0.3596056958325513,1943,256
5948,9.017667057305822e-05,0.6493463393400918,1998,256
5949,0.03186761262185983,0.410769022963295,2118,256
5950,0.08017821716827964,0.3347828503637884,2020,256
5951,0.6269503217594987,0.0157435656111042,2051,256
5952,0.777034390620422,0.7173161272726037,2135,256
5953,2.2415861318824084,0.7205335986420434,2008,256
5954,0.21519992376305,0.01959283191128,1992,256
5955,0.0007562274908304079,0.3227744787581045,2070,256
5956,0.3539756785542482,0.0121481032010488,2113,256
5957,0.006411763507825243,0.8534649602612395,2102,256
5958,1.727425286831377,0.3849420897770216,2080,256
5959,0.0026933510410833282,0.2149856488533607,2065,256
5960,1.9365564309710654,0.6680010131969507,1924,256
5961,1.4149333423842014,0.0015538761990577,2135,256
5962,1.2659368343724748,0.2504665256657158,2062,256
5963,0.15623818817030533,0.1766628276723211,2057,256
5964,2.3886282245648545,0.1562357128623787,2041,256
5965,0.94867097220631,0.8556421647229046,2056,256
5966,6.068436359091176,0.1086601722655997,2136,256
5967,0.00013821989041526423,0.4791367391946368,2165,256
5968,0.25155816919363794,0.0379155706681173,2170,256
5969,0.04872899182908004,0.2174289446009221,2127,256
5970,0.01415605297633116,0.5194722434265404,1939,256
5971,0.37462127644585824,0.0940018018432699,2019,256
5972,2.5289838878776894,0.3471378824432409,1930,256
5973,1.6890024553264518,0.864143668811855,1965,256
5974,0.26382453323824995,0.8503851114864908,2010,256
5975,0.009197505754084095,0.9943466013265456,2111,256
5976,0.025082727293675357,0.8191746654859502,1976,256
5977,0.008386293373304364,0.2823210798562117,2095,256
5978,0.04900625127074481,0.0644644191854812,2047,256
5979,0.42525957982225493,0.3029215423770666,2004,256
5980,0.08774764613471542,0.5723617625516908,2052,256
5981,1.0735732017546735,0.1746722796158284,2092,256
5982,0.004716624630162774,0.6327757873995074,1921,256
5983,0.05651966221732553,0.9760105061040592,2035,256
5984,2.140285171198518e-06,0.1570886214515026,2143,256
5985,0.0019288419312385105,0.1837085857110734,1987,256
5986,0.001584860733386523,0.6458808725972706,2163,256
5987,1.062671167518372,0.1935808551940206,1968,256
5988,2.917369316076338e-05,0.2500226946134661,1964,256
5989,0.041902131778378475,0.3520971428400109,1961,256
5990,1.4877777121816191,0.0299295125344054,2049,256
5991,0.6932244919078547,0.2350645839723315,1940,256
5992,0.06316284734022916,0.7282639140478787,1943,256
5993,3.215647104896644,0.66431603152366,2153,256
5994,2.2037008822689486,0.6391435943681949,1973,256
5995,1.5280536185845524,0.5016381999334688,2115,256
5996,0.12244188141061473,0.7222716061488909,1989,256
5997,0.09046353603954983,0.5861972751954767,2093,256
5998,0.6443714648933028,0.042108573933661,2114,256
5999,1.1525909722237497,0.9997618737587504,1942,256
6000,1.414495588795635,0.5066325149954684,1937,256
6001,0.15171128696127797,0.3744492185502505,1943,256
6002,3.437876260236736e-05,0.3286888514598594,2045,256
6003,0.13362916675982586,0.8427468349397111,2044,256
6004,0.011315157591895513,0.9784150120135064,1947,256
6005,0.0008419160033390564,0.0309961139732702,1999,256
6006,0.00036903290088530525,0.6332836583192715,2148,256
6007,4.641413782816408,0.7366527152333593,2136,256
6008,0.09667624295195905,0.947196628055304,1959,256
6009,0.2865583068416592,0.9392545605410282,2100,256
6010,0.014445043057873726,0.1541500799430798,2016,256
6011,6.2703104059768385e-06,0.6735265419602772,2166,256
6012,5.259924303654977,0.5852021803168939,2040,256
6013,0.44615813562403056,0.9368709018523476,1948,256
6014,7.192892458062726e-05,0.747292725958474,2163,256
6015,7.589972349601614,0.0447667491038132,2096,256
6016,0.01391957099759249,0.9810220824763756,2065,256
6017,0.0017404811886340397,0.7927391545576098,1972,256
6018,0.0541742739356112,0.3377218953141166,2176,256
6019,13.4505299863827,0.6440251446400207,2157,256
6020,0.6870346533468716,0.6031140953533778,1957,256
6021,1.3645792739558933,0.3058875881396404,2114,256
6022,4.169506171091706,0.0954054593920181,1977,256
6023,0.5610699303912512,0.603130767273809,2080,256
6024,2.029974816942358,0.9562307298098074,1970,256
6025,7.772879858298559,0.280972296800109,2042,256
6026,0.010753805629345924,0.1254045700985613,2161,256
6027,0.002165798412934201,0.8073498992182685,2085,256
6028,0.24701549278265433,0.6388074684210735,2041,256
6029,1.314817702383371,0.8961498908591441,2102,256
6030,0.08627759673501434,0.0555609804655443,2039,256
6031,0.05253736686410709,0.4047138577147835,2146,256
6032,1.489069106873269,0.652927057995901,1982,256
6033,0.0033775109132757703,0.1198011805518574,2083,256
6034,0.7098583011899315,0.6886449619487692,2021,256
6035,2.4061042336258716,0.2602414482685883,1920,256
6036,0.00558247581883859,0.4566194033701624,2134,256
6037,0.004449284524617953,0.4776565965896027,2028,256
6038,1.3237714558251599,0.8156635464970652,2132,256
6039,0.014132368635743575,0.1285726128673604,1973,256
6040,1.1084080738880775,0.4410595936877978,2145,256
6041,0.3391515380555807,0.6251279775092127,2120,256
6042,1.8092867369850334,0.3027299181759908,1972,256
6043,0.00010276737133894191,0.3650152510787694,1998,256
6044,0.0009502805252448865,0.7322687912285447,2162,256
6045,0.02454685153435468,0.9137757760636804,2131,256
6046,0.13691970027347158,0.2384957245089447,2012,256
6047,1.2467101979803854,0.9802975881975216,2122,256
6048,1.9046167334593807,0.9380281737159532,2021,256
6049,0.11325589559498062,0.0372071295824943,2152,256
6050,2.428309463152812,0.5757007009214504,2108,256
6051,2.6035913841409766,0.1226260324302873,1937,256
6052,0.4752374579316461,0.7065479067303528,1921,256
6053,0.00331029436632739,0.7290618480823828,2060,256
6054,0.42081928445761496,0.0616350665847389,2071,256
6055,3.359941352075686,0.8519393867005517,2109,256
6056,0.07300818180979046,0.2143234813339658,2083,256
6057,0.07928928024983675,0.4390365113556852,2026,256
6058,1.034404527772056,0.5239986850038487,2073,256
6059,1.297944173024182,0.6616152307794768,2139,256
6060,0.23123942705423003,0.6273090539412228,2103,256
6061,3.042995838392864e-12,0.5372089967008009,2007,256
6062,0.09243510722491266,0.7352048318353906,2032,256
6063,0.15580619392767217,0.2703131669977855,2150,256
6064,0.01887113665688705,0.190889671566463,2168,256
6065,0.783838243942223,0.6791934859925922,1976,256
6066,3.3836865138979345e-07,0.4677058619971441,2168,256
6067,4.177397343037113,0.1476015324533238,2042,256
6068,0.000352885936861391,0.0783898893907867,1955,256
6069,2.074176072793909,0.9147924508158164,2046,256
6070,2.3734113453838415,0.0743337875156434,2067,256
6071,6.167750058187243,0.9992373215337802,1931,256
6072,0.058015645651986594,0.7330318787150153,2052,256
6073,0.249482883996278,0.0835917596155276,1933,256
6074,1.4135303909889014e-05,0.949130775836204,2116,256
6075,0.0006614132535144007,0.2090246888970266,2145,256
6076,3.062377592075465e-09,0.2431358274313694,1987,256
6077,0.030284136152701462,0.534456385917644,2134,256
6078,1.2868165436967721e-09,0.1307301288930585,1948,256
6079,0.09555721596086138,0.8683260944897537,2176,256
6080,0.013282816480815167,0.9871660296548654,2004,256
6081,0.02269468926005503,0.8361140660033608,2137,256
6082,0.15844311025861435,0.1176240158645397,2014,256
6083,2.8245671021047585,0.3328003495767516,2075,256
6084,0.9346214343733517,0.9134977938746088,1973,256
6085,0.010758277489249794,0.0016668808680934,2028,256
6086,1.03738819501688,0.7756221512858152,2144,256
6087,0.16784608137897825,0.6900284901831921,2075,256
6088,0.00034763205180657564,0.0537783463294883,2039,256
6089,0.039767324034759924,0.727639350618375,2120,256
6090,8.758422251781885,0.9947595376357476,2058,256
6091,0.25751975993342596,0.1580775880199869,2113,256
6092,1.0949112201810054,0.4006418708276867,2128,256
6093,0.33858995567063627,0.0354783947643685,2108,256
6094,8.325385849469548,0.6697233271302027,1993,256
6095,0.000318905784151021,0.7813609098101201,1965,256
6096,9.730899142613291,0.819560615418203,1949,256
6097,0.8686890154373906,0.9597699247848436,2041,256
6098,2.384047573188002,0.7788193774067838,1993,256
6099,3.3320688811465543e-07,0.0589023070648007,2085,256
6100,0.07436457458447716,0.8416088901888833,2060,256
6101,0.8522549132531059,0.7970511886843199,2082,256
6102,0.013610634903922336,0.0355540623076244,2170,256
6103,0.0017516303688958272,0.9745764296654726,2102,256
6104,0.0020768623456908033,0.9973725077015718,2119,256
6105,3.7658683404593867,0.3452876756386184,1932,256
6106,0.0012709881896934216,0.6359543869157279,1925,256
6107,0.04391312604796939,0.5084361624327283,1924,256
6108,2.8122455164471343,0.3684968249119886,2002,256
6109,0.8407070790963793,0.95660892693872,2121,256
6110,0.0017934833514374983,0.1985304959193314,2093,256
6111,0.03190753650256485,0.3197061840872988,2067,256
6112,0.37096811335890567,0.7310147797266673,2010,256
6113,1.8970225390729346e-08,0.1586211225536917,2110,256
6114,0.07397798185075526,0.0008601660095837,2126,256
6115,1.2492682441585259,0.2609909241154964,2015,256
6116,0.0059705358622462144,0.2070799475703392,2008,256
6117,0.24200671717650582,0.4461308275894636,1976,256
6118,0.019954656351143966,0.6583788509410317,2011,256
6119,1.2682851564836357,0.2432539883424725,1946,256
6120,1.4606548347238042,0.1731332471079394,2016,256
6121,1.1320153639035104,0.9566139632782332,1974,256
6122,0.23998213486838377,0.8484021374054878,1931,256
6123,2.893966594044923,0.3496247682417222,2086,256
6124,0.03569926348766934,0.5525765560131657,1950,256
6125,0.0016184289795319216,0.7977989826052008,1996,256
6126,0.1822746161319923,0.1921163500992282,2025,256
6127,6.124747920670182e-06,0.9334606554356836,1958,256
6128,3.139891605732871,0.6149148968554784,1958,256
6129,0.08994785365809992,0.5718613834310247,2001,256
6130,2.9862080168943117,0.3617514016597112,1932,256
6131,0.8633603345217497,0.5902415719680975,1925,256
6132,9.15054718185242,0.1011015934638166,2160,256
6133,0.23402648704049278,0.8487529405782056,2141,256
6134,0.823139924932441,0.7889415036420626,2121,256
6135,0.0025223653696937365,0.8497743359682433,1924,256
6136,0.00028968236923712594,0.572305599238542,2121,256
6137,1.5505637344468357,0.0636801923951982,1988,256
6138,0.06621085277952027,0.9675362968858116,2100,256
6139,3.0296171508652585,0.5191175702897594,1987,256
6140,0.3843622592946237,0.2728862449332915,1948,256
6141,0.047618446760748744,0.2342620345866627,2078,256
6142,0.1434626795188216,0.8717056101929966,1954,256
6143,3.146471782989558e-05,0.1930051359354473,1975,256
6144,0.028571595653962348,0.4934604274643271,2033,256
6145,0.06328655261261872,0.5891455286724064,2012,256
6146,0.4396752086999688,0.0154145395114556,2167,256
6147,0.26943638201473663,0.4632439857286435,2143,256
6148,0.15619116139152678,0.7568829707551458,1949,256
6149,0.00310484119635053,0.6470748740691943,2104,256
6150,1.2753534603984593,0.2862222461630328,1948,256
6151,0.001677197087887149,0.0514186953868812,2129,256
6152,1.3972233261019122,0.7184216679512512,2108,256
6153,8.271916745756716e-05,0.489528259171909,1960,256
6154,0.15549035796448907,0.8461532857595707,2152,256
6155,0.09116465720308592,0.819617872219272,2135,256
6156,0.05800103298667837,0.4210233230540019,2071,256
6157,0.001952984870078582,0.6331766722161195,2126,256
6158,0.5242573996452227,0.3636253431826585,2090,256
6159,0.00023009464193837005,0.6414305925625942,1958,256
6160,3.858533499577513e-06,0.7455088290697448,2070,256
6161,1.5901940716998273,0.9495931064529426,2147,256
6162,0.005138746831649883,0.8596058402299411,2103,256
6163,0.6098560195234484,0.1187304889706287,2059,256
6164,7.202907973975157,0.392514111786134,1980,256
6165,0.0044233460017949295,0.2001210996901211,2164,256
6166,0.9013871158831718,0.5402238339711216,2001,256
6167,0.12343545046958726,0.949611786864366,2022,256
6168,1.059185079897643,0.023798472183287,2039,256
6169,0.06570171143900654,0.6533836290215846,2161,256
6170,0.24325552285340704,0.7270918002541248,1965,256
6171,0.2414536991580199,0.3993159189253352,2028,256
6172,0.037415756304141845,0.7289884108054208,2023,256
6173,1.7516049564693976e-05,0.8220398199896187,1986,256
6174,1.2803060393922436,0.6085529679087622,2172,256
6175,1.865926257157399,0.0055143726709447,2126,256
6176,4.124839316246075,0.3291014177329247,2158,256
6177,6.025113676597204,0.4629584352985814,1983,256
6178,5.07818129194806,0.9473251213504418,1989,256
6179,1.4939151557804478,0.0634663506641011,2125,256
6180,0.021412101660491654,0.0523308434910948,2064,256
6181,0.03488299741207595,0.8601184170935067,2131,256
6182,0.07389040430298971,0.06596495462407,2044,256
6183,0.007489893026693307,0.5073374992542176,2023,256
6184,0.0758123760527317,0.4515647378585682,2005,256
6185,9.11622645438391e-05,0.7482640811767693,1922,256
6186,3.022684727154565,0.2289450340723537,2149,256
6187,0.003189643248832022,0.666786766620243,2102,256
6188,0.20921779242268512,0.431545335029724,2106,256
6189,0.04707222315043313,0.81343219459055,1925,256
6190,0.12946634442295407,0.1349557296444645,2070,256
6191,0.14563309332590652,0.465044951973405,1979,256
6192,0.050168756260854375,0.2910216675542535,2005,256
6193,0.059341635742248,0.9950892072054636,2077,256
6194,1.6018457284556242,0.7130030658245541,1946,256
6195,0.06600258329336305,0.2863422169045152,1997,256
6196,2.573801839482487e-09,0.0339438386971923,1920,256
6197,0.00024145207664873382,0.023821237668214,2025,256
6198,0.04275208549512428,0.2305586908820238,1928,256
6199,4.969428242920834,0.4066782612340841,2016,256
6200,0.08963682602057418,0.0081721134971939,2150,256
6201,0.3810278744149259,0.3011086668238065,2003,256
6202,0.02914405127599735,0.972079954133099,1978,256
6203,0.00011264730642897752,0.6313509254565008,1961,256
6204,0.007459642060180744,0.56308914479106,2145,256
6205,0.07978747558626219,0.4882426809779135,2011,256
6206,0.019051599226656758,0.6063704817293998,2160,256
6207,2.6684702741163337e-05,0.3344570700425323,2026,256
6208,0.42465266502003124,0.8312255417823788,1940,256
6209,0.17528354127829726,0.8632195022682881,1927,256
6210,1.9972108102060366,0.3061234732642635,2130,256
6211,0.4398169369265724,0.5018167158881327,2097,256
6212,0.2894832176124715,0.538190543538277,2087,256
6213,0.03030802209167414,0.6692999937943893,2114,256
6214,0.005984552405204818,0.1839567677224873,1954,256
6215,0.7588094973787752,0.0302862722680794,2104,256
6216,0.3474169308242284,0.4053555627049984,2144,256
6217,0.02360341432030916,0.2355774351171969,2012,256
6218,0.2720458266487054,0.349812006214801,2006,256
6219,5.281254500392575,0.9190460739717916,2094,256
6220,0.008909233187793712,0.2653663397370999,1959,256
6221,5.9996465750136485,0.0274014509565057,2140,256
6222,0.5446448166839171,0.2317419616131288,2028,256
6223,0.11143938606356232,0.4302346275645036,2109,256
6224,6.383191277068027e-05,0.4172277944401301,1964,256
6225,0.013455899663523552,0.4486289084492216,2121,256
6226,2.116360544863301,0.8229918198909876,1989,256
6227,0.03652211637109479,0.1917071526497518,1995,256
6228,7.80825984905889e-08,0.848750142026729,2065,256
6229,1.471151790818301,0.2841684056214901,2109,256
6230,1.2209495052868007,0.9491101791384312,1925,256
6231,0.3077711034367094,0.9227220448224032,1984,256
6232,0.06040454306659343,0.2800139620117741,2031,256
6233,0.00582084412533908,0.3243556759976467,2118,256
6234,0.18428010895974364,0.3871678365505897,1930,256
6235,0.027998418496080847,0.580188841356025,1999,256
6236,0.0932816485837121,0.5525332611257695,1951,256
6237,1.225292051180153,0.9429014895435204,2015,256
6238,0.0021522942279569683,0.7082816712089076,2022,256
6239,7.28190885924263e-07,0.2699754439978048,2115,256
6240,0.31799963985694013,0.7165113128822013,2089,256
6241,0.21230295379279998,0.6666675687912037,1984,256
6242,0.7199722082102428,0.579136989652088,2025,256
6243,0.8512053866738227,0.2289015894113643,2078,256
6244,0.5775032797555185,0.727643085581186,2079,256
6245,0.009974481615355529,0.960286976674831,1977,256
6246,0.17476918447984,0.7034322913885062,1943,256
6247,1.5459359819833631,0.1054774424280473,2133,256
6248,0.011260006151293746,0.9201511637467514,1940,256
6249,0.9014955743291267,0.9614807743187388,2058,256
6250,2.4706520979267017,0.4015921382894003,1987,256
6251,1.7503665395593533,0.9908379751860052,2132,256
6252,0.036726828678122526,0.3669360196945247,2131,256
6253,0.027537567025584585,0.0707832795638105,2013,256
6254,0.00010259892051653388,0.1674830786965668,1925,256
6255,0.0018558017891754516,0.6688901740689798,1939,256
6256,0.524530529923172,0.8451508978980673,2093,256
6257,0.8724410079671524,0.4538423346068749,2142,256
6258,0.8413001980701627,0.1445316910639928,2091,256
6259,0.040000841770416865,0.1219363926678648,2165,256
6260,0.06860604131070554,0.0094473965680931,2019,256
6261,0.22779322047910155,0.2938544279514095,2034,256
6262,1.8169485914259753,0.7158534582923689,1949,256
6263,0.4082634684105796,0.25623376109359,1944,256
6264,0.0006327727014727166,0.9415917889762554,2152,256
6265,2.7568595003741234,0.3469684029766295,2047,256
6266,0.00011928811555770589,0.4096502720604557,2008,256
6267,3.1003855004258227,0.2947691452376697,2041,256
6268,3.679526735174891,0.6142136716413291,1975,256
6269,0.39414243507375163,0.447112568080275,2123,256
6270,0.8408714108983357,0.3392517765702304,2023,256
6271,10.275338261995786,0.3230551911427722,2040,256
6272,1.8632593299478977,0.3514639669279215,2049,256
6273,0.009420014120334792,0.3575810035287019,1978,256
6274,0.00024323509889522056,0.2436810888511436,2003,256
6275,1.805459977278211,0.5909959059631725,1998,256
6276,0.18400599281454347,0.5011208405982953,2058,256
6277,0.1393505343375402,0.4715993834098857,2164,256
6278,4.346022453686947,0.4278127201290373,1938,256
6279,0.05868326379767601,0.9457510753550348,2040,256
6280,0.010307062617218934,0.2184814008280091,2111,256
6281,2.786693782154341,0.4840167320989754,1981,256
6282,0.28696072759207025,0.4181208468360685,2164,256
6283,0.05273001400185053,0.2664522089641686,2111,256
6284,0.11034505761360693,0.8053398275388147,2097,256
6285,0.0326929126418559,0.133057589095545,2074,256
6286,1.7222377962239723,0.8085595942577135,2018,256
6287,0.004974726912627545,0.0755141185900064,2006,256
6288,0.041756240142322286,0.5998228782582677,1993,256
6289,0.5789552512493803,0.8814707756521484,2122,256
6290,0.004394757344121293,0.5061121534715225,2045,256
6291,0.26809509926544856,0.9481596908525246,2152,256
6292,6.2998967213753625,0.3265137380130819,2126,256
6293,2.664659833119528,0.1973540306464644,1934,256
6294,0.338075417793696,0.284078954562006,2073,256
6295,0.6085631505597109,0.918929536919348,2045,256
6296,0.7020814113490564,0.9463361594693876,1997,256
6297,0.0016349493859436515,0.6764376427461034,1981,256
6298,1.7005431390421388e-05,0.996207506959254,2128,256
6299,0.6105946045058627,0.1883152935063241,1958,256
6300,0.002473266275078659,0.1077814075658606,2150,256
6301,0.3330246445925971,0.3811805887064725,2091,256
6302,0.0006272729804672769,0.006088375803477,2041,256
6303,0.46619558837155595,0.9062612248077608,1957,256
6304,0.2653180062324378,0.7832282296826998,1929,256
6305,1.24340633552436,0.1750351269048726,1940,256
6306,0.05429437139887446,0.093602584654718,1959,256
6307,0.03639802023491866,0.9092930107205296,1935,256
6308,0.3427095286651789,0.5318916059987359,2032,256
6309,0.3565436869900286,0.3493645277152873,2042,256
6310,0.13643094873279993,0.0443634780472965,2037,256
6311,0.26638361048251985,0.2232399992093952,1984,256
6312,1.3269795872068524,0.5955022013333322,1971,256
6313,0.4443419085052484,0.6231369603010715,1988,256
6314,1.3208803747216711e-08,0.4485337159420115,1924,256
6315,12.518631646346138,0.6834016429943185,2027,256
6316,0.004250765067709694,0.3950589995132768,1953,256
6317,1.9914275880846808,0.811924308592044,2106,256
6318,0.37969317042036643,0.7711404051946805,2095,256
6319,0.1104848004103333,0.8386464708205272,2065,256
6320,0.014136651895577147,0.7971109504014314,1982,256
6321,1.4006477664306467,0.0837122011097849,2021,256
6322,0.01214770063692348,0.322292007506622,2173,256
6323,0.3864034655689303,0.9518242134506644,2023,256
6324,0.0007867907033308627,0.4125239748361878,1920,256
6325,0.2040292781364838,0.2945062138161477,2045,256
6326,0.1473782256192517,0.109582481716048,2143,256
6327,4.4970134539132905e-05,0.4349150212050425,2118,256
6328,0.8608075128885491,0.6411190265784465,2015,256
6329,1.6722216113904336,0.074629327485729,2063,256
6330,1.8383897043981046,0.674237869511238,2029,256
6331,0.002153219603844004,0.7129805279375107,2134,256
6332,0.002226177206750304,0.3494197686494386,2062,256
6333,3.177018680234106,0.6419454397948553,2030,256
6334,8.752325435266929,0.4328018656843074,1938,256
6335,3.593587627822017,0.2196108452051404,2097,256
6336,11.697524974661029,0.7191706470779365,1927,256
6337,1.6319164588639143e-05,0.6939209817303721,2107,256
6338,0.7215134472743051,0.4187357920631609,2035,256
6339,0.00032221081529920274,0.9674254554663468,2006,256
6340,0.2959106879670119,0.6315892314985054,2025,256
6341,5.3358069177199265,0.2682598233444193,2134,256
6342,0.3090725351290099,0.0764752233089899,2095,256
6343,0.0011687068937741877,0.4157670529143132,2045,256
6344,1.0999694225480874,0.8595326419648209,1977,256
6345,0.0017139727413043025,0.7536297522157166,2085,256
6346,3.940680061186417,0.5186635740588645,2054,256
6347,4.248261441383748,0.8542180049750308,2163,256
6348,4.258878683677791,0.8370994045131535,2012,256
6349,0.0012433844656635474,0.1595782402515736,1941,256
6350,0.16043941860659994,0.934795040121267,1927,256
6351,1.9850160593492572,0.7410401915488886,2009,256
6352,0.8601225492315132,0.2861544756499079,1925,256
6353,0.6137022182085206,0.0086885991479485,2010,256
6354,0.006986447903703146,0.019725374315404,2056,256
6355,0.6805501818405667,0.6017430619262631,2082,256
6356,0.4716876410275996,0.0977638614400037,1983,256
6357,0.2916521625298161,0.1264170839080296,2102,256
6358,0.07820077315298384,0.5613308388867237,2008,256
6359,1.3129824901545502,0.1248176000101558,1982,256
6360,1.2196777461314185,0.3839097016566885,2096,256
6361,0.20822458010472375,0.1195731919815678,2114,256
6362,0.6641465241435652,0.7695746252682159,2168,256
6363,0.9010118172642574,0.0772513198154464,2103,256
6364,0.20820447281054702,0.5440485870596329,2056,256
6365,0.03825407927034888,0.7557109824341497,2009,256
6366,0.35752329222797363,0.5358727016450021,1971,256
6367,0.0020804670692891195,0.8282907538087613,2056,256
6368,6.018720447703597,0.8766314522769488,2160,256
6369,0.8331355329939508,0.2897750211771517,2167,256
6370,0.2178997714218014,0.1331660985067484,1947,256
6371,5.801638546519512,0.0070379823880085,1936,256
6372,0.2636392986154237,0.8632923484477343,2012,256
6373,1.7324144783656488e-05,0.7511088574931069,1995,256
6374,0.16846456872763127,0.8862003766865565,2095,256
6375,1.7967990639186375,0.7492381269584122,1984,256
6376,1.2349405777647078,0.0617054900968913,2134,256
6377,0.6703799699822081,0.586572562489681,1965,256
6378,0.012897850393833968,0.0465855816934015,2076,256
6379,0.3485215030483532,0.1536990211722552,2049,256
6380,0.002054292370140597,0.328895035670055,2020,256
6381,0.0004832670904705399,0.0062502073327307,1996,256
6382,0.6972352883861217,0.9789378582070366,1921,256
6383,0.5096108802909267,0.1165955663512238,2044,256
6384,1.2178673571485117,0.968155997247215,1978,256
6385,0.0016220764969733217,0.9375612296929938,1974,256
6386,2.5583322442258227,0.825129575847576,2121,256
6387,0.010206100264288927,0.9303270869725296,1923,256
6388,2.751604465130206,0.1551153917105945,2152,256
6389,0.11559183930610659,0.9699273672969884,2006,256
6390,0.09394727477097566,0.8824541647756908,1956,256
6391,0.9086095082675916,0.5725746785748583,2055,256
6392,1.6740257529173053,0.6673184393072988,2000,256
6393,0.25630902261957006,0.160555081016699,2029,256
6394,0.052903563606418944,0.9564202017441614,1974,256
6395,0.12498779116583351,0.2118456576003645,1951,256
6396,0.0022172573576336504,0.4105585932058718,1985,256
6397,0.6314948571691633,0.6488690564921036,1987,256
6398,0.13784576762308262,0.1774296514050862,1984,256
6399,3.086008553619504,0.6689174395748246,2138,256
6400,0.02605809539034188,0.6534743815277202,1945,256
6401,2.95015797925619,0.6948682132841175,2049,256
6402,2.6390312139942496,0.8499841758669389,2073,256
6403,0.9082223178922515,0.6375639857377289,2044,256
6404,4.221556705247278e-05,0.5074532138213005,1976,256
6405,0.0011990417182940194,0.3184682002687731,2037,256
6406,0.1352996769258176,0.1112837587359564,2030,256
6407,1.6284891345728996,0.2299054844486521,1997,256
6408,0.0006943873120894967,0.3433805935815772,2011,256
6409,2.2882291015886222,0.583222258152746,1968,256
6410,0.046408652116759076,0.1325553076845965,2020,256
6411,0.0969102566028382,0.1467385104486873,2125,256
6412,0.08548965427895078,0.0566267269284748,2149,256
6413,0.026793266712295368,0.6873356647402808,2095,256
6414,0.06766554953970547,0.9339083548735874,2145,256
6415,0.02069462120504448,0.544040512442071,2160,256
6416,1.2437083667480436e-05,0.0456347248217253,2070,256
6417,0.1959545114939789,0.117906139920716,2099,256
6418,0.0014497474848205395,0.3474795564608894,1966,256
6419,0.010846563445659594,0.9211514038271432,2042,256
6420,0.018372420263888353,0.92413152464217,2131,256
6421,0.007860103168298539,0.4467900776007719,2171,256
6422,0.040338999887201916,0.285638430328155,2163,256
6423,6.460454279974905,0.4417270559767561,1978,256
6424,0.0009089360754753616,0.4534134353380595,2099,256
6425,1.9857641607353762,0.2819094701620132,2078,256
6426,5.712086876770594e-08,0.4962330842188635,2157,256
6427,0.0072252065994405455,0.748953823109277,2021,256
6428,0.006100447610339507,0.7845406331036597,2002,256
6429,0.06516888168376961,0.2553978459107938,1999,256
6430,0.00014198894856467162,0.9300096885373776,2119,256
6431,0.048205716356231484,0.1862075585489401,2114,256
6432,0.020508712544556742,0.7533679132844047,2010,256
6433,7.0095985208490825,0.2574041983659612,1973,256
6434,1.2152175845040674,0.4376550785003859,1999,256
6435,0.0023866613589575594,0.8448872451919792,1938,256
6436,0.0014138913131000698,0.845114719223491,2153,256
6437,0.29526369763920146,0.1604968217581384,2148,256
6438,2.1738353567466886,0.1568215323989301,2010,256
6439,0.19460204496401984,0.9734851647842244,2120,256
6440,0.042033318600279146,0.1922057502186014,2122,256
6441,0.04808434870237059,0.774749059407328,2071,256
6442,0.8376802501883598,0.3952160324813972,2032,256
6443,0.00045694517699475316,0.903018136022659,1972,256
6444,0.14937508435015662,0.987467905530424,2162,256
6445,4.733679803624106,0.1577718157463218,1929,256
6446,0.01422669226980814,0.872470100294717,2162,256
6447,0.006688849140902944,0.1481693078213678,1989,256
6448,0.028642327408281945,0.1935898673461059,2086,256
6449,0.1274630015750355,0.0648711514768553,2094,256
6450,0.012806605874935893,0.1815505760891126,1952,256
6451,2.3453036047138016,0.6414332382578194,2018,256
6452,1.7821412507002337,0.5102019189162186,1923,256
6453,0.011761775892022637,0.377303441234204,1950,256
6454,1.3767126445948117,0.4846356766629128,2082,256
6455,0.0008014509307941452,0.8994779807017089,2120,256
6456,0.05081187885914545,0.8888356039205516,2150,256
6457,0.012053888266787228,0.2198362127244203,1993,256
6458,0.023483780279213197,0.3461983058934148,2106,256
6459,4.178026010352471,0.6952436805946296,1978,256
6460,6.984101354069774e-08,0.0820645200023021,2159,256
6461,5.113680143515214e-08,0.6051771383777835,1965,256
6462,0.14844458931407903,0.3007800289178888,2175,256
6463,2.7348931562367422,0.2818877624017862,2020,256
6464,0.2811380434894534,0.1553955796872972,2152,256
6465,0.0014231068437060507,0.7627133217040356,1996,256
6466,1.6371631121776793e-06,0.4567254909239351,1933,256
6467,0.15785389135133612,0.1183459165480691,2003,256
6468,0.0008196979407005091,0.5961084255612118,2007,256
6469,0.13983310331494234,0.181787727962297,2172,256
6470,0.027165480441173426,0.1624778066084474,1985,256
6471,0.0011269817116682794,0.4047756911584702,1934,256
6472,0.05070602213350283,0.5390015212584494,1939,256
6473,0.7610890017133147,0.1983175560068292,1980,256
6474,0.03415183684001013,0.3672344949157716,2142,256
6475,0.004339035842143126,0.0146128716588233,2145,256
6476,0.07202132295921868,0.5024528157393275,2040,256
6477,3.1040675640340134,0.2674101964595069,2085,256
6478,0.01674994476981059,0.1601229117619514,1932,256
6479,1.6895034405598962e-05,0.461716971570408,2007,256
6480,7.938811757940282e-12,0.9676753877752766,1995,256
6481,1.930325582563031,0.766201360861889,2075,256
6482,0.8699792444164135,0.7083074117212903,2094,256
6483,3.4212001546883624,0.0709923842087711,2136,256
6484,0.11796153764788218,0.615001990092774,2040,256
6485,1.0805377556304404e-05,0.7690281914115781,2084,256
6486,0.02582611246486068,0.64269295550106,2115,256
6487,0.006045398198708202,0.8260356477668118,1972,256
6488,0.020652251527416527,0.5593525396368032,2113,256
6489,1.2405548380399303,0.895953234732488,2098,256
6490,1.271143130048306,0.6452343641869855,2160,256
6491,0.8053777676183308,0.7973502882793798,1933,256
6492,0.3497723459957174,0.9891784907587804,2027,256
6493,0.5089855214717881,0.530822674367576,2160,256
6494,0.0013534019715422372,0.1457932846238691,2050,256
6495,8.609378290758729,0.0385724752835223,2089,256
6496,0.09523371914272416,0.6328966285846093,1956,256
6497,0.2790583286423435,0.5491804807865192,2167,256
6498,0.37906574023360123,0.1643672897456382,2072,256
6499,0.15375796536466388,0.4954128080573762,2109,256
6500,0.0024795416835544986,0.526635848342545,2117,256
6501,0.15079751111385883,0.8809226017330549,2146,256
6502,2.692614120805185,0.8482404318473639,2030,256
6503,1.6036175948293472e-05,0.6297096378095964,2081,256
6504,0.04123105348434715,0.6657215126444123,2048,256
6505,2.0442240762403707,0.7163959630367916,2035,256
6506,0.00013799187705852993,0.9264268185256312,2147,256
6507,0.004332575411508396,0.0087592744321819,1949,256
6508,0.2719310799617316,0.0636885747373483,1964,256
6509,1.8915971396189972,0.6533480649659893,1993,256
6510,4.938105329302814e-05,0.8868570319766151,1943,256
6511,0.0004877979872594676,0.934913915972921,2018,256
6512,0.024503105351636793,0.8646841878950488,2129,256
6513,0.003988049730409302,0.2849963914718305,2110,256
6514,0.06577627711685774,0.8478326139165122,2133,256
6515,6.275472940698664e-06,0.9196335504298788,2018,256
6516,0.0046163601822827496,0.7697231138237505,2100,256
6517,2.076783109326009,0.7193147858286694,1974,256
6518,0.24310297656000293,0.9606633657798906,1952,256
6519,0.18391140623329835,0.1851307153476549,2117,256
6520,0.23696811331678336,0.6174111086976695,2090,256
6521,0.00010779811185803599,0.8804205480713233,2047,256
6522,0.09436305488439241,0.8605703305299357,2066,256
6523,0.3342669333726064,0.2284180566523169,1995,256
6524,2.091304069087497e-06,0.5320885005081538,2042,256
6525,0.00550986043498402,0.620635834949145,1923,256
6526,1.8197164559066674,0.4221441397269212,1944,256
6527,0.018075959804668088,0.8073041271167608,2034,256
6528,1.1156021713394026,0.0842996519751377,2138,256
6529,0.0029042708363191242,0.7556527715154504,1979,256
6530,3.0479143112272424e-07,0.3405574384917792,1970,256
6531,2.900623775687289,0.8304673305898068,2169,256
6532,0.03426813673210939,0.516281496274103,2087,256
6533,0.5142016293378747,0.1495144108882129,1932,256
6534,0.034981673496008565,0.4347604283420915,1964,256
6535,1.4668991206749182,0.4017260800253515,1960,256
6536,0.09997229860450009,0.560386663087251,2044,256
6537,2.0506029751096516e-06,0.3431896845582622,1967,256
6538,3.5375200195682934,0.6960457580947604,1998,256
6539,0.35231077811503403,0.8431176686587597,1920,256
6540,0.16998912173831873,0.6163258255276453,1923,256
6541,1.664820986022003,0.9992106318952264,2095,256
6542,0.009991072334395962,0.127800241146888,2112,256
6543,0.00039828464872030664,0.460199291002799,2119,256
6544,5.752497443802568e-05,0.6802777983060464,1929,256
6545,0.07101107470993219,0.5779777011941342,2024,256
6546,0.00564312885373142,0.6326830700695955,2106,256
6547,3.33375080845172e-05,0.7809146785500991,1920,256
6548,14.729029945327937,0.1953909591429881,2097,256
6549,0.7745412932359318,0.781073654191365,2060,256
6550,1.895623688128958,0.7499042582144587,2073,256
6551,3.794000619081534,0.2391891576247152,2093,256
6552,1.3305165742940996,0.5962247093766423,2018,256
6553,6.034656781853198,0.2989296635976508,2073,256
6554,0.11724913145376131,0.7203964318738588,1939,256
6555,0.5950635567299057,0.9844849931002764,2142,256
6556,0.0004710074026588788,0.7961172112774033,1966,256
6557,0.02236146375406035,0.4008970841884162,1980,256
6558,1.5363873084802895,0.7523050241140702,1920,256
6559,0.6648768048839612,0.8125656767501186,2042,256
6560,0.02733897756528037,0.5513872237165848,2106,256
6561,0.022119490037387772,0.8933346477036425,1925,256
6562,1.1365750182241026,0.2015015863702414,1959,256
6563,0.30723413956916545,0.5205772795905823,2111,256
6564,4.194284757395912e-06,0.8651146948757849,2135,256
6565,0.0014726171883795408,0.9253968111825882,2115,256
6566,0.09759251875778768,0.6454419269315992,1958,256
6567,0.12113581240661259,0.2437815700078227,2012,256
6568,0.00015617012649575738,0.2670556449066253,1993,256
6569,0.038273772233074196,0.8114877676144713,1994,256
6570,0.3506864839434646,0.1927628110453397,1990,256
6571,1.8539975154783375,0.9818606894399108,1923,256
6572,0.00017576743234907038,0.094976500656301,2059,256
6573,0.6645154045403427,0.7656202948902137,2003,256
6574,0.1201979327022064,0.8526303788258636,1943,256
6575,0.012391465340314338,0.4868602836390033,2065,256
6576,0.869148364029174,0.7300736306479924,1991,256
6577,0.04993086878726038,0.8874250122468371,2081,256
6578,0.0018017570671533946,0.4554658319987349,2015,256
6579,2.1012585853318777,0.5709613101815354,1958,256
6580,0.05692424508874203,0.4737904124476573,2019,256
6581,0.7585483222076028,0.0601358405561148,1940,256
6582,0.3371657391629481,0.4547689995900504,2149,256
6583,2.107115862696228,0.7090540498455633,2048,256
6584,0.35272954119457317,0.8788628021938774,2108,256
6585,1.738453514893428e-08,0.8837802465225789,2072,256
6586,0.26612856323154993,0.4233881652827722,2103,256
6587,1.1369331593193235,0.861716237100599,2080,256
6588,1.8414049769354375,0.5009479616607555,2055,256
6589,0.049691482479609375,0.2611332411025187,2029,256
6590,8.895780795009223e-06,0.8472757170065788,1996,256
6591,7.213759626146862,0.7524318825049254,2138,256
6592,0.0019442273395119327,0.5927382027961567,2127,256
6593,3.618831701106238,0.0822904425174341,2064,256
6594,4.823986563073187e-05,0.7776617168480606,1954,256
6595,0.18610344284515515,0.984533769082916,1957,256
6596,4.408858837532526e-05,0.2228520477364698,2114,256
6597,3.5214704943693786,0.0042951372355589,2123,256
6598,0.006522961880406855,0.4659618965830064,2165,256
6599,2.6351033462668076,0.3138488864411066,1946,256
6600,3.240498062212109,0.0779910074506438,2112,256
6601,7.499254754445359,0.1803764171460352,2054,256
6602,1.3926989888298245,0.2110192445946667,2168,256
6603,0.4755037222937183,0.6878910246751159,2065,256
6604,1.8422756941798826e-05,0.5643331393159687,2099,256
6605,1.8011462763556658,0.4481890103077764,2173,256
6606,0.051977583317717055,0.4180757119395907,2031,256
6607,0.6591815397503085,0.7713318844546967,2068,256
6608,0.7371831608079321,0.0730222345538456,2098,256
6609,3.116329645426764,0.3407092588269882,2087,256
6610,0.043371598647307365,0.8893988688356153,2060,256
6611,1.8917877540963568,0.711873510639618,2115,256
6612,2.51732251319138e-05,0.8444562996277037,1977,256
6613,0.3678868615006581,0.4608199726021449,2035,256
6614,0.04721888988973657,0.7732626927207256,2100,256
6615,0.3011450744857077,0.1919471270795413,1921,256
6616,2.036131522591859,0.4882322488130839,2001,256
6617,0.13993868457470748,0.8142172662041718,2051,256
6618,0.024582512544216627,0.4186507810485175,1963,256
6619,0.07493115473007711,0.863253116314738,1964,256
6620,0.0004979573632515877,0.9963031494969024,2121,256
6621,0.6781162346211104,0.6207438551609847,2048,256
6622,0.017044586224859746,0.5393274415869957,1942,256
6623,3.538019468422994,0.7279616980481864,2131,256
6624,0.19040437722786177,0.7596006624307067,2133,256
6625,9.55711130867625e-08,0.0762163223675225,2024,256
6626,0.15478012679771833,0.9034014780555344,2104,256
6627,0.5653915115405304,0.0299019318900175,2033,256
6628,2.635074141311741,0.1582594323102443,2142,256
6629,0.35582699528076056,0.685555795897318,2038,256
6630,1.010880346161498,0.9259289278648704,1968,256
6631,0.7563226349353961,0.7226564939868043,2162,256
6632,1.6455954449088832,0.831615023552125,2153,256
6633,2.6122512729095764,0.3638869773211711,1922,256
6634,2.3836053813143248,0.7351477768246802,2148,256
6635,0.7062812549107466,0.4237497423948517,1934,256
6636,5.860984272566267,0.8561198134866228,2026,256
6637,0.4568333917954945,0.066318526824517,1967,256
6638,0.29830250235755656,0.8498429621217809,1986,256
6639,1.1920071517563748,0.8868624628619695,2071,256
6640,3.722549569508345,0.5817057033710328,1969,256
6641,0.6674062509218384,0.1802892776416339,2043,256
6642,1.1218496203275512e-07,0.7912203096677543,2091,256
6643,0.8402191426718608,0.9931046951270336,2156,256
6644,1.6937519304552164,0.193557703823295,1996,256
6645,1.050807691710472,0.1855144498634803,1946,256
6646,0.15337786453610652,0.5911398639262911,1935,256
6647,0.00014148595069111161,0.8457562287374752,2073,256
6648,0.5882611431363375,0.1043148635762669,2100,256
6649,0.008978144278381655,0.807854598445463,2162,256
6650,0.011189991470877778,0.9424601867094192,2116,256
6651,3.062778567096059,0.1857701224866826,1971,256
6652,0.8924885162942092,0.2589053121513255,2022,256
6653,3.852033312570783,0.1794882215956451,2011,256
6654,0.2322699524478222,0.5374798771017892,2036,256
6655,1.1013080427737099,0.1377291338317542,2107,256
6656,1.6653174033559623,0.6797174863876102,2093,256
6657,1.4076914979518729,0.9109400837234788,2087,256
6658,0.40684078680811236,0.7345970553282699,2081,256
6659,0.018619986608796466,0.5096340369107938,2153,256
6660,0.004441386196559496,0.0368323169371365,2027,256
6661,0.10095125532310355,0.1135120447464578,2001,256
6662,0.0009608983227659498,0.5175041030261202,2162,256
6663,1.182437431001087,0.9363512559120466,2006,256
6664,5.3520726845649165,0.2332501699950523,1994,256
6665,0.44578858494495976,0.7570230637928397,2127,256
6666,0.08012809478820565,0.2004869976985552,2084,256
6667,4.54835243604591,0.5386271432099262,1928,256
6668,1.0982462783776543e-05,0.8752441592324096,1975,256
6669,3.312966681663961e-05,0.228404863982687,1957,256
6670,2.3395252836813687,0.7588927065213278,2175,256
6671,0.1329010830132492,0.9792879813465946,1945,256
6672,0.5383741972525351,0.5634074762582252,1991,256
6673,3.684909124286326,0.2805710841917278,1949,256
6674,0.17550681291051892,0.5144800790673604,2158,256
6675,0.6122740641641744,0.632011911346988,2000,256
6676,1.1890168090974464,0.2498005006332985,2141,256
6677,0.15594472164862294,0.0951277469330145,2001,256
6678,6.455285321082773e-05,0.8362560766924612,2113,256
6679,0.7246668028559886,0.2632451706050792,2043,256
6680,0.21476575190490174,0.610119663876727,2080,256
6681,0.38540554432185603,0.6310550797558069,2051,256
6682,3.032812983270207,0.4133497868808943,2003,256
6683,0.1039239496035258,0.4241461025354064,1939,256
6684,0.46689440051801934,0.921822820745788,1945,256
6685,0.35213337024692254,0.0182204707279494,2123,256
6686,0.008472677561105417,0.0202068530316986,2075,256
6687,0.0003753804658074272,0.2104161225695017,2163,256
6688,0.0019688828456198232,0.5250250443344278,2026,256
6689,0.004415225619038619,0.7089361144243782,2042,256
6690,0.02354384628100683,0.9168063620889216,2129,256
6691,1.0810894540183733,0.6821206794519566,1932,256
6692,0.005536855707792104,0.2523361677936809,2001,256
6693,0.7836022542581543,0.8033756631171862,1940,256
6694,0.00011386732901177925,0.8952706071833354,2136,256
6695,0.0014924757382284758,0.816524626408685,1925,256
6696,1.0856540942130174e-05,0.3517242907444571,2079,256
6697,0.2734116170673519,0.5955539500962058,1963,256
6698,0.001142347000496149,0.2971697476330412,2130,256
6699,0.9220489419342434,0.6099828862764288,2094,256
6700,2.191957885025431,0.5529070217995989,2123,256
6701,0.4484052089163884,0.4428686264744139,1998,256
6702,0.0020740358912193168,0.0313562695274365,2074,256
6703,0.024442562384797282,0.0019067752801429,1973,256
6704,0.10983631673298361,0.7383770124546188,2097,256
6705,0.006953335657853647,0.3711406192203794,2172,256
6706,5.585883598029994e-05,0.0749000977161833,2097,256
6707,1.3484685233308868,0.8351554899828538,1941,256
6708,7.494830668269486,0.988991266512984,1925,256
6709,1.2544774467326237e-08,0.8967132677879798,2162,256
6710,1.8630589247890725,0.6700086150735031,2117,256
6711,0.00017848022622330093,0.6651009392848152,2068,256
6712,1.5770696932839226e-07,0.5265862249732279,2102,256
6713,4.372827230214457e-05,0.0640064254148573,2036,256
6714,0.03902399643000007,0.2892140531565705,2150,256
6715,8.419321843226803e-07,0.1574273712514272,2117,256
6716,0.17419080668667558,0.3428604827121473,1983,256
6717,0.03323953329018793,0.086150731629077,2048,256
6718,0.32487307055069914,0.1641442654084093,1952,256
6719,0.0016957582064924476,0.1888974830667684,1942,256
6720,0.07405391768672838,0.4689891788573996,1929,256
6721,0.044610823775230665,0.7207094344717822,2056,256
6722,0.030407975470871516,0.4161807347478256,2039,256
6723,8.856050961227373e-06,0.0844474401417664,2170,256
6724,0.07401590495131813,0.7388929437867462,2074,256
6725,1.8303627198265666,0.044843737262681,2118,256
6726,1.8677793379489411,0.3902979105917842,2003,256
6727,0.09028636911177952,0.4711611068333216,1973,256
6728,0.49682858435468163,0.7450335919701548,2027,256
6729,1.755874401570562,0.224658187371231,2083,256
6730,0.025276076261322545,0.6994371037209803,2114,256
6731,1.2856622011536805,0.3016423052678216,2128,256
6732,0.7669497368800707,0.2274324284487744,1922,256
6733,0.4458387030672624,0.7501965482750997,2096,256
6734,6.677216153913621e-05,0.4040902748904339,2062,256
6735,0.011931515247107144,0.3425035910212807,2093,256
6736,0.050927452326550195,0.3745522474573657,1960,256
6737,0.003724520259365141,0.0629783217842266,1959,256
6738,0.28534865099912987,0.276837924715697,2105,256
6739,0.03714575062562254,0.8318519129004313,1966,256
6740,1.071311202098079,0.1557914776310934,2004,256
6741,0.003607138564942095,0.8174592931360203,2060,256
6742,1.2890528900433562,0.2747499487339904,2043,256
6743,0.004744236425556,0.0176439838812338,1937,256
6744,0.47831333283357264,0.4912614536494247,2161,256
6745,1.8881938874633082,0.168426729734256,1986,256
6746,0.5319285299460497,0.1141303032290853,2042,256
6747,0.033104127657255136,0.1331286448212626,2081,256
6748,0.05366743546473753,0.0841406997022995,2141,256
6749,8.343824474082448,0.2898230923388236,2082,256
6750,0.3554430648821671,0.1842635262192707,2047,256
6751,18.992220448544685,0.2449249793390747,1924,256
6752,0.002053447117372165,0.2234666552462704,2082,256
6753,0.683434099711526,0.3566650560663063,1951,256
6754,0.2951130346369178,0.1358790253098892,2155,256
6755,0.13867797658857106,0.262548506940455,2102,256
6756,0.00030191553382452136,0.0820972998286152,1938,256
6757,0.8709995572186673,0.8706022297883446,2051,256
6758,1.767490014784025,0.1368370849629526,2092,256
6759,0.09104152196805525,0.6159963748647171,2090,256
6760,0.6519625639275021,0.5573419813116423,1980,256
6761,2.0134853472828575e-07,0.3641215322458189,2112,256
6762,0.00879871882901438,0.2418057776045312,1950,256
6763,7.875362534750128e-05,0.7204441038251361,2095,256
6764,6.442746815113903e-10,0.5767665722445315,2051,256
6765,0.04205729998279614,0.6193474999504235,1995,256
6766,3.0810740760629755e-05,0.0843066077284773,2041,256
6767,2.459752449108471,0.6520074194521198,2040,256
6768,0.003991086493197231,0.7048443672892236,2042,256
6769,0.21205616364597712,0.4660262918119897,2045,256
6770,0.005460409851583175,0.8128272582008087,2030,256
6771,0.0004127832142543737,0.5551604716800851,2039,256
6772,1.5004368326968052,0.3866332735751295,2010,256
6773,5.613492442408866,0.5639490821906938,2103,256
6774,1.789143190956642e-05,0.2449490762549095,2076,256
6775,0.1853745063074743,0.8172944891529508,1979,256
6776,6.068765685982001,0.3089721352478657,2065,256
6777,0.49774276813273866,0.9771382471943624,2135,256
6778,0.012584814829454748,0.8496877305097856,2016,256
6779,0.03474321226485999,0.0639490895051099,1931,256
6780,2.9470311618502034,0.823278789204641,2168,256
6781,0.5065524356504669,0.1122696640688046,2150,256
6782,0.033616762222790336,0.3856127178331739,2133,256
6783,0.24862956087586502,0.4227572653559768,2072,256
6784,5.988997533531302e-09,0.2997302282122659,2002,256
6785,4.115720071862066,0.4023681942059465,2111,256
6786,1.334831012006684,0.4440914497158468,1962,256
6787,1.2360408521006084e-05,0.3447246912973262,2169,256
6788,0.6368404189298997,0.4031335213543767,2114,256
6789,0.35381088629072505,0.1363914477252817,1968,256
6790,0.009793417786402159,0.2858844272203089,1998,256
6791,2.1050133415937148e-07,0.2379321719674948,2013,256
6792,0.0006244941752244208,0.4388837505160544,2038,256
6793,0.009937814613052043,0.245113799269672,2038,256
6794,0.0460288016472413,0.3659303093260815,1922,256
6795,0.037761058051168354,0.0777149350662874,2141,256
6796,0.9926032083741795,0.5667154731945572,2112,256
6797,0.3446208852440229,0.828826631951319,1955,256
6798,0.3171440367187984,0.686129222027743,2125,256
6799,6.700993812998608e-05,0.0070327782302181,2112,256
6800,1.6479242532328375,0.2451862819125239,2024,256
6801,0.024269942061523813,0.5334850311843552,2101,256
6802,6.908408292916078e-08,0.6655632591880803,2148,256
6803,0.04485212634314261,0.6745082560778911,2021,256
6804,0.3483005635091265,0.6576029521520225,2013,256
6805,0.020731505546863482,0.7827962207256913,1939,256
6806,0.2562134327731806,0.8412558984133196,2033,256
6807,0.0011852865392089644,0.0722886591360769,2103,256
6808,0.6835846927903243,0.2463543242125342,1991,256
6809,0.9265524728160065,0.607739164678633,1966,256
6810,0.008870719873023278,0.5679710152573081,1973,256
6811,0.0009109491529189859,0.906879062119334,1963,256
6812,0.4851771785094344,0.018748775992056,1996,256
6813,1.0776475202945188,0.2519753183963964,2104,256
6814,2.265714181363711e-05,0.5374584493090175,2138,256
6815,0.3580246305829631,0.0496008335356507,2067,256
6816,1.399938775302884e-06,0.5874226414689258,1993,256
6817,6.0849646368237025,0.195975185111237,2147,256
6818,0.003657290556050772,0.6684598195245306,2129,256
6819,1.9177695392526555,0.8575793753974119,2126,256
6820,2.8712815833892202e-05,0.0882900353262264,1985,256
6821,7.384996308438985,0.4661330688394195,1940,256
6822,5.932040527976562e-06,0.0163547395897027,1969,256
6823,0.9955115949154629,0.0137144089113189,1957,256
6824,6.667469064434556,0.8020537864389875,2022,256
6825,0.7383928650133581,0.6484901474505848,2136,256
6826,0.2361660031631449,0.5372617165830216,1943,256
6827,0.008266284574416211,0.9069836923139956,1989,256
6828,0.05362913242652621,0.424145107008374,2019,256
6829,0.27424271838126013,0.7481598578563082,2174,256
6830,1.2878950894037846,0.2451603416799395,2144,256
6831,1.20398444212327,0.7651178517953771,2083,256
6832,0.008662404808001754,0.4943093242779623,2022,256
6833,0.0016393385810729167,0.4129982579316852,2090,256
6834,4.053568080579413,0.0612917480604208,2094,256
6835,1.6330259579815871,0.767451102457206,2023,256
6836,0.13059238559571734,0.228989040200105,2066,256
6837,0.002152353453118021,0.1247125434454662,2154,256
6838,0.014444449540901492,0.8480225842106156,1953,256
6839,0.012711609963268684,0.3295305206478921,2170,256
6840,0.32631324771404635,0.5690948865270038,2151,256
6841,5.832485728974731,0.4115580775536798,2148,256
6842,2.0797917334460294,0.6865311700436039,1928,256
6843,2.6109537041882365,0.2284853335756089,2122,256
6844,0.005076171078277211,0.7579642538378246,2075,256
6845,0.19831879897812962,0.8450817488399088,2019,256
6846,0.493467072128264,0.2973858776712405,1987,256
6847,0.43492432083942634,0.583990573866283,2005,256
6848,1.1719451311694409,0.1116000234749171,2034,256
6849,0.00017606855911904862,0.9771030197784134,1984,256
6850,0.5897554094970315,0.242363848055635,1928,256
6851,8.779152583029196e-06,0.1678884529537374,2070,256
6852,0.014382710465920814,0.6372779222516921,1936,256
6853,0.6835743191245615,0.0999268644729892,2039,256
6854,0.0005686420349546746,0.5888807962256887,2084,256
6855,0.002958228118834185,0.3049062159823741,2068,256
6856,16.04827492915166,0.9250029450677046,2107,256
6857,0.0023002357292019084,0.4223726191230392,1942,256
6858,0.15550216641883488,0.1939803255986716,2005,256
6859,0.286025174235679,0.8027837889047631,2057,256
6860,1.7885118629212144,0.746560195977886,2165,256
6861,0.054604789548753904,0.3096391275099458,2079,256
6862,0.8458842633932866,0.3489957492172583,1929,256
6863,0.10840950408777132,0.3345691768686305,1969,256
6864,0.04266775244529547,0.2150564081925134,2001,256
6865,0.5018238895160974,0.1674153196772787,1940,256
6866,0.12708093767360168,0.9101818771758504,2083,256
6867,0.6567443607067325,0.3947417142180386,2058,256
6868,0.008359808153904974,0.0257266304195897,2111,256
6869,0.08398063146029057,0.0123447769412191,2138,256
6870,1.165626568068071,0.9686226449744,2053,256
6871,4.71350932099602e-06,0.7724558468733778,2018,256
6872,2.076208823534634,0.1166265828335157,2109,256
6873,0.013823895293622317,0.4200306013862339,1967,256
6874,0.6571100334528085,0.0309114136986502,2037,256
6875,4.1242142555101115e-08,0.753768971306722,2097,256
6876,0.2704118651098985,0.564855454924277,1962,256
6877,1.9917933194036919,0.9208965258236416,2138,256
6878,2.7496346993056973,0.2136761799785071,1989,256
6879,0.000520634713197323,0.5357276091096438,2128,256
6880,0.051616106300319986,0.6662931486273456,2117,256
6881,0.4734474239564784,0.5224089744602255,2086,256
6882,0.005114214704910801,0.9222418420971722,2159,256
6883,1.485892061515524,0.86001599418076,2167,256
6884,0.30896305826004605,0.4939712287792445,1943,256
6885,2.370891518095696,0.1127911580584085,2044,256
6886,3.5812530932963056,0.4521426377340818,2131,256
6887,1.8146870996981663,0.6309255556173011,2152,256
6888,3.8367038860492593,0.257389553720068,2146,256
6889,0.04964196399488147,0.7335080860066708,2076,256
6890,0.0007086252578276537,0.2531783931180377,2175,256
6891,1.5385902039904547e-08,0.0175290493524221,2138,256
6892,0.4137359157459521,0.6326745997037712,2100,256
6893,1.387611834711779,0.7794068635252464,1952,256
6894,5.986583204072618,0.0967114165208118,1937,256
6895,0.0027927030539614747,0.8913526018488844,2086,256
6896,0.32601428182188585,0.0550636342191317,2035,256
6897,0.0016509389502225547,0.1748697507570303,2097,256
6898,1.410166870457492,0.8435330435004511,1998,256
6899,3.2133714058481764,0.0110938792486465,1941,256
6900,3.591472138279426,0.6943233947457198,2127,256
6901,0.12749266842407528,0.4615628021983411,1977,256
6902,0.011907635524828384,0.2061657413328845,2149,256
6903,1.4933735827891507e-05,0.1950258979810482,2101,256
6904,0.4003468345397408,0.4689519404659414,2062,256
6905,0.0006511244952593456,0.7056839129562155,2163,256
6906,0.12580646685285374,0.66553916654704,2069,256
6907,0.017517065006257593,0.134554916976554,2050,256
6908,0.0013480431224088046,0.10078375742313,2162,256
6909,0.03243126048160906,0.0361321482616342,1964,256
6910,1.8832522071067739,0.5456421312568138,1935,256
6911,0.6332492648978684,0.8229523180085648,1970,256
6912,0.02160226423793261,0.3118676557564117,2175,256
6913,0.0009162877093507524,0.2913340814969757,2081,256
6914,0.0040455415911931,0.5114214604264811,1957,256
6915,2.534018203758803,0.4829289532104811,2113,256
6916,0.8189113612493373,0.0869111479693253,2097,256
6917,5.849576802584822e-08,0.3730729667571844,2056,256
6918,4.103384687478321e-06,0.3263102532874391,2143,256
6919,0.00583833296864844,0.9934090772979598,2033,256
6920,0.3308606925531908,0.6487897260719254,1975,256
6921,0.02349568655337961,0.4823215128616541,1991,256
6922,0.0683928641360385,0.2513159567729861,2065,256
6923,5.675652135679338,0.3989938592210894,1992,256
6924,9.781915667524109,0.5701125068329631,1987,256
6925,0.0019413530710336885,0.3769603610824926,2036,256
6926,0.8698540544855642,0.502693642761273,2175,256
6927,0.05987258839987537,0.5923784086322877,1958,256
6928,0.001834886935214418,0.831835793910335,2141,256
6929,2.0011755336599775,0.2164396493904251,1923,256
6930,4.2123240439458435e-10,0.7986771599937413,2048,256
6931,0.3104024443638738,0.5693839936159777,2085,256
6932,4.209770927928357,0.0951509327338602,2164,256
6933,0.03553931161818082,0.1101976072545464,1988,256
6934,0.017354415276570407,0.6726338157560319,2005,256
6935,8.775673357901194,0.2984547063586107,2078,256
6936,0.000665681866823157,0.6532927704113375,2151,256
6937,0.6251774199569036,0.6778092357287158,1927,256
6938,0.02606393944759762,0.5378422809079375,2106,256
6939,0.49110709698070215,0.3064900620292996,2033,256
6940,1.4215934125408274,0.0233917976383867,1930,256
6941,4.642009229826971,0.9499047951573846,2176,256
6942,0.016621873542595193,0.3262091189179742,2098,256
6943,0.0008433468428684189,0.0489963372213658,1976,256
6944,0.9235033014414553,0.251874673857229,2128,256
6945,0.1745347904236881,0.2371495573760411,2122,256
6946,0.006529493114800626,0.5499820345112799,2086,256
6947,0.0005145543543226465,0.2829338927477838,2027,256
6948,3.333722712720319e-06,0.6021979260380671,2088,256
6949,0.29412588043737936,0.5377368759997881,1986,256
6950,0.516179229957805,0.5375884742982211,1962,256
6951,1.6873049316954196,0.006501773474463,2155,256
6952,0.004548895878219223,0.9782888073788956,2042,256
6953,11.740276617209615,0.6254471667832618,1986,256
6954,0.10566209592777868,0.2439372855749378,1971,256
6955,0.9573526227850234,0.4905750922533931,2132,256
6956,3.5573572976085957e-05,0.0725985814453965,2000,256
6957,0.00017953896792285623,0.2210486276064536,2155,256
6958,5.515428342517153,0.3025949954428496,2121,256
6959,0.9361142616933351,0.3717503878704056,1981,256
6960,0.002859367792940601,0.9577404999305866,2092,256
6961,1.2877014297535919e-05,0.2086530349672267,1989,256
6962,0.13814491040810714,0.1252171071667105,2143,256
6963,0.010314556526866693,0.6130878982738349,2032,256
6964,9.550625272053234e-07,0.4249295591975063,2108,256
6965,0.11882786942927646,0.9699310166190648,2013,256
6966,0.14717289875208792,0.4311844522005073,1980,256
6967,9.774196054542385,0.3891247713146547,2109,256
6968,0.26263898526892754,0.2612012793096017,2145,256
6969,0.5823841691048504,0.2833662683712846,1980,256
6970,0.00014039987839438127,0.1788410811815437,2097,256
6971,0.004250712453276998,0.9840149848312144,2008,256
6972,1.6144951336190378,0.3302652731527787,2146,256
6973,0.018593835655578907,0.1513175230547804,2055,256
6974,0.012104941627406187,0.2207496255432428,2110,256
6975,3.0703594745626814,0.0918050687978622,2071,256
6976,1.0849503854255974e-07,0.321220334149056,2024,256
6977,0.0004918325228386321,0.5678316273894303,1989,256
6978,0.2405057954956951,0.449714213736724,2022,256
6979,9.968348949838188e-05,0.6720679096743759,2101,256
6980,0.05359129467012132,0.3218880986538837,2033,256
6981,0.47250391178510326,0.7224861739420279,1987,256
6982,0.7731617765492809,0.5826301756584701,1997,256
6983,1.5063717678527038,0.8486134490749082,2013,256
6984,0.7319931030804016,0.8701568588914325,1934,256
6985,3.7938678754669817,0.147056946260378,2147,256
6986,0.631887280160798,0.9561561715240798,1983,256
6987,1.2492285542166186,0.8691531363820425,2042,256
6988,2.833108546785693,0.0178869955413263,1942,256
6989,0.33230932422242027,0.7297209492309371,1924,256
6990,1.0714603872421742,0.2627482736904326,2137,256
6991,0.1832376963899228,0.0550534672533112,2135,256
6992,0.0333668352492546,0.5452296327677063,2065,256
6993,0.102441068159755,0.3630060321783268,2131,256
6994,7.15313164458042e-05,0.2532333537939362,2073,256
6995,0.02349613115399946,0.7648390287784437,2132,256
6996,0.5799259663279616,0.2720458773793134,2158,256
6997,0.19262498727281593,0.739556831811683,1990,256
6998,0.01483757780958566,0.4915575632357226,1980,256
6999,1.7322623102469978,0.5673372676879561,2156,256
7000,4.514314301128762,0.0847170822566757,2139,256
7001,14.965743917637525,0.5821017451606199,2115,256
7002,0.0010839730125645237,0.8874415186814931,2098,256
7003,0.036422601059866874,0.4678231015784382,2131,256
7004,0.6446491022032993,0.2418053374250802,2090,256
7005,0.09035158966586063,0.190551186024858,1927,256
7006,2.2772165415341217,0.3693328439133961,2037,256
7007,19.133123624538456,0.3031394636490505,1936,256
7008,0.012998690975154575,0.5820122875606125,2014,256
7009,3.0877588168923356,0.7581474987607756,1982,256
7010,6.497861211160172,0.7177984217649792,2172,256
7011,0.423905977116738,0.2947784039041476,2073,256
7012,0.02263483250498183,0.3009248058632217,1990,256
7013,0.04498722499607637,0.8640533269905889,1952,256
7014,0.0016861734524257572,0.7470559575710619,1979,256
7015,1.6596221623962986,0.108478353433047,2088,256
7016,1.5608351788628785,0.9902596801999848,1941,256
7017,0.0014864763292949433,0.4972561559117645,1995,256
7018,0.0005842074847987332,0.3644280043967332,2106,256
7019,15.10903753189643,0.302058369720382,2124,256
7020,0.03175331427329306,0.9878563684328968,2028,256
7021,0.19302309770649093,0.4592458015309713,1942,256
7022,2.9589372763324575,0.0455690961071328,2143,256
7023,2.1250682650759054,0.4163203047225893,1987,256
7024,0.023675959353664063,0.5141628249814549,2090,256
7025,1.1436723526231027,0.0827463636721241,1925,256
7026,2.1896432340786536,0.4013022695441204,2022,256
7027,1.6958356944151771,0.7080421138270112,2113,256
7028,0.1352383039362302,0.0757790457926164,2145,256
7029,0.012855472412232932,0.9459591257456134,2129,256
7030,0.39477598456204527,0.8738687591219763,2006,256
7031,0.15635254192606574,0.3151209498596606,2029,256
7032,0.26699922022829015,0.4745126890347547,1928,256
7033,0.00024120922533218045,0.2101855616286171,2030,256
7034,0.002981470642237861,0.4620611238210418,2176,256
7035,1.055923536233791,0.7149261504601511,1983,256
7036,0.8064788794635953,0.644158429445656,2049,256
7037,1.805057369645451,0.0014385006742694,1946,256
7038,0.00016778348843367064,0.7140903390849171,2022,256
7039,0.0014786166923317606,0.3976181460775742,2087,256
7040,0.018873036789222725,0.3477906587322695,1958,256
7041,0.006899666893953715,0.001067201904494,2091,256
7042,0.00014704510669675278,0.3508637912319964,1978,256
7043,0.1845608309945251,0.5178044012410183,1994,256
7044,1.196212934677487e-05,0.8163812041858096,1976,256
7045,7.742231705992483,0.1682815463156725,2005,256
7046,7.65238939543842e-06,0.3215630042805745,2114,256
7047,5.087450178567296e-07,0.5449815513336348,2108,256
7048,1.4052115699328367,0.7373916007511198,1945,256
7049,0.3713542935560041,0.6593756872461907,2020,256
7050,0.009493819509460192,0.1948759857878995,1987,256
7051,2.746540997654357,0.6084640646110508,2087,256
7052,0.006433837240177758,0.5463802135007237,1955,256
7053,0.0020417519810422206,0.334038438699698,2044,256
7054,0.1334001560070234,0.6578837846155582,2156,256
7055,0.006394754377246955,0.7886947923896858,2132,256
7056,0.40642145845383765,0.9894399750994304,2136,256
7057,0.10009757442250242,0.4589657465850336,2090,256
7058,8.176217189145031,0.7721031315022621,2052,256
7059,0.05424711436444491,0.2942373372868428,2058,256
7060,0.7808482039899468,0.7268208471706178,2096,256
7061,0.34227705214887905,0.7876206836002962,2125,256
7062,0.6637863798979204,0.1410105611208453,1994,256
7063,0.7705961020338622,0.944724994628064,1933,256
7064,5.429854003208264,0.2456505565442891,1965,256
7065,0.06675064918457957,0.2610331223236319,2043,256
7066,0.03891907192978406,0.5685488343569238,2032,256
7067,2.9912562884125795,0.662428621524097,2025,256
7068,4.970591963485148e-05,0.2788431017309566,2028,256
7069,4.086933980351096,0.3556936369744399,2054,256
7070,1.1378456990735883,0.1956412168356952,2135,256
7071,0.1627994199098733,0.1296105336028643,1930,256
7072,0.04745988095684374,0.2232341945664758,2030,256
7073,0.7547063021230533,0.0934361637313473,2116,256
7074,0.5399282544992257,0.6682613183472663,1960,256
7075,0.0008678123102314431,0.8186615242355602,2063,256
7076,0.11130658462124916,0.8392240580202824,1980,256
7077,2.9613466784971796,0.4579121472505588,2125,256
7078,2.1855813371059805,0.6434320072781012,2093,256
7079,2.1599292135958206,0.474404046236364,2149,256
7080,0.8294588025788535,0.9653450786440874,2068,256
7081,0.0018497860114869843,0.3668766834139326,2149,256
7082,0.030346892760653433,0.6346539041720093,2072,256
7083,0.2699007467738846,0.4712575616559852,1934,256
7084,0.22132618098263068,0.0695514072547101,2074,256
7085,1.2351205645033267,0.3315978083385207,2128,256
7086,0.042212718538726976,0.416115553407456,2020,256
7087,0.33888819410766813,0.7144825763017918,2108,256
7088,0.01720137902984734,0.0677232147185907,1936,256
7089,0.47946420217160296,0.6708626211064238,2043,256
7090,0.029519002486507004,0.9110385405751013,2086,256
7091,0.0014797082252201474,0.379704431807554,1985,256
7092,0.48191896950001,0.3233278212390222,2015,256
7093,0.176958331166941,0.6786972773161045,2010,256
7094,0.026155191590653413,0.8954577228082014,2164,256
7095,0.001260241319623996,0.0026647473957357,2120,256
7096,5.030388945496769,0.3737976432428672,1954,256
7097,8.973868046762158,0.3691594361227786,2086,256
7098,2.5528392694846542,0.5066851870099551,1923,256
7099,0.22469412380167753,0.3101496045436462,2111,256
7100,0.2660052767890215,0.7637209100685052,1963,256
7101,0.04677588536018108,0.5285714016165313,2135,256
7102,0.01765797760755377,0.0214783834506679,1996,256
7103,1.330311724977998,0.3783636180777779,2094,256
7104,0.09932257779354936,0.9740793035465258,1923,256
7105,2.9920960940914316,0.2654873210745541,2151,256
7106,2.1257457227714984,0.9593820650237688,2156,256
7107,0.44559256832641225,0.1939091014340538,2125,256
7108,0.13339448159839,0.4388052133761273,2110,256
7109,0.15042962439906146,0.5860687273503893,2120,256
7110,0.683428962934508,0.319181490742226,2158,256
7111,0.1593694277040748,0.7850991446882523,2109,256
7112,0.0114427070947129,0.4624310649864227,1922,256
7113,0.19938702589566884,0.918046790896689,2023,256
7114,0.004794808035761131,0.8268599833441088,2130,256
7115,0.002738950840626995,0.3721086998449782,2072,256
7116,0.17459056515710278,0.9069441667919452,2065,256
7117,0.650115353277802,0.408582576498623,2003,256
7118,0.000389137464508921,0.6795313797779499,2173,256
7119,4.990917886862427,0.4916128108518223,2041,256
7120,3.078709495091327,0.1094618877440473,2046,256
7121,0.0018662113213854462,0.2226609507576386,1979,256
7122,0.0006140827444870703,0.6796145193319848,2152,256
7123,1.0732188125952473,0.5094997883206125,2170,256
7124,0.0009001211902179172,0.5765459769135389,2014,256
7125,0.07810645181915027,0.6005565263095619,2149,256
7126,1.6112953671627516e-05,0.0096599921595394,1957,256
7127,0.0005914792787943174,0.5319274552886388,2173,256
7128,9.065861624311331e-05,0.9083892439388376,1998,256
7129,0.10884598088777094,0.6579584356875201,2138,256
7130,0.10353344886533318,0.761420050111232,2086,256
7131,0.2820147819818377,0.9021717365652654,2143,256
7132,0.10092675465881217,0.7702606159510794,2133,256
7133,0.7305534988882662,0.3171908200656388,2039,256
7134,4.740241022195542,0.3704144977656437,2163,256
7135,0.0024963120703215755,0.6675299112030365,2098,256
7136,0.4389445650895365,0.4897977256599899,2161,256
7137,0.0014746009229636187,0.3660080572766692,2149,256
7138,5.0261556433663195,0.205189227507054,1968,256
7139,0.0686968846471371,0.7485749746311897,2034,256
7140,5.782025772045077,0.6402037198031544,2028,256
7141,3.66417800293139,0.9262573240799072,2123,256
7142,2.876356605572379,0.3921734148400754,2033,256
7143,0.00046970278696342624,0.2924653755532227,1934,256
7144,0.050146088461726634,0.1368308588956461,2139,256
7145,0.0017614846893635881,0.2024956025107438,2053,256
7146,0.001709749962451618,0.1452052498776866,1968,256
7147,0.0004354898967190072,0.4387932111961641,2096,256
7148,0.016257188614581062,0.334716074591168,2174,256
7149,3.8847483933050414e-05,0.7593563134741201,2134,256
7150,0.028142859847969562,0.0532099561606582,1973,256
7151,0.2390053052021367,0.1878768195434009,1941,256
7152,0.014556840744483835,0.0392778056302625,1994,256
7153,0.06328257323201225,0.6109667027839528,2098,256
7154,0.5701024760356542,0.581437767215171,2151,256
7155,0.5693090286985546,0.3452015831525153,2074,256
7156,0.07178406086171474,0.500115777923645,2171,256
7157,0.03548126035184908,0.278737653581762,2093,256
7158,0.015635388732852803,0.2731494848142182,2033,256
7159,1.2369094244592282,0.0297490414806571,1988,256
7160,0.4150175894755031,0.7446391797162969,2146,256
7161,0.0014180395263748043,0.6394525357751277,2059,256
7162,0.6311624884651484,0.902824247450578,2057,256
7163,2.6193648904710085,0.134704547944422,1924,256
7164,1.6712146419129413e-05,0.8112475129429372,2012,256
7165,0.05101478538626274,0.7162222909567164,2092,256
7166,6.997964014619511e-05,0.3391920453113819,1970,256
7167,0.23190021849353795,0.5873535100078723,2126,256
7168,1.3494919603727779e-05,0.5447037905135235,2085,256
7169,0.7129352714196977,0.9863722011585644,1961,256
7170,0.0033673838600879287,0.6708049180746418,2164,256
7171,0.03214378262498558,0.1006566912463684,1937,256
7172,0.13656316938186425,0.69930618766133,1974,256
7173,0.0010073123433131,0.1318783529351158,1924,256
7174,0.7984880566352341,0.5952932077392815,2167,256
7175,1.7340030556771304,0.933347636951592,2078,256
7176,0.008704040746923082,0.3714383013796847,2121,256
7177,0.00019176582149191696,0.2047207490024014,2098,256
7178,0.00045704868112009863,0.1065379605481177,2118,256
7179,1.9513166143186946,0.8402713895502038,2158,256
7180,2.338827865932236,0.5261232983853723,2012,256
7181,0.8107962528904381,0.6060935833484986,2093,256
7182,0.000545662173237201,0.7998924035722724,1943,256
7183,0.042699881302861,0.8005527109209044,2094,256
7184,0.003772600014052749,0.9350436074940868,2066,256
7185,0.018571826131477474,0.5935415945307175,1972,256
7186,0.6166565701135134,0.6214657294597099,2079,256
7187,2.1031005200066183e-05,0.4108932889229075,2099,256
7188,1.7979545448348804,0.1240857203609745,2165,256
7189,0.0895016122261261,0.1676060240089267,2145,256
7190,0.8271146274905984,0.2366100553035112,2079,256
7191,9.415404216720403e-05,0.5603878737138973,1976,256
7192,0.25337141584522993,0.0505885594726122,2077,256
7193,0.2848254829758809,0.3086344707938644,2098,256
7194,2.080294230029514,0.6348815432501403,2130,256
7195,0.00845225106840594,0.6452586373077086,2165,256
7196,0.08997953166003624,0.9314693785777072,1985,256
7197,3.3334153729146947,0.8284811836955822,2100,256
7198,1.5988027382073287e-05,0.1989398145184054,2010,256
7199,1.543566279604713,0.2574010881150148,2099,256
7200,0.0003676080405967844,0.7137988020713587,2139,256
7201,0.07507179571969069,0.9838175506761606,1986,256
7202,0.15223506243105903,0.7379530997835437,2173,256
7203,1.52024858095671,0.8845406333860035,1936,256
7204,1.8834218608504119,0.3491154781310475,2091,256
7205,4.151416316411523,0.7393783574983265,1948,256
7206,0.0004464499112593427,0.9478448772305192,2076,256
7207,9.810430389289321,0.6182035133172044,2103,256
7208,0.020289285359518124,0.3221620184798138,2006,256
7209,0.9887167159497491,0.0417575111800628,2173,256
7210,1.4441439504661342,0.5417332839024537,1987,256
7211,0.009325812250288336,0.181543988915513,2051,256
7212,3.523656458692125,0.0021423640495779,2040,256
7213,0.08082722040782521,0.7621605731156755,2064,256
7214,0.5094664282044594,0.2187837794474836,2038,256
7215,0.9973830779977015,0.6262967390904948,2031,256
7216,2.569309557372655e-05,0.5613281599607186,2076,256
7217,0.6644535199368913,0.4470417639445418,1929,256
7218,0.7251362970278593,0.8823373972731021,2119,256
7219,0.00010007775094439659,0.4878670267566629,2062,256
7220,0.0010895564227131882,0.6287546151177694,1950,256
7221,2.0394821608857012,0.8136413795693671,2090,256
7222,2.9380856612126287,0.6766760927606814,2065,256
7223,1.6829805004560543,0.5215620474387113,2134,256
7224,3.2842036496050643e-06,0.6973981705772027,1959,256
7225,0.005372895764697203,0.160625391788453,2014,256
7226,0.04961870068430163,0.7013143431432446,2006,256
7227,0.572663452183037,0.1238879048448616,2084,256
7228,0.029044139059966043,0.6500648366397701,2048,256
7229,0.9517111317346193,0.406016719046,2058,256
7230,0.004561739504463278,0.0119067693320968,2153,256
7231,0.021864853551212964,0.5440190832322883,2025,256
7232,0.37866236435930867,0.2271480510546364,2165,256
7233,0.26942035347255816,0.7149437449566232,1927,256
7234,2.3833322005819944,0.0173276736943184,2057,256
7235,0.003306581946177232,0.357348707499054,2022,256
7236,0.1569673180847913,0.6541447547166322,2169,256
7237,0.10030871373349723,0.4420151483043631,2005,256
7238,0.000395101381721895,0.8806124934195291,2027,256
7239,1.22948472197157,0.0030840072977755,2006,256
7240,0.03801545980123721,0.9079788610550268,1949,256
7241,3.23644957002123,0.8293903087079072,2046,256
7242,1.5324624885995075,0.6679949197028047,2153,256
7243,0.002353459900223648,0.6016026197681386,1936,256
7244,0.5823228807230459,0.8290580001112782,2093,256
7245,0.6304884366854985,0.2255109186249152,2120,256
7246,1.7461067947447013,0.6946397715063863,2014,256
7247,0.00010144982551043368,0.4850210727411148,1990,256
7248,1.1696531762035303,0.7980541024335349,1945,256
7249,1.4994603677489606,0.8877330654473823,1962,256
7250,0.11650430878625545,0.52557577640155,2152,256
7251,0.267261756392842,0.6227937861370282,2004,256
7252,0.008213805104860914,0.3206562684174325,1955,256
7253,4.9744507009278855e-06,0.2579518555616334,2146,256
7254,1.666083609539509,0.1726377744161307,2099,256
7255,0.41384863678036715,0.0828511611595474,2078,256
7256,0.0007963051343871512,0.8222845861216421,1950,256
7257,0.2805779869373045,0.8747473327598005,1923,256
7258,0.5729532966789332,0.1048975541507606,1954,256
7259,0.26595990583961865,0.4275888756410051,2000,256
7260,0.002371756576045692,0.6690305528940369,2119,256
7261,0.03019614401644676,0.631878055183515,1926,256
7262,0.41781197370917655,0.6381573726646982,1977,256
7263,0.25070982194504393,0.6579182002512403,2142,256
7264,7.865480191343468,0.2754680198341869,2144,256
7265,6.143957298842101,0.3962053116896777,2061,256
7266,0.6275272132547235,0.0300701647819668,2084,256
7267,0.35679819628284554,0.1157770640096333,1929,256
7268,0.0342663277163496,0.5458330717595432,2111,256
7269,0.45689250124066777,0.6740124780009977,2150,256
7270,0.7092700826041718,0.9211788057773426,2062,256
7271,0.27971777288328703,0.1200392981174762,2074,256
7272,0.01651641583790072,0.5707360772275537,1926,256
7273,0.38226564553929476,0.5856835955736439,2076,256
7274,0.22857027732806764,0.0222694276783748,1939,256
7275,0.24709822790667904,0.1467693779647205,2085,256
7276,0.0023515200415009214,0.127110899804825,2015,256
7277,1.6834150721226893,0.5277120872683592,2042,256
7278,1.8645647399018945,0.166013677980565,2118,256
7279,0.022901207244277404,0.4588045671219133,2166,256
7280,0.007518260596809617,0.1598614815954522,2153,256
7281,0.7463057488768965,0.3832462677445829,2074,256
7282,0.005911157733295895,0.45485396887911,2127,256
7283,0.008281633613953886,0.2985936607855154,2068,256
7284,0.46130890701863325,0.747985954974356,1962,256
7285,0.12539878391865772,0.4617948016310808,1944,256
7286,5.426775730772353,0.2479606720103186,2048,256
7287,0.670204047302355,0.263735945104642,2026,256
7288,0.018075080180682865,0.8261421004718285,2075,256
7289,1.0918815142034377,0.3549075392242471,2142,256
7290,0.005008749077682447,0.6643598907926169,2023,256
7291,0.5858729819461679,0.3409205386188066,1980,256
7292,0.2004989798943058,0.2155213545205242,2128,256
7293,2.3512402187914567,0.4813953434353633,2163,256
7294,0.0022820224656711838,0.686560438160978,2059,256
7295,3.682363229927109,0.3980858104278413,2058,256
7296,0.47615651637714324,0.1520927543056783,1964,256
7297,4.012804485653249,0.9552070208363648,1993,256
7298,1.065919703404218,0.3329451159242531,2111,256
7299,0.11459238163958958,0.4682191703409371,1961,256
7300,0.0911866937396838,0.9676069164421164,2065,256
7301,13.082995265384284,0.2152975842224135,2100,256
7302,0.959654947453599,0.8838372419068388,1971,256
7303,0.040822005052544914,0.2049708319504002,2050,256
7304,0.7741916092590154,0.1260992352504899,2069,256
7305,2.7950016024897435,0.7111721840399884,1979,256
7306,1.466590614312767,0.6116961958751086,1926,256
7307,0.16734650843192056,0.6175978527331487,1946,256
7308,9.361476498919743,0.5883870374473208,2065,256
7309,1.184977443771144,0.6438192072595368,1939,256
7310,3.9995467956790827,0.1770300484857853,2095,256
7311,3.9882956366081803,0.5206385323206436,2094,256
7312,0.049010007237716834,0.2824466624364706,2047,256
7313,0.02899169643623556,0.9515176993963048,2107,256
7314,0.4177523490691117,0.4370407920417836,2151,256
7315,0.11112575950205948,0.6636392985978611,2146,256
7316,1.1885524243177847,0.3639404954650962,1942,256
7317,0.011818708708774266,0.0285114214822753,2011,256
7318,4.632215748594914e-06,0.2856979922444347,1991,256
7319,2.7762796566828096,0.0231235978837511,1942,256
7320,0.3653278766846096,0.7243060291957693,1940,256
7321,0.09576216815153094,0.4286560072549997,2134,256
7322,0.5885248751890474,0.5292149621459082,1927,256
7323,0.10550615254358019,0.746436546898329,2057,256
7324,0.0015254972319345091,0.216871467468147,2004,256
7325,1.1400645345739149,0.8158399792388776,2078,256
7326,1.4552659485908246e-05,0.9533073300725058,2131,256
7327,5.822614984149783,0.6560667565102062,2045,256
7328,0.05283024704208258,0.5480052683069161,1973,256
7329,3.787711096984437,0.1270584176659773,1984,256
7330,0.02198318657735252,0.030364942051712,2111,256
7331,0.011960873021445724,0.3923360359331397,1942,256
7332,0.24909908000097755,0.5706607794012025,1921,256
7333,1.353274165580557,0.2179184570048616,1955,256
7334,0.5188942588297389,0.2558517428501342,2036,256
7335,0.001918453540258351,0.6851755914372292,2011,256
7336,0.6630557217208858,0.1140211163280844,1992,256
7337,1.5666072157624764,0.9525433238364776,2155,256
7338,4.053860125859645,0.605639212382746,1943,256
7339,0.03638403700916903,0.780191973971384,1997,256
7340,0.44288991885633855,0.5232736890819599,2027,256
7341,0.012198688906513943,0.1799599213398662,1925,256
7342,1.1031924184044206,0.4259450170802048,2030,256
7343,0.6959490439979398,0.5011042046606535,2091,256
7344,0.1982665605961995,0.8090818020608757,1929,256
7345,0.31830716515753427,0.0457136249124363,2001,256
7346,0.8601275713276544,0.5622130160047083,2031,256
7347,1.7407588279023014,0.4221317314786919,2111,256
7348,2.38571828536351,0.8695545311622882,2006,256
7349,0.8328812687879552,0.9575840379769566,1955,256
7350,7.723507563647864e-10,0.2042149076153405,1981,256
7351,0.22673915011730789,0.3196072405640137,1945,256
7352,0.04798901998433383,0.4420766994912357,1935,256
7353,0.022645321254863335,0.2839891896326209,2123,256
7354,0.7418987083462968,0.3611841454608246,2144,256
7355,0.0017173648865806733,0.6677349905100042,2036,256
7356,1.7441122817817123,0.5993677042123082,1945,256
7357,2.351933151958011e-05,0.6984440459541774,2170,256
7358,0.08024022090324562,0.7292358191299063,2106,256
7359,3.9160968043818314,0.678609192574639,1923,256
7360,6.179053222097331e-05,0.0133476630083226,2060,256
7361,11.190571023038434,0.2098973700808545,2145,256
7362,0.013936534886783645,0.6368536242910049,1949,256
7363,1.300832400438965,0.8524304630709026,1975,256
7364,2.886973778520874,0.9194297813457176,2007,256
7365,0.4697020010659197,0.1127678134340554,1987,256
7366,2.4900154503455227,0.2757497235673042,2119,256
7367,2.9853155051503415,0.8972559707884928,2147,256
7368,0.09326597344663491,0.1045828629859944,2004,256
7369,1.5658224750287886,0.829135757726236,2171,256
7370,0.15644011799064386,0.2398352702048581,2115,256
7371,0.021338985050816606,0.4640744931687749,1962,256
7372,0.31943478736995884,0.8301127894732859,1991,256
7373,1.8852691785185702,0.25403499609975,1972,256
7374,0.01841269534792038,0.4228441153621171,1974,256
7375,2.7321347932273623,0.2278021942981853,2087,256
7376,2.2721909832718548,0.4158669602883776,2136,256
7377,0.0014910402914910831,0.2713873180227703,2148,256
7378,0.14647368867196353,0.0453493441054246,2003,256
7379,0.2632954620789168,0.922138499980672,1994,256
7380,0.04340980558460348,0.1896883439251864,1985,256
7381,2.0012658533204606,0.0267483918435406,1945,256
7382,0.1490789740743949,0.9795389500653128,2076,256
7383,5.051343163577867,0.712011029189606,1952,256
7384,0.15040994675160096,0.2022255978323694,2099,256
7385,0.02637018727767333,0.4675822138771589,2029,256
7386,8.061149858224443,0.8987011429593469,1938,256
7387,0.4986718098484438,0.76616340940559,2159,256
7388,0.1488027695941673,0.9602239894494464,2013,256
7389,1.3904778731082812,0.0171206518711447,1946,256
7390,0.7359518177143006,0.4952559726554717,2145,256
7391,0.12495935310102903,0.3325955590374629,2162,256
7392,0.5569626379867298,0.5441464220032024,2089,256
7393,0.03469564254839967,0.1429723698165278,2081,256
7394,0.02770079549058964,0.9556582821112436,1961,256
7395,0.06160794413282359,0.3562637668121483,2021,256
7396,1.8817057957159605e-09,0.5869789063924863,2137,256
7397,0.4495731849330771,0.8911448881926463,2086,256
7398,0.00010400251191579488,0.4249880972679146,2126,256
7399,1.6476885645120773,0.3614320991944287,2125,256
7400,0.3694300312113239,0.4918672832443022,2146,256
7401,2.806956530321871,0.4005044666821353,1961,256
7402,0.6737330486866955,0.2286668973167814,1994,256
7403,0.002745044916125639,0.3142519960987816,1958,256
7404,0.00012258419420737993,0.8582776443861765,1960,256
7405,0.4001322914592374,0.7254977091505753,1946,256
7406,0.038562538796199086,0.8620335219416666,2109,256
7407,3.47475999873526,0.6274894287140163,2020,256
7408,0.0032198672605132234,0.296175828410803,2155,256
7409,0.4217547887793208,0.018295400322801,2032,256
7410,0.037892012180885976,0.1418153281295856,2173,256
7411,4.873771741021146,0.5544727344029252,1999,256
7412,2.982340065598015,0.814995868516855,2102,256
7413,0.09402429247389485,0.89563252987128,2000,256
7414,1.0529182273275219e-06,0.6213281178762973,2157,256
7415,3.3583360117279413,0.8711470307946866,2042,256
7416,1.2746508329015436,0.0410563453817692,2121,256
7417,4.45051819086893,0.4479833731208889,1943,256
7418,0.026661628506483293,0.7176414768546002,2008,256
7419,1.7042467529547145,0.7845610331625312,2037,256
7420,0.0005030418416298724,0.6381370277332538,2022,256
7421,0.018554780157895568,0.0149756535792612,2059,256
7422,1.8735077072238149,0.0146933537556965,2053,256
7423,0.10637135210670191,0.1957411968493977,1953,256
7424,0.005789894609931703,0.9319733154148514,1960,256
7425,0.0029136592888966166,0.8830055422363121,2009,256
7426,1.1108372050201485,0.1117781339894927,2010,256
7427,7.506363060453136,0.237131842785514,2122,256
7428,2.273296715635496,0.1802912952793924,2126,256
7429,0.010747626733294617,0.1482155351991526,2058,256
7430,0.4264347743746845,0.7177329535472166,1955,256
7431,0.0036082473835266854,0.6966567782831523,2100,256
7432,0.0002626429552591806,0.4859465530055133,2071,256
7433,1.9141852028918853e-05,0.4921404550331257,2055,256
7434,0.563603045372179,0.4726204555298914,1998,256
7435,0.39432225837163176,0.3030409489459318,1973,256
7436,2.283826511721503e-06,0.4020324595978919,2012,256
7437,0.0007086924533293131,0.6690191597458574,2011,256
7438,0.9773827444133698,0.9891994852380726,2037,256
7439,0.0018070306997921188,0.0221896404380727,2151,256
7440,0.21261993077569488,0.0077250445625127,2126,256
7441,1.8808667943774742,0.8167928693454396,1937,256
7442,0.2543324704410315,0.2901521563185395,2077,256
7443,0.0899228302331619,0.329395401343014,1985,256
7444,1.969896461911156,0.969835739673502,1980,256
7445,0.003920483180276392,0.7707752539809444,2064,256
7446,3.347188523162182,0.316087992645075,2048,256
7447,0.09976189945615462,0.2927440761320835,2066,256
7448,0.23677400611712707,0.667365804643981,1931,256
7449,0.03898233285825683,0.4521308710055509,2110,256
7450,1.380048402778184,0.6232459624028154,2023,256
7451,0.5182929569138032,0.049064985335829,2090,256
7452,0.021307287692322915,0.0664719756954282,2074,256
7453,0.07348193457570691,0.4493943519746659,2042,256
7454,0.0025038145133023477,0.1777147676811874,2042,256
7455,3.891659157808619e-05,0.8186257691788524,2030,256
7456,2.0960684997341352,0.0150003713070381,2073,256
7457,0.2279604260764785,0.766234281670057,1945,256
7458,0.21705433438083224,0.869070065709268,2101,256
7459,4.831041499306194,0.5873713046661475,1943,256
7460,0.09386146197759332,0.7041371642037054,1999,256
7461,0.008749677293900592,0.3085986981739543,1943,256
7462,0.0004338617385784488,0.2690215765306308,2102,256
7463,5.779682224915257,0.2898159591325423,1990,256
7464,0.06480696956411375,0.2252528936606819,2061,256
7465,0.005253698292618991,0.023893536931037,2144,256
7466,5.95117182833942e-07,0.882949517682885,2138,256
7467,0.020242310578471468,0.2994771992784848,2119,256
7468,1.746164876603074,0.2408201200791745,2109,256
7469,0.0323321497923331,0.7185422577715858,2167,256
7470,0.00040791504090042217,0.1628606220601544,1996,256
7471,2.094206721507569,0.5086969837869427,1990,256
7472,1.2079581723398762,0.6869178596997286,2046,256
7473,1.0415536075710001,0.0304439592254023,2007,256
7474,0.0010854498224573304,0.0898745612658002,2171,256
7475,0.03653713527619856,0.5346069590966425,2117,256
7476,0.0017755428894141406,0.9795066246899464,2087,256
7477,0.01253090902611558,0.3033962396515228,1978,256
7478,0.944908983049397,0.3023584371635605,2073,256
7479,0.0749408743132448,0.4400333687626677,2041,256
7480,0.0004827004553699529,0.2338660683559922,2136,256
7481,0.24787359473357876,0.1162823788754825,2113,256
7482,2.4192195419099063,0.4317256416183255,1978,256
7483,0.10954016906465519,0.0573476671584535,1945,256
7484,0.0002185980631488456,0.369976407545307,2026,256
7485,0.05912938097000008,0.7450204369067547,1943,256
7486,0.0011402959736451811,0.1782628596926362,2130,256
7487,0.0822729907616348,0.2192759492851537,2058,256
7488,0.11375002913531579,0.7660490804956396,2048,256
7489,0.506076392979199,0.4093722336984946,2034,256
7490,0.2761779511791421,0.0747361511341778,2012,256
7491,0.0062284693358323545,0.5978790414172538,2053,256
7492,0.0007043048838939623,0.8337903254266154,1982,256
7493,0.3751978906564884,0.8891636459419984,2002,256
7494,0.35275376549344245,0.5539508951909643,1948,256
7495,2.8416062616830478,0.3749031744200561,2011,256
7496,3.818901160733363e-06,0.8736382337974741,2103,256
7497,0.4851726323130346,0.8176765942083859,1936,256
7498,2.0789823301156023,0.100439880198666,2038,256
7499,0.00014643586564264157,0.8463373513633755,1946,256
7500,0.11592306178232445,0.23799137110309,1952,256
7501,0.7585683104307568,0.7802293941669282,2174,256
7502,0.02480321626967139,0.4952669750619066,1948,256
7503,0.04416609193128738,0.0633951435666667,1958,256
7504,0.011423566926666478,0.4387431529238855,1980,256
7505,0.23224429914272776,0.0425671992881036,1945,256
7506,7.2940777823416925e-06,0.7447605309769582,1963,256
7507,0.040107929398317275,0.795602672179519,2077,256
7508,0.0004938885026620068,0.6564261813338941,1990,256
7509,0.19345602077346705,0.4948520706685667,2030,256
7510,0.09071803745540145,0.4851389161828653,2053,256
7511,1.4357009044375364,0.1419150632816904,2119,256
7512,0.0006280350158020096,0.0374359618345228,2093,256
7513,0.2521214551194484,0.0865270662629469,2045,256
7514,0.04951971360654738,0.7248635659717774,2092,256
7515,0.00021329825068469143,0.4481927503225468,2041,256
7516,2.8576080505898577e-05,0.1061354401808226,2137,256
7517,0.6811790069780755,0.9218635767693288,1969,256
7518,0.698419939400261,0.820798242052875,2100,256
7519,0.9080971233276628,0.2084723426584531,2064,256
7520,0.024442119488368164,0.2813924623644178,1970,256
7521,0.6649029357914152,0.6534113392410026,2079,256
7522,1.395309758049102,0.2650085324729255,1940,256
7523,2.3458413229804673,0.2264500342816101,2070,256
7524,3.658306938090373e-05,0.212891785123286,1999,256
7525,0.6344701467315682,0.7830261301476956,2147,256
7526,0.013856502530193342,0.4649675942795109,2001,256
7527,0.009750832151073642,0.7733579274878146,2160,256
7528,4.460021488665377,0.9551874209503352,1971,256
7529,1.2167532259584797,0.2504858032173735,2118,256
7530,0.02966325929190484,0.0910850840937783,2116,256
7531,7.586128811974226,0.1947917212331682,1951,256
7532,5.57831159316143e-05,0.6054249090536837,2029,256
7533,2.857157864662497,0.0873758342231838,2110,256
7534,1.9979051756784467,0.2778163360664364,2133,256
7535,0.3931164663481293,0.6915878587116044,1964,256
7536,2.293852576781322,0.1367798662073008,2027,256
7537,0.00022412069735940366,0.2231407766134809,2093,256
7538,0.5389255354168319,0.2270432066464399,2146,256
7539,6.12055034565188e-07,0.7039729480875088,2058,256
7540,1.2962818436371195,0.833050354463345,1927,256
7541,0.016276419042806512,0.9536739917576768,2166,256
7542,3.309641597828403,0.2003501565074854,1976,256
7543,1.7071699692088502,0.3462074241094209,2150,256
7544,0.43902055386553646,0.1785196290911236,2118,256
7545,0.755650133558279,0.7437929015898076,1951,256
7546,4.331762498336299,0.7471558120236633,2120,256
7547,0.011772243448476183,0.5336574323879744,2156,256
7548,0.02375457485121628,0.6415505828924214,2063,256
7549,0.19317402867655364,0.5439936969976445,1994,256
7550,1.2846091206278991,0.2597645821471529,2131,256
7551,0.028248596380832287,0.0151792133972146,2029,256
7552,0.0006791871021005338,0.7099417686729609,2054,256
7553,2.1400334162771535,0.4868067359016528,2122,256
7554,6.512769059893678e-07,0.818845930975888,2102,256
7555,0.00032625614181885524,0.6719442523090721,1956,256
7556,1.7143254752222428,0.2293678905415546,2155,256
7557,7.818289785911122e-07,0.7992817286802776,2043,256
7558,0.001476275426402056,0.2323020834357254,2050,256
7559,0.10484972058391909,0.0412556955518478,2081,256
7560,0.028780290034966363,0.1220887795632401,1951,256
7561,0.008425083633202376,0.7461785791197117,1972,256
7562,0.025095878699103544,0.3715123848168061,1956,256
7563,3.164579705697908,0.5193718950062536,2095,256
7564,3.3358378281622336,0.0354768302182277,2144,256
7565,6.634949569211291e-07,0.9499038478003023,1947,256
7566,0.3364368860933387,0.7971519525289927,2125,256
7567,1.820349746490888e-06,0.2583548445392303,2141,256
7568,3.7179940612670324,0.6061473047836252,1927,256
7569,0.00260549266646797,0.728773572302735,1942,256
7570,1.7328437358472624,0.580287742838734,2106,256
7571,0.34708318528185167,0.0313773014212721,2026,256
7572,0.697949410196605,0.852488989429309,2090,256
7573,1.2008262096965496,0.6723402449112758,2109,256
7574,1.19683467025128,0.4980483717842037,2165,256
7575,0.4924764832333896,0.8768089690888474,2141,256
7576,0.03145725344913623,0.8986379347088662,1970,256
7577,0.00039616015409357135,0.3340882215887701,2060,256
7578,0.3105886939514495,0.8907889644528127,2040,256
7579,0.5289915840248058,0.7897923839047591,1935,256
7580,1.2789359820510455,0.8614745608654012,1972,256
7581,0.8531519063427194,0.34087309112021,1981,256
7582,0.5227073503022708,0.6706853980644877,1944,256
7583,0.7378858727114976,0.6075160771664109,1983,256
7584,2.134959356551163e-05,0.6744584580565545,2148,256
7585,2.2642783017558012,0.0022748207473963,2026,256
7586,0.16650214493976143,0.4398836850074346,2000,256
7587,0.07927723338452161,0.3405958182192343,2076,256
7588,0.41687403005854273,0.3556866201231762,2108,256
7589,0.26553587086479274,0.7948895971918984,1920,256
7590,2.1113690964335237,0.1069296099686061,1935,256
7591,0.09502545472428257,0.2477084077801392,1986,256
7592,0.1490970916778901,0.7420166089615206,2156,256
7593,0.36291428914875207,0.6175864080460541,2147,256
7594,0.002222578843405769,0.8970846292327644,1937,256
7595,0.03827977149998529,0.3887400624725666,2072,256
7596,1.6347367847438548,0.8960398509471855,2140,256
7597,9.299359811672458,0.0934802143851688,2056,256
7598,6.737330252371187e-05,0.0798649509372307,2050,256
7599,0.32921828222689314,0.0135067550515257,2031,256
7600,7.105832081242812,0.6421685453596023,2163,256
7601,0.04298068421472323,0.566811522581343,2085,256
7602,3.2788621105733697,0.6199585239120989,1939,256
7603,2.502767250573636,0.9496921440529128,2097,256
7604,0.22407920879113732,0.3820107749966972,2027,256
7605,2.9294717183190944,0.0555248361540635,2059,256
7606,0.0061001471210143186,0.0635127507547793,2009,256
7607,2.7411409307884345,0.1747877536057761,1920,256
7608,0.3250524675365998,0.5449618058537034,2137,256
7609,6.601956813267074,0.7036732251052872,1964,256
7610,3.5875386470660366,0.0168600897535715,2127,256
7611,1.5862078987756691,0.1303853875618488,2152,256
7612,0.44329235377686427,0.4220007418502819,2062,256
7613,1.059143379515406,0.287486293754529,2075,256
7614,0.08386352664345577,0.2175483572137082,1971,256
7615,0.001322419168216178,0.1863100001858957,2015,256
7616,3.610543075203966,0.9491799792148982,1954,256
7617,0.1469684296042309,0.8752852508326524,2005,256
7618,0.13433627644664256,0.5111556823480236,2128,256
7619,2.1039688112897798e-05,0.142664964571056,2113,256
7620,0.027679894611491868,0.5041223309819913,1972,256
7621,0.5590951574537492,0.3567638332409261,2084,256
7622,0.0012706839267078278,0.3079463930009899,1951,256
7623,0.04488219681105939,0.0559063540932031,2074,256
7624,1.9126820464347254,0.0280449730510002,2015,256
7625,0.6068634597929725,0.1381446349498306,2081,256
7626,0.011876021213015378,0.4122380256220533,2073,256
7627,0.3128650081119474,0.7240719333807689,2119,256
7628,0.03392126990058959,0.6309860646035108,2075,256
7629,0.1584596055723856,0.0644954606023845,2166,256
7630,0.01207811800240897,0.0406356509042215,2098,256
7631,0.00026410431099407444,0.8052775737813139,1921,256
7632,3.842598113956982,0.2659249782055277,2050,256
7633,0.04088406886246653,0.0484880885336087,2070,256
7634,0.013682154298287282,0.384739411980316,2099,256
7635,0.5291283632003853,0.0305232233408335,2062,256
7636,0.3007547919341832,0.8758518620441318,2116,256
7637,0.49338497123440744,0.2200412780572037,1945,256
7638,0.26466952486404877,0.1790426213091749,1954,256
7639,0.01816113525370724,0.3381528666919003,1926,256
7640,0.031088988366126044,0.7758561079431472,2142,256
7641,0.11382312284026114,0.2931404095675554,2076,256
7642,2.2136793132147066,0.0590555640638497,2027,256
7643,0.11520284594691586,0.9981644619316212,2042,256
7644,0.3896253538283123,0.0234484929637142,1932,256
7645,1.801566109460558,0.4983246233337667,2009,256
7646,0.7343083526260614,0.4048966923591054,2174,256
7647,0.011232867792610866,0.2444997876725142,1987,256
7648,1.9776540891979786,0.18413887549107,1992,256
7649,2.2483389367336737,0.2035195314262462,1963,256
7650,2.4517112806769356e-06,0.1878174117519085,1973,256
7651,0.9397647338271292,0.6071312039136261,1922,256
7652,0.03519027921335308,0.1021619023874753,2045,256
7653,0.0012656342160204729,0.541437540347527,2039,256
7654,0.12866059980439087,0.6565878869695984,1930,256
7655,0.0025952542880002707,0.2770438899695358,2069,256
7656,1.4070473114256197,0.51808143801936,2017,256
7657,2.5124188874811546,0.4048245467938856,1962,256
7658,0.05962889715405482,0.087322475937742,2009,256
7659,0.14768441985159214,0.6998048568085673,2089,256
7660,2.5493015272069326,0.705183341379958,2065,256
7661,0.23624377297119534,0.3335629630616151,2040,256
7662,0.12275821920748962,0.9933971706940192,2085,256
7663,0.04460616604294116,0.9331097585644504,2088,256
7664,8.01599210016996,0.4100393918329329,1949,256
7665,0.10536578853797092,0.1562348876624565,1952,256
7666,1.1733913274047039,0.119261753873755,1971,256
7667,1.760965414780162,0.9611935338372148,2109,256
7668,4.9303223591538545,0.5476517951163933,2090,256
7669,0.4579931515754591,0.5461335437288014,1935,256
7670,1.8823365309911936e-10,0.2079858487354371,2000,256
7671,0.8161607392626608,0.9813872416121632,2051,256
7672,0.03527869287177083,0.008436089005803,1942,256
7673,0.009655596172772644,0.7776978926895849,1966,256
7674,5.950760436780915,0.6196175664208594,2175,256
7675,1.1349090118502312,0.5093760332568215,2017,256
7676,0.08049674175466891,0.7573024872005772,2100,256
7677,2.607221708710022,0.9227976289853348,1999,256
7678,1.9041313674522466,0.7354821088447943,2066,256
7679,4.9244281292199075,0.1631059765882535,2064,256
7680,0.004715261838678224,0.9972463674458872,1934,256
7681,2.1911407981929365,0.8106640422508212,1956,256
7682,0.11314084584679204,0.9641459213249834,1931,256
7683,0.0013733297274970925,0.6744063824232952,2111,256
7684,3.428952965690561,0.5537289365354764,2174,256
7685,3.3576404401914486,0.2264754741138791,1979,256
7686,0.019724923324964474,0.9589223157221636,2089,256
7687,1.5485708253300885,0.1703189169800738,1929,256
7688,2.889086763604536,0.7662103308755777,2069,256
7689,0.0005439335956753238,0.2648508467883743,2150,256
7690,1.4860587153590952,0.3481414041650379,2010,256
7691,0.0005328228869515445,0.999324404482936,1931,256
7692,0.04181439560660814,0.4605995001607337,1930,256
7693,0.2639258839822879,0.3568460570201212,2053,256
7694,0.9154654814818892,0.7056077405678749,2156,256
7695,2.8662203037947862e-05,0.1415864143778301,2137,256
7696,0.2278932507201389,0.0544493638782785,2168,256
7697,0.017006714277417487,0.949485093185528,2156,256
7698,1.567317132346471,0.0387469410192916,2151,256
7699,0.1317297454929882,0.7581893812213547,2055,256
7700,0.320261297570761,0.9608338810369071,2045,256
7701,0.09526911744136929,0.1266314756003946,2039,256
7702,0.010361068113232109,0.1957287646408847,1977,256
7703,2.256778692681546,0.843721308493675,1966,256
7704,0.0049169138288819815,0.306218363639711,2123,256
7705,0.8114239904488051,0.4663591662182687,1934,256
7706,0.6544413071820229,0.5735684773021259,1944,256
7707,0.0027887579643893546,0.4689205326680554,2172,256
7708,0.5593122647317147,0.8470755051597922,2050,256
7709,0.3101648979659449,0.6246526768294517,2144,256
7710,0.11317207615136182,0.8826472857482935,1929,256
7711,0.6837173864856387,0.9396095199862504,2135,256
7712,2.588035757313922,0.2687798523217073,2148,256
7713,2.0156198232072677,0.538931383191457,2014,256
7714,0.3340238189615686,0.5649184095793734,1954,256
7715,0.19309946015127555,0.7082278940548259,2138,256
7716,1.131368800003481,0.2062754212024057,2132,256
7717,0.44091985705988335,0.4004800959546118,2125,256
7718,1.7394292003629168,0.2535134431201832,2130,256
7719,5.811688532358546e-07,0.5444085455072697,1944,256
7720,0.42940142838439266,0.162373697928962,2096,256
7721,0.16869470651241852,0.4124042953834151,2078,256
7722,3.0468086004060675,0.7835210603957619,2075,256
7723,0.005383556787793572,0.8999486133164447,2041,256
7724,1.4791657408952965,0.1718769831785281,2069,256
7725,0.25725113905531094,0.4671079751092754,1972,256
7726,4.153973856782563,0.6781968614821912,2099,256
7727,0.07061516454220168,0.3954261474631234,2028,256
7728,0.09159675334888033,0.6354188929492931,2127,256
7729,0.6029082236660371,0.9965757830894316,2037,256
7730,0.0572893071164729,0.6397629004075719,2024,256
7731,0.006242000771042648,0.6639834453395894,2065,256
7732,0.00021327922643593186,0.223225508973566,2158,256
7733,1.0718930870792875,0.0291885932393988,2013,256
7734,0.09307277156928338,0.6691941489106515,2054,256
7735,0.27942896146081114,0.7972101684521707,1979,256
7736,0.0010889215953676535,0.3294525836660794,2045,256
7737,0.004128039503020815,0.2954919225167064,1982,256
7738,0.09756877813883127,0.8917872390768897,1980,256
7739,0.4704894068542078,0.7188905148349193,2087,256
7740,0.05005732798150032,0.4841509549467482,1966,256
7741,0.9121301081411607,0.4252091658229632,2074,256
7742,1.7318725627666804,0.3728357593097471,2123,256
7743,10.001044583492257,0.1625024783672236,1951,256
7744,4.874518632422739,0.0822592667370042,1954,256
7745,2.2473462201810808e-05,0.7297007097277725,2131,256
7746,1.4032096265706655,0.5686270466715709,2087,256
7747,4.035510086495152,0.5391125393783157,2073,256
7748,0.010708026377622717,0.0327039648122997,2009,256
7749,0.6628828322157235,0.9335630167657764,2050,256
7750,0.12364805564968322,0.4780694614427545,2170,256
7751,0.002864881384123692,0.0684754483719194,2031,256
7752,0.06535411594223774,0.3266409387979333,1979,256
7753,3.413719240219118e-07,0.4931111928391938,2087,256
7754,0.008944251020166077,0.6397362977349994,1984,256
7755,0.21601857666201635,0.6727167666004079,1934,256
7756,1.2561687974267475,0.6257663519315612,2123,256
7757,0.05308058286499728,0.3719536030471482,2160,256
7758,0.1607417842534365,0.266522039224693,2060,256
7759,0.00020566339477735043,0.0716000357476391,2064,256
7760,1.6996538960279264,0.686668582345296,2163,256
7761,0.024091772778741218,0.3321491313843535,2013,256
7762,1.7324796008456171,0.6972358226467571,1970,256
7763,0.06631413101767691,0.1300340697415031,2153,256
7764,4.451637113563796,0.4860918330722655,2052,256
7765,0.024205356755910595,0.3534348440205574,2019,256
7766,9.362945608472371,0.8583785262647669,2049,256
7767,0.44430989306513513,0.2881895111149791,1968,256
7768,0.04969435145151874,0.9229415063503972,2090,256
7769,0.01535149072856199,0.3301284694477874,1984,256
7770,2.4360557161075537e-05,0.0597317174124398,1947,256
7771,8.810069706295305e-06,0.8367223224581467,2106,256
7772,0.0024107573159722075,0.1697067362476523,1973,256
7773,6.472917658844721,0.0100177948302965,2062,256
7774,0.016104864643824043,0.3876010170706006,1950,256
7775,0.4902092040865625,0.013871289371386,2002,256
7776,0.002398937318829394,0.2935202382154825,2151,256
7777,1.5472698197074042,0.675417205138551,2018,256
7778,0.07829615376291787,0.1746175982602026,2080,256
7779,0.19414579410111926,0.4454684844438495,1934,256
7780,1.6470557779911947,0.4300139579328511,2136,256
7781,1.8767986987268879,0.0500871892695929,2174,256
7782,0.29237798313154784,0.0645646123418871,2093,256
7783,0.22923599865067135,0.2199690246733612,2030,256
7784,2.083149054206288e-06,0.4180918985209886,2061,256
7785,0.008602167862048411,0.2370654492424775,1997,256
7786,0.6966726013391806,0.0964287884404891,2046,256
7787,0.0012167999931799983,0.7173489974867778,2165,256
7788,0.12315184144722668,0.3447784277360323,2147,256
7789,0.0026113564363846047,0.3755737610257967,1985,256
7790,11.604975337153919,0.2543409364051429,2038,256
7791,0.012994813544868646,0.1368159509167569,2030,256
7792,0.212774685026151,0.0635918143449195,2021,256
7793,1.084356361832191e-05,0.0849382969926664,2151,256
7794,0.025557795660352402,0.420826047269133,2167,256
7795,1.3354020443787635,0.8040137555220352,2171,256
7796,0.3743016853281099,0.8963548044495518,2060,256
7797,0.24328544703362331,0.9155078637094264,2098,256
7798,0.0003638847340405742,0.3387453383420659,1985,256
7799,0.4052422986541114,0.9690229739120382,1960,256
7800,0.7245062906411734,0.5918398714050915,1996,256
7801,0.8829647946268858,0.1035541829658015,2049,256
7802,1.3138762286538146,0.1011840825754459,2071,256
7803,0.04838130016396105,0.8702889267877424,2153,256
7804,0.028891674191685823,0.4402597001542234,2063,256
7805,0.12287228629211888,0.1317109160136588,2039,256
7806,0.0012374381439443527,0.6159133689961358,2083,256
7807,0.1057771548103714,0.2432407742710884,1944,256
7808,0.014157265595786036,0.1697352874417085,2127,256
7809,0.014753716125197344,0.3259106640241169,2105,256
7810,2.4352624458125085,0.1764588557274761,2049,256
7811,0.0050483180578534854,0.3534275808258679,1936,256
7812,0.5730713414542185,0.9972722896402444,2098,256
7813,1.21795717680931e-05,0.5190146033196092,2033,256
7814,7.328601359054971e-05,0.3006920719113879,2059,256
7815,0.06742727726892374,0.6207098862867834,1996,256
7816,0.4573776327498008,0.6762452883642699,2088,256
7817,1.937979044573959,0.211669356224687,2154,256
7818,2.767247706360703,0.232499728917111,1937,256
7819,0.008561543298853657,0.2813125612004326,2085,256
7820,6.0112105746697315,0.0662073287622196,2117,256
7821,0.00012793266072781275,0.0537110483803677,2069,256
7822,0.6628324964071648,0.0812015246393614,2144,256
7823,0.01236821960578927,0.4891210514316518,1974,256
7824,4.359282793354774,0.6808659160377935,2010,256
7825,19.730634686489143,0.038457354578647,1925,256
7826,0.12750309393127193,0.4176977123693336,2144,256
7827,0.5903874380405812,0.8795424480677664,2102,256
7828,1.0334039983902465,0.3486861867388841,2009,256
7829,0.05079651866812718,0.5030951598176147,2054,256
7830,0.2951329023082091,0.081365893589223,2123,256
7831,0.00985525363692132,0.1274473121094302,1966,256
7832,0.7856081110815544,0.0591865846242435,2073,256
7833,0.23424424456003598,0.3965477578751719,2022,256
7834,0.1752944803610093,0.1740097612964035,1962,256
7835,1.3802049594402732,0.5974098835319207,2021,256
7836,1.191176883323612,0.4881642793678197,2041,256
7837,1.4766208191014178,0.259888862469577,2091,256
7838,0.36667780308996667,0.5406077930363741,2163,256
7839,0.035394295901497425,0.4940427400428647,1939,256
7840,9.529494953005868e-05,0.3645384291527468,1969,256
7841,9.490956963951474e-06,0.1883968244483318,1963,256
7842,0.023833926077329703,0.5151054232243244,2019,256
7843,6.254567581613669,0.2688509677522542,2029,256
7844,1.2970173146429937,0.8093502879270166,1936,256
7845,0.7746184267087912,0.2223922750964758,2069,256
7846,0.7282428427267191,0.8324441591580436,1991,256
7847,8.074582936784327e-07,0.3867194898666805,2011,256
7848,1.061439142367712,0.933841442086808,1941,256
7849,1.1355516590090768,0.4476863906640037,2000,256
7850,0.08117121447962988,0.2023378354130848,2115,256
7851,0.38930317869031206,0.5741144128515102,2014,256
7852,0.12710958131110175,0.2704719666331819,1937,256
7853,3.7232682981706864,0.62816284758099,2153,256
7854,1.666808984963984e-06,0.2932690336531889,2151,256
7855,0.3933628679424214,0.8655766287416665,2105,256
7856,2.4586636112204494,0.5177959296168816,2098,256
7857,0.0005167801314798473,0.4256547562757071,2175,256
7858,0.43716737457147675,0.2587339857989754,2121,256
7859,0.8385658407755187,0.9841204081688832,2014,256
7860,0.022298423547422275,0.9920809018651272,2103,256
7861,0.007113199296146677,0.0743780549687133,1974,256
7862,0.3874573458607864,0.3535110338386603,2044,256
7863,1.2997571338769651,0.1601411169206594,2151,256
7864,0.29493138934677,0.2844206481966765,2011,256
7865,2.4907648151703605,0.1654739684886742,2154,256
7866,0.7403511486207919,0.9493006235855748,2051,256
7867,0.5468632092684053,0.8022032501585148,1934,256
7868,1.405858714417645,0.663036818278296,2009,256
7869,0.1001379447768434,0.5760686305050635,1945,256
7870,0.16698637625232696,0.2733589454708838,1925,256
7871,0.4549530577227669,0.7803707726634436,2168,256
7872,1.3355397112857155,0.8701998272084096,2097,256
7873,0.06689104958453908,0.0335455064423745,1991,256
7874,0.0023196305396865585,0.1972566967714218,2095,256
7875,0.13008033946993525,0.8631439129977692,1981,256
7876,0.00033806638701456816,0.2120860854806996,2015,256
7877,0.0015588721751630358,0.4619830143056163,2149,256
7878,2.0964033810879013,0.262845630263199,2160,256
7879,2.3964987177477455,0.93024104720774,2020,256
7880,2.807900143949624,0.3926914137069195,2026,256
7881,0.7566301839405114,0.7009569913313696,1994,256
7882,8.99319096879061e-05,0.7590719893976938,2014,256
7883,1.494666105191872,0.8099511347522861,2151,256
7884,0.0004154382860346441,0.2935372296074429,1945,256
7885,4.671224711209166,0.3194859639375724,1930,256
7886,0.023788234676429272,0.5017278729813365,2060,256
7887,0.00018776585542249648,0.3589144430643917,1962,256
7888,0.00047098814471587187,0.0836939792160145,1936,256
7889,0.027665093218788548,0.2111865006761346,2045,256
7890,0.3271569445172335,0.6117809172015751,2113,256
7891,1.6298132033849018,0.8767044815806659,2071,256
7892,0.9572628592039711,0.9536520352923704,2009,256
7893,0.00010706924548327077,0.6013908647421572,1937,256
7894,4.813778992879203,0.7856138241324268,2098,256
7895,0.04024166340681326,0.4613070929823396,2122,256
7896,1.857106548735255,0.3685817445211833,2133,256
7897,0.21815853870819088,0.5116769176147045,2054,256
7898,0.004727027679143583,0.2001762673002168,2039,256
7899,0.12363985046443557,0.9691802211643687,1921,256
7900,0.0061402442428937125,0.0696145311128934,1938,256
7901,0.43536493990451547,0.8189273436356753,2108,256
7902,0.08518527973273936,0.1866478396943406,2140,256
7903,0.02467468525848495,0.752910891012194,1955,256
7904,0.482599781846791,0.6642948742230758,2028,256
7905,0.3672480880701161,0.2363336462030338,2016,256
7906,0.02924487085833857,0.6198110900701772,2170,256
7907,16.239745637312303,0.4305050887433886,2096,256
7908,0.9462337831311342,0.089922126702733,2042,256
7909,0.015492946672865196,0.8985349320912471,2078,256
7910,7.009148082152141,0.8254429712567586,2045,256
7911,0.006847022702150452,0.4379858819005178,2029,256
7912,0.24231798617484734,0.3198906037335238,2019,256
7913,0.06162297651463492,0.0781115771304827,2007,256
7914,0.40401600930362846,0.2796716678494999,1983,256
7915,0.3001247998919537,0.2884029570829183,1984,256
7916,2.698878439349481,0.2135193666460136,1993,256
7917,1.2566498633920022,0.6994333949735622,2046,256
7918,4.4790079631083373e-07,0.7502519534018319,2021,256
7919,0.471750846815644,0.9726526917162752,2024,256
7920,0.03133262660216189,0.2040293775480063,2032,256
7921,8.714746446448542,0.1548098549908001,2017,256
7922,0.006213816082742168,0.9856690583339156,2009,256
7923,0.008065465420976465,0.2052779410834466,2102,256
7924,0.00018961858193913353,0.4244970152270118,1970,256
7925,2.159956460215379,0.4974483611843538,1991,256
7926,0.10127006629000139,0.9923234921418,1991,256
7927,0.01566176218940575,0.4322148208915493,1966,256
7928,0.4107098214751948,0.3982532101344077,2161,256
7929,0.0039310087927239236,0.5557152240584434,2154,256
7930,0.0634734148380136,0.4787357381972437,2044,256
7931,2.4651010474964085e-05,0.2175211198492905,2174,256
7932,0.012508398550581239,0.5683934586947724,2014,256
7933,0.30907820071245135,0.5207482319017616,1985,256
7934,2.0059135012484557,0.025530417221969,1950,256
7935,0.42979994341985445,0.8387481258331991,2117,256
7936,0.003069503009356587,0.4147940970136398,2012,256
7937,1.6773134139317327,0.6366410254744705,2062,256
7938,13.62369207841276,0.2537692599011286,2033,256
7939,0.2000854243561102,0.3637099927700625,2106,256
7940,0.8547914434048167,0.342839104267447,2077,256
7941,4.35921317408174e-05,0.6626046634342134,2126,256
7942,0.0028243148581644194,0.7768315969873975,2083,256
7943,0.1344142412277357,0.7228274495816952,2131,256
7944,0.17149080914550627,0.253851612199947,2050,256
7945,2.624640231192417e-07,0.07884120491269,2094,256
7946,0.0015725993559597643,0.8110107755740121,2131,256
7947,10.096798247847332,0.7827133695857871,1934,256
7948,2.2216650336337434e-05,0.5116293635866672,2143,256
7949,0.9247327556902208,0.8368390894602269,2089,256
7950,1.4171358314706426,0.027296984956078,2005,256
7951,1.9596534774538685,0.8476928024979721,2175,256
7952,0.6526059926022068,0.8739628421672195,2167,256
7953,0.006413587083609833,0.3982097462815133,2149,256
7954,0.01654018631340362,0.2398958574285418,2061,256
7955,4.976593451579249,0.9794169587939824,1932,256
7956,0.7844248645669635,0.7538743874886549,2166,256
7957,4.042028811308835,0.207886935986044,1989,256
7958,2.605440695456204e-06,0.8024770930803808,2156,256
7959,1.6713202184663327,0.1303456358905845,2091,256
7960,0.013969284012905288,0.9349742137875998,2095,256
7961,0.16242429066557415,0.058310495249179,2105,256
7962,0.37170980876699816,0.3772499524151536,2150,256
7963,0.08365971431145731,0.733883129843576,2042,256
7964,0.006253398351509788,0.9456476362273876,2011,256
7965,5.157014160354593,0.7353754348462169,1979,256
7966,0.002198411018520356,0.4464631828157128,2010,256
7967,0.279058968482695,0.6538452232728571,2093,256
7968,0.4587891487848339,0.0979627620898714,2147,256
7969,0.19001508183927768,0.4705003286426145,2095,256
7970,0.7032556800644058,0.3027498647546619,2075,256
7971,2.399597349347836,0.6223163680706596,2119,256
7972,0.00809080113723966,0.9064141275090056,2033,256
7973,0.054543419661221886,0.5052111969595613,1921,256
7974,0.00011116105491950306,0.4688550430962189,2058,256
7975,0.022407886926046817,0.9304483278099156,2114,256
7976,0.017616682720309754,0.452650157902844,2096,256
7977,0.001271449044864651,0.7970281778049445,1998,256
7978,0.0017419274031554106,0.1330665579988799,2158,256
7979,0.06041709004213152,0.9703943653439946,1956,256
7980,1.2491927430890302,0.7120522911380379,2086,256
7981,0.0074819724290135356,0.2093908405032936,1968,256
7982,0.004505621571569395,0.936620774960874,1963,256
7983,0.061442312754461575,0.6743188454298149,2176,256
7984,0.11641360449468253,0.716736476180258,2140,256
7985,0.01122996713422184,0.3721018421015796,1958,256
7986,0.01585993438799084,0.8027105576695404,1977,256
7987,1.7361191954306987,0.8509497294696211,2064,256
7988,0.04692345323400663,0.4851911755786673,2022,256
7989,0.4825233792997368,0.1641997760632804,2118,256
7990,9.80195556105532e-13,0.9753589218337664,1953,256
7991,0.0001780171003807925,0.538084504267021,2110,256
7992,1.036039459304712,0.8431190824337377,2072,256
7993,0.7003483206960914,0.1655958164759813,1929,256
7994,0.270728557998017,0.8709585317161829,2026,256
7995,3.296988898486508e-06,0.3253847869919331,1962,256
7996,0.8326683139655646,0.5642946926912973,2093,256
7997,0.06069499529991638,0.3657328168044386,2137,256
7998,0.07789219636076626,0.5622680618098573,2017,256
7999,0.00864428384938901,0.0045224854591771,1921,256
8000,9.775934565753574e-05,0.40893306563995,2119,256
8001,1.8639871013554814,0.5254422752910562,2024,256
8002,1.5354189695016555e-06,0.1129299187899365,2010,256
8003,0.044449244896007496,0.656964474886335,1943,256
8004,0.005009220346577839,0.8759709097374875,2006,256
8005,0.006453749531527863,0.4841688661514413,1978,256
8006,1.7341011973493172,0.1049527868444353,2088,256
8007,0.13962160377305322,0.8735665397923152,1936,256
8008,0.47054669230221335,0.8956161372798663,2000,256
8009,2.3980964183623077,0.9681674395251866,1974,256
8010,0.6044180778665121,0.8970920019982106,2062,256
8011,0.36558426606238503,0.8151153899965744,2072,256
8012,0.2084568781614149,0.7113705699432991,1969,256
8013,0.032872682588671334,0.000531332896641,2076,256
8014,0.06432960672526435,0.3817465625086806,2152,256
8015,1.661066323055744,0.9285811785500891,1990,256
8016,0.09722575597679643,0.3813261206921186,2039,256
8017,1.682357889253618,0.2392259445316957,2160,256
8018,0.0015801187864504923,0.2881465492621844,2148,256
8019,1.7825704873532375e-05,0.61801307329211,1975,256
8020,0.03703088786524443,0.9968689697568828,2175,256
8021,7.988739797757687e-05,0.6642956336905064,1996,256
8022,0.3108795821828175,0.5089919182356067,1933,256
8023,6.877694817623338e-06,0.5207754830388329,2055,256
8024,0.28277673361457945,0.5777090294151801,1981,256
8025,0.3127923046475021,0.0424253590692675,2037,256
8026,1.6633860711798225,0.9767863065217672,2055,256
8027,0.4914920888307065,0.7479093526756592,2091,256
8028,2.5161543389259192e-05,0.968393304633872,2133,256
8029,0.01195180446598131,0.8501364799911605,2034,256
8030,1.1437776114123646,0.6579999846437732,2167,256
8031,0.0402914244832883,0.8877566169379897,2038,256
8032,0.019841857865672313,0.9582178014145262,2148,256
8033,1.0207095221278184,0.4335819055249841,2092,256
8034,3.055154624715346,0.3835021175671143,2059,256
8035,0.4871247440646222,0.1363708108786464,2152,256
8036,0.11128222847288546,0.3276239745210174,1942,256
8037,0.08009134195500528,0.8379712130282294,2009,256
8038,0.19503601666693623,0.4914080377270989,2127,256
8039,0.2032710629607697,0.1618742079597463,2037,256
8040,4.713440222304859,0.264125969676765,2082,256
8041,0.0077588136414876606,0.584755506345803,2098,256
8042,0.018577732685083708,0.2638003351352916,1961,256
8043,0.17563487495057256,0.7476856606927016,2144,256
8044,3.635830808169244,0.4345391467335864,1995,256
8045,0.12029371479678108,0.0088777626359913,2164,256
8046,1.4250716589701646,0.4228718128400401,1942,256
8047,2.414885067221678,0.5870722135065657,2016,256
8048,0.01800979020956483,0.9032348341874028,1924,256
8049,0.009288337017429458,0.4624848058503077,1977,256
8050,0.0005918978803123022,0.0558423880491751,1961,256
8051,2.872879737026679,0.7961720355688158,2127,256
8052,0.8351054109242331,0.1842263719690232,1975,256
8053,0.0670748146930108,0.2659181670105561,2123,256
8054,3.628755792568537,0.218568134501326,2027,256
8055,0.0055982603049029534,0.273532063309348,2140,256
8056,0.20114914014548516,0.0627045926376279,2059,256
8057,0.07653377634482465,0.0272395139778076,2021,256
8058,5.048543673085788,0.3450455331633438,1996,256
8059,0.20228981161099288,0.9325779930914654,2131,256
8060,7.123417654721907e-05,0.1690400943496145,2137,256
8061,0.11393874260110176,0.3438277035733531,1980,256
8062,0.015421608996894381,0.629979764221275,2150,256
8063,2.3345254252656487e-05,0.2209700664857747,2030,256
8064,4.926306254619757e-07,0.8673285845203998,1923,256
8065,0.043933008606472576,0.092060825538922,2146,256
8066,1.8586953460668567e-07,0.0233541023651128,2133,256
8067,9.941850319939473,0.9855953757769144,2155,256
8068,0.6950700483075164,0.6129553955288312,2088,256
8069,1.6476954178428127,0.911661201580432,2088,256
8070,0.12076672517241768,0.7440183785956344,1927,256
8071,1.0733063476755098,0.5711071729994388,2154,256
8072,0.47590102648593197,0.5949124997662956,2066,256
8073,2.733529102675779,0.3923037897677907,2115,256
8074,0.009910382674094007,0.6267329926616324,1931,256
8075,1.1521403961531502,0.5328747597728319,1982,256
8076,0.021746889602250064,0.9694851069271352,2074,256
8077,0.026893951697296366,0.8625399309775809,1947,256
8078,0.21754404267055324,0.8427480151180848,1987,256
8079,3.376960427279403,0.2588451505177865,2006,256
8080,0.008114421209975214,0.2159950221825622,2153,256
8081,0.34380244933391885,0.7706059380938638,1940,256
8082,0.020321854971930762,0.8665333615868867,1941,256
8083,4.667903802513607,0.7202278951578135,2090,256
8084,0.007465846177849417,0.4690510865622458,2076,256
8085,0.16743143575874841,0.5421703799807185,1983,256
8086,0.012752883521574877,0.9285394554813706,2154,256
8087,9.292682889125928,0.5107377200290437,2139,256
8088,7.918288179994208e-05,0.5578213282321891,2043,256
8089,0.07373468704212995,0.5108453300879624,2144,256
8090,0.023298352687045706,0.3200956977088821,2164,256
8091,4.215488022769478,0.841687471269134,2037,256
8092,2.9746893597043345,0.1249999277053269,2084,256
8093,0.20344012060077876,0.6830970583197499,2081,256
8094,0.6311406773274931,0.745307274215691,1976,256
8095,1.9368990962681132,0.9914769726414934,1964,256
8096,0.1882933080703451,0.9723597956337902,2009,256
8097,1.7579856194188543,0.36238791447779,2014,256
8098,0.2057929060009636,0.9844037073326698,2144,256
8099,0.012057387398651274,0.8568869897637921,2148,256
8100,0.04433054325023727,0.1946045342558925,1936,256
8101,0.0005128178005361497,0.4173002773089836,2088,256
8102,0.00023676744224454207,0.8397242634537203,2008,256
8103,5.550336401923542e-05,0.3200942378031731,2151,256
8104,1.6646551612613443,0.3633603050872938,2136,256
8105,0.03413314542822277,0.4664163665175972,2071,256
8106,2.6645598798399583,0.5012328323916292,2097,256
8107,0.0004045086370913453,0.9871851720183196,2081,256
8108,0.283859257624673,0.2025967574536787,2166,256
8109,0.06268340376431848,0.5822784226560664,1944,256
8110,2.3643046816741373,0.7325895347816954,2058,256
8111,0.2752528595533601,0.9140557746639636,1933,256
8112,0.002599559964225603,0.9587623331519552,2139,256
8113,0.0012614210713015224,0.9327579431341956,1937,256
8114,0.0006649918296285438,0.110515303624458,2134,256
8115,0.08744895645379706,0.0994678654726516,2034,256
8116,4.542485920049582e-06,0.4129736835527963,1976,256
8117,3.869716469603774e-06,0.3239993335657413,2097,256
8118,1.1629388309370827e-06,0.3402916548124252,2021,256
8119,0.012360196319368374,0.8293267910658878,2018,256
8120,0.008599519732001733,0.2481849185154808,1921,256
8121,0.0005155849676747153,0.2898490180777284,2096,256
8122,1.5787467225308003,0.6547192118210803,1984,256
8123,0.04545856722870328,0.8622995999155936,1988,256
8124,1.006932993097449,0.5355414461442255,2173,256
8125,0.003519182160683576,0.4857804973803331,2046,256
8126,8.116426742818258e-08,0.016315573867625,2058,256
8127,0.27723819709111375,0.6674638803181282,2152,256
8128,1.364381135224198,0.1230693656621294,2109,256
8129,0.6602795159682603,0.235212994788611,1943,256
8130,0.27304510811095584,0.8652886040911406,2030,256
8131,0.2888434727768586,0.7537878773283322,2095,256
8132,0.0004430603844008003,0.5108408787319535,2037,256
8133,0.4173855677623888,0.6087959647588113,2039,256
8134,0.3014090284489934,0.5768876590022566,2137,256
8135,0.027933311042371532,0.6574587938718461,2168,256
8136,0.48321663753549104,0.845154042480611,2129,256
8137,0.12630688930791437,0.7348461019908427,2034,256
8138,1.3464239725859797,0.2826783517839271,2148,256
8139,2.9068230596044544,0.6897943775364092,2059,256
8140,1.3444131833917983,0.3978481610551947,2011,256
8141,1.3855419425486297,0.9708656864693058,1942,256
8142,4.299608690194079,0.301535633562271,1974,256
8143,0.026886025534663505,0.8149491721794284,2068,256
8144,0.3942875890719459,0.1722239020722923,2133,256
8145,1.3297279524654455e-05,0.0659813057411081,1923,256
8146,0.000604462184629562,0.3450729166444056,2021,256
8147,0.6446866866679898,0.5419196893173929,2147,256
8148,0.026498826821956672,0.1134007692884426,2113,256
8149,0.8484437152883266,0.1563701965491424,1947,256
8150,0.00010637445812313927,0.2285261715796904,2030,256
8151,0.008030865769200035,0.0367591587827711,1979,256
8152,1.7064836853136818,0.6679075934554676,2122,256
8153,0.061121545584920216,0.8370184750553951,1944,256
8154,0.00021620308436667073,0.3137824764769451,1957,256
8155,0.43708738779521833,0.7496377991490768,2129,256
8156,0.0018806703166993415,0.9733437130053568,1976,256
8157,9.529536384891525,0.3361300483027716,2168,256
8158,0.004110810169394373,0.2554467001060393,2092,256
8159,0.49446611253162465,0.8147319903265438,2020,256
8160,4.833381273215474,0.288891129478911,1961,256
8161,0.0011101077499218414,0.4537254776641914,2034,256
8162,0.015081774343290041,0.0223133076462861,2133,256
8163,0.0011360730085122708,0.1139830490278124,2078,256
8164,0.3979202383270067,0.2465925727662543,2019,256
8165,0.0007866018836604994,0.4156991144208727,1974,256
8166,0.4793150211466929,0.954342309127334,1993,256
8167,2.817756805296618,0.5376074053642567,2076,256
8168,0.4805035334129305,0.3377836975103759,2064,256
8169,1.009888642172786,0.0668249639615227,2052,256
8170,8.541452983030224,0.7053547120770423,2159,256
8171,0.2221290880783304,0.6215690633792946,2059,256
8172,1.1250778656221065e-05,0.9961935346677117,2120,256
8173,0.0024686074910683616,0.8691731442229634,1959,256
8174,0.004959949130913196,0.4607006463029309,2170,256
8175,0.3458101804736992,0.013043090999681,2059,256
8176,0.10406321655331122,0.3319132018870835,1953,256
8177,0.5232615193036264,0.7555006376063952,2017,256
8178,0.6157941586325899,0.433038574630127,1992,256
8179,0.18287482589743675,0.0544913412538003,1924,256
8180,0.08678814744185978,0.837232248515518,2077,256
8181,8.371484851688539,0.1733788221801668,2144,256
8182,0.004244962888419285,0.5998895365992503,2165,256
8183,1.0889609715604671,0.3436932157539145,2010,256
8184,2.183838748334801,0.703728945406313,1983,256
8185,4.962700152280098e-06,0.1821894054140886,1984,256
8186,0.23563862206313352,0.1700715252067174,2041,256
8187,4.2685740556834337e-10,0.594481162638703,1942,256
8188,0.17135683984569436,0.9638747760191828,2103,256
8189,1.649935574983699e-05,0.7374453281666705,2046,256
8190,0.008701111768282494,0.7347214965396729,2121,256
8191,0.544995053484871,0.9710496916958034,2175,256
8192,0.1958474827879294,0.8585963328119823,2144,256
8193,0.12650223136185954,0.753431507669871,2119,256
8194,0.420074660767381,0.0078460142183908,2067,256
8195,0.47225962507732244,0.0876460553793887,2112,256
8196,0.00011829622933879087,0.3332217063876401,2152,256
8197,1.32497610965602,0.370763192327004,2033,256
8198,0.10435066924078605,0.2258248495457077,1945,256
8199,0.00688978548735012,0.9006311234808145,1996,256
8200,2.5720943378525885,0.4099323889796072,1992,256
8201,1.071187784908461,0.1350017024277945,2039,256
8202,0.13988996037799442,0.2544640623037378,2102,256
8203,0.04002721907394268,0.9690657824977456,2080,256
8204,2.034273496736918e-09,0.2012293988755619,2143,256
8205,4.4854436426807746e-05,0.0973472184088614,2138,256
8206,0.001484716574684909,0.2701078601855383,1991,256
8207,0.04196868165791288,0.462918769919344,2100,256
8208,0.43479938126500084,0.0289290316318153,1936,256
8209,0.15098886648201112,0.095495189969691,2102,256
8210,1.904037851959585e-07,0.6380662797196927,2146,256
8211,0.739938142338763,0.0342029662110479,2005,256
8212,0.07143446394510447,0.951647174064174,1950,256
8213,0.5766344014352414,0.2322339263171524,2111,256
8214,3.1268049712921675,0.5080249836270586,2104,256
8215,2.040735709483926,0.7409639273885735,2152,256
8216,0.08215600482506814,0.9364885373117098,1939,256
8217,4.315201906375865,0.8532482505377058,2049,256
8218,4.689501056968906,0.4721619322830868,2087,256
8219,0.15734632766916193,0.800698700281894,2009,256
8220,3.3567954510773124e-06,0.9218480033572788,1976,256
8221,0.09641500498355311,0.8501548668588258,2092,256
8222,3.0215890909450085,0.1927827015333905,2176,256
8223,0.9013604924470385,0.4886744701771099,2143,256
8224,0.0016005877530194763,0.3496947701345241,2071,256
8225,0.1846705397842095,0.5711930272280503,2001,256
8226,0.06081765900572494,0.9399933931707356,1932,256
8227,0.8527254521041625,0.1680534791052136,2108,256
8228,0.35536500519072556,0.3000524550927747,2054,256
8229,7.195840822905616e-09,0.6572182090017141,1982,256
8230,0.20413724652917112,0.7153990044421482,2146,256
8231,1.1532973262542332,0.2722963369122223,2093,256
8232,0.0038818752735846796,0.905312498590607,1929,256
8233,0.0007667603678703873,0.2530214525929087,1994,256
8234,4.217292370246618,0.3399219012056694,2092,256
8235,2.9849613817360563,0.6859338924090965,2084,256
8236,4.098577357370103,0.6870994893847582,1945,256
8237,4.3863399750559494e-05,0.0456111504393879,2136,256
8238,0.14443558094558148,0.8841077987347465,2170,256
8239,0.6807662668903248,0.4757706083751899,2110,256
8240,0.01848193649566749,0.3834287950100846,1982,256
8241,0.0085550326439764,0.4287040312206698,1965,256
8242,0.6511346837825434,0.9452697081280388,1966,256
8243,0.013673983690821286,0.7675745952774684,2076,256
8244,0.09371099897102486,0.0603692953845216,1977,256
8245,0.005232729471314046,0.675541343812219,1941,256
8246,3.8999632896853895,0.9388050574878922,2098,256
8247,0.023067725987398525,0.9501054222039442,2098,256
8248,0.0014472187045915833,0.9561249877024166,2094,256
8249,0.04867216583095185,0.1727153681884006,2112,256
8250,2.2390959233277714,0.6911376343985226,1973,256
8251,1.833782949374817,0.1884881842189026,2148,256
8252,1.6853102125752608,0.1094310222947848,1987,256
8253,6.125917100682101e-06,0.4738092738214388,2056,256
8254,4.198010504039358,0.9400953513893274,2015,256
8255,1.6878412318862235,0.2231700287629848,1958,256
8256,7.608421831424417,0.0685677569840148,2040,256
8257,4.7984152456617076e-09,0.1233357398927686,2144,256
8258,0.028170856318996036,0.8472299659394524,2077,256
8259,0.0017925223239380337,0.2525222612252226,1980,256
8260,0.01469571586822367,0.4859537218762801,2012,256
8261,0.33941810647600124,0.5509042685411917,2057,256
8262,3.5779108362621135,0.6158237895738004,2158,256
8263,0.33193657887078054,0.6599760614183463,2151,256
8264,0.45832406450852464,0.8152112269612366,2158,256
8265,0.35305876200155784,0.1225984684054217,2076,256
8266,0.0005412041153543514,0.2282913911089245,2117,256
8267,0.22629001471705043,0.6365771807848599,1939,256
8268,1.027677815277524,0.5969214407820561,2063,256
8269,9.482611696279468e-06,0.365978574497051,2160,256
8270,8.602908229268508,0.8942274011532798,2002,256
8271,0.07009655788952335,0.3238749551181283,2115,256
8272,0.025148593370793577,0.5825566129472788,2173,256
8273,0.04570023294826053,0.8791231255170534,2128,256
8274,0.09818827520145522,0.1896128564551498,2068,256
8275,0.8947114012987717,0.1881025621222323,2058,256
8276,3.7475214283518343,0.9634436610316164,2071,256
8277,1.988378128907662,0.0473825448768259,2064,256
8278,0.0016189010157268298,0.1794651172686212,2058,256
8279,0.43059439157568397,0.5756449103930501,2116,256
8280,0.8057606699187037,0.8329687440902216,2134,256
8281,0.0033683184790659995,0.2573732454470482,1997,256
8282,3.6240993785860685,0.2960512016554066,2092,256
8283,0.7587549035146248,0.5140610701529276,1961,256
8284,1.4788137584682082,0.6992312932460442,1945,256
8285,0.05118523058546735,0.381035221891662,1927,256
8286,8.737863673524213,0.6553589919631898,1999,256
8287,3.6955692381892677,0.5592923670487588,2116,256
8288,0.02161473453371702,0.6632417878210703,1977,256
8289,2.9734436900226524,0.6345288712607419,2009,256
8290,0.1316454161332572,0.532112830327813,2026,256
8291,0.004937786868726491,0.582322041907003,2117,256
8292,0.2576153529031691,0.0528222952505726,2005,256
8293,2.0934619856834646,0.3199669590836823,2031,256
8294,0.021107268404350475,0.9286100566484062,1922,256
8295,0.10206805214442825,0.290298225170453,1992,256
8296,0.05195916247964969,0.3217676201311275,2076,256
8297,1.4797182229229968,0.786156651993013,2171,256
8298,1.987349779957521e-05,0.2548255003177198,1937,256
8299,0.013791060661710567,0.0276244786970432,2074,256
8300,17.25261295090796,0.6428187386451909,2094,256
8301,4.2123918320307373e-05,0.75248996419344,1976,256
8302,1.151354317857927,0.4976231318716529,2065,256
8303,0.025371916571122956,0.2960210724866539,2066,256
8304,0.034809363750641406,0.772144192450889,2042,256
8305,4.855873925881361e-11,0.4374057432902531,2041,256
8306,6.9857032728800545,0.2701522390888887,1924,256
8307,1.551500535927731,0.6587966316917063,2003,256
8308,5.076269532368743,0.1707027849140634,2000,256
8309,1.7461430530606683,0.9851860521418564,1920,256
8310,0.01743662770923509,0.6574053120305144,2143,256
8311,0.0016721765298630992,0.3256673441608515,2028,256
8312,0.20674502674063544,0.1349493172178325,2105,256
8313,0.48185121314528523,0.8204795260028742,2070,256
8314,0.09384897074697018,0.3631409852273456,2077,256
8315,0.0005794633009082611,0.973410973964526,1957,256
8316,0.11488460037058171,0.7792766811059662,1941,256
8317,3.2257036414096607,0.8424749201235449,2127,256
8318,1.8028665803543514e-05,0.8263030598348909,2140,256
8319,1.594182439280585,0.2588751620441056,2113,256
8320,3.828262038356852,0.9415790058469036,1973,256
8321,0.004743805337737268,0.076106059216686,2084,256
8322,0.051721643430363146,0.1900358473903888,2001,256
8323,0.33549602288060804,0.609541898959401,2031,256
8324,0.9069298319304134,0.0262024511393873,2080,256
8325,0.0007728628166080386,0.9993103788175832,2101,256
8326,0.3568547426305541,0.7598100767659486,2022,256
8327,0.054571649209631964,0.7317681498467964,2139,256
8328,8.385759408360101e-06,0.5493038589300069,2094,256
8329,3.3734582756662324,0.5901685674458098,2157,256
8330,0.3368085191376034,0.177610431412368,1945,256
8331,5.948381146496576,0.7982472338549871,2130,256
8332,1.4025787575045794,0.116109510081424,2118,256
8333,0.9877203887083554,0.7435962269218541,1990,256
8334,0.6390732053427596,0.7809920211686388,2121,256
8335,0.0012089189999288626,0.4227338219805114,2146,256
8336,0.06546475033246177,0.5983720870342515,1924,256
8337,7.024056296914449,0.5918573181598507,1944,256
8338,0.2882602603813523,0.8829815522670014,1981,256
8339,4.224263260941832,0.892169776068968,2156,256
8340,7.770987736510582,0.5837215264553112,2056,256
8341,1.097226213463932e-06,0.4754400753592405,2094,256
8342,1.5776105888080922,0.6595031626239286,2174,256
8343,0.16136546585445813,0.5125598012389481,1939,256
8344,2.2699696548134978,0.533076683033222,1920,256
8345,0.7598565359012277,0.5957849771171573,2125,256
8346,0.1545812608944554,0.7219189995170952,2126,256
8347,0.029129196753969713,0.4769943497471701,1979,256
8348,0.015630305264145612,0.0374946085978991,2170,256
8349,1.1156985366692456,0.0759729235210507,2171,256
8350,0.00032567168193347,0.3188236592159845,2034,256
8351,0.00016569835005579537,0.0302517528920919,2133,256
8352,1.2344730210869563,0.4213739973863328,2073,256
8353,0.04183461675977345,0.8735026936710995,2154,256
8354,0.00011830441741683654,0.9038391971414046,2132,256
8355,4.30597315555421,0.8762015599553439,2048,256
8356,0.24723612875878653,0.6009333513249534,2048,256
8357,0.7193048471592869,0.3134424448671771,1961,256
8358,0.004421618825951202,0.0641039807516938,2037,256
8359,4.046328671652632,0.4306517712624575,1975,256
8360,0.005487342783713809,0.4970760948276727,2059,256
8361,0.022680417568507735,0.07699544345113,2164,256
8362,0.7939091134180067,0.7878547010306253,2052,256
8363,0.0005878456564492541,0.760884070614536,2113,256
8364,0.5526786971472479,0.651178648904592,2115,256
8365,2.9595543364852874,0.9586524361445562,1930,256
8366,0.3272407981648051,0.3052831362404203,2043,256
8367,0.05615865059291461,0.0094080676175309,1963,256
8368,1.3827864163028474,0.8089540100488725,2147,256
8369,0.0009365948140455155,0.8513061373499091,2008,256
8370,0.005731194513837084,0.3415105541633901,1928,256
8371,0.16435294126022174,0.1918339241254277,1989,256
8372,4.3053103324182835,0.1245479645064051,2095,256
8373,0.1680524515726298,0.6027325654685164,2160,256
8374,0.3516989591031893,0.6685097967500262,2119,256
8375,1.2435984742936739,0.3095714996001538,2047,256
8376,0.004940601785434813,0.180413336092491,1942,256
8377,0.04302177323256526,0.515163160958363,2161,256
8378,0.008839479654512322,0.5308072668837113,1974,256
8379,0.0020584449277011715,0.6438103494723649,1934,256
8380,0.2227292680568623,0.0253935245581118,1983,256
8381,0.3063137622254324,0.7770415310050257,2025,256
8382,0.08630597921951993,0.8573787193371397,2175,256
8383,1.7594482805498983,0.2945870324875728,2062,256
8384,0.0172901769893916,0.494130615361582,2136,256
8385,0.2400910545278707,0.8211090904899558,2101,256
8386,0.007262907558759207,0.3271840049789487,2069,256
8387,1.701370757039114,0.7476927199883693,2173,256
8388,0.006335904273331878,0.8212878321658587,2063,256
8389,0.041382814283213464,0.3256516683082254,2097,256
8390,0.050661948996778505,0.2714970010299589,2037,256
8391,0.7780038986228387,0.152956740606493,2082,256
8392,4.948646088418128,0.4656329446148792,1985,256
8393,0.10378312347339054,0.9924375299232568,2019,256
8394,0.05246640759596489,0.2107491183447798,2155,256
8395,6.153524230979794,0.3654343818734933,2006,256
8396,0.042430491168370756,0.8401137919085734,2145,256
8397,0.045550227115116824,0.5381716582267065,2061,256
8398,1.7808459297922752,0.7405270713884059,2113,256
8399,0.03813676089362632,0.0238684107223196,2033,256
8400,0.009491758208285307,0.5519724201466006,2083,256
8401,0.011218199594806426,0.038050996691302,2112,256
8402,2.442105636102489,0.9015030393103192,1932,256
8403,0.05787106670096567,0.6697842422718934,1982,256
8404,0.03434089716015162,0.9360533919899152,2030,256
8405,1.2093745468511368,0.0272713449543756,2105,256
8406,0.7065567262240134,0.8808672475049234,1991,256
8407,0.412227857754681,0.4034071166897229,2130,256
8408,0.9648742502545673,0.0786940572042582,2174,256
8409,0.9059781017024381,0.1320458767327775,2054,256
8410,0.14650362679433213,0.3601102270040019,2117,256
8411,0.012294676031414462,0.7745927275102584,2092,256
8412,0.37454032691216244,0.9634698428600958,2150,256
8413,0.4237619343552925,0.9374374632155722,2020,256
8414,0.4454831740350525,0.1879740586047615,1953,256
8415,0.001314096998412779,0.9990743028012125,2154,256
8416,0.002322815994305148,0.8002263409294441,2045,256
8417,0.044579422137562184,0.3497393721834144,2153,256
8418,12.835565976180378,0.6200181692874474,2079,256
8419,1.081671343724285,0.0514509523023251,1929,256
8420,0.024947268923798314,0.5898277821477576,2040,256
8421,3.313097939453594,0.2350665700347955,2082,256
8422,0.007920966363740586,0.8561872998373812,2056,256
8423,0.06913982454656528,0.2896057499915194,2056,256
8424,0.1564553893793861,0.6448597048594416,2145,256
8425,0.0479364868046638,0.4479347256966366,1989,256
8426,0.09306139181397145,0.6652385803212485,2074,256
8427,0.01168556281536864,0.5174663366158367,2084,256
8428,0.31140334495363825,0.3061366809744393,2106,256
8429,0.01478473865894179,0.6747933217920443,2137,256
8430,6.959945487551093e-07,0.7279819968756447,2079,256
8431,0.06845405376280048,0.7701648288337873,1928,256
8432,0.10475388211598412,0.2646744673982764,1970,256
8433,0.17471199750914349,0.9594621893769072,2119,256
8434,1.2172104323876636,0.4600321110007384,2031,256
8435,2.8501410782662804,0.3334817604678516,2033,256
8436,0.20822598614878585,0.5050320020409711,2154,256
8437,0.06066711089508235,0.8986797821902257,1964,256
8438,1.9052180248051807,0.0301872747033061,2091,256
8439,1.0940048362927558e-06,0.9740027221975062,2006,256
8440,1.3004811333824462,0.4063657332078713,2015,256
8441,0.07126532302439488,0.4849336715009503,1962,256
8442,0.1285646283294536,0.591939068793195,2007,256
8443,0.0011832301463159057,0.5020558605843164,1985,256
8444,0.04757416457884156,0.3381469683505882,2124,256
8445,1.2932110261799978,0.1386679299638811,2140,256
8446,0.06521509798960153,0.4564364400762956,2076,256
8447,0.13428436605444558,0.3664037065365491,2158,256
8448,0.611089274970541,0.4431999473202236,2048,256
8449,0.028785233066866093,0.701699665130085,2003,256
8450,0.013735421949848548,0.2978107078190101,2004,256
8451,0.00017303226355993117,0.9999693406784806,2158,256
8452,0.8431203339909749,0.8052986436856299,2036,256
8453,0.011259643752101154,0.6776816475346166,2117,256
8454,3.965485016773816e-05,0.9777732277688104,2025,256
8455,0.032493009580850385,0.1020719809354596,1970,256
8456,0.01301585397771001,0.6384110654061221,2173,256
8457,0.6159177974095834,0.9693761673282127,1934,256
8458,1.15608672153721,0.9233553700630344,2144,256
8459,2.2145307630130397,0.893268009644129,2068,256
8460,6.574515322055759,0.8470448041660297,1925,256
8461,0.010538613519529352,0.2068221207150656,2096,256
8462,0.011787124998163692,0.290378232503975,2028,256
8463,0.04633345025545751,0.4520578976014591,1943,256
8464,2.1231233473059716,0.1520963535937946,2027,256
8465,0.5764652786121329,0.1279235854988695,2033,256
8466,0.005866326364301954,0.5716572169682345,1944,256
8467,2.8153032501154924,0.2250933991094337,2132,256
8468,1.2624317334205313,0.2084153962365388,1932,256
8469,1.3104740577845354e-05,0.9985688350399649,1924,256
8470,0.005422091796745137,0.9896255206114198,2020,256
8471,0.005242209254826131,0.5029597120581918,2117,256
8472,0.03407108394758217,0.3394515521561612,2099,256
8473,0.009208339900585439,0.9071767678238584,1936,256
8474,0.36685544025190214,0.4617882131312647,2069,256
8475,0.008664555844419575,0.1552828535241623,2175,256
8476,0.017340349074243207,0.9524454590981036,2095,256
8477,0.8440202875925624,0.7317008574293736,2115,256
8478,0.12776988853485494,0.4563600420526048,1930,256
8479,0.25714307152342597,0.4557861227941923,2167,256
8480,0.006690785530321938,0.7098148844868507,2125,256
8481,0.08241090944906022,0.3550199442858385,2046,256
8482,3.0067989448236685,0.2850418914583597,2053,256
8483,0.005523178112812478,0.7319343199154206,1986,256
8484,4.024670749278662,0.2277707719353973,1967,256
8485,1.2190923406455525,0.6630477032395913,2058,256
8486,0.8058408068720382,0.9651096017980384,2075,256
8487,3.610621285306865e-05,0.1854492136231413,2031,256
8488,0.024186060285247026,0.4821458406203392,2081,256
8489,1.2720819481694352,0.0003372076233236,2021,256
8490,0.9815559076852104,0.0586540531408945,2092,256
8491,2.942565863918449,0.5091142505280594,1941,256
8492,4.228192421690516,0.1318868708384379,2054,256
8493,0.12858684695337932,0.5879874497853814,2147,256
8494,0.1797444693264681,0.8547259520680477,2078,256
8495,0.16895385240764857,0.6069815356740033,1937,256
8496,0.1523158800820536,0.3693656707044124,2017,256
8497,9.956595544450614,0.4749107975087681,2018,256
8498,0.005495112435785459,0.307446725269396,2019,256
8499,0.016953296717345738,0.7256949152762087,2008,256
8500,1.7292369744613552,0.2158913306401044,2158,256
8501,1.8071247732109843,0.7486137085971162,2042,256
8502,0.6257620367881661,0.0599353846381782,1994,256
8503,0.024976689368535827,0.9162107364579712,2163,256
8504,1.3272591448755084,0.2930256482029076,2020,256
8505,0.07065639485112615,0.9763989676577868,1922,256
8506,0.27745721701079284,0.7869149788868243,2166,256
8507,0.009004760547542321,0.3365982159863795,2097,256
8508,0.012724789579137594,0.8405882299686402,2106,256
8509,0.023050017081109733,0.6133795021006432,2040,256
8510,0.9688552987169335,0.2760943769298366,1981,256
8511,0.527066223637068,0.5913081338276482,1946,256
8512,0.0011658157030468728,0.6210856376532413,2070,256
8513,0.4821161506849528,0.2938072523337905,2000,256
8514,0.33307166019444784,0.5887603620851555,1972,256
8515,0.2720004668357561,0.9251498813448062,1934,256
8516,0.052159551268608835,0.2239550267511723,2043,256
8517,3.245148291440639,0.1567455153851339,1984,256
8518,0.0022587016016695064,0.1226841497767511,2017,256
8519,0.5983086664412365,0.7713802390200777,1935,256
8520,0.025436366342207906,0.0859071706247311,2031,256
8521,0.029205814784946386,0.9141378300330164,1934,256
8522,0.010296130030100801,0.8097028035079681,1953,256
8523,0.011625236211681052,0.8087979676327902,2092,256
8524,0.20148851316544653,0.69761628275894,1957,256
8525,0.0029291454005932758,0.8322862389880332,1964,256
8526,0.0023383774760346,0.9032929212529692,2114,256
8527,0.20278822567423457,0.7509512691478629,2105,256
8528,0.6604029876828614,0.094441983745296,2164,256
8529,0.0010769490838399456,0.5252698922842192,1983,256
8530,0.5699613235093993,0.7222205600063832,2120,256
8531,4.379621116306535,0.8791019558925479,1984,256
8532,0.13267753144235586,0.1876696532288668,2087,256
8533,0.7101690495222416,0.876447565028232,1959,256
8534,0.0013044654888344554,0.5700226031242502,1943,256
8535,0.06551131243500698,0.1573672901611664,2170,256
8536,8.736149565727205e-06,0.60106802362979,1936,256
8537,2.439155137707984,0.465398610846169,2109,256
8538,5.578488361039966,0.5794317215879106,1967,256
8539,0.8652330224189079,0.2443810896626126,2027,256
8540,0.06603031675811855,0.2193494412924225,2033,256
8541,0.0955169748592992,0.5838608300046526,2089,256
8542,1.8320019178209925,0.8853464671100478,1964,256
8543,0.16422625597388793,0.3026345702333326,1959,256
8544,6.499001210140811,0.4943123399330705,2150,256
8545,1.0370935720564654,0.0070726797032816,2057,256
8546,1.1642219903393354e-05,0.4880866399061654,1986,256
8547,0.0077696772929470494,0.1348779824104256,2017,256
8548,0.2029645481065531,0.3927186284227,2049,256
8549,0.075084952491309,0.1083160128435155,1976,256
8550,0.8998199511085392,0.1062530743553723,2054,256
8551,1.276077263259653,0.1090563769447795,1999,256
8552,4.909846857684121,0.1069418634959594,2047,256
8553,1.2413824896944285,0.5007977830657253,2024,256
8554,0.5617621475239906,0.2672788528223595,2132,256
8555,9.994029294442827e-05,0.5226159785752246,2138,256
8556,0.008018367772500548,0.626526605420995,2028,256
8557,3.9942285396458437,0.0104619175025834,2109,256
8558,1.9479323171607068,0.2068368610056233,2036,256
8559,0.04856875008504217,0.5880402056462796,1927,256
8560,0.6669955416499537,0.408859973759207,1929,256
8561,0.7491541715233003,0.611986260954437,1994,256
8562,1.4031259291291285,0.9813653731420012,2018,256
8563,3.2215894457390325e-05,0.5048189397311318,1944,256
8564,0.5184336332133261,0.242807661456151,2094,256
8565,0.31762173385408465,0.7841307867754836,2174,256
8566,1.4241648690313307,0.448283363733501,1997,256
8567,0.00047861662721999086,0.9563525506440964,1944,256
8568,1.2634359514204663,0.0126131837812857,1948,256
8569,1.467255351621861e-08,0.1122856454943467,2121,256
8570,2.7641809719163673e-05,0.8453819121253061,2137,256
8571,0.047232872116196666,0.5791259622050974,2128,256
8572,0.062202954767421985,0.9759745332929044,2148,256
8573,1.0437943396253322,0.7692508517514838,2056,256
8574,0.05610530708222792,0.9534811278190732,2150,256
8575,0.08176876135777686,0.7654597239398236,2014,256
8576,0.8463165464283124,0.108189239346165,2010,256
8577,0.33102880879234536,0.9885129586092688,1981,256
8578,2.9343323153249554,0.4956571479826859,1955,256
8579,0.02741725609539786,0.1767824039457758,1938,256
8580,1.1868238782036016,0.513559724673936,2106,256
8581,0.0006218283764984391,0.7353283767700164,2131,256
8582,0.23204712205465558,0.1035842035437055,1943,256
8583,0.07474351360638652,0.8166184463892987,1946,256
8584,0.04608827845746265,0.2316054294814058,2094,256
8585,3.9321648954161685,0.4182561459175166,2069,256
8586,0.5849928602712484,0.3129233562152628,1950,256
8587,0.731578815601424,0.6192812460138274,1926,256
8588,0.8333852336026315,0.8007234723801299,1984,256
8589,0.23844671515817062,0.1959577841750557,2094,256
8590,3.876546666652111,0.964419343146202,2144,256
8591,0.35143231798913016,0.6181993477124312,2078,256
8592,0.004509889279926749,0.3223518285894609,2036,256
8593,0.009618139272549932,0.6511685692658644,2011,256
8594,0.1902605959596164,0.977870162213713,1924,256
8595,3.450092012390339e-06,0.1408912751780147,1924,256
8596,0.008824646050043735,0.4945571749401072,2149,256
8597,7.74373744778725,0.1538249534956185,2014,256
8598,0.0013806838328333324,0.269949508409677,2142,256
8599,0.39794109788315807,0.4222613667948742,2088,256
8600,0.00033287540465737705,0.5160882604941835,1925,256
8601,0.00013978339788822808,0.3627388211154232,2006,256
8602,0.042258755302093325,0.6475496336448904,2065,256
8603,0.0010539968225464825,0.527669445464602,2038,256
8604,5.940988652460556e-05,0.5666458551842267,2092,256
8605,0.24914540604639177,0.3980886430733885,1979,256
8606,0.37042021894086563,0.7124566480814438,1949,256
8607,0.03873951974799792,0.9595251360941436,2137,256
8608,0.6423938707662038,0.6284887756956278,2095,256
8609,16.678605992773548,0.246985548457872,2095,256
8610,0.345473745905818,0.8706990491399341,2144,256
8611,0.06985538750575566,0.9294490440384776,2022,256
8612,0.17203484620887288,0.004012257426887,2099,256
8613,8.31479322361041,0.2196082640678669,1948,256
8614,1.4891958033299362,0.648353364605339,2023,256
8615,0.19958852391067083,0.5569631661690556,2114,256
8616,0.0025288781836208265,0.0340436584156452,2139,256
8617,2.3494042940203577,0.480243435597347,2087,256
8618,21.575045265804082,0.332100726329454,2074,256
8619,3.1207391329635294,0.0462429215184967,1932,256
8620,0.008867309713363579,0.123036821705747,2026,256
8621,2.5687195888652945,0.1373694242854171,1985,256
8622,0.2957362522592036,0.4809537665234363,2031,256
8623,0.13884156691526187,0.0397019927167292,1938,256
8624,3.650326814286143e-11,0.1876263868666037,1934,256
8625,0.11066849424231331,0.2205090642358502,2084,256
8626,6.109608221650041,0.2463549877412529,1931,256
8627,0.004986962150097853,0.8176933185574057,2086,256
8628,0.03016950134030268,0.0722110855890945,2126,256
8629,0.24793807866953313,0.5517299658549958,1972,256
8630,0.14496666742466607,0.6749111760840257,2035,256
8631,0.7999645404327711,0.3898422759635307,2002,256
8632,0.03491045565250224,0.0778503780666156,2122,256
8633,0.06441302461891667,0.2192227119667433,2016,256
8634,4.2259639737712815,0.2328036325106425,2141,256
8635,0.10604692537442278,0.8732968817494635,2052,256
8636,0.0009817892506676952,0.2498236671485417,2035,256
8637,0.007487958105745026,0.8087487119900292,2078,256
8638,4.706488415686421e-05,0.2874371699846948,1987,256
8639,2.2353056168489828e-08,0.2799116173940769,2124,256
8640,0.0741188240333776,0.5733870052833421,2007,256
8641,0.12683598920321007,0.3293041324728125,1948,256
8642,2.370621316728404,0.6204152025858894,2102,256
8643,1.4451184496329421,0.913642886118234,2155,256
8644,0.018078592100991425,0.7245411436322076,2145,256
8645,5.016045575246229,0.0021750030749423,2063,256
8646,0.8934173098797232,0.3248560470817837,2096,256
8647,6.071292913133272,0.8810031269496763,2006,256
8648,1.1672475330933445,0.890264337468828,1943,256
8649,1.6179692605964073,0.7658891314450389,2149,256
8650,8.991729951153781,0.1570383216133472,2037,256
8651,0.06041075096822882,0.3713270195820188,1961,256
8652,0.13143423046113564,0.2229695170135592,2113,256
8653,0.40137391415475465,0.5388202565095913,1921,256
8654,0.7845965541998577,0.8853984537113434,2112,256
8655,0.5835781420205429,0.9007262236479952,2107,256
8656,0.007609433430886662,0.1895039793780484,2133,256
8657,0.10745469783625428,0.4649735614162341,2064,256
8658,0.7460066492336253,0.4142101477703457,2080,256
8659,7.409477636216365,0.5591190282273641,2048,256
8660,0.14691959382151243,0.7122333214351779,1997,256
8661,1.8549856899441992,0.740007908327637,1957,256
8662,1.493713319667581,0.8060019890267737,2071,256
8663,0.5724212355423629,0.2597998762234159,2023,256
8664,0.712931881739946,0.8382080001778875,1943,256
8665,0.0404024896841749,0.150155777907177,2027,256
8666,10.96296005141969,0.4596845194362738,1985,256
8667,0.004404112831250298,0.1925805898750151,2072,256
8668,6.402374778610293,0.5729477427362921,2131,256
8669,0.5503541287457974,0.4974774221548063,2045,256
8670,0.6749006943872206,0.6078835700607484,2104,256
8671,0.07724301852237693,0.2053514893315834,2131,256
8672,0.012497126952854251,0.8709564039485107,2040,256
8673,14.991219264354244,0.1413009754138902,2013,256
8674,0.052618716865311534,0.3186246361351108,2174,256
8675,1.7109236693175682,0.9906425898812684,2036,256
8676,0.27418555195846855,0.1372446154488268,1946,256
8677,0.1344634253512509,0.0617295703095053,2070,256
8678,0.016429755445211046,0.9425106220413992,2122,256
8679,0.0007784992956021006,0.5786659408016226,2075,256
8680,3.380183450079992,0.1435344638305089,2081,256
8681,4.214748969948768,0.1573173116121251,2153,256
8682,6.91759463136483e-08,0.3583470563463193,1953,256
8683,0.10276820371184772,0.508900697336841,2159,256
8684,0.006465776234067445,0.4407792498406906,2034,256
8685,0.16069788896746504,0.0444513564819371,2044,256
8686,0.9631280778701462,0.3397745361195875,2149,256
8687,2.53797733271531,0.3647536713941308,1965,256
8688,4.2259744855254335e-06,0.4372357811564766,1942,256
8689,1.721966104296809,0.2064302864485335,2049,256
8690,1.0786399010724e-05,0.4111230713863785,2034,256
8691,0.21648099424454142,0.7036475178533129,2139,256
8692,0.0038399327477702124,0.1680995348413455,2118,256
8693,0.02126971727180707,0.3019552079548274,2125,256
8694,3.859837613075761,0.1265742430782658,2144,256
8695,1.5743795818745108,0.6132705385694327,2109,256
8696,1.4920029444302303e-05,0.3477642543913659,1938,256
8697,0.15495119983180414,0.4115847136832204,1956,256
8698,0.012163473673717808,0.981604021915965,1962,256
8699,0.0793576836524038,0.4622219030447618,2071,256
8700,0.034119551056852666,0.7178401575410519,2145,256
8701,0.6130300836916621,0.8085956778160156,2041,256
8702,2.3632690316782816,0.9185801780254672,2005,256
8703,0.030496383486075047,0.3010183203187635,1923,256
8704,0.4582423872702874,0.7240547975541782,2161,256
8705,0.432212242325547,0.1042881709083524,1931,256
8706,0.001364445159831055,0.9443541684361636,2159,256
8707,0.013936316290206249,0.6176546698001734,1951,256
8708,0.9792542495538343,0.8770381033114959,2168,256
8709,0.4886855496312832,0.745310612563725,2131,256
8710,0.00016245840083185876,0.9339468783484496,2034,256
8711,3.823018651581698e-05,0.4734471971735707,1975,256
8712,0.0013468499520306596,0.6481160579368783,2134,256
8713,4.459826306780341,0.4651234172513107,2087,256
8714,0.0009926123483751923,0.5911857274343801,1971,256
8715,0.0039212034417089175,0.115265467172846,2175,256
8716,0.0059849898598238254,0.1295481249452428,2001,256
8717,2.606001921065501,0.2076801997267112,2001,256
8718,0.02559810037139122,0.0742628064747846,1999,256
8719,0.6641451846640772,0.4987015631024651,1982,256
8720,0.060863858655887025,0.0055550587069499,1965,256
8721,1.073853269271171,0.6332812785601166,1999,256
8722,0.13772154923550925,0.5425479771935608,2175,256
8723,0.004374729201115639,0.5594972634191285,1973,256
8724,0.29768530122454623,0.8920747457316798,2169,256
8725,1.921869622987298e-05,0.0260870376215643,1958,256
8726,0.5132072632926973,0.1545930806677626,2050,256
8727,0.010578253452812625,0.3448725784654818,2029,256
8728,3.3851967804047716e-05,0.8371377356200745,2025,256
8729,7.423846478101053,0.3093057968171259,2134,256
8730,0.4377741481487596,0.2365118804363853,1985,256
8731,0.3802314351083285,0.4681364559264418,1969,256
8732,0.00012298427499775962,0.7602286092895344,2166,256
8733,0.019626036937182314,0.3638301671153763,2156,256
8734,1.0636801862198983,0.4179367120349005,2104,256
8735,0.6229493118201685,0.7603259426181755,1963,256
8736,0.15316477963267092,0.8447988444657506,2164,256
8737,8.921342017348508e-10,0.477225689936338,1941,256
8738,4.008085823464718e-05,0.9835576991000408,1962,256
8739,1.3147594119559523,0.813583330972461,2175,256
8740,0.03694191129074073,0.2248918785228593,1972,256
8741,0.07987851930415973,0.1319126531140884,2157,256
8742,16.147869934826605,0.3150028001505899,2019,256
8743,1.035111064456455,0.4340489063951108,2065,256
8744,0.060533038383302755,0.2628484178039258,2053,256
8745,0.008983430165075188,0.3527202274427041,2163,256
8746,0.04782402819269567,0.1704453359029739,2026,256
8747,2.4524657685132594,0.5515399846352353,2167,256
8748,0.4180372405100346,0.8827369694356957,2146,256
8749,0.0003750907044430105,0.5292411491946375,1962,256
8750,0.012612720057604297,0.8150405462628388,2108,256
8751,0.07136445200147719,0.9010461339478584,1960,256
8752,0.17416261152574047,0.2940531252974943,2168,256
8753,4.857428035392864,0.2752303898671545,1947,256
8754,0.000539032247531859,0.1367798423184447,2027,256
8755,0.14840913433562325,0.6322501099267688,2128,256
8756,1.0787234509630041,0.5667206507395564,2111,256
8757,0.06604242928651288,0.7025546650905455,2016,256
8758,1.3175798835285949e-08,0.8135742039065422,1975,256
8759,0.01312047355517959,0.3021649074274288,2030,256
8760,0.17912970585967608,0.5989173657525984,2081,256
8761,1.372705091971923,0.0697430200272906,2073,256
8762,0.02817409407065781,0.8576880882022148,2117,256
8763,2.603035202932794,0.1508779110975984,2083,256
8764,0.0033900859013889714,0.9797102085947303,2069,256
8765,0.1884595730907601,0.8282473113544486,2165,256
8766,0.025755177695845823,0.9092520832492548,2058,256
8767,1.304248513376235,0.0196224403490136,1992,256
8768,0.00012284721479854067,0.2089781850495505,2159,256
8769,0.4902540080842885,0.4903271670955571,1922,256
8770,0.05109822247617114,0.1816527235347681,1971,256
8771,0.637090844520198,0.277252469456722,1988,256
8772,0.012845225040980549,0.0668708959303534,1954,256
8773,0.0004883010757165265,0.6305743693701903,1964,256
8774,0.04762766512477437,0.1526093613114698,2138,256
8775,0.012559800204225608,0.5168272478523143,1934,256
8776,0.11036388567066824,0.8710195093120933,2037,256
8777,0.15580271802374648,0.344281041131662,2067,256
8778,0.31803717753432265,0.7324263043917539,2009,256
8779,1.798428220205499e-05,0.1971070222803073,1989,256
8780,0.1468428062886647,0.0062196648463066,2158,256
8781,0.028517762251881053,0.1840493443645731,2167,256
8782,0.6354483258316791,0.2639101969978735,2169,256
8783,3.306597490114358,0.5964860099302209,2014,256
8784,2.9410982920362088,0.2873932659838003,2047,256
8785,1.717761002027974e-09,0.8027685532159623,1936,256
8786,0.3804330869193989,0.9660201818504446,1951,256
8787,0.2595315117472839,0.3004774402148307,2090,256
8788,5.331631334100264,0.6095280337919003,1989,256
8789,0.12740847241893255,0.665451479481552,2150,256
8790,7.620182527759072,0.9947259821498342,2077,256
8791,0.23120810547700446,0.5234931134027069,1938,256
8792,3.6837571678550094,0.4906394965643809,1986,256
8793,7.4015767959349845e-09,0.3462167434057946,1991,256
8794,0.18306898702910737,0.8394001639233971,1934,256
8795,0.0014652251820749403,0.2365519175805481,2026,256
8796,2.510897854657184,0.7927868363514797,2072,256
8797,0.08897963603009862,0.6094499151368025,1975,256
8798,0.001534069851994809,0.8337497003753482,1949,256
8799,0.25595284939089713,0.8374270830893812,2022,256
8800,1.5506279050742413,0.8642681655791625,2019,256
8801,0.459175257609996,0.8424938530984417,2102,256
8802,3.91945935171528e-05,0.8400584248705364,2017,256
8803,0.0022045639481962365,0.7071755033908389,2138,256
8804,1.386481669077381,0.3134814833040159,1984,256
8805,2.6937002853065914,0.1202262596168198,1969,256
8806,0.013553193783365855,0.0709103788619373,2096,256
8807,0.4229194135390311,0.5610270095661573,1997,256
8808,1.9268384269627097,0.9881665144602266,2086,256
8809,0.012971130293816446,0.2085303906688322,2041,256
8810,0.044290711830682034,0.7850662592924885,2071,256
8811,0.059383866556937594,0.2958351807277452,1965,256
8812,0.10061600983951442,0.8161956002945833,2165,256
8813,2.409798323882972,0.9715523614457028,2112,256
8814,0.09134736156749897,0.7434854025033945,2026,256
8815,4.483379637997021,0.4501782412153913,2006,256
8816,0.02732604195187506,0.5835187497515235,1924,256
8817,0.7352146866964355,0.669072471854137,2049,256
8818,0.005112030283359528,0.062513106953243,2007,256
8819,1.940673412133325,0.5022274585727169,2162,256
8820,0.7606920262433601,0.0709516303469142,2058,256
8821,2.674444636976263,0.1782548153253741,2140,256
8822,1.702765662969893,0.5408209408554613,1970,256
8823,0.0007026566913347743,0.4688137756040681,2044,256
8824,0.00020622116851702307,0.9038856568344528,1972,256
8825,0.41501275284247313,0.3124198699549861,2003,256
8826,0.0002539430540170495,0.1332035484926718,1926,256
8827,0.45723773328399747,0.2844208966230465,2118,256
8828,0.04996992956632014,0.1546892742394249,2093,256
8829,0.894887573117927,0.8814995034469579,2114,256
8830,2.255762997002072,0.8055299153152877,2134,256
8831,0.2715371435076215,0.0281600776368989,2007,256
8832,0.08425848445552736,0.161003056977351,1947,256
8833,0.00567436146575376,0.906376744802349,2062,256
8834,2.612362289166788,0.4709858620218323,2059,256
8835,10.718080715738841,0.4333200726212719,1976,256
8836,0.3868532243679549,0.0185957997005596,1976,256
8837,2.1306672611112623,0.9560208791766986,2133,256
8838,0.0640388562812523,0.1400967768957937,2060,256
8839,0.0001151127634885283,0.6266867207191504,2087,256
8840,0.01687375273651796,0.6206982280602326,2136,256
8841,0.2232873868264079,0.6059313312439648,2033,256
8842,4.582204972329834,0.8075078888261152,1961,256
8843,5.157736135188642,0.835487765960473,2072,256
8844,3.249179593436724,0.1948827141377694,1931,256
8845,0.07294884826960328,0.2044113884284369,1946,256
8846,0.3212487659297196,0.4101800268143072,2139,256
8847,0.35239773879815983,0.212503974111796,2129,256
8848,1.3734357673388207e-05,0.3010235733684111,2083,256
8849,0.02755763504728689,0.3651434826252164,1931,256
8850,0.01820863477642191,0.6868519168015598,2025,256
8851,1.6858320309167787,0.4669072136936798,1933,256
8852,0.33079590787802554,0.1202550335897394,1990,256
8853,2.57747287038024,0.5336969533421096,2044,256
8854,0.0004434057928239513,0.9266070406174696,2011,256
8855,2.9262536486254866,0.1835630843048775,2151,256
8856,0.018363071527439094,0.4174441364710547,2062,256
8857,0.06277506991111625,0.497409331803061,1963,256
8858,1.4351622841112875e-05,0.1059891082159292,2132,256
8859,0.03916232747108949,0.0943941131095678,1996,256
8860,0.049852736159028056,0.3266057179422199,1972,256
8861,0.5754123661039293,0.0701304740983403,1931,256
8862,5.205438586237611e-07,0.0768387213752493,2040,256
8863,0.07068139125753617,0.515876356198106,2142,256
8864,0.01788912969771169,0.1135022913314819,1949,256
8865,0.0016650835725515224,0.6753587674756496,2064,256
8866,0.8006412838585398,0.0742577436524586,1985,256
8867,0.3313651890209487,0.3166194214886229,1983,256
8868,0.016159976021925693,0.6573428540771912,2094,256
8869,9.408347367471395e-06,0.5451809271280037,1942,256
8870,0.023441865567338967,0.987287333091966,2042,256
8871,1.7350032378114564,0.9674954174932532,2175,256
8872,2.1350624608476574e-05,0.2859397679629386,2166,256
8873,0.5500303285705527,0.4785381117682021,2028,256
8874,1.0642204722584195e-13,0.3384760351756266,2128,256
8875,0.00013435992531357806,0.3557157608339953,2165,256
8876,1.1339086639619023,0.1750488427286479,2085,256
8877,1.4586595539848075,0.0498212891430152,2072,256
8878,0.008236281616242454,0.9921674692259842,2098,256
8879,1.9815782074411437e-06,0.786962157078583,2140,256
8880,8.354273873430272e-06,0.6533372143828705,2134,256
8881,4.296934226385882,0.908117106405239,2053,256
8882,0.5642346121856562,0.585010012660456,2007,256
8883,0.18211827672974962,0.3667502848610717,2014,256
8884,0.00016402479384651373,0.0116363253629452,2150,256
8885,0.20434035083327026,0.2006428749283499,2106,256
8886,0.0001232711693310267,0.808996662763038,2013,256
8887,2.102062597867131,0.1512522622783634,2125,256
8888,0.9780836154184654,0.0090466549693997,2056,256
8889,1.921499524494379,0.3696423775711747,1965,256
8890,0.0006255769228997958,0.9271506865479172,2016,256
8891,0.07089736205586322,0.2666582405924805,2153,256
8892,0.5499433803792593,0.5256440441247481,2175,256
8893,1.5500478592036065e-05,0.0199783417654589,1973,256
8894,2.674235319925067,0.1259854971697183,2124,256
8895,6.655816878151559,0.4194415216363206,2016,256
8896,0.29168779287965246,0.4588079502897421,1938,256
8897,0.08226824760922334,0.3463205464143458,2024,256
8898,0.6783601648014252,0.5162442765501026,1949,256
8899,11.235944185595645,0.1123429598109422,1920,256
8900,0.07154647153637386,0.7482607688199914,2149,256
8901,2.5372379765183264,0.5541352628515437,1964,256
8902,0.001975083639493497,0.691241547810807,2094,256
8903,2.475190125169832,0.6408259023328943,2145,256
8904,9.41244818231005e-05,0.6134187554502378,2093,256
8905,1.4546030144305666,0.3550192686207514,2101,256
8906,0.6536847218487798,0.3937296077478794,2100,256
8907,0.6650982750026697,0.0592868860994931,2127,256
8908,2.353413442366196,0.5521122481698519,2094,256
8909,0.39315676649798575,0.3345511253844149,2115,256
8910,0.868429195196687,0.0861441757647997,1929,256
8911,0.15961783826123338,0.8572709464598918,1936,256
8912,0.6883569694159519,0.5562299205075482,1952,256
8913,3.8478067276366583,0.0109226831786878,2107,256
8914,0.63300318402336,0.923490926241422,1973,256
8915,7.3922928147875915,0.8698947828583945,1939,256
8916,0.08853109635210599,0.2831128416792776,2036,256
8917,0.2087336575509915,0.060083728532624,2082,256
8918,3.3286269599049114,0.2460706013643063,2092,256
8919,0.005596288674389381,0.1763262873272773,2014,256
8920,0.44259634710656204,0.6789181769934325,1963,256
8921,0.8602384193411057,0.0345986049779614,2035,256
8922,0.1268840885176891,0.3413866429603084,2108,256
8923,0.33600958485913807,0.000822641299299,1975,256
8924,0.02142367169345915,0.280273847931782,2040,256
8925,0.0017156177788189239,0.4324329982052121,2029,256
8926,1.7079790737047995,0.5565383702818764,2165,256
8927,3.0209624247479425,0.042888503143372,2101,256
8928,0.11377595990384365,0.0050207425550993,2010,256
8929,6.604505400184176,0.3175418980385383,1938,256
8930,2.7045108883062416e-08,0.0613433933617985,2068,256
8931,0.14517197134790077,0.1102753495209646,2162,256
8932,0.14613486749763177,0.5890973123755454,2098,256
8933,1.026326852530032e-06,0.8855301285052465,1982,256
8934,0.31387290602773543,0.1514045494695665,2050,256
8935,0.02104363635450807,0.1372430550427126,2030,256
8936,0.0024746346407745813,0.7939863445283251,1941,256
8937,0.027137714481644874,0.60883231925237,2009,256
8938,0.06214936010766644,0.6061046604330941,1971,256
8939,0.025269798051959527,0.0689881223746216,1933,256
8940,0.7736649210280163,0.7106264972116927,2017,256
8941,3.7057038922665657,0.4083075106366837,2107,256
8942,0.05039925130832595,0.5932805940596659,2122,256
8943,2.2518278574697814,0.2794883234757056,2142,256
8944,0.5249620830947781,0.484028399028679,2110,256
8945,0.009249353101301908,0.1706692693142545,2076,256
8946,0.03397222726067257,0.9407747187723542,2104,256
8947,0.01435297100666638,0.6466540850112705,2016,256
8948,1.7200590691462514e-05,0.9226067268087058,1926,256
8949,0.11155815842271587,0.2815462025802386,2175,256
8950,0.4954343982118004,0.7843759924005942,2138,256
8951,7.9939233271354695,0.3323042954737319,2128,256
8952,0.0006058356073629433,0.2637644419276217,2153,256
8953,0.0034895166542666294,0.8621940737957604,1958,256
8954,3.212841460531632,0.8886984915474936,2162,256
8955,0.06142368045647755,0.4312756226952349,1967,256
8956,0.0002708988304643206,0.2239647686723767,2108,256
8957,0.1617452552379942,0.7590326571878236,2176,256
8958,0.8315312415545713,0.7506481073394753,1979,256
8959,0.014046040979677753,0.6523817449874583,2139,256
8960,0.04719854987131296,0.3502566487631687,2062,256
8961,0.850130568173509,0.9110788503219762,1921,256
8962,0.029953831757929178,0.6063247167637587,2044,256
8963,0.004714112913579377,0.5508571466462201,2034,256
8964,0.7900506401576496,0.8321199782493923,2175,256
8965,0.22230561271007826,0.3119570084230904,2146,256
8966,0.006040102857468803,0.9978874370234913,2156,256
8967,0.00226124917706195,0.128397338378269,1956,256
8968,0.6569637601931891,0.3081955404293192,1958,256
8969,1.0008570263259295,0.7609801671618295,2151,256
8970,2.504723622719596,0.8253591285900097,2173,256
8971,3.598076052421965,0.8488988066182931,2042,256
8972,0.07620772654224571,0.1479164449113734,1988,256
8973,1.3372978075978887,0.8191345120451886,1952,256
8974,0.00903901887368272,0.2361733027989597,1998,256
8975,3.4779681761004277,0.6717687119090459,1986,256
8976,0.5550190883049223,0.2834861879582162,2029,256
8977,1.2214082116920931e-05,0.226466710403695,2136,256
8978,10.31847262732998,0.7956774245151279,1973,256
8979,1.6309160641109043e-05,0.8631927457243546,2133,256
8980,0.0006946084880137906,0.851712025123554,2020,256
8981,1.537483223749089,0.9399838382132748,1976,256
8982,1.5495335340244123,0.2460472158112494,1955,256
8983,5.009266504228673,0.4265516364182972,1934,256
8984,3.3715966526203187e-05,0.8214450107440943,2131,256
8985,0.07036842020465399,0.0593733252419176,2011,256
8986,0.1009693690478951,0.2215906426884671,2076,256
8987,0.14220639644563973,0.0974433713194479,2135,256
8988,0.6753548504660863,0.8035632368138376,2160,256
8989,0.27688809433005,0.7589942493355488,2040,256
8990,1.567333612477972,0.9032735532225246,2101,256
8991,0.0041877354153396565,0.4050169786994048,2124,256
8992,2.2965859053919395,0.1401393668079713,1925,256
8993,0.00927488255154434,0.6020089134999144,1951,256
8994,1.6936709074024512,0.4681703087507024,2083,256
8995,0.005037867055052517,0.6163651501672565,2121,256
8996,1.456504659530782,0.9570378541606548,2032,256
8997,0.25296274257566775,0.7022974776342993,1952,256
8998,2.3374960535977136,0.9449019257520516,2064,256
8999,0.6087936177084676,0.1547725805748947,2043,256
9000,0.09836248268956696,0.626942363573581,1934,256
9001,0.330963379364344,0.1906889689649622,2063,256
9002,0.03941440873245297,0.8204319959337938,2053,256
9003,0.1183364116214322,0.3158538018441273,2172,256
9004,0.5330269292458623,0.6723640278931976,2093,256
9005,0.33741332803938273,0.687877904670992,1942,256
9006,0.39704039252142415,0.5447050964684212,1968,256
9007,0.26402578551795874,0.75324687890945,1974,256
9008,1.145259415578353,0.8319007733449559,1938,256
9009,0.11755312977637601,0.2980907111757763,1942,256
9010,0.011995650159008586,0.2583687196430605,2145,256
9011,1.4947847763028976,0.5144460476122024,2060,256
9012,2.3945642145921466,0.7502965924611934,2147,256
9013,0.051724042249789076,0.2827359490276411,1979,256
9014,1.025616857029446,0.7707196423527044,2032,256
9015,2.0697153887082598,0.6139224172230591,2055,256
9016,0.007860491938192767,0.1121685230842056,2175,256
9017,1.0596843465366907,0.1762023110711567,2049,256
9018,0.0001434399144532481,0.7978580971868015,2172,256
9019,0.2905461694118041,0.0025553600813776,2149,256
9020,0.004900509071470371,0.8073059647048701,1942,256
9021,0.4930787934279136,0.6035362964288497,2007,256
9022,0.16379195959626772,0.1382787537883318,2016,256
9023,0.0004087163441172807,0.4401985171442244,1944,256
9024,0.09706401648799459,0.265471135081502,2101,256
9025,0.007963581224899253,0.7877817616570566,1963,256
9026,0.00014175656200157374,0.7036778103942675,2103,256
9027,0.016434417241395282,0.402099206009781,2066,256
9028,0.0002109155656175078,0.5812298613528266,1985,256
9029,0.011870770689371235,0.7950531172392225,2077,256
9030,3.51979630808923e-05,0.0290596427843379,1982,256
9031,3.622025908665765,0.0059429203396853,2039,256
9032,0.011193493687858774,0.2305124946713509,2012,256
9033,0.3399976515691269,0.8570495344400091,2139,256
9034,0.005199222393561332,0.5117399702311092,2016,256
9035,3.0056316688606617,0.9399651397647576,1976,256
9036,0.019580592275612683,0.1693572679327499,2028,256
9037,0.6415104683622455,0.8918416703329511,2016,256
9038,0.0628089581161163,0.6171389970200556,2045,256
9039,0.009057679827175423,0.3409111614803786,2095,256
9040,2.8215969703659107,0.6495995818296615,1924,256
9041,0.1534088179259467,0.0785392762462791,1935,256
9042,3.2656172369471625,0.2542984183602522,2037,256
9043,5.594627310184861,0.396796307192801,1977,256
9044,0.12344309103360557,0.0269873731285053,2100,256
9045,0.0025104714358636627,0.38985477482979,2097,256
9046,0.37652464777060807,0.0094698764693451,1935,256
9047,1.5937872955225647,0.0442290871461483,1978,256
9048,0.05404528343875762,0.958973652871627,1939,256
9049,0.34203138521049536,0.3575544139046532,2106,256
9050,0.7392450430174006,0.6008259217943233,2056,256
9051,1.5845552576966941,0.6933538943444726,2155,256
9052,0.17973325480728666,0.0118276413372508,1989,256
9053,2.6927729469231673e-07,0.614567826445771,2076,256
9054,0.03871805860919995,0.2723383882379555,2111,256
9055,0.44033618691000237,0.0957423750645334,2084,256
9056,0.04141630435971901,0.8586361256275483,2001,256
9057,0.00045449031619523107,0.7988906005361293,1920,256
9058,1.7882079438037311e-06,0.3452201790596463,2107,256
9059,3.8026316455595994,0.7425815403694931,2083,256
9060,0.5971934678178148,0.8623110480184353,2151,256
9061,0.05876254055332523,0.3456607548322435,1974,256
9062,0.5694371402068458,0.2194610508167037,1997,256
9063,0.31475213118353923,0.7249873895428198,2107,256
9064,1.7414377189643214e-05,0.1472864403535069,2076,256
9065,0.00912230052876632,0.3212977939704629,1926,256
9066,1.7227602950986998,0.1706180153994876,2077,256
9067,11.151275704015399,0.8537001384406355,1963,256
9068,0.0015849752056515307,0.0474307956955168,2062,256
9069,0.21256793736540117,0.1304293272041539,2071,256
9070,0.1895120643321809,0.9954298736646752,2132,256
9071,0.2821725893561364,0.2341748381610157,1988,256
9072,1.4593974693328615,0.278267958541908,1966,256
9073,0.059319171226375936,0.0521396729026344,2153,256
9074,0.34366614397893563,0.2549688422313648,2111,256
9075,0.06719969575471871,0.3290525815296471,2071,256
9076,4.675074016703271e-05,0.6970923195680703,2032,256
9077,4.175838777197162,0.749962317698742,2086,256
9078,0.002150836517076806,0.8064113206617622,2022,256
9079,0.6930807485067815,0.4032890322087762,2018,256
9080,0.04316589605157896,0.8346604185756972,1971,256
9081,0.05192945401230134,0.3386826550119847,2120,256
9082,0.0028300822284630226,0.5888094670794406,2121,256
9083,3.1248817481546167,0.2525216198320037,1921,256
9084,0.08582640389213922,0.8401125746888051,1949,256
9085,0.001771364847426172,0.0898807084074126,1950,256
9086,7.114683971791867e-09,0.9570893336636828,2049,256
9087,8.205722471937866,0.2660249581170919,1931,256
9088,1.43337318720305,0.0903629591193198,1965,256
9089,0.13411366116733345,0.9774493936667036,2010,256
9090,1.0311582002300845,0.6213175532747919,1948,256
9091,0.028569409433027014,0.5532957019893462,1936,256
9092,0.3700423273085354,0.0116949172686598,1998,256
9093,0.00032781902372476583,0.0389620846416081,1949,256
9094,2.8869561637250025,0.5460531965886436,1982,256
9095,6.195099736968384,0.5181255708685132,1963,256
9096,0.0010674383587758053,0.8249248729399821,2070,256
9097,0.12199491107403188,0.5853949458970079,2001,256
9098,0.024857714224674466,0.863047228480708,1934,256
9099,0.5418718499073277,0.4363257505128788,2057,256
9100,0.02290816002437262,0.0963308074221601,2139,256
9101,1.8364693480435963,0.6298296946583827,2156,256
9102,0.13805224292729176,0.8448522340890229,2120,256
9103,0.0016083485211025276,0.1502488071165605,2013,256
9104,2.3379680525993978,0.1517596736467447,1974,256
9105,0.8775649161628442,0.5298395511889155,2126,256
9106,3.672377085578307,0.6959517669869126,1988,256
9107,1.1782289424935448,0.6646587494752872,2077,256
9108,0.3794060348849889,0.8697561035875807,2126,256
9109,0.008366700500051866,0.7446762944813635,2127,256
9110,0.0059981209837640485,0.7512346455585998,2106,256
9111,0.0068914701646410415,0.1792597367684778,2170,256
9112,0.09519538238293995,0.4049798039631789,2055,256
9113,0.5068532001979908,0.9772013338570176,2054,256
9114,0.0010794014954095903,0.1886188895363509,2128,256
9115,6.639337029209943,0.1722702764288294,2082,256
9116,0.023660817616929796,0.1216157770877888,1928,256
9117,0.0202844918660629,0.1765534544666304,2003,256
9118,0.007890572659690285,0.7193181236364217,1921,256
9119,0.3267392033081369,0.7847601302863192,2122,256
9120,0.018662140163197234,0.6582759212055803,2070,256
9121,0.0006503015713396399,0.1083171142822907,2038,256
9122,0.02919893876849724,0.1903076434649908,1998,256
9123,0.45436617367855603,0.0662182479373876,2048,256
9124,0.026586161670750896,0.2010589352371374,1984,256
9125,0.012932215303880201,0.0941040677880614,1995,256
9126,0.6257362455757534,0.3497904831634397,2020,256
9127,0.6462560638012104,0.4144920796688971,2099,256
9128,0.0006336238727595268,0.4594954149145459,2123,256
9129,7.57861614931827e-09,0.4355945308694909,1980,256
9130,0.06518336103621006,0.8784931344750728,2006,256
9131,2.2631356526361044,0.3350892358916753,2145,256
9132,0.0024897900890964867,0.9303893632670904,1980,256
9133,0.0005577481954925189,0.690043448253834,2051,256
9134,0.02504412839562883,0.50950345658245,2012,256
9135,0.35242582287195706,0.8453179374609087,2066,256
9136,0.8163864828608238,0.7887316519949877,2014,256
9137,0.1582061281747687,0.9497090282063304,1943,256
9138,0.6802791887356139,0.5432962591172965,1963,256
9139,0.48573514929427813,0.4736885134534421,2041,256
9140,0.0017134696887060581,0.2130698996890798,2030,256
9141,3.9358576395776756,0.2466939607333147,1938,256
9142,0.00026652923591022635,0.908713697639871,2047,256
9143,0.00715501512095165,0.9723132893329234,2025,256
9144,1.2276722979739853e-06,0.21001757841346,2003,256
9145,6.6076741138089194e-12,0.6058564612005087,1978,256
9146,0.44005232214724777,0.0165184664711044,2072,256
9147,0.5230729068590747,0.2645401844034013,2005,256
9148,0.008512090489252794,0.8460049046807004,2068,256
9149,0.3621117634699571,0.1033803794861011,1938,256
9150,0.766806081803257,0.113244152147362,1967,256
9151,3.403645605850787e-05,0.1837729924312072,1932,256
9152,0.7329735939369637,0.1882227213491281,2005,256
9153,0.09860372607124604,0.2540598028562585,1927,256
9154,0.1266253558595423,0.3860806349675194,2122,256
9155,0.47298268630856594,0.3600323102472523,2122,256
9156,0.008755539213855435,0.4869513569060644,1971,256
9157,1.1688641301438678,0.2507293039098569,1981,256
9158,0.14132701925798208,0.998808584151008,2073,256
9159,0.0044036463924600165,0.7436672721552336,1939,256
9160,0.5153954427820149,0.6234203257423558,2010,256
9161,0.4119894973350351,0.312222152598821,2149,256
9162,1.2895592058817054,0.2486393197854118,2041,256
9163,1.16962389445871,0.9342588017500008,2000,256
9164,0.0003820996373212213,0.6703666083415801,2064,256
9165,6.202010789981646,0.3650027341701062,2069,256
9166,0.0007859631560167926,0.4988974623496166,2164,256
9167,0.08586969683027215,0.9893689484727136,2170,256
9168,1.1151118614374867e-05,0.4454891460180729,2052,256
9169,0.6796702654035264,0.2104130780467501,1944,256
9170,0.2458704497208264,0.6194172360639946,2048,256
9171,0.3020394678364695,0.3517595977720718,2126,256
9172,1.3967843400746065,0.3058624103042642,2145,256
9173,7.880097545515559e-05,0.5439731051377389,2053,256
9174,2.711493953868909,0.3609580825883296,2009,256
9175,4.75126942853164e-06,0.3097242651444213,1975,256
9176,1.1637345690778482,0.9807946663063392,2081,256
9177,0.007593791440206955,0.6724965554926907,2081,256
9178,0.019229082846762606,0.3608751573602894,1982,256
9179,0.3543053738759284,0.0860536342043586,2088,256
9180,8.859633468859744,0.1155444769605791,2110,256
9181,0.03301343555588432,0.0283086520199061,1958,256
9182,1.301389164992446,0.0661511805393644,2130,256
9183,9.261399959126555,0.6707997883464415,1975,256
9184,2.405136585268235,0.2072490586855881,1950,256
9185,0.00023093128937967574,0.4608155342584153,1978,256
9186,0.41611474129732706,0.074194496852833,2127,256
9187,0.003693878923691018,0.6228435809552406,2079,256
9188,0.0006262151209222977,0.3903809705584999,2069,256
9189,1.711225453827638,0.3013743626586658,2051,256
9190,8.049770211294005,0.125767112341058,2048,256
9191,0.011715382901900379,0.8746316576032334,1968,256
9192,0.529697138786037,0.673069618606423,1938,256
9193,7.066728296140436,0.8509668190212812,2081,256
9194,0.1541615207440432,0.5380411427252273,2047,256
9195,0.0031947354842500964,0.5813306182342071,2169,256
9196,3.089455591080333,0.8087252204165878,2096,256
9197,1.9850321651860974,0.7711640488425175,1955,256
9198,0.10246005440861457,0.2567403339418802,2015,256
9199,1.286443924169709,0.0430234901856375,2065,256
9200,6.643260887989324,0.1028875666519113,1968,256
9201,0.0010234492869426552,0.1933940942514144,1983,256
9202,0.00044911778226613616,0.8595914868985105,2043,256
9203,0.05115312837963722,0.2783491200079261,2013,256
9204,5.226361554807444,0.7192136748933347,1977,256
9205,0.5877965041167496,0.8160411674876388,2149,256
9206,0.7814073102316194,0.8879618297827235,1926,256
9207,3.6163278665585024,0.132632222628125,2130,256
9208,0.0029347360399371485,0.954132254172608,2129,256
9209,1.0430414769703436,0.5553385184378675,2079,256
9210,10.469705745037873,0.3761584638037479,1954,256
9211,0.4016776193270321,0.2208146409447544,2160,256
9212,0.027684576334950212,0.5660994675087146,1943,256
9213,0.7793818942126707,0.0983268031590747,2092,256
9214,0.2773849887100863,0.7057694947606918,1929,256
9215,0.35033770906838413,0.9164358793630129,2048,256
9216,0.019804069168930752,0.3114530789145716,2162,256
9217,1.1483314759090946,0.5293083285531456,2127,256
9218,0.20218267998044176,0.8989121929514435,2110,256
9219,0.5938321281651116,0.3681529601071553,1952,256
9220,0.05562321746011251,0.8208058030213293,2100,256
9221,0.233608612755909,0.5529679878939003,2037,256
9222,1.907534093313866,0.5986158251715629,2172,256
9223,0.6891555932103384,0.4552981079296275,2110,256
9224,2.4393608187569936e-15,0.8344202781925747,2165,256
9225,0.07557419817226385,0.8133084349040544,2019,256
9226,0.027281680527115153,0.7733120995557482,2022,256
9227,0.006195444884921261,0.7981364969829075,2124,256
9228,1.3614826063882791e-05,0.6691289057894214,2105,256
9229,0.0010994267338801514,0.6712391278875811,2069,256
9230,0.0063082664001134865,0.0225617742909651,2092,256
9231,5.2865851955400744,0.5025667722713046,2026,256
9232,0.34132224009220197,0.5659158695551304,2077,256
9233,0.0015777271529438068,0.5375914832126014,2069,256
9234,0.9348035738519661,0.3764473112105008,1960,256
9235,8.306840832509411e-06,0.8938697689332532,2172,256
9236,0.27698790804612927,0.3038207057725898,1949,256
9237,1.0868567875565376,0.273749860416037,2021,256
9238,0.0936755875089791,0.6515191538858203,2048,256
9239,0.008357922637229466,0.3969339456025058,2075,256
9240,0.757633119084807,0.5988955913049407,2096,256
9241,3.257703048636385,0.2862458150373437,2117,256
9242,0.14886089839103422,0.4965792682370905,2118,256
9243,0.0305093383833092,0.1618974858605704,2112,256
9244,0.026246688686174545,0.8933512366392695,2038,256
9245,1.007816611415076,0.6508333467946514,2169,256
9246,0.01754275737823398,0.6492434107750412,2041,256
9247,0.0003405670230344714,0.1604920183403256,2051,256
9248,0.4751984293173305,0.5950463693073964,1926,256
9249,0.3441137804148472,0.8889070935927524,2144,256
9250,0.11292218162077096,0.92532307467737,2043,256
9251,0.0009261482610880043,0.2180928541427597,2075,256
9252,0.565631843330329,0.8106366146054496,1979,256
9253,0.27140900054734013,0.9171652273148576,2108,256
9254,8.122880636428843e-07,0.3849205674778352,1942,256
9255,4.203074262855339e-10,0.2847071337224659,1980,256
9256,4.5822874701300185,0.7666830775836828,2146,256
9257,0.3259313191313245,0.3771692611441124,2124,256
9258,4.918218546447872e-07,0.6902924047282452,2081,256
9259,4.638415042543279,0.5498776659986396,2011,256
9260,0.075025836333162,0.8582917239551774,2055,256
9261,0.10439908023239329,0.5097462529887231,2037,256
9262,0.1723554255278318,0.4167661935634928,2066,256
9263,0.1128595664967941,0.5057103862009245,2037,256
9264,2.1280268703891103,0.1017901987602393,2114,256
9265,0.0713804624342042,0.6052008188530171,2119,256
9266,4.853412870755002e-07,0.975589338084633,1995,256
9267,0.0009327798368914728,0.1884553098266791,1966,256
9268,0.008172309299742945,0.9474795914804024,2174,256
9269,4.192645410284884,0.8503061103207477,2141,256
9270,0.3492583199699803,0.2572579273118988,1941,256
9271,0.10607423238266805,0.1801058665362469,1976,256
9272,0.001677786052064476,0.8909165756635801,2008,256
9273,0.9305875606152841,0.7998495846365243,2121,256
9274,1.7448327876607432,0.9347767152149438,1926,256
9275,0.474985305929194,0.0446231505181314,2055,256
9276,0.06980792940488606,0.4808352073665822,1975,256
9277,0.5259137198734546,0.7996697863599749,1944,256
9278,0.16853031288715994,0.9570950771746428,1962,256
9279,0.19039175677350637,0.1478482468173971,2091,256
9280,0.01859078393416431,0.9327226296595176,2036,256
9281,0.00045434480733051404,0.3291427879280045,2085,256
9282,0.050814027409838626,0.4525007286029735,1967,256
9283,2.7597885708245067,0.1529490336235917,1964,256
9284,0.06294177610361114,0.157312886841532,2033,256
9285,0.7778790972250025,0.8976652595954137,2011,256
9286,0.016894436584440422,0.0199103673601435,2029,256
9287,0.09023005506891196,0.3472216226287969,2088,256
9288,0.524660147811108,0.1396591790361527,2155,256
9289,0.026807186221577097,0.852269348073621,1996,256
9290,5.827308525060441,0.4407392673954095,2116,256
9291,3.144979962478855e-05,0.7385000478555137,2125,256
9292,2.473447480524384,0.9140467725353448,1975,256
9293,0.0012011295883129706,0.1564301647263735,2092,256
9294,1.4906612503834318,0.0209192152404714,2081,256
9295,1.9952680893424455,0.6045479042734149,2161,256
9296,15.093920586716571,0.4629108324485789,1998,256
9297,1.5827643058366236,0.5594153163147288,2084,256
9298,0.002344453307406921,0.2528774802893526,1938,256
9299,3.973784573306471,0.1646021445657411,1963,256
9300,0.002726464022465934,0.319550972227188,2098,256
9301,0.28002823427778895,0.9943837847567506,2020,256
9302,1.9149207540072042,0.9419176364280252,2115,256
9303,0.11913272171470106,0.8094824634728461,1938,256
9304,0.15276932758285197,0.804128908199627,2142,256
9305,0.3520022378428196,0.8253580144659294,2131,256
9306,3.982453086759181,0.2022697155784548,1922,256
9307,0.4631039246584279,0.3973124851400816,2174,256
9308,0.8034275385556083,0.8107197310738166,1977,256
9309,1.8482245964682817,0.58411136758494,2167,256
9310,1.05354551129786,0.3560697675351133,2052,256
9311,0.21625243053061516,0.8385637367236624,2108,256
9312,0.22977673390046724,0.742850536629746,2028,256
9313,0.2786724359137582,0.9407788583262816,1946,256
9314,4.706500169389683e-05,0.7731914216776007,2108,256
9315,0.5850379277079151,0.191052222726288,2028,256
9316,0.042167619475127045,0.5244391446282671,1966,256
9317,0.018649500940247983,0.8076993094578623,1985,256
9318,0.029175402098213135,0.2039626374269817,2092,256
9319,1.5592306347442053,0.2268530057313103,1932,256
9320,0.11606329503710452,0.2214223248903797,1993,256
9321,0.008391704154830872,0.4600353533533997,2015,256
9322,0.00012489321235836584,0.6354820308733489,1921,256
9323,0.07177812306935756,0.1425684114943419,2173,256
9324,0.2060624618783689,0.4404014265175253,1951,256
9325,0.6454554494916533,0.9313577238067432,1999,256
9326,9.551913503248839,0.8454508762543171,1940,256
9327,1.1892329787221905,0.3763003903333778,1930,256
9328,0.1181642429357341,0.5358898444065476,1965,256
9329,0.00668762417630656,0.6600966911392535,2023,256
9330,0.9192296993590108,0.8254182451776304,2032,256
9331,0.8673678481890049,0.0586574950654938,2012,256
9332,0.10198091399636829,0.1110770117050966,1940,256
9333,4.13442887420031,0.7906138316741542,2062,256
9334,1.8676329441906885e-14,0.1110487813895196,1991,256
9335,0.7141564018286,0.8178677645727851,1940,256
9336,0.25145726166992516,0.0464401243611559,1936,256
9337,0.832157506855564,0.5339132388554623,2119,256
9338,0.03265959188164061,0.844089078510044,1987,256
9339,9.293611751405395,0.1042739531426485,1965,256
9340,1.7219336708050483,0.7809329819956164,1958,256
9341,0.05041634512376531,0.8357328930536463,1949,256
9342,0.06380690619134324,0.3930577662089969,2001,256
9343,0.638564773907994,0.2481840536449395,2096,256
9344,0.04933905152222507,0.3035389124558807,2093,256
9345,0.13925031362657164,0.4875246480375537,1972,256
9346,0.0021722353734446114,0.9140685461326672,2150,256
9347,3.332307298615427e-05,0.4518703885967089,2014,256
9348,0.6577049670752326,0.2677871745226965,1941,256
9349,0.021595020570331556,0.4554849027355722,1957,256
9350,0.0054963882394021375,0.0447618005117848,2042,256
9351,0.5814272391233508,0.5539484450248372,2093,256
9352,0.9456087788862957,0.0291007789170807,2124,256
9353,0.743116616464298,0.4763967268443767,1984,256
9354,0.5702095290928572,0.3479099850806824,1954,256
9355,2.880427867280924,0.9552662420728883,2007,256
9356,6.243751327729423e-05,0.0185139899523089,2107,256
9357,0.003535991473943139,0.572971893469314,2002,256
9358,0.6365873138762701,0.8844916006236473,1995,256
9359,3.4571414740231745,0.7801716956941207,1974,256
9360,0.03267750806853824,0.9518069981446704,2147,256
9361,0.20708056384111215,0.1940910026510296,1923,256
9362,2.376437461606396,0.851391750211557,2117,256
9363,0.008316852661677912,0.9107199532365402,2057,256
9364,0.8167844871643475,0.1814326563421183,2102,256
9365,2.074305397084417e-05,0.2247176669894828,2148,256
9366,0.8084178925121491,0.6722399438453691,2063,256
9367,0.10058058420230435,0.5601193144580918,2125,256
9368,0.9651068681841899,0.4015146468135985,2007,256
9369,1.1148837441764372,0.8123458371754725,1949,256
9370,1.9592057749183418,0.1169300041053071,2087,256
9371,0.0029232801939945508,0.6158075243194409,2034,256
9372,5.427181006924017,0.8493249967053353,2065,256
9373,0.10617181212810205,0.5148389035399485,1974,256
9374,0.8382189502640143,0.2882898815602434,2022,256
9375,0.0027854562754833956,0.3102378545169582,2037,256
9376,4.060654231936988,0.41394965467141,1995,256
9377,3.6591052034190894,0.3622195604448764,2105,256
9378,3.6302723078047605,0.1266887180366789,1968,256
9379,1.0448353900150333,0.047960585914977,2050,256
9380,4.087366215569446,0.3783389090929898,2044,256
9381,0.09302887458330514,0.5397275119214933,1957,256
9382,0.8459847422272526,0.7993183794337753,2100,256
9383,0.12850441192923864,0.5056415572280569,2004,256
9384,0.47171384639806135,0.9395147922872792,1939,256
9385,0.0005745175197636643,0.3538162808429813,2006,256
9386,0.12064471645075574,0.0833686843761146,2172,256
9387,2.0259077249790876,0.7208050455559383,2129,256
9388,0.00013205172414486847,0.3281086406483892,1924,256
9389,0.005113204427087913,0.530685352793211,1955,256
9390,1.9990244545981568,0.4278307257485602,2067,256
9391,0.003235700308884401,0.3291720162543027,2041,256
9392,0.10669098255910878,0.051675527521281,1955,256
9393,0.9661260256411244,0.7449130817961943,2051,256
9394,0.0061123888924694975,0.6346104068068439,2044,256
9395,0.006551679473075685,0.5938964680153525,2086,256
9396,0.14873995594580652,0.0357539485813147,2116,256
9397,0.0015067655571947237,0.1390005215082002,1961,256
9398,0.28086405236535306,0.7994758809914274,2176,256
9399,0.2547183914971636,0.868949056374474,2148,256
9400,2.6804273047995536e-05,0.9407607716208852,1944,256
9401,0.0009758718204312591,0.8794786867037055,1974,256
9402,0.10754449791287718,0.4473456737553373,2018,256
9403,0.30970650174803,0.7677287007812946,1975,256
9404,0.07166525986073188,0.5657565604079239,2050,256
9405,0.055837910760309105,0.2993641623712701,2109,256
9406,0.014226729950589753,0.339958045932424,2139,256
9407,0.00043243261276514175,0.860715180477753,2093,256
9408,1.3086519054192411,0.3322667915805529,2032,256
9409,1.2256600512074296,0.1884707992624251,2108,256
9410,1.296653934390939e-06,0.541467463787254,2100,256
9411,9.732353559408216,0.3528917546828839,2078,256
9412,0.12724824269267226,0.1262786073913302,1981,256
9413,0.1980178137288531,0.2401053485613496,1934,256
9414,0.0021809888974348695,0.0723330931819695,2059,256
9415,0.0019980285863379064,0.2737967269469002,2005,256
9416,0.049184169331920734,0.3006655162244717,2164,256
9417,0.006297959969728131,0.2393085633669107,2157,256
9418,0.001343818981859019,0.7468094164724449,2084,256
9419,9.23405710671275e-05,0.2841404301502173,2145,256
9420,0.18185139046377807,0.3248438766822866,2065,256
9421,18.557314636916576,0.6371081892891305,2028,256
9422,2.2533405778205986,0.2840655263952849,1970,256
9423,2.993419452181723,0.798925539681681,2121,256
9424,1.910017548790683,0.5347769254952244,1965,256
9425,0.00452769636445911,0.2764521187421809,1999,256
9426,0.024050956190552426,0.3078416155174288,2093,256
9427,0.18753405943843784,0.7771743831244569,2147,256
9428,0.014085526599018242,0.737170456019342,2151,256
9429,1.7379456915365742e-09,0.6903563780008762,2015,256
9430,2.1514163008683598,0.6391600183749774,2048,256
9431,5.804364279494624,0.2010856717384587,2155,256
9432,5.384521116095163e-05,0.6144061036693177,2082,256
9433,0.15530339334987023,0.1380407775607608,2057,256
9434,0.7973892497643575,0.6170498612225251,1982,256
9435,0.7534570087223122,0.7178972833429925,1930,256
9436,0.029218406934963043,0.7592829349169609,1934,256
9437,11.025129802803518,0.023621568274916,2019,256
9438,0.2943887991544842,0.4330374669174168,1974,256
9439,0.16387813664723658,0.2247971909973996,1942,256
9440,0.5799356079584765,0.7398729810301343,2060,256
9441,0.04034562716551188,0.7133273094132513,1929,256
9442,0.0005573479155967669,0.7413056854471249,2063,256
9443,0.06640986202017987,0.9647684419275456,1992,256
9444,2.6536879451169777e-06,0.631707047847735,1985,256
9445,0.10954537210412571,0.7965131441311906,2112,256
9446,0.09996060333961822,0.7619431998752813,2176,256
9447,5.687791467214319e-08,0.7808019344182312,2013,256
9448,0.027888139030732405,0.0507581961631926,2080,256
9449,3.3593264766781927,0.9682850308298848,2066,256
9450,1.5887692405114044,0.2450799913739186,2109,256
9451,0.032135630377114234,0.6557885593210695,2093,256
9452,0.0006024763123002387,0.6241910062406247,2003,256
9453,0.09324058718190582,0.5242313534012495,1923,256
9454,2.2737537558781893e-09,0.9850097440862028,1991,256
9455,0.4068252335630796,0.2976877224876143,1950,256
9456,1.7762197973515047e-06,0.6173612798162257,2080,256
9457,0.00042031961607234494,0.6309963874526444,2013,256
9458,0.00022740005388471375,0.9709341713551632,1948,256
9459,0.30638064904766454,0.2769737435635442,1928,256
9460,0.00037674104674582915,0.2538925527313261,1938,256
9461,0.8972759130908087,0.1121209808274817,2171,256
9462,0.004276119932778626,0.3613516527852957,2121,256
9463,1.062722556046084e-12,0.5815166799414601,2026,256
9464,0.2703119354028618,0.4602667247913307,2009,256
9465,0.0331430117706267,0.8401445464007503,2032,256
9466,3.5209505382885973,0.3391800989259983,2079,256
9467,0.017715843842721533,0.1639307993721165,2151,256
9468,0.015081563289021641,0.6267576107156227,2153,256
9469,0.06565096321935397,0.9922463752244598,1921,256
9470,2.088747891251389,0.4146801270509294,2120,256
9471,4.051080430235143,0.248607148541044,1924,256
9472,2.1689834514300568,0.306249681820691,1958,256
9473,0.022464344379069415,0.3552555069847921,1999,256
9474,0.7019685083377063,0.0313178992964687,2137,256
9475,7.564199136596369,0.0854436866973853,2170,256
9476,0.450984487759022,0.1864168280453154,2138,256
9477,0.012135941934974335,0.0491941148260839,2118,256
9478,0.3427470921604126,0.6290402584754632,1935,256
9479,0.06502078804892988,0.2523658429982164,2035,256
9480,0.1574657470468838,0.1266317885387586,2010,256
9481,1.4917983453255954,0.4364748600186413,2147,256
9482,1.1477209251356022,0.4706225590166371,2032,256
9483,0.05885408009640065,0.0408448544854556,1959,256
9484,0.2708775140058068,0.9810350102096526,2128,256
9485,0.19269861819256814,0.8678621262643428,2092,256
9486,0.004394977438861377,0.2372069744747855,2032,256
9487,6.442574318596257e-05,0.4457002233961803,1964,256
9488,0.012072708657514333,0.2220672217679227,1969,256
9489,0.9446699185723927,0.1389407587357667,1959,256
9490,2.899645555121727,0.3461568397295594,2163,256
9491,0.5797937511798238,0.8013766126153369,1930,256
9492,0.537092932861151,0.7254623660760281,2017,256
9493,0.8377641214672733,0.0615367181429308,2035,256
9494,0.1760125553475144,0.7637877814562168,2093,256
9495,5.587527093170344e-06,0.1083267492598949,2069,256
9496,2.3884877114710474,0.5044589123720815,2139,256
9497,3.722124572999567,0.6070528506904891,2172,256
9498,0.000954722922588602,0.2552952360204354,2017,256
9499,4.513879381386201,0.2865649453664219,1920,256
9500,0.25690710502026637,0.9421016255128234,2019,256
9501,8.315191974966781e-08,0.9750764492906074,1942,256
9502,7.37110039615976e-05,0.4915403337971752,1971,256
9503,0.7544838450945927,0.7299393766552907,1966,256
9504,1.4860386030370676,0.7972803111400509,1980,256
9505,0.8444638906448693,0.6033843883184642,2115,256
9506,1.9802742229226595,0.8514787992507975,2046,256
9507,1.3290724012880075,0.4135790088543345,2002,256
9508,1.2697349398200206,0.0374152187636595,1955,256
9509,0.36355644722970626,0.3546161171646046,1949,256
9510,5.8970671371642194e-08,0.008583903107601,2138,256
9511,0.04783950840519462,0.9437091354265036,2115,256
9512,0.2775833633492713,0.9602590792060712,2047,256
9513,0.028291476900577477,0.80025762835772,2077,256
9514,0.843153528134725,0.3092632388160442,2160,256
9515,2.0094911574949994,0.8717189933333016,2086,256
9516,4.367639428245195,0.5559849340183307,1967,256
9517,0.02132966629732101,0.9364998165454548,2144,256
9518,1.447581714192784,0.5354869504363128,2106,256
9519,0.5459146458439093,0.4679081138456661,2170,256
9520,3.5849406797447385e-06,0.1215932151663894,2004,256
9521,0.003041210396187885,0.3739906766608205,1927,256
9522,0.028662358134789873,0.7162103034615095,2040,256
9523,0.4479954846184202,0.6518760435832792,2172,256
9524,3.178347565863585,0.2930278478620289,2126,256
9525,0.05868765371212241,0.3871909393693739,2095,256
9526,1.4730473057399418,0.6981190852260036,1988,256
9527,1.7021546898866463e-05,0.6266279838541073,2118,256
9528,0.00037806480585230806,0.7893614819028616,2007,256
9529,0.41808366590535745,0.6579403748340106,1974,256
9530,0.12255250165699882,0.2188271921698752,1981,256
9531,1.8579572884784745,0.7589178336280475,2003,256
9532,2.0192991963086966,0.2120082380011291,2111,256
9533,0.3131614467482038,0.6005837636591074,2148,256
9534,0.7299940693990814,0.4190980865017774,2019,256
9535,2.1042386432435874e-06,0.0699189357281427,1926,256
9536,0.8963865075089301,0.7209790588782238,2082,256
9537,0.019606953244823658,0.5098805611769636,2167,256
9538,0.00032142289073917743,0.682011245692053,1925,256
9539,0.41563589253632377,0.1442258662928204,1949,256
9540,0.00797922155971751,0.0498666512936624,2102,256
9541,0.43287411856462693,0.385224778069238,1944,256
9542,1.207243911572758,0.3250171228961483,2055,256
9543,0.4527272159068296,0.9989542380553454,2119,256
9544,1.2012392147249813,0.1492862814298742,2176,256
9545,0.039068167486577425,0.6615017134387744,1931,256
9546,0.9827310486138184,0.9416886785307648,1955,256
9547,0.13115764958728346,0.58150167438886,2062,256
9548,7.991853912830592,0.6007481755099059,1926,256
9549,0.7899963064569732,0.4027018980902771,2128,256
9550,1.2382148416437229,0.6754863269308111,1932,256
9551,1.0937197223867994,0.1893744236711582,1957,256
9552,0.3488319984375875,0.0929910419324155,2112,256
9553,0.05795392562201451,0.4842704866698392,2078,256
9554,0.4958874940227189,0.3997347759773911,1943,256
9555,6.029057907917144,0.1383588802997991,2016,256
9556,0.012753414560335664,0.0748672866427485,2100,256
9557,6.7752829571001034e-09,0.944046763426628,2123,256
9558,0.0093653120668522,0.12212647180092,1923,256
9559,0.005093458607871683,0.9321933240493502,2124,256
9560,0.10012848522244967,0.4820860366332475,2039,256
9561,2.0517468784311554,0.2511750176588618,1998,256
9562,1.642680767757854,0.6705975097475733,1944,256
9563,1.0019257185560735,0.2311715119082805,2033,256
9564,2.75084049237956,0.8904410928204316,2144,256
9565,0.04371305839373237,0.5820984087988429,1966,256
9566,0.4759266885686775,0.026589265215457,1938,256
9567,11.14280677927072,0.1294370501043393,2082,256
9568,0.00197862773476769,0.9070863060815232,2102,256
9569,9.398530680646788,0.0476834409854343,2126,256
9570,0.11817107799814763,0.480257912682807,1970,256
9571,2.3243387098933663,0.5175389540825803,2052,256
9572,0.04399242593620753,0.1625583928741438,2115,256
9573,11.698380567764392,0.1388756617636117,2069,256
9574,0.41833458303437493,0.7417583768586128,2057,256
9575,0.0007880193027037258,0.1232779375272017,2135,256
9576,0.08561281892263187,0.2391951026705402,1964,256
9577,0.89699032027912,0.3774102315122526,2109,256
9578,0.0004311972902522844,0.0331154900053823,2055,256
9579,0.05783828034812731,0.95842071677202,1971,256
9580,0.0006086765826767115,0.1875432382605305,2029,256
9581,0.0025932646816866404,0.6530781167002676,1940,256
9582,0.06493109350435802,0.3575648662090346,2039,256
9583,0.20057236186442462,0.7903595940468627,2176,256
9584,0.0032723889763410434,0.9472231827261596,1962,256
9585,0.08577862099162824,0.9590689936423936,2112,256
9586,6.465734088560913e-05,0.0841620865047949,1927,256
9587,0.013103881309204885,0.0703969355341038,2085,256
9588,0.3004683408080173,0.9684456107732586,1994,256
9589,0.22431240971783545,0.2970135393936426,1983,256
9590,0.013896654610484714,0.7741313520917745,2174,256
9591,0.06420450282708443,0.7135616181385317,2141,256
9592,11.432801053820125,0.0617199645228671,2176,256
9593,0.027631622264142126,0.142508338312555,2013,256
9594,1.223864746916017,0.6122664600796676,2069,256
9595,0.002732112396952614,0.1151768745113931,2154,256
9596,0.11012524482041168,0.986221511028455,2116,256
9597,0.8014986568736466,0.1741113220592262,2162,256
9598,0.5196248532912402,0.9486713245774264,2116,256
9599,0.4992079352846146,0.3083602454499563,1944,256
9600,1.5805393056334265,0.6163371014971317,1950,256
9601,3.3256846773153544e-08,0.7701938479149533,2008,256
9602,0.10282037386558249,0.306776698412281,2158,256
9603,0.0004362371990583824,0.4071061169256644,2117,256
9604,6.6328643491742785e-06,0.7249014507777691,1931,256
9605,7.486021365018008e-05,0.6638412709201612,2134,256
9606,0.010138927826113088,0.4689751458915867,2061,256
9607,1.1012554831384813,0.3305083001306784,1997,256
9608,0.0049338311485714595,0.1839996433853779,1974,256
9609,2.1770360682783574,0.3323091898042277,2031,256
9610,3.221287752251413,0.8302525004186538,2157,256
9611,0.003921078505200687,0.0820159495543364,2096,256
9612,0.5382683231836229,0.1813107611687708,2060,256
9613,2.919495158859531,0.0221473153242635,2114,256
9614,0.043766567694913334,0.6106069924411027,1988,256
9615,5.767606157206086e-06,0.1363933225902827,2049,256
9616,0.0022345036666073692,0.8695416726087891,1920,256
9617,0.017519017080766697,0.8564911203010612,1970,256
9618,0.00899773413871373,0.4949713309148187,1944,256
9619,0.03799639026588872,0.982140866565855,2047,256
9620,0.9583113563796994,0.7900958821478251,1988,256
9621,1.7048726525243327,0.7287472406983251,1960,256
9622,0.00011429377614556017,0.3216157738682335,2078,256
9623,0.014986917124985172,0.6025579297669899,1960,256
9624,0.010948659342608781,0.9825770580780234,1962,256
9625,0.380439701121653,0.0594260573239036,2030,256
9626,0.04526719154688814,0.9270023253252156,2074,256
9627,0.4670487244401939,0.3742477189043566,1928,256
9628,8.761702888785802,0.6387633548575203,2047,256
9629,2.668720256521862e-06,0.2872017360595095,2139,256
9630,0.02137567388498335,0.7789196236615582,2052,256
9631,0.00025597646974573595,0.6225783066225624,2024,256
9632,0.028447198981988855,0.7744015177985942,2022,256
9633,0.0769033699319101,0.7547591799959813,2050,256
9634,0.11620081997233137,0.0512448940483415,1982,256
9635,0.003019739535161356,0.5227315298914168,2094,256
9636,4.549170082096135,0.4942527441258364,2041,256
9637,0.10534188634580613,0.1140112555290712,1930,256
9638,0.0028259250294605087,0.2907247171842408,2108,256
9639,0.05241153715439852,0.7555111140941929,1979,256
9640,1.1582497907502726e-08,0.8973898641208276,1977,256
9641,2.2713342118282127,0.5641260711065023,2005,256
9642,6.247294701714914,0.2142330172164637,2036,256
9643,1.1567958786240773,0.3113465126303003,1983,256
9644,0.007420923772570115,0.4136759364966913,2070,256
9645,4.439533759725276,0.0147684900248786,1925,256
9646,1.3000678300825435,0.0362511623267669,2103,256
9647,0.33536322124018275,0.2416735328234708,2102,256
9648,0.022848544700442286,0.1737899299916739,2069,256
9649,0.0039058150962002075,0.1118643427643687,2015,256
9650,0.014046770736235135,0.1926229242136777,2056,256
9651,0.2970841520749328,0.7890838382993789,2170,256
9652,6.670333164995095,0.6084078068392342,2167,256
9653,0.7657141703765877,0.0727374471328808,2042,256
9654,3.507939871574655,0.4743689293569242,2013,256
9655,2.1080895340747614,0.652309312876998,2077,256
9656,0.8626610278274308,0.5876557016864072,2068,256
9657,0.7067440560100391,0.0841636222316611,1940,256
9658,1.4686593264959493,0.1870897771572119,1952,256
9659,0.0037163945293029878,0.8807520752062459,1955,256
9660,0.3603871786034956,0.0981410636867354,1934,256
9661,8.222061702750311,0.4475698278769737,1960,256
9662,0.15720265326608907,0.7374299181851962,2026,256
9663,3.557000688957655,0.0869107237190277,2163,256
9664,4.649274517057191,0.5083982720535973,2155,256
9665,0.2730390764501809,0.916411193051632,2141,256
9666,0.5917666880401742,0.7890839587240696,2015,256
9667,0.13580021955970858,0.3518406796046341,1964,256
9668,3.0988810042795176,0.9299187981569372,1958,256
9669,1.7474710536432672,0.6405769745472701,1968,256
9670,0.17800326731812924,0.8020733962956147,2002,256
9671,0.20993603135095193,0.0374227975210721,2117,256
9672,0.6425866745438457,0.3041336957175331,2035,256
9673,0.11039181664085446,0.1246330844840722,2072,256
9674,6.567268661332139,0.02911529569858,1999,256
9675,6.6245381713947e-05,0.7125084862365539,1987,256
9676,0.001528364503827628,0.7693723884175215,2152,256
9677,0.0771887677698026,0.9637445145193352,2069,256
9678,0.0015209486289543249,0.7359993591083706,2060,256
9679,2.5664659112827226,0.7454173810516996,1967,256
9680,0.0037428614515515905,0.5545724604561715,2107,256
9681,0.0001734347561239854,0.59440610516902,1951,256
9682,1.3705164874150821,0.9761055603025716,1995,256
9683,0.034296743926038084,0.4728318736426129,2124,256
9684,0.16322388884424155,0.4137044060945154,2120,256
9685,0.25090460057248937,0.563766550784602,2056,256
9686,0.1866693453090762,0.57882663860102,1924,256
9687,0.04165491960215636,0.1445679879085374,2056,256
9688,1.940435117483078,0.5288156561788695,2024,256
9689,0.0025198125729534266,0.0758147917758789,2141,256
9690,2.961135189622839,0.717387461142246,2046,256
9691,0.26718796539458556,0.3777473145360454,1953,256
9692,0.7694984245584718,0.2885811487459137,1997,256
9693,0.06543286836817418,0.1394405339822733,2134,256
9694,0.003554273559277952,0.3225076548730046,1978,256
9695,0.5017064045801694,0.1773456407848124,1932,256
9696,0.09768893252982225,0.7301903781247839,2123,256
9697,0.16705678193928777,0.7146501703387521,2091,256
9698,0.008834034918079534,0.3964215776138166,1954,256
9699,0.58209567394201,0.3808852330058372,2077,256
9700,0.883526238201419,0.6452956573163507,2123,256
9701,0.047509684739102005,0.9008109313650464,2169,256
9702,4.851491067657752,0.9098346152590632,2044,256
9703,0.43450130633326245,0.8615933917548596,2122,256
9704,1.6594553131311154,0.8594236715955245,2101,256
9705,0.081680617844106,0.5873528732053316,1981,256
9706,0.09382967726993051,0.6198266130029515,2067,256
9707,0.0004896188614823502,0.4041505626124559,2141,256
9708,0.7427096377165973,0.3362502299397483,2080,256
9709,0.4035004995297345,0.8307579348229002,2175,256
9710,2.02107819527384,0.3076077018306202,2075,256
9711,0.3194491377285852,0.3832134400865561,2094,256
9712,0.03719908553585422,0.0800762629622948,2002,256
9713,0.17947630355779995,0.0216511465534049,2080,256
9714,2.8430343542533683,0.8774709117333557,1987,256
9715,4.354369599056939e-05,0.7895754842107076,1989,256
9716,2.360070136238223e-05,0.2193363282257278,2145,256
9717,1.5027242239880826e-05,0.0103432944151194,2011,256
9718,1.6591100001718355,0.0295579249186337,1930,256
9719,0.027659666225987405,0.6741001862304414,2123,256
9720,0.0009427963490173389,0.695591526988686,2062,256
9721,2.409916255869701,0.9345522555288904,2133,256
9722,4.236569327225853,0.1533544329796707,2077,256
9723,0.029867508459684326,0.472492742290739,1933,256
9724,0.006981744017409126,0.2554384548538999,2038,256
9725,0.21475586657122864,0.3272885024121724,2131,256
9726,3.2765458581445955e-08,0.827787668977853,2105,256
9727,0.005563719481373939,0.6491637357468512,1987,256
9728,0.03765895709310404,0.343880918742339,2081,256
9729,1.2745044491521393,0.2565653691527608,2027,256
9730,0.03391691935226801,0.2231251798291449,2152,256
9731,2.952093517623483,0.4760773682011062,1934,256
9732,0.005204705295716212,0.4950690827460311,2038,256
9733,0.9018558891658562,0.8244668265887288,1929,256
9734,0.7674016834398517,0.2142296731642898,2150,256
9735,0.25912033245783506,0.3613663545497801,2159,256
9736,9.301540057687125e-06,0.1802712458735464,1989,256
9737,1.8608961561775534,0.0366078524530794,1926,256
9738,1.435134438268203,0.8958872476531861,2165,256
9739,1.1242071486369971,0.047916701097827,1957,256
9740,0.00041054286384048955,0.4109517165263041,1921,256
9741,0.16655109572589138,0.8748424955934175,1986,256
9742,0.24625728715125136,0.8673820289907173,2144,256
9743,0.7508977272419569,0.2730172644959732,2149,256
9744,0.6050603433285842,0.3428362830985135,2086,256
9745,3.5965382743310995e-05,0.303076099915493,2151,256
9746,0.03759966795328012,0.8292808286982337,2008,256
9747,2.48610466130102,0.6078178172919901,2155,256
9748,3.002723301455155e-05,0.4390348904538768,1931,256
9749,0.041249816627391356,0.8087946023013239,2167,256
9750,0.012501699106622202,0.9602388725872112,2163,256
9751,0.32482767469912427,0.3736622312450198,2118,256
9752,0.07614188773791748,0.826497066298378,2064,256
9753,0.004956304942797431,0.2373645426942452,1947,256
9754,0.04489940215501282,0.8106953133033025,2122,256
9755,4.024703819715748,0.6596680516098764,2169,256
9756,1.6650055717323997,0.9909539141191724,2148,256
9757,2.0533078437247706e-07,0.779534378059973,1923,256
9758,6.17361451309854e-07,0.2012771576696959,2100,256
9759,0.04647302670085664,0.6899000522712601,2151,256
9760,0.16639551299324004,0.986435882848877,1997,256
9761,0.017973100733299538,0.0759394978225899,1926,256
9762,0.4338611135280624,0.1728235588283859,2001,256
9763,4.124629452928071,0.3405993942699356,2047,256
9764,10.678076351117198,0.0686152331149685,1958,256
9765,0.5071926390202256,0.036964278425148,2086,256
9766,9.144249533986696e-06,0.7530043802460433,2157,256
9767,1.8156170697983763e-05,0.2265383073950845,2003,256
9768,1.1178953102890856,0.8880054229395921,2062,256
9769,0.005049624492792634,0.6302291066246943,2026,256
9770,0.9674889172246535,0.8763809957691275,2005,256
9771,1.480983686964511,0.9649708184031178,2173,256
9772,1.0145263280835153,0.8207667518429339,2024,256
9773,1.6795910287481457,0.3096493174572451,1930,256
9774,0.2426103364700748,0.0312954828643049,1924,256
9775,0.03403985466617402,0.9534472588222644,2073,256
9776,0.15584170021385182,0.109373146805011,1941,256
9777,0.14868453206189175,0.6905855029352499,2086,256
9778,5.5041133390101935,0.5112983244124182,1963,256
9779,0.037225812383987485,0.8390242802953307,2014,256
9780,9.003595694206847,0.9989480227164688,2027,256
9781,0.20000442305561875,0.1742571159250158,2088,256
9782,0.06013358998876603,0.8822863964028,2162,256
9783,0.0008243842855114663,0.5398064769261415,2015,256
9784,0.15163444799971848,0.3392559239205761,1946,256
9785,0.0003774971598351703,0.606573104107218,1931,256
9786,6.64764399689427e-10,0.7279389249319089,2163,256
9787,0.0007379208474036906,0.7355713029745323,2138,256
9788,6.277449731190279e-08,0.5333714912552354,2046,256
9789,0.3996207942544896,0.0094230124600241,2019,256
9790,0.7427223224786621,0.1225651139760788,2032,256
9791,1.9881031138636533,0.8967617180424177,1971,256
9792,0.04182206288017126,0.34985010308261,2158,256
9793,0.2711595031572593,0.371732571943843,1977,256
9794,1.45288126833593,0.1514236907264305,2161,256
9795,0.0009239696997996732,0.3035157122890869,2123,256
9796,1.9513042523156638,0.723714339966025,1998,256
9797,0.14850102382371902,0.190966814347845,1987,256
9798,0.0009296171344835274,0.8997871293641254,2115,256
9799,0.06142523355201595,0.4697746590775589,2163,256
9800,1.1864078264734101,0.0421872145179482,2172,256
9801,0.0004965707398894987,0.5648307358843285,2097,256
9802,0.08562485080631725,0.9048952642722148,2120,256
9803,1.803393721151655,0.293111945736095,2110,256
9804,1.011638780280045,0.9634826328942784,2104,256
9805,0.0188292323834538,0.5875376567386077,2006,256
9806,0.0008465760484695495,0.751293956062535,2106,256
9807,0.00516413878432097,0.340577696081572,2003,256
9808,1.3486080384279344,0.0531808680425616,2036,256
9809,0.015145330200076086,0.6686755666379046,1991,256
9810,0.01284415469736721,0.866045514407596,2082,256
9811,4.963843560870645,0.6146295058381915,1947,256
9812,1.3258383958206441,0.9093338856030146,2005,256
9813,0.1880723353592018,0.7856673066324488,2020,256
9814,0.5874763397110309,0.65815961535931,1961,256
9815,0.19285941843675308,0.732751806266769,1967,256
9816,0.48612200557443497,0.4104596350105831,2002,256
9817,0.45820970385910814,0.8394449527857168,2167,256
9818,0.14492359220473236,0.7177229877892682,2026,256
9819,0.0009874978382895196,0.1204153011034618,1951,256
9820,0.0006424701410271529,0.407912043383366,2119,256
9821,1.102970367365233,0.2012828078057583,2117,256
9822,0.052705663410702056,0.5314236131198111,2169,256
9823,0.6150349663314808,0.2890462506572299,2046,256
9824,2.137778888932395e-06,0.9529599852423996,2094,256
9825,0.7411234022605464,0.5599514129688558,2122,256
9826,3.695441041209082,0.5152314832043571,2103,256
9827,0.23798241898747466,0.2464059435001321,2055,256
9828,0.22110800921142276,0.0767224443650748,2117,256
9829,3.194789920103146,0.3105661120763653,2109,256
9830,1.3285376311377946,0.1960022535330299,1923,256
9831,3.7418384677271015,0.0847372306921088,1988,256
9832,0.2596148791770614,0.4804350280456786,1931,256
9833,0.33109178523955024,0.3007975610873967,1972,256
9834,0.00020217693124866166,0.9444330300499704,1941,256
9835,0.0006518529901332305,0.110455979275545,2010,256
9836,0.18421167718107623,0.3941065301856755,1936,256
9837,0.035773626238277026,0.3283369047475702,2047,256
9838,0.00010419867330608368,0.7608860769258823,2001,256
9839,0.7258346240456175,0.0121831130346922,1970,256
9840,7.927822890337325e-08,0.7089410934854112,2115,256
9841,0.3329478863958206,0.7445200898015888,1937,256
9842,0.4411493136969039,0.501005474047917,2165,256
9843,0.15898403897814226,0.176948876591482,2118,256
9844,1.7177123408460603e-09,0.2188807394647577,1938,256
9845,0.018736126279109172,0.2471285622912228,2144,256
9846,0.002401278017268179,0.7741807670309035,1938,256
9847,4.724800519675144e-06,0.0313143756633444,2168,256
9848,0.031732465199360065,0.3819960313622096,2022,256
9849,1.3905274375883527,0.2462864588888422,2053,256
9850,0.01881500510557851,0.4733245878984355,2030,256
9851,6.456017140973155,0.7718638054019694,1955,256
9852,0.6284562621393865,0.3042846761643376,2148,256
9853,0.02555025039063782,0.7403842778526265,1959,256
9854,6.497170197950256,0.7439582171772702,2092,256
9855,0.6650799326836179,0.6587672158260519,1984,256
9856,0.12995743889278638,0.912661333880438,1955,256
9857,0.057229252526494453,0.2795131114777919,2027,256
9858,0.5447667241006746,0.9264393019098724,2085,256
9859,0.00045213235508013543,0.8474162250242463,2117,256
9860,0.02211392949353863,0.7139673297641653,2049,256
9861,5.82533616305314,0.0111414856016131,2029,256
9862,0.4644510691360002,0.7809260535087837,1939,256
9863,0.024990899085070455,0.7525021809999346,2133,256
9864,0.06161979105528001,0.7604755173109712,2042,256
9865,0.008853573431554006,0.4645746246939195,2162,256
9866,0.004973413903896061,0.4789689324804266,1977,256
9867,1.1141472744372625,0.3603950717594386,1928,256
9868,0.4072176405487822,0.2446405341098306,2131,256
9869,2.5106722463111844,0.5266303238548256,2001,256
9870,0.008847615403900328,0.1329682621938126,2059,256
9871,0.2328118073492033,0.4223380103000898,2048,256
9872,0.0008839573460505731,0.5743044058903667,2115,256
9873,0.6885779812596741,0.4254386137392238,1987,256
9874,0.06605245243905677,0.022164431225404,2119,256
9875,1.6955677123327817,0.9910375621244104,2071,256
9876,7.264181557528181e-05,0.0734422850982845,1972,256
9877,0.0031693637314962027,0.5020718609728343,2170,256
9878,0.05847418784325878,0.1659652671033591,2051,256
9879,0.035862629845354786,0.5963617511979717,2089,256
9880,4.164205741911482,0.2732210875101443,2095,256
9881,0.0035822738304761366,0.8988630996120434,2136,256
9882,0.4323389091601238,0.5796183298543487,2024,256
9883,0.002407929173517332,0.7898398554187217,2059,256
9884,0.002280877006719802,0.3598381506702053,2054,256
9885,0.5293000597184931,0.6738630301551618,2150,256
9886,1.0414094389562536e-06,0.5609073136578362,2057,256
9887,2.856393420078686,0.835875735153393,2086,256
9888,0.03306863615161943,0.4856621283948207,2132,256
9889,7.431885225765796e-07,0.8734694415390499,1970,256
9890,1.529903192535795,0.1843084566657539,1955,256
9891,9.390261456869581,0.6533776009267928,1946,256
9892,0.35238030700483497,0.7905757309748431,1998,256
9893,0.11348964676038828,0.8055798033998062,2130,256
9894,0.3527184458632616,0.6682203598176041,1974,256
9895,0.3061073979234349,0.279533654372348,1999,256
9896,0.0004888627756877563,0.5645792131943446,2014,256
9897,4.6550362479582435e-05,0.2878502512093469,2131,256
9898,0.14788900555577333,0.7535761194373317,1994,256
9899,1.987426367218098,0.5460337609054274,2128,256
9900,0.0266442589976985,0.7852311123586655,2139,256
9901,0.7170662722219615,0.0867823010550743,2111,256
9902,0.04095032823134255,0.4427661221021013,2004,256
9903,0.0003473477040373967,0.183536208281326,2031,256
9904,0.49798642744308985,0.1966492263388183,1954,256
9905,0.003041194794167592,0.2921117753461267,2175,256
9906,2.6271191092898025,0.6256409890933983,1972,256
9907,5.155026012829497,0.783333795973812,2140,256
9908,3.0544369145399037,0.1769094399025491,1924,256
9909,2.6569148825460656e-12,0.8748957280305676,1962,256
9910,0.0612474047913058,0.6433052988567295,2141,256
9911,0.5931695631140977,0.7093273359727115,1969,256
9912,0.22216965365546884,0.2758200287145402,1941,256
9913,4.084855944258321,0.3698459274764969,2166,256
9914,0.0060271551495020914,0.7850864410601794,2122,256
9915,0.011685116873599757,0.8530151169429201,2139,256
9916,0.17573978485517117,0.167557047512875,2047,256
9917,9.36827714435332,0.5303946248219352,2041,256
9918,0.05239994419577581,0.699578344676127,2104,256
9919,0.00018577761360331901,0.1050834201898851,2157,256
9920,11.650238828120017,0.9648500434491614,2044,256
9921,0.008032652252712944,0.0171698690064663,2046,256
9922,0.1077812614239081,0.5992879254529615,2109,256
9923,0.015027619839468877,0.5208833879793509,2086,256
9924,4.85608571458662,0.5168463729873554,1966,256
9925,2.1662358728464715,0.7613121595009424,1930,256
9926,9.473597860907798e-05,0.8197276197619883,2126,256
9927,0.0365084012913009,0.841498167741805,1973,256
9928,1.1677332859350844,0.6501647392344605,2027,256
9929,1.776396332686802,0.7985340521538212,1927,256
9930,3.3521310432151257,0.0008414519545498,1942,256
9931,2.1104585415805204,0.2451519547310755,2041,256
9932,1.0764795360571286,0.7934658713534035,2040,256
9933,1.794637869184481,0.1713986585774911,2140,256
9934,0.01345046149317795,0.1163195619070751,2117,256
9935,0.001908531498377219,0.1351861766185151,2106,256
9936,0.3532253945884465,0.4600889967680747,2025,256
9937,7.667552191932522e-05,0.3776462837125973,1993,256
9938,0.7203204820731918,0.3956803744399751,2082,256
9939,0.2038957984070576,0.0663390691631889,2104,256
9940,0.009299057517275555,0.6164824850066315,2176,256
9941,0.042721973286272065,0.0264728008881237,2006,256
9942,1.0635203919550933,0.8270113701557957,2108,256
9943,1.1952892058380782,0.6390052520163522,1979,256
9944,4.173041798237491,0.8236396593138827,2070,256
9945,0.16728007799252415,0.7835932348617571,1921,256
9946,2.044455378314708,0.8262858455774431,2024,256
9947,0.21525082192635148,0.5054691300220852,2024,256
9948,0.011636888283313798,0.4897967592973338,1972,256
9949,0.044982255034889305,0.2837461226820992,2019,256
9950,0.0633465701690702,0.7107233705155918,2035,256
9951,1.8057072044865299,0.7632093623449548,2040,256
9952,1.2732507988373574,0.8724724891039011,2159,256
9953,0.04587329630077855,0.7346570914061895,2160,256
9954,1.247389100528846e-05,0.9338472188826392,2165,256
9955,0.33457411846482593,0.0601517176126482,1982,256
9956,1.0591492562044245,0.8215717932877898,1967,256
9957,1.547528654201587,0.3395648597224662,2113,256
9958,1.420897978544429,0.4448102023303317,2128,256
9959,3.9642218459464225,0.0652936884973822,1949,256
9960,0.08674117526653288,0.2156899897815924,2079,256
9961,0.33209908248215353,0.7056926414315066,2008,256
9962,3.386903606079182,0.4237198183650675,2080,256
9963,6.205764798445209,0.7123834950683059,1929,256
9964,5.87115547773312,0.486587960864997,2088,256
9965,3.2935598934401416,0.0453362628831006,2008,256
9966,0.0059674390785888695,0.2891016973728353,2050,256
9967,0.10507376467478662,0.3097051408792453,2080,256
9968,0.5634954263024883,0.8633482246434694,2001,256
9969,0.00010849090127368459,0.9743432941545817,2036,256
9970,0.0004715369293848426,0.4113835636663742,2097,256
9971,3.435910030965722,0.9060700134851382,2160,256
9972,0.07844612745692184,0.7652547400800382,2107,256
9973,1.492847555960495,0.4637258437877163,1972,256
9974,0.3449895387918675,0.6013250405361744,2129,256
9975,1.467303290803125,0.1589559476969572,2100,256
9976,0.06289220034964657,0.4110154330148674,2122,256
9977,0.024062770420818475,0.2211241085606741,2035,256
9978,5.681736583630097,0.72211922700549,1929,256
9979,0.20319697554287786,0.5664007460338304,2002,256
9980,8.000758607659886,0.2078173888301129,2122,256
9981,1.0928286442982817,0.7769302731633313,2111,256
9982,4.511274890520087,0.0303195839703807,2162,256
9983,1.7641884593378498,0.7506162789190529,2129,256
9984,2.0653054212733304,0.785455908020743,2082,256
9985,1.239517972416488,0.0146136962650479,2053,256
9986,1.59105781746212,0.5714243288253569,2070,256
9987,0.0026360499003779325,0.2882586076639607,1950,256
9988,0.18661146769384812,0.6110834253575297,2046,256
9989,0.5688965970978023,0.4537985070906418,2018,256
9990,8.068388829080174,0.5832432775769624,2097,256
9991,0.16664237233990448,0.4326054692766712,1978,256
9992,0.3487810101657521,0.5942261905053053,2047,256
9993,0.2722880612515978,0.4949001746100732,2078,256
9994,0.0007477177178056373,0.0333866703138756,2088,256
9995,2.1454899699310507e-05,0.7017859591039093,2012,256
9996,1.3261148475431814,0.4840243609198176,1990,256
9997,5.193336335172954,0.207119852388913,2171,256
9998,0.0007259429912999758,0.445023951394373,2114,256
9999,0.1941782175158841,0.9637603995000088,1973,256
10000,1.5388833307709644,0.8157414446406365,2142,256
