seq,unit_dt,u_class,total_tokens,max_tokens
1,0.1584211622052455,0.2951974637332095,2140,256
2,5.092851730228249,0.5089825850178417,1942,256
3,0.076891227532582,0.6587359861963037,2092,256
4,0.18634426830863104,0.2030262145427477,2027,256
5,13.5987286970098,0.5158175479051497,2015,256
6,0.03288649838460253,0.4664559111806809,2097,256
7,0.00044442316482947586,0.1478734423929038,1981,256
8,1.9919238471983653e-05,0.9306049445435328,2089,256
9,0.0006629126160519039,0.0011111994374156,2116,256
10,0.0008001549134859902,0.7702838034419305,1992,256
11,6.962642800650004,0.1668046631146817,2102,256
12,0.02380622699366552,0.9164798948374684,1937,256
13,3.14537779728773e-08,0.8707746318254224,1963,256
14,0.04353629043873347,0.2194366494277774,2098,256
15,0.09012574431720209,0.3897151671499158,2119,256
16,3.176975175748449,0.4475212308079352,1968,256
17,2.1793932193896404,0.3631038868335987,1996,256
18,0.10871884966595206,0.132235699840337,1983,256
19,0.20982555916672663,0.2105335083651371,2027,256
20,0.034873242022550904,0.5410775866848347,2023,256
21,0.7764680564988289,0.3949804947603478,2145,256
22,0.015290984359270393,0.2398298171399989,2162,256
23,3.3537561136444713,0.92355402271428,1955,256
24,0.09172454254138607,0.5517293457543577,2131,256
25,0.631261101884942,0.205933443837368,2100,256
26,0.09400720632282808,0.1169715508546961,2162,256
27,0.22185611340989642,0.5592106826629486,2066,256
28,0.8951332080305769,0.2468528146195865,1975,256
29,0.03739480863881231,0.8349102987642184,2080,256
30,4.431379238362536e-05,0.5756052545053533,2155,256
31,0.19236878950306396,0.2329657354358399,2133,256
32,2.1663434850448637,0.7922863527493645,2012,256
33,0.9911436421190769,0.8775068279831805,1980,256
34,0.11401729364177525,0.0188792477937623,2012,256
35,3.3538705234747774,0.145630692563788,2036,256
36,0.0024888298886919244,0.0032077251969225,1925,256
37,0.0004269722159943656,0.160544020874183,2113,256
38,1.14019284705578,0.7120034702245073,2139,256
39,0.9099692864361232,0.3440006986962262,2112,256
40,0.787938403780371,0.7571276197629019,2137,256
41,0.7364072957839174,0.0581908794637561,1972,256
42,1.1333725407539709e-05,0.1366084182022201,1937,256
43,0.23662051780670673,0.0102805377240005,2064,256
44,0.20379904569037322,0.995480534458054,2017,256
45,0.371519714456757,0.1129062125435386,2152,256
46,0.026661285443694546,0.3760754861651393,1923,256
47,0.5271971054667371,0.5933446671103885,1995,256
48,0.63984859143279,0.1056404521721858,2040,256
49,5.057914534038283,0.4362330144442442,1924,256
50,0.5992087416082544,0.4998857506242664,2017,256
51,2.4705461665997116e-05,0.4517242060789471,1947,256
52,0.8889542215105961,0.8605232505126531,2150,256
53,3.544464536672633,0.864516520449078,1957,256
54,6.386882933070264e-05,0.0709589213755998,2054,256
55,0.015785385539867716,0.7587150876939449,2007,256
56,1.6223997589488046,0.6762745369543895,2015,256
57,0.3096059285417346,0.8267899372302411,2088,256
58,0.11616829787572863,0.643506989331031,1949,256
59,3.699148953531041e-07,0.7239759598012437,2040,256
60,0.027746963529188647,0.2958960932457665,2171,256
61,0.568820779544575,0.2686202479094774,2060,256
62,2.4773991501744934,0.3189081756290354,1989,256
63,0.14112791248201434,0.5777566481636749,2134,256
64,0.0014678294437880932,0.4701463595723816,2056,256
65,6.723281325250928,0.9763457301152346,1932,256
66,0.06695233243737396,0.1849702110798731,2137,256
67,10.961785490667287,0.702273945352086,2119,256
68,2.8514352444417246,0.7559976532040841,2132,256
69,1.5557565956785323e-05,0.6767385838143657,2145,256
70,0.012871288128622307,0.2834275928294002,2134,256
71,1.7940012106962437,0.5572613453483771,1954,256
72,10.17056813192022,0.9190229201015606,1974,256
73,4.828184802827398,0.1601985485288383,1967,256
74,2.5833625857060953,0.0967126668192921,2064,256
75,4.62861548395076e-05,0.5163083580442245,1946,256
76,2.983681904032106,0.3667503577834889,2039,256
77,3.1480585632257823,0.5462912182212749,1942,256
78,0.014596808959961727,0.1226843359759463,2024,256
79,2.832185773465811,0.0604762209343774,2114,256
80,0.030057473436829126,0.3499675708405481,1920,256
81,1.877500919484342e-07,0.9399382442002816,1925,256
82,0.020496363239319526,0.9427880637090448,2163,256
83,0.27130756642050596,0.1786355923655159,1952,256
84,0.3185804543174557,0.4876273461339985,1945,256
85,0.027828425055683555,0.2282740238460612,2003,256
86,0.019568624141181032,0.1861655413297831,2119,256
87,0.013745287028238884,0.0290057250237364,2144,256
88,1.2390237816076286,0.622101831290747,2159,256
89,0.8696231867784824,0.0414317395127077,2083,256
90,6.575316921123429e-05,0.6584243831846258,1944,256
91,2.112645692307125,0.5615446761842644,2130,256
92,0.3036644362504097,0.5689642537064707,2165,256
93,1.0426193586496209,0.6260752241282587,1943,256
94,5.438793158356969,0.7213003175963573,2102,256
95,0.4232742679617245,0.8553311426137202,2135,256
96,0.322033674730827,0.594118493738668,1931,256
97,0.00112258536460541,0.1597030261110011,2039,256
98,0.004569333907533499,0.5057065489429851,2163,256
99,0.0007084159592731575,0.6349422181394703,2078,256
100,7.301110310682265,0.9549321998842704,2166,256
101,0.00633565827168073,0.5118376176568055,2055,256
102,3.3139669302605004,0.0515058444454434,2011,256
103,7.181048410755701,0.3203243725226693,2045,256
104,0.0038651219799627915,0.3644508350966184,1984,256
105,0.08008740076091986,0.3893314167071077,2093,256
106,0.6149971799067787,0.9777972707909114,2029,256
107,0.7950463218991574,0.8097876053484819,2132,256
108,0.07816843427374401,0.8784101296517565,2168,256
109,0.7237210042432263,0.8608471423175065,2076,256
110,0.30302629573631823,0.0183085446089649,2054,256
111,0.0010472301440584075,0.0410822494160022,1964,256
112,0.31643851926588346,0.4671512507147273,2152,256
113,1.3859148622485053e-06,0.3981560407735556,1958,256
114,0.39408635296470285,0.3523130264591805,1954,256
115,0.002019075301212127,0.6963745177909639,2049,256
116,10.095142948659797,0.858169905973999,2154,256
117,2.3305819794472846,0.2944195457081955,2155,256
118,0.6528577170952296,0.5041827733509623,2130,256
119,0.0008841200618888631,0.2444039216034869,2170,256
120,0.019629304434542128,0.8447761159305632,1977,256
121,0.016832294304021448,0.1200463449645274,2155,256
122,0.006213147618229924,0.4585337304241702,2046,256
123,1.4596457424549425,0.3953260319686315,2064,256
124,0.6982277077050518,0.5397037656504642,2045,256
125,0.9524564075221919,0.6491620680646022,1929,256
126,0.9057952472290437,0.200737909243968,2051,256
127,0.7944311351150495,0.8180104610195601,2066,256
128,0.5573845188332177,0.3555091305580512,2130,256
129,1.6021617116009996,0.589409328763177,2026,256
130,0.48104029233783097,0.4136347986620385,1986,256
131,0.09195462887185434,0.4652838945707913,2131,256
132,0.0004109634235702426,0.5398066629460269,2141,256
133,0.002229218196220793,0.2381444325458006,2085,256
134,0.045178449476520284,0.2723270945137575,1957,256
135,1.2656300097969329,0.2533804463313791,2172,256
136,0.6290755257834721,0.7541847029364731,1922,256
137,0.023648855821580154,0.9700644058623334,1947,256
138,0.11310092655172278,0.8713801054023528,2025,256
139,0.00046384517880238165,0.2662699705948151,1979,256
140,0.0009425755992981121,0.0733177042746113,2013,256
141,0.690439643082453,0.0839966657946761,2028,256
142,0.1979175066301021,0.9194709901958978,1964,256
143,0.3137203761788583,0.5709195077694283,2152,256
144,0.00048467604531937,0.5372323698932447,1941,256
145,0.095402253251643,0.21960303874656,2081,256
146,0.42366266716542617,0.9616281257677244,1954,256
147,8.209684842923074e-07,0.2724876546952081,2169,256
148,4.245133009343408,0.2837601435869644,2103,256
149,0.5821546766045805,0.3441210207546598,2174,256
150,0.5948107790794959,0.0560868105448918,1933,256
151,0.00016293903559637588,0.3503052073059914,2138,256
152,0.08839935857760002,0.3514712731271512,2150,256
153,0.0033732180387698357,0.0387893316595577,2046,256
154,6.828968629096934e-05,0.2020066947911003,2032,256
155,0.0012845710104551324,0.9869430289164156,2019,256
156,0.912371848944386,0.5932818416744071,2036,256
157,2.0358507032137387,0.9484611826862204,2094,256
158,0.07417955998999298,0.9003693759672221,2083,256
159,0.1748997076749922,0.37403181199717,2044,256
160,0.02648028561417906,0.2187847681008471,2027,256
161,0.009963072460959541,0.0738751360779679,2059,256
162,3.0052767788903396,0.3999059384058941,2066,256
163,0.0031994800324320624,0.5749854106276435,2064,256
164,0.05701886263710619,0.2601161993289039,1983,256
165,0.17031886010179006,0.1449742345671753,2131,256
166,0.22827739218844614,0.452344685454629,2097,256
167,0.004947228749053935,0.7050402074446458,2129,256
168,4.021890406801661,0.0906727086264908,2090,256
169,19.840072616435076,0.194996683454644,2093,256
170,0.10289868254140007,0.7305392672668002,2041,256
171,2.3439019183886245,0.2983666555524872,1939,256
172,0.2954696316353394,0.140420368625092,1989,256
173,0.006584034923811189,0.1910214815631665,2077,256
174,3.8087549867992463,0.2881082088370374,2120,256
175,1.3939328127953625,0.407546941982284,1963,256
176,0.043324301955720276,0.7594587482112305,1949,256
177,0.001385557478026486,0.3312763763508064,2078,256
178,0.16799215988806346,0.8316438940900291,1962,256
179,0.8341512864803069,0.8263359800848784,2092,256
180,0.2457378668917806,0.6749286304387421,2014,256
181,2.940345815079499,0.8747361871492089,2038,256
182,0.030413850303951807,0.0735108507727679,1923,256
183,0.08522436133245768,0.1704771169539821,1995,256
184,0.40557361162466593,0.8244386947442313,2062,256
185,0.02284398797267544,0.7950402217510768,1983,256
186,3.1517539816317712,0.542041663713209,2000,256
187,0.0020852463165851624,0.311898799681526,2096,256
188,4.711708127875518e-06,0.8342667057141895,1978,256
189,0.7566640339108578,0.6835933056238518,1924,256
190,0.011835694471045764,0.3498825986261725,1954,256
191,0.8630101537360532,0.1927791424504663,2076,256
192,0.016009237726947397,0.7137171384077026,2007,256
193,6.010230394670331,0.5819006967127511,1993,256
194,0.5119339113733468,0.8186450179777686,2098,256
195,0.0009962879812463916,0.6520106858491106,2155,256
196,0.03483153745862463,0.4934178126786571,2098,256
197,8.4139840391285,0.5577050564607609,1995,256
198,0.023205883056133574,0.4306770964084671,2014,256
199,4.093533392983524,0.9707302267365844,2042,256
200,0.43867835672528227,0.5125073303047656,2062,256
201,0.0029474670409408575,0.4168434139150979,1931,256
202,0.0561926170780549,0.8175929008642635,1968,256
203,0.5237847163395232,0.0330861802674543,2130,256
204,0.08799779721730526,0.4471304248089328,1966,256
205,2.0012867349025756e-05,0.8231468742550291,2115,256
206,3.920482977586443,0.1022569933626739,2039,256
207,0.694490246595901,0.7766715170689051,1995,256
208,0.007870155850591736,0.7744278255183923,2083,256
209,0.20204059224423515,0.8072835739779316,2088,256
210,0.008363379189791938,0.1141665450828175,1963,256
211,0.006624727779229675,0.4662400759794066,2029,256
212,0.03046707777086666,0.378996460746643,2046,256
213,0.17787240006043362,0.1228521512154372,2007,256
214,0.004208635879793075,0.4568748727019657,2165,256
215,0.00032718246900288435,0.6538268884689165,2073,256
216,3.2505128850714997,0.401206455944075,1930,256
217,0.7385365372964283,0.0306073275836751,1952,256
218,5.36845018717893,0.3781660413095297,1984,256
219,0.0001322382445865171,0.2037745043043737,2140,256
220,0.0428320466105436,0.4629906896376459,2106,256
221,1.1791296914168914,0.420675775669305,2169,256
222,0.028836522441262176,0.089450234321573,2021,256
223,0.033007428597320816,0.3567704561466839,2058,256
224,1.275272446124773e-07,0.4432407398196289,2067,256
225,0.6881612984998846,0.1100473173145839,2135,256
226,0.08222847346415445,0.1899405805631601,2164,256
227,0.6443126427124789,0.2503117567678538,2083,256
228,1.7134248715333585e-05,0.7028269518173221,2050,256
229,1.9251105956749113,0.8477597242419141,1961,256
230,0.17190990305350715,0.4296647008917852,1923,256
231,0.7351149113225534,0.6164149113540129,1986,256
232,0.020828759001235046,0.8572271866319005,2077,256
233,0.1083002211418305,0.3826443221577941,1949,256
234,0.34644759721816515,0.1564499622151931,2130,256
235,0.38520386224193626,0.1421149957981263,2047,256
236,0.005267715534269997,0.1485438935905534,2136,256
237,1.425606004260391,0.5033622491768607,2065,256
238,0.002591030285142495,0.0040078068484981,2072,256
239,0.08266865761607348,0.1712664911684194,2090,256
240,0.18822166454955344,0.8214926006204187,2081,256
241,2.498388197545915,0.915537639882444,2062,256
242,0.07680813189562836,0.2193993691061874,2009,256
243,0.011229867451297818,0.1502653052122079,2004,256
244,0.04090135113414806,0.3703724995549606,2052,256
245,5.946754330600818,0.8973558102518857,2158,256
246,0.026586214988564772,0.8734378563588688,2094,256
247,0.030533381244607104,0.2268848801409365,1961,256
248,2.5611206358872685,0.9232811712973766,2029,256
249,0.0010845761665652534,0.4390048638886794,2118,256
250,0.10314539550635993,0.9834254278990284,2070,256
251,1.1927341845081123,0.8973668783035322,2105,256
252,0.608647700027339,0.0066568984022582,1963,256
253,0.24529523614053353,0.276718264927125,2153,256
254,1.16477607617836,0.0657360837728655,2139,256
255,0.004034486792629179,0.134853098576734,2064,256
256,1.648858439609034e-05,0.4844551139952894,2005,256
257,0.008716704324167674,0.3592738416337655,2004,256
258,0.24910852276354342,0.8523691490831337,2057,256
259,0.7202140441739407,0.9561089447874208,2042,256
260,0.5382489438490966,0.4423167723839971,2120,256
261,1.8120737712409944,0.5335929043072337,1972,256
262,5.048139451564213,0.3870418945782502,2075,256
263,0.01810938002303106,0.6806178543089016,2164,256
264,2.932290619934737,0.2075871552971813,1933,256
265,0.011704635877770715,0.689825758281139,1995,256
266,3.7681155479477495e-06,0.7028116761213359,2049,256
267,2.2329338851193694,0.5138940181690246,1936,256
268,3.0012033232541105e-05,0.4006580072537097,2102,256
269,0.19253437340025634,0.0848750213334592,2092,256
270,2.0325439065938798e-05,0.7742839176467955,2042,256
271,8.500339877806698e-08,0.8464445033320258,1933,256
272,0.03324144258389656,0.9692984476564714,2082,256
273,0.24992224898313617,0.5367459194748562,2173,256
274,0.4763484470876389,0.6227749443382687,1982,256
275,0.7431037950897394,0.7929692703038502,1930,256
276,5.593367263304612,0.8924323981147134,2170,256
277,0.0017751790720782685,0.4243849804691393,2082,256
278,0.05453091946039667,0.3613975669285095,2127,256
279,1.807108742140238,0.3821784618716717,1934,256
280,0.1524212915106673,0.4266858064091292,2055,256
281,0.3833265848842809,0.0684634701792668,1976,256
282,0.12194301781715147,0.77488352761292,2117,256
283,0.1430882959691255,0.2011582165008441,1984,256
284,2.2246628158605817,0.9861071600119682,2019,256
285,0.0730975307049544,0.8892385550163248,1929,256
286,0.22819798374954947,0.3282824805021983,2171,256
287,0.04100790660260169,0.9340210123278012,2165,256
288,0.014722236941392595,0.5924742288264282,2061,256
289,1.7670241823490416,0.2556822960363123,2101,256
290,0.003897658299741539,0.8075172194938679,1984,256
291,1.6309307480110682,0.8283756034710583,2163,256
292,0.044863679348027256,0.6917509136527193,2005,256
293,1.2424474763903983,0.6057818940401652,1921,256
294,1.5281340060168311,0.8281711280806006,2029,256
295,0.022635537753489778,0.2941903646141286,1937,256
296,0.09374579258550392,0.3861831422887207,2128,256
297,4.938988398501314,0.1123722392248459,1931,256
298,0.07341636968269771,0.258737824859204,2171,256
299,1.6054686030219,0.0648541160848213,2163,256
300,0.026160675808157573,0.963811785950017,2156,256
301,0.10774468132666322,0.5097827257474914,2145,256
302,1.1353404169089298,0.6078847628490184,2057,256
303,0.12313629411889196,0.2324573939689048,2089,256
304,1.9681267049448354,0.9006047842195993,2030,256
305,0.1541195942519867,0.653390449130756,1968,256
306,0.008066412331423477,0.5476130076128218,1992,256
307,0.006558754776826531,0.1136532042466412,1972,256
308,0.03212651147250381,0.4236926092052073,2095,256
309,0.09994612730701251,0.2139533976086666,2059,256
310,0.6021588679211277,0.8139242080527885,1926,256
311,1.148788713859297,0.1246118038267324,2056,256
312,1.0339493555623556,0.0118501979598166,2058,256
313,0.7967979067183297,0.607055668556568,2026,256
314,0.14220216798875734,0.8134998872003993,2135,256
315,1.3929108177590588,0.0180797670376869,2107,256
316,0.0023588503041052583,0.7017802775018477,1938,256
317,0.11602719963296673,0.0499572853698906,1921,256
318,1.0382754364209266,0.8453206975834627,2045,256
319,0.2745562615813919,0.989695847288903,2057,256
320,0.07721156857064305,0.6305092107973226,1935,256
321,0.039245157469321904,0.2370199655842143,1972,256
322,0.1140987421094029,0.8126151198457587,1957,256
323,1.2928053244607016,0.9662299891810764,2171,256
324,0.0025779289461959113,0.3477082907866757,2012,256
325,0.9291225889988254,0.5454642055576002,2007,256
326,2.0892862890230086,0.1716507159000577,2074,256
327,1.8665945494295203e-07,0.2004277389979667,1931,256
328,0.13091474459216956,0.6019702491090952,2149,256
329,2.6405997165609367,0.8592195405696478,1993,256
330,2.7607820025281313e-08,0.1905726471475642,1970,256
331,7.38054416767163,0.1534788997651027,1920,256
332,3.5572407775716585e-13,0.1790473985362862,1941,256
333,0.1962519449768814,0.1108285590059381,2099,256
334,2.7957949996339137e-11,0.3101856957967212,2054,256
335,1.1497868357016152,0.2391150844489243,2173,256
336,1.0501867108714595,0.5590695553638663,2016,256
337,0.6920974176079411,0.0100927439184768,2163,256
338,2.2892653495236646,0.60990838050132,2075,256
339,0.35982341428636644,0.6805205733608379,1953,256
340,0.7733578508882046,0.1682505791837221,1997,256
341,20.29124625548187,0.6436952917205911,1983,256
342,2.6420143413632813,0.2854759266070469,2037,256
343,1.0891951654161374,0.9427590413935292,1961,256
344,0.028873674993096513,0.4914416021023309,2139,256
345,0.001819548335813525,0.0780808697421587,2092,256
346,0.00032390627339435625,0.9353035063952254,2011,256
347,0.01248938873991495,0.4223996412658138,2129,256
348,0.19655207578398137,0.989095448345508,2151,256
349,1.374189041813172,0.6664591986395315,1966,256
350,0.11587186950864259,0.2041450792386117,2038,256
351,2.246929987481571,0.0964847797951145,1997,256
352,0.14444574640675614,0.3407609298075816,2126,256
353,1.2432173922016962,0.8199865727119593,2140,256
354,1.1321235366795537e-05,0.8326233977946091,1971,256
355,1.20125764585289,0.5007402796849809,2097,256
356,0.10997830243255056,0.7955931577072451,1949,256
357,3.599673574771641,0.989193682179334,2095,256
358,4.113926457203403e-07,0.114499460645889,2030,256
359,0.00020715766030967556,0.1423701971002834,2021,256
360,0.33514577003747426,0.5760164553272755,2092,256
361,0.004155206838063636,0.6048779690420363,1978,256
362,0.02227627396062839,0.0005611825241242,2059,256
363,9.553992876851904e-08,0.582311736028118,2080,256
364,0.37932407714250266,0.0158052926235042,2173,256
365,0.35961535450380483,0.5185531288505122,1954,256
366,0.0013339978583189957,0.1541166518567416,2011,256
367,1.7528837893895974,0.906982111118103,2129,256
368,5.414241525636939e-07,0.4013062727832821,2045,256
369,0.3897130733786855,0.6490527293998062,2071,256
370,0.028761514340412082,0.081126945331582,2048,256
371,2.463157191013414,0.6028605727110896,1968,256
372,0.004002691092380131,0.0639509621866433,1957,256
373,0.023228828244992884,0.2509660373928266,1982,256
374,6.116554518093305e-05,0.935600007920402,1923,256
375,0.48594736312695586,0.6928271075867103,2042,256
376,2.054875403649893,0.1200694920380835,2073,256
377,0.8965876148691061,0.6702742508417093,2127,256
378,1.5306620194186744,0.4683858698838522,2041,256
379,3.8265205179410033,0.7769066510533925,2148,256
380,0.00022884982366429155,0.5071857425139518,2076,256
381,0.016862573139610374,0.4225450347500199,2137,256
382,2.9314110627328456e-05,0.5216073525555706,2119,256
383,4.696590332486097,0.809710341286917,1959,256
384,0.014949824608601916,0.4291280229958271,1993,256
385,0.8364013644947454,0.8999925073593371,2010,256
386,0.5473109551286626,0.8162341975003862,2073,256
387,0.21654840028300165,0.5935891216347305,2023,256
388,11.31193038668998,0.2106620744915587,1951,256
389,0.0003314055686154478,0.6459517944950377,2142,256
390,0.3052854996963938,0.7666964054967554,2038,256
391,0.02308674539675,0.5711692974009464,2009,256
392,0.00040669248297995014,0.2301839311517496,2171,256
393,0.34307455655523644,0.5864421999257403,2080,256
394,0.013191002514426248,0.1001847771879641,2159,256
395,0.7413376759307336,0.610197922806609,2057,256
396,4.930213244635278,0.2150630779512806,2135,256
397,0.0064827386511813875,0.7973718725770225,2038,256
398,8.023237495496606e-05,0.90180232687744,2138,256
399,0.07578419178875176,0.4599617096876003,2175,256
400,0.0008537462918465862,0.6686764305684461,2008,256
401,0.0021051868203698872,0.1493230884817021,2055,256
402,0.01822038529003426,0.0401553848257796,2005,256
403,0.031311668445392724,0.7253402352887712,2115,256
404,0.775552070331572,0.1920776742477538,2146,256
405,0.36822326841626213,0.8263655894419422,1981,256
406,0.5915401181881506,0.6635009487121895,2073,256
407,5.153297581898814,0.0718700759047111,2049,256
408,0.0009756572594705402,0.0062533100462316,1923,256
409,1.5029769490147947e-07,0.0142579418336449,2014,256
410,0.023621187691424204,0.5934945363879593,2005,256
411,0.0012407204789457432,0.6337912516658051,2026,256
412,0.019649786994349605,0.6705675694860226,1967,256
413,0.10136815254111341,0.7874690919801498,1979,256
414,0.6889972197624636,0.6691808241701256,2149,256
415,0.8655251445088951,0.0080607945382854,2168,256
416,0.04460466487914258,0.1640988685199561,1925,256
417,0.009849442646640918,0.5226292443605717,1924,256
418,0.017515558759391158,0.361636936022659,2174,256
419,0.0019100136125947422,0.1022308696012912,1928,256
420,0.10331296582140083,0.2037617197390658,1928,256
421,3.1535844590097595,0.2149466583555621,2044,256
422,0.16902132869687175,0.674332738836428,2105,256
423,0.9459096375354225,0.4640606984587732,2053,256
424,1.992543502597593,0.2332461769336012,2149,256
425,0.5393937539937709,0.537341062292244,1975,256
426,1.1644593515192032,0.8934936554961317,2139,256
427,0.07435439997772,0.3160825603404789,1992,256
428,0.7461753341181803,0.0078035676091823,2034,256
429,0.000618303198910526,0.3371638960758585,2007,256
430,1.7851336855094724e-05,0.5114977277644296,2078,256
431,0.00987168726401441,0.5221569264258518,1992,256
432,0.03417646765144073,0.2791261985759442,1948,256
433,0.6599436168519629,0.1995353322905589,2009,256
434,0.129857723206816,0.3831605431116341,2093,256
435,2.3156568215103082e-06,0.6210080822810479,2076,256
436,0.1629543991604825,0.6307421520139006,2128,256
437,0.46269301329140017,0.7824640892612812,2124,256
438,3.848276541029982,0.7215352019913921,1970,256
439,1.1083655123846774,0.7031890380333039,2159,256
440,0.03653865079511718,0.1937895426232333,2129,256
441,0.00010337854656322802,0.4286832686200192,2004,256
442,0.25948526381772424,0.0657384091861618,2080,256
443,0.03963355549895123,0.0411621819119594,2016,256
444,0.028473530134573422,0.2046570720784934,1985,256
445,0.024950932986971187,0.2373087369732888,2072,256
446,0.1554179563916522,0.6443153684631178,2160,256
447,0.022098926642410765,0.1987346457668474,2097,256
448,0.16196198228115968,0.5261060980516472,2139,256
449,0.6901859090632587,0.9738574530983424,2002,256
450,0.0735811609415486,0.9744928659935856,2126,256
451,0.0016794795761118197,0.1988336096077247,1964,256
452,4.414297117595226,0.9532268196591042,2152,256
453,4.1331059328037405,0.2820733687949704,1943,256
454,3.582155510518333e-05,0.1223706725182921,1973,256
455,5.334919666916907,0.2656709294161955,1936,256
456,0.00010113647061984975,0.453901033667519,1970,256
457,0.3022691475142043,0.4426309286867065,2023,256
458,0.023991207405810053,0.2872556648440078,2077,256
459,0.00016481967715910415,0.0132349026057261,1939,256
460,0.5242807571811116,0.580753400220847,1988,256
461,0.7890288895412243,0.1764883081908923,2051,256
462,0.29713448443093465,0.9031046753299647,2023,256
463,1.8125932152997726,0.1563593835748682,1995,256
464,0.02982637729031682,0.9947236572754774,2062,256
465,0.002886344527092649,0.6351090454020907,2021,256
466,0.000676289318582778,0.1119223708756917,1980,256
467,0.01771938505032369,0.268946541697492,2035,256
468,0.3576704705229367,0.1034252198601001,2164,256
469,0.17079688109775193,0.2973899055097555,2064,256
470,2.197433972061636e-05,0.7380811121169478,2144,256
471,0.9135653644680435,0.4354593713609618,2111,256
472,0.725124775421879,0.368499493415059,2059,256
473,0.1712252681288128,0.1792964138484422,2171,256
474,0.272803524143079,0.6305577158978106,2008,256
475,0.0031271242550690243,0.6207126126580441,2064,256
476,0.13844651709415665,0.9358486954917938,1993,256
477,2.127616158996426e-05,0.9801511739874,2173,256
478,0.004780034804782677,0.0500603991057128,1928,256
479,6.472139252310168,0.8933019565226906,2119,256
480,0.01747054720089757,0.3276702517507569,1954,256
481,0.001212040886495627,0.9738611781096894,1989,256
482,0.0002466418361574835,0.2996979195683813,2031,256
483,0.010009252754993227,0.0691635963253584,1943,256
484,9.768950325987211e-08,0.1347855695534988,2018,256
485,0.12979779997954774,0.9191498387783308,1938,256
486,0.1351911528896605,0.4799697605006442,2121,256
487,2.3333502412907365,0.2942399015628192,2016,256
488,0.03128403477669454,0.3414045446470727,2140,256
489,0.16390890184068724,0.2866994094222054,2038,256
490,0.0019660655450943394,0.4440179585463576,1931,256
491,0.5370163539198596,0.6967201340456304,2104,256
492,0.0003171146703728364,0.3387171181479866,2169,256
493,0.00019397850126003926,0.7651470885295882,2166,256
494,0.0005787983350105167,0.9439630025404292,2011,256
495,0.02542092950188508,0.4609267556824536,2163,256
496,0.3723517091990237,0.0531175684090996,1956,256
497,0.8822848501888887,0.0638687039043977,1921,256
498,0.5347230380238154,0.9837670805071592,1954,256
499,1.9078862348631438,0.2349619783062267,2078,256
500,0.5302415569043777,0.7274096144884061,2012,256
501,0.22965544316402672,0.5913697584202641,2067,256
502,4.895576739631298,0.8423364803232938,1989,256
503,0.2175777444519838,0.8149894974507744,1925,256
504,0.6915244824464732,0.4150000014730388,2054,256
505,0.6052267716110822,0.7934043910992252,2129,256
506,0.351656285078018,0.0859466211583585,2168,256
507,0.5615581692266772,0.6008068326961967,2059,256
508,0.7352740460495178,0.6722077879285996,2030,256
509,0.0007652916544737945,0.6930333007487375,2131,256
510,1.8297075143357187,0.6902049043930844,2096,256
511,0.005839637600727959,0.1752499190212785,2010,256
512,0.17926219186236203,0.7450504552391459,1932,256
513,0.06350246930941372,0.6810147153116842,2170,256
514,0.1815557149551734,0.4188449954565029,2159,256
515,1.1371794182808248,0.3225864481256481,2162,256
516,0.0016490702553025927,0.2370557381769183,2053,256
517,0.0027859118614538105,0.1317222257801289,2127,256
518,1.2639578812943597,0.9250449934323808,2021,256
519,0.05144151128887539,0.415384044754564,2094,256
520,1.1809443870654126e-05,0.7097270116183225,2152,256
521,0.5210991545668555,0.3215190729289361,1936,256
522,0.1529031717243441,0.798562754709743,2138,256
523,0.03413691743507887,0.6373953897699044,1943,256
524,7.614403659459113,0.5052364452951742,2005,256
525,0.028341693923325112,0.8859375127147784,2083,256
526,1.78649317823533e-10,0.6601371032103212,2165,256
527,1.5079388343430942,0.7531810095617163,1979,256
528,2.3269334525596275,0.5810229857679928,2154,256
529,0.020074123290409238,0.4658060177549781,2170,256
530,6.592116935522589e-06,0.5707143024168704,2073,256
531,0.08133865439849555,0.9593874160825804,2099,256
532,0.13160604960060726,0.6992046653214983,2006,256
533,0.9971135061010978,0.656402220353372,2038,256
534,0.03190691097936669,0.7432545504664768,1927,256
535,0.00037141498484660794,0.5511727106137142,2049,256
536,1.9125197891179746,0.389938872350994,1979,256
537,0.1711496208690812,0.6400171399309972,2168,256
538,0.3150627614903043,0.1503944551785838,2089,256
539,0.0016352147227802379,0.6708921833626421,1960,256
540,1.4379768089549239,0.4169943790246716,2057,256
541,0.0034855376193341833,0.2543366474312877,2112,256
542,4.260834348082121,0.7626482717281492,1992,256
543,0.11384731211975721,0.4707802237356937,1944,256
544,1.2797596752475639e-07,0.360378326767571,1962,256
545,1.294608055129479,0.0197646738659619,1993,256
546,0.0008739621671439797,0.8718288844253912,1995,256
547,0.0007103166627672928,0.061537083237566,2134,256
548,0.1033273627782374,0.8569936038969004,1986,256
549,0.03767050559498558,0.4539886796197918,2058,256
550,0.006901606288180542,0.7352196318613544,2067,256
551,1.4945605955461467,0.804876930041082,2130,256
552,0.1500294609020774,0.4353983523960475,2020,256
553,0.538788574312629,0.3493958188098726,2130,256
554,0.21536082135397427,0.9456836225231224,1994,256
555,0.44897163912294286,0.3786432167137636,2101,256
556,2.541856292121299,0.0553548127427766,2123,256
557,0.25178796684429566,0.4360529084964594,1926,256
558,0.3572717217321718,0.4719488840367065,2136,256
559,0.0916763259549062,0.4787281754682683,2098,256
560,0.9763041593503792,0.5700433230842474,1997,256
561,2.1472313298204662e-10,0.7450142547597705,1987,256
562,0.5299590213923319,0.2446335726990555,2003,256
563,2.5867590554986535,0.5898368054843387,2065,256
564,0.3732818436209718,0.6711565852614395,2004,256
565,0.18428041992050054,0.3472444437111326,2094,256
566,2.0319926199585105,0.3220567365786575,1987,256
567,0.583621636152063,0.6332297073398802,2022,256
568,0.15548412810511414,0.2904745550790527,2041,256
569,5.205960308900788,0.5793474583288101,2032,256
570,0.4865390084322694,0.314462017346399,2172,256
571,0.9926267166434083,0.1902164505134953,2006,256
572,0.0003474130218351342,0.0889797550716567,2026,256
573,0.005199723749853251,0.6037858777845714,2099,256
574,0.013707365366087838,0.1730238518283475,2085,256
575,1.7655742532185321,0.0931622058256577,1938,256
576,0.012032322477676188,0.97408233901539,2056,256
577,0.009249289694451853,0.595798097342163,2120,256
578,0.025836453919984098,0.273171813915915,2132,256
579,0.2819494963954455,0.9985131566973908,2105,256
580,0.10682640468048629,0.5024794361772733,2126,256
581,0.23449386561802324,0.0263995345451817,2109,256
582,0.026686500699461158,0.6699337050749435,2106,256
583,0.001279568465484027,0.5188640048097002,2056,256
584,5.819518032795854,0.7483823879487165,1975,256
585,1.3617839369210127,0.137810274314799,2135,256
586,0.47057048394830187,0.5715335531148363,1952,256
587,0.00231070670824881,0.6704448761795697,2154,256
588,0.007493466472385121,0.3811469076066507,2124,256
589,3.0535470731490264,0.2070824516885514,1998,256
590,0.04942749876295716,0.2659611155301851,2144,256
591,0.019219854405044586,0.1937546718615321,2088,256
592,0.05325634590838081,0.212392227241101,1944,256
593,0.1491306915613546,0.0446715219494848,2080,256
594,0.052988887041060265,0.6877792340872757,2145,256
595,0.008061541117312434,0.986399671508442,2159,256
596,0.4815397774358611,0.3111154986720587,2148,256
597,0.004127104208191746,0.6533854666413006,2039,256
598,0.8096912096888483,0.1118119763403244,2009,256
599,0.47632208765071976,0.5540557330404879,1949,256
600,5.924886443732197,0.527148313514382,1996,256
601,0.006254715120698379,0.5183564255865845,2102,256
602,0.8421154635129823,0.0152850728117109,2019,256
603,0.09440270871707725,0.2629252880137465,1945,256
604,0.003776885463044251,0.6964853846377737,2109,256
605,0.10961394007829688,0.6686286180959478,2050,256
606,2.36957781711045,0.0634542244830531,2011,256
607,3.8947923661642575e-06,0.2505843456018117,2010,256
608,0.022486242398259942,0.0281822807383117,2118,256
609,0.00016713870338879304,0.5920106635786732,2114,256
610,0.30449742139898955,0.1876574711276381,2037,256
611,11.217322154023137,0.2297728815414246,2152,256
612,0.0002164543605630438,0.0024161592151717,1968,256
613,0.0013744200023957356,0.6336344587197322,2109,256
614,2.744756752022798e-08,0.4681643204311468,2011,256
615,0.004785726428627669,0.1522765850758715,2002,256
616,0.26116943652219426,0.8177149402611027,1999,256
617,0.37856895959050163,0.948840163253327,2083,256
618,0.018095550665163343,0.1384603537404327,2000,256
619,0.026285398506672924,0.4112625017793018,2074,256
620,0.035115685521393644,0.5854171443638636,2104,256
621,2.6524668094929613e-07,0.5381842972126404,2031,256
622,0.4738763470327539,0.248319805194362,2102,256
623,0.8717678831047123,0.8135690711698063,1965,256
624,0.01710221291890426,0.9341354541091788,2118,256
625,0.023970532377570422,0.141058417676707,2093,256
626,0.01769034414922961,0.3319857690415748,2070,256
627,0.5270879300462425,0.4274834052627049,2147,256
628,1.1517637051842944,0.0582062020538063,1956,256
629,6.567242865545751,0.6543732805365978,2041,256
630,0.01977615793384063,0.8077830768088182,1963,256
631,0.15167688092812207,0.8307661895620767,2086,256
632,0.12032453645207462,0.7760316250965668,2066,256
633,0.6117811120131836,0.0497461225208487,1980,256
634,0.2747351728873776,0.4224404804159321,1920,256
635,0.0006394471484997175,0.2076868625006029,2101,256
636,6.723808352906395e-05,0.7060195186864323,1923,256
637,1.274717286527415,0.1081975405443056,1969,256
638,3.8549237802811365,0.8288443922882296,2128,256
639,2.5360430859240815,0.683471757240392,2007,256
640,1.2684778628723419,0.0250366130331395,1986,256
641,0.015294022033379864,0.1863019641074099,1995,256
642,2.614512666379722,0.4607759218852507,2043,256
643,1.4064822402879413,0.4651147680427098,1936,256
644,6.431777504728757,0.4703390118588644,2094,256
645,0.2760256770110134,0.4407892991570418,2126,256
646,0.32888305352388286,0.520603038853787,2006,256
647,0.010509382820610844,0.1278486549481376,2063,256
648,0.0013469991766548255,0.1171314681263633,2153,256
649,1.7003363259830162,0.3588252787062507,2021,256
650,4.762363472440114,0.4789267322728464,2010,256
651,0.0073219469816573676,0.896556475995938,2096,256
652,0.036942799983006515,0.2368782269146204,1954,256
653,0.003769276851315071,0.5815998733251929,2154,256
654,3.9495880696563583,0.2531509113402861,2062,256
655,4.3491659893267345,0.800803986134687,2119,256
656,0.021161976395626534,0.1243817601146173,1964,256
657,0.04515237703270924,0.0041659011031432,1925,256
658,0.45145313118513675,0.134131289291011,1945,256
659,0.060802920442023387,0.7975721286427542,2153,256
660,0.6803146980038468,0.3483886259159442,2059,256
661,0.0059851631501147045,0.7982735720245039,1960,256
662,0.21139413352914765,0.7702428274234634,1942,256
663,0.001772528837223426,0.3753639245808626,2067,256
664,3.498506927727224e-05,0.6930287580265697,1955,256
665,0.22716306267034295,0.5210427604966699,2049,256
666,0.040023449680053905,0.7455850736867595,1981,256
667,0.0007816581244975012,0.308283247482129,2055,256
668,1.9716884771293242,0.4240797787524231,1984,256
669,0.004883992490750552,0.8952865103388885,1966,256
670,0.1589014169388497,0.3725587103458391,2074,256
671,0.1459532400390998,0.204409973768882,1979,256
672,0.12345098013368896,0.0047913982088322,2148,256
673,0.20038173289893668,0.7773531101136071,1952,256
674,1.699900327100277,0.4057636899731144,2055,256
675,0.3345199568792652,0.5983466143636843,1923,256
676,0.000685403105066017,0.9669852367414672,2122,256
677,0.3569228460183857,0.668928324405988,2062,256
678,0.3105680328286964,0.5935356212450629,1935,256
679,0.16293354489653755,0.2940098825490901,1996,256
680,0.2290415599333701,0.4416900825611851,1937,256
681,0.00779786643063766,0.8025790904871649,2109,256
682,2.591936186126472,0.9341222986020356,1966,256
683,0.1638850193449695,0.5397402988158466,1960,256
684,3.0402539627154046,0.6379589847601788,1944,256
685,0.14806579165144904,0.9311177321492324,2013,256
686,0.2685434079902794,0.927085169181072,1993,256
687,4.629923162470669e-06,0.3591299306119868,2015,256
688,0.7315133113346274,0.1015746750962082,2046,256
689,0.8657775811058827,0.4710342550205999,2020,256
690,0.04656576791876191,0.7643160958434263,2115,256
691,1.1525359891635654,0.3424922393652058,2142,256
692,0.12961605317008945,0.0105094647871416,1927,256
693,0.9957778795120753,0.0445193411948944,2034,256
694,0.000719044778608219,0.2666394112900813,2055,256
695,0.16823170681864616,0.7024996461131786,2155,256
696,0.3981196077559155,0.2172044067553055,1982,256
697,0.0013741977034088105,0.4778410928263288,2112,256
698,6.295865038525717,0.6752472093411768,2021,256
699,0.07525287895927366,0.910966574577732,2097,256
700,0.15155333047223066,0.3155946832699801,2106,256
701,0.003005249729317923,0.1593385428529711,1961,256
702,2.1077485443758825,0.957391695772188,2140,256
703,0.036775471578565797,0.4745860187999405,2102,256
704,0.0008216629220643184,0.8233663461806341,1921,256
705,0.00041769373166340343,0.3485272174831766,2162,256
706,0.6039704061750438,0.2170801017471553,1972,256
707,0.4438132144787286,0.1973723235459906,1984,256
708,0.7082285972535276,0.6461254742203763,2090,256
709,6.653201671831444,0.6986752699059796,1927,256
710,0.6809377233751771,0.0112943463751373,2042,256
711,0.29929419119832795,0.3883045735897587,1953,256
712,0.07875192382027721,0.8631453512221214,2120,256
713,0.2161407008994626,0.9757096256163362,2073,256
714,0.03779910802029605,0.2940469118044043,2100,256
715,1.3546891327517963,0.5753580073283907,2057,256
716,3.254001473332324e-05,0.9278302293385288,1949,256
717,0.09710238359788358,0.943809898672692,1970,256
718,3.21176821066285,0.803760934514624,2052,256
719,0.15821244939145948,0.6116639266478286,1970,256
720,0.00029640109734561763,0.0433552544464591,2008,256
721,0.008431904083733354,0.8000587261130648,1934,256
722,0.6841978468414218,0.573301588273996,2028,256
723,4.996413807782011e-08,0.6161588087171007,2066,256
724,0.0017339241799261308,0.4521856890631303,2139,256
725,0.23397964122630255,0.8630208534264106,1940,256
726,0.9831833494532897,0.6048485299924448,2103,256
727,3.516816424005858e-05,0.4343881651298088,2103,256
728,2.193355333442205,0.1482919027311262,1929,256
729,2.2754627126279887,0.3381107013225339,2047,256
730,2.7712040427159983,0.7359417911521986,1998,256
731,1.4818677094227237,0.8284599812678075,1950,256
732,0.06875795374765319,0.3942118022279915,1933,256
733,0.027921803562208622,0.1034535020820587,2093,256
734,2.877878694061956,0.6095479595173281,2028,256
735,0.0008311572805205026,0.2319761900960483,1950,256
736,0.006769851839426987,0.6513569165325536,2145,256
737,0.0567893993353768,0.0433453929159662,1998,256
738,0.3355302785057783,0.7438759368935942,2109,256
739,9.028722550970501e-05,0.4365505664569753,1935,256
740,1.0818831905363102,0.648564253040818,2047,256
741,0.3150177474453962,0.8585284856219109,2118,256
742,9.010726274253797e-09,0.8517530845363284,2145,256
743,0.8371930059373652,0.4743798330527778,2081,256
744,0.9580169350582255,0.9398930620753334,2120,256
745,0.08766468195744163,0.599526337285845,2089,256
746,1.6951853546238507,0.6664868335841337,2031,256
747,0.10260891050981755,0.2136406429499666,2116,256
748,0.0730169135388988,0.3240223796996595,2069,256
749,0.028491506209341023,0.4370724143569005,2059,256
750,0.621497134629398,0.2374226197741153,2024,256
751,0.00022733831090325095,0.02753147610756,2141,256
752,0.29660113942947386,0.7047859480894715,2161,256
753,0.21465331975343108,0.5866498403390932,2055,256
754,2.5898698653172088,0.1273982787417565,2133,256
755,0.042229244714255904,0.2568899277366478,2009,256
756,6.1777660538247625,0.4134029838710084,2054,256
757,12.713878853739587,0.5970851230992037,2088,256
758,0.008850793912739465,0.5188794636945402,2085,256
759,0.02303090863923863,0.0616572281865027,2088,256
760,0.07364155973904014,0.8133813724573675,1978,256
761,1.001398295657782,0.9585976838346976,1970,256
762,2.7784740791874283,0.932061243614664,2085,256
763,0.751706747607316,0.5974836932543446,2127,256
764,1.046162880079981,0.8859631248338471,1982,256
765,0.15531447689107464,0.8059687082463978,1962,256
766,0.0819357240808165,0.759388043341066,2016,256
767,4.0667230348163677e-07,0.2591035778122955,2104,256
768,1.4946744915946564,0.7891206655262487,2021,256
769,2.982435266989014,0.7677035287279166,2076,256
770,0.03670035008447457,0.3047547951643398,2065,256
771,0.017682942461268274,0.6114139425894378,1980,256
772,0.01368434340772733,0.0712549157715054,1981,256
773,0.4865950764585488,0.5031131967533266,1923,256
774,0.7268827062601995,0.3720432933841532,2040,256
775,2.0679006036246332,0.3103954683280103,2087,256
776,0.16009689105758568,0.4079513487094758,2154,256
777,3.3892364455404347,0.4934081499192614,1979,256
778,0.037939971747612926,0.5374662044193718,1939,256
779,0.5052902515232752,0.7272421264061764,2081,256
780,6.374773378922021,0.1374485034284641,2129,256
781,0.04058156324931712,0.6694456604708031,2008,256
782,0.30297136668520874,0.1574606305458832,2106,256
783,0.11297179927399358,0.93314508583834,2106,256
784,0.0027029609169020577,0.4201547150158051,1939,256
785,3.3091219164729822e-09,0.6568582203284482,2118,256
786,0.2447534855368863,0.0579999577279386,2143,256
787,2.307655011343507,0.807809543678043,2058,256
788,1.6604617810996098,0.4669187101277943,2019,256
789,2.5708319714308914,0.4553662808953946,2029,256
790,0.9710503905064493,0.8702568146166572,2064,256
791,0.01742707975020744,0.5798099658322899,1965,256
792,3.939599627540252e-05,0.8231435329560427,2059,256
793,1.82431201386077,0.1035420418752677,1946,256
794,1.120925967760832,0.4299081172804372,1967,256
795,4.4629504268207895e-05,0.5431131428171924,1942,256
796,0.06363442472739277,0.9879896202290648,2051,256
797,3.446730119664101e-05,0.4898904885457672,2140,256
798,0.7137980144618715,0.0141253034434677,2168,256
799,0.32404805448197144,0.0470209295591713,2136,256
800,0.6284973500494,0.0645407251352685,1997,256
801,0.45572775694054746,0.4619430049711684,2168,256
802,0.02248567339313357,0.5375488981502285,2104,256
803,0.3520683340893918,0.2964318726349834,2049,256
804,0.025623645772610348,0.7945531006649889,1993,256
805,1.9140667200669528,0.9486597697069044,2043,256
806,0.17559407874844704,0.5769780721552106,2059,256
807,0.46152743918521627,0.370252754255346,1963,256
808,0.8839036527164712,0.8468920508301675,2052,256
809,5.555453260089374,0.2612485385468515,2163,256
810,0.9163790981543332,0.6872032821650685,2021,256
811,0.11094280283143951,0.772828615273061,2153,256
812,1.8745082485420954,0.5631961010290472,2020,256
813,0.001081060525199426,0.4294244057728663,2090,256
814,0.00023192104096095403,0.0904567827385343,2053,256
815,0.02013538728178844,0.7001534310689431,2009,256
816,0.025834607600406876,0.3644753847263825,2036,256
817,2.2377634447106383,0.6209487242657731,2145,256
818,0.3962976709607449,0.6904255033810516,2058,256
819,0.08637052098698608,0.3539513970409138,2028,256
820,1.138396109018227,0.533002694104495,2040,256
821,0.06963106529767239,0.2408959646263158,2100,256
822,5.352629949585868e-07,0.827819911371348,2045,256
823,5.862009248086458e-07,0.0209873012972083,2094,256
824,7.900323097840562e-05,0.3082384309949224,2025,256
825,2.260895746649102,0.5629305622380669,1981,256
826,1.9918693016665487,0.6263768294537742,2021,256
827,1.7115453467846662,0.8344970590728644,1928,256
828,0.010060496870842197,0.3933351900541203,2175,256
829,5.194106134062287,0.6526668922618286,2081,256
830,0.001001325008649051,0.3722636642534407,1929,256
831,2.9639693308075204e-09,0.086730232554774,2000,256
832,0.800910243405293,0.4340204839114411,2040,256
833,0.0008201628774451235,0.8981528401461821,2144,256
834,0.00014923306050474046,0.4525157179493526,2155,256
835,0.9669068575325316,0.5673423929078508,2114,256
836,0.08349551333065793,0.5391934355423641,2083,256
837,0.0005420268985881315,0.0311353472003503,2045,256
838,0.013178327188715781,0.1821468725683881,2122,256
839,0.40735232252454273,0.4352707840691091,1967,256
840,4.69457961877085,0.2453709526793884,2065,256
841,1.1658563516525287,0.0249250459361701,2019,256
842,0.7087691181556522,0.4169315712390203,1972,256
843,0.020923565870164192,0.3360322446814815,2142,256
844,0.4626297049862463,0.8173731310229707,1924,256
845,4.163822228176604,0.3415319611426985,1978,256
846,0.3345691603267187,0.4819996689064868,2150,256
847,0.02905407662426211,0.5328564415917555,1942,256
848,0.21267021250635873,0.9087085857237376,2172,256
849,0.09435813104751122,0.9054326758056992,2093,256
850,0.010831292404831891,0.1160367301897686,2116,256
851,1.233535692466557,0.6272958654920765,1982,256
852,0.24755463448726475,0.4626544108277813,2010,256
853,0.01718737326651479,0.941908037728094,2094,256
854,0.0029211285139415363,0.0803619114210888,2172,256
855,0.43365698605386327,0.59725574954131,2144,256
856,0.5483347806322286,0.8089630761014525,2152,256
857,2.0365230460468218,0.8641983145844071,1922,256
858,7.726679453788832,0.94234877885937,2000,256
859,3.8236723023036884e-06,0.9668286080581624,1985,256
860,0.9903797620436521,0.0969955159629539,2161,256
861,0.9478692868630807,0.7298769269711289,2080,256
862,0.07819940531267294,0.2903280112130957,2030,256
863,0.0020759972496700884,0.3021211243772144,2131,256
864,0.004163951536301971,0.6252696125320788,2122,256
865,0.3161719371760818,0.2957573179631229,2067,256
866,0.16144511707857465,0.1865487749469407,2099,256
867,0.7342777414206849,0.1364670334263005,2081,256
868,0.7845628804214744,0.6990543624531965,2037,256
869,0.002237064500791272,0.1707326696828357,2050,256
870,5.781666110376335e-06,0.5198745941920699,2091,256
871,5.446194875025863,0.7726368734631724,2021,256
872,0.029846168873686692,0.2467120992826844,2093,256
873,1.5424585444149554,0.6611549001793366,2162,256
874,2.152800449733052e-07,0.7296201421558257,2061,256
875,0.003914004011898885,0.839862071502847,2004,256
876,1.4479739430541148,0.5752658225415808,2000,256
877,2.242030692722827,0.4726899864794069,2164,256
878,0.8519918820416478,0.6592926802275055,1948,256
879,1.1342494788781825,0.6374906689212331,2100,256
880,2.978279051256912,0.2085661641052346,1943,256
881,0.0458798765373791,0.4287069963173071,2132,256
882,0.010849021473932182,0.6054930565037947,1936,256
883,0.015340730228860257,0.53593521550014,2176,256
884,3.5718585038502906,0.9868394768795176,1920,256
885,1.0033527921272571,0.856463147715016,1945,256
886,0.021067665079515657,0.7174639501849355,2136,256
887,0.5083756659453608,0.0681746189964741,1978,256
888,0.0009853081060391116,0.6161261791279686,2158,256
889,0.0016598595430975854,0.7607229968970282,2080,256
890,0.0007405898348115734,0.3031481209972577,2129,256
891,3.4663999273419743,0.1509486221472398,2017,256
892,0.030984377483784915,0.9063517141870504,2068,256
893,0.09164011871022057,0.2844439198146913,2099,256
894,1.0824253418899987,0.9010658471727944,2023,256
895,0.229934887606791,0.055301573930832,2067,256
896,0.09448685981058753,0.1382305699169127,2016,256
897,1.4928077100489612,0.1048005238040661,2150,256
898,1.2225939729705024,0.1323876844219095,2134,256
899,0.1461096740659735,0.2992577383651902,2119,256
900,0.7807125424420527,0.840340971768387,2064,256
901,0.00031258287013313026,0.919081374221709,2114,256
902,3.45278696608211,0.9800056197218608,1942,256
903,0.10428856537534593,0.7601590478218537,1973,256
904,0.004460414969406625,0.6797797295753515,1979,256
905,0.26524032596442715,0.6490613068641347,1924,256
906,10.197155659719174,0.5175516628950871,2001,256
907,0.0158657186248971,0.8671700619418793,2152,256
908,2.4547075929538225,0.8391016202510245,2090,256
909,0.375551925522853,0.567706155751296,2042,256
910,0.14562607960121435,0.063000484831173,2080,256
911,6.93077413723974e-05,0.2845456341560309,2000,256
912,0.03519334421690416,0.2806710822782989,2085,256
913,0.008854362984769661,0.430101283864478,2160,256
914,0.08764572548206709,0.4191767094491367,1960,256
915,0.004051892951098808,0.3948209385486363,1987,256
916,0.2601143830690028,0.0350620697549088,1939,256
917,0.11490655229167228,0.2276098790167727,2116,256
918,1.0418499938172123,0.032117854941976,1942,256
919,0.15544297263249715,0.1389357294991025,2086,256
920,0.34575377074565433,0.1519013334104281,2093,256
921,0.0001957161160949171,0.1150639086916514,2064,256
922,4.061476692636422,0.5633725956877682,2133,256
923,0.5103120505146524,0.4191677589972854,1963,256
924,1.1544582980224747,0.877182081760918,2167,256
925,6.197402323656246,0.3366035402194883,2092,256
926,0.08985278250072183,0.5764615210416855,1977,256
927,1.975223347599776,0.6482074256171501,2040,256
928,2.4221647546574574,0.1382021354618916,2071,256
929,17.643278185431672,0.6083736100248724,2105,256
930,5.951294731348893,0.1447957232822491,1931,256
931,0.4934680106449011,0.1631957592068059,2132,256
932,0.025385825414239373,0.7457736138084273,1943,256
933,0.644430251923025,0.0507120543788026,2032,256
934,0.8044910230380032,0.1663307390879365,1946,256
935,0.44106393767645546,0.8379996439795341,1935,256
936,0.04107811082465721,0.1591788111312897,2032,256
937,0.03551713977126745,0.2152761958503503,2166,256
938,3.043184044360429,0.7449664522770574,2030,256
939,0.5790715579523501,0.403884634717061,2161,256
940,3.042143332011064,0.9966532749045408,1941,256
941,0.00014489562683790472,0.1459975084989156,2059,256
942,0.27262672646965397,0.3498769255102941,1944,256
943,0.0799479110575627,0.5070298330791094,2031,256
944,0.008713846175940928,0.6171108818908855,2084,256
945,0.18603709599167625,0.3048641499949751,2169,256
946,1.838878979954439,0.1849079581200948,1942,256
947,0.11821221255322571,0.8301932384697842,2001,256
948,0.15130796350493422,0.1480220847326793,2082,256
949,0.1148535039396592,0.6212325995943724,2024,256
950,0.3500974486283423,0.5071369303867918,1949,256
951,0.0033242073157284373,0.2369737798099421,2098,256
952,0.095440179674374,0.8628486047334983,2036,256
953,0.006415837944623683,0.159763441740724,1936,256
954,0.009380192566157422,0.3142913633408059,2120,256
955,6.196143535362663,0.8813318656397878,2110,256
956,0.09839420859773744,0.9054550679182182,2125,256
957,0.3135575520211744,0.2055519161933667,2061,256
958,0.5395400145247827,0.2988280023655064,2085,256
959,0.005904505247593098,0.3775248263042986,2008,256
960,1.7284369585876154,0.0854614609168571,2017,256
961,0.04637690212852273,0.9450467884724724,2037,256
962,0.7671066496289237,0.5529291105967378,1966,256
963,0.0019191542677140046,0.6740152897996693,2141,256
964,0.020649671473840413,0.0847944709495447,1954,256
965,3.4488206954299847,0.1085313904764133,2124,256
966,0.9146719598092201,0.6456539202027829,2037,256
967,2.793437318678323,0.7106981874322645,2055,256
968,0.13381046324447834,0.4864263363551451,1968,256
969,0.04875538622123978,0.1470795283470263,1967,256
970,8.53243006951187,0.8641678280493968,2009,256
971,1.0449654097722398,0.8607762633314064,2116,256
972,0.00011795693659652254,0.9634859990949578,2009,256
973,7.189443489846731e-05,0.1448798401847579,2006,256
974,0.0008039497986091227,0.7905753502899131,2053,256
975,1.3091388109591862,0.9337590373265896,2055,256
976,0.05053436717620976,0.3409595391791203,1954,256
977,2.136209532293183,0.9683648372943312,1969,256
978,0.11088298111053692,0.4184294021643404,1936,256
979,9.830455330624817,0.37722656366865,1956,256
980,0.9494166481575502,0.2756745618495769,1950,256
981,2.537246959621054,0.005548864745575,2155,256
982,5.382297865465099,0.4637186061109469,1926,256
983,0.000237095128679788,0.1259522473272731,2029,256
984,0.8842805615254419,0.9283745652185116,2083,256
985,0.7203214559987727,0.1371738296120883,2002,256
986,0.00793764049398158,0.5216533240558923,1975,256
987,0.38225619735380284,0.0157472279526579,1987,256
988,0.02105716885361144,0.7776323956667506,2139,256
989,0.0024408462198106237,0.6533714583594824,2047,256
990,0.20405552281385,0.3137132237189962,2160,256
991,0.15009286230228203,0.9393984073168632,2064,256
992,6.806285420149146,0.6934373300660267,2028,256
993,2.3085292651368516,0.7922387235431926,1958,256
994,2.895365985945385,0.0049384661651916,2036,256
995,0.37023025734012704,0.5276434906420648,2095,256
996,0.09450552992756535,0.2659881340564339,2142,256
997,0.005904145394331469,0.6329844269276746,2045,256
998,14.800997471964063,0.4819104224541715,2092,256
999,0.1062754288564842,0.5151968881080895,2023,256
1000,0.431436580603132,0.1914657278529024,2061,256
1001,1.41941021548955,0.4432220248880639,2127,256
1002,8.06060353235554,0.2650641744547303,2026,256
1003,2.121358858167465,0.1462418948257482,2052,256
1004,0.29927327338717497,0.0537691828457363,2137,256
1005,0.6906925910429748,0.77382491000907,2077,256
1006,0.0002142394215930183,0.4649110602250436,2032,256
1007,0.8998699801088239,0.6346082587436178,2146,256
1008,0.8975065496230917,0.83776117653105,2091,256
1009,11.855639251080646,0.0317263516117487,1944,256
1010,0.8902737165666534,0.5057284883690999,2004,256
1011,0.01600244758428449,0.2560455500614155,2020,256
1012,0.10428673249122263,0.9958933610777562,1963,256
1013,2.2977852532683207,0.979706106973085,1946,256
1014,0.01686425693113817,0.4478741693545447,2139,256
1015,0.0011763125851647661,0.3901184048423284,2167,256
1016,0.1503955157617003,0.4061248082201469,2108,256
1017,0.09786160413558904,0.5381430822744605,2108,256
1018,1.2695587572833416,0.0401030009073121,2139,256
1019,0.019996045442084588,0.3612244107011003,2060,256
1020,0.9153708657393053,0.022360814666373,2082,256
1021,0.00723653681325148,0.4339834515275731,2109,256
1022,1.2605562617540214,0.1550748609577263,2083,256
1023,0.03486750734488296,0.6946536249993334,1944,256
1024,0.4630934103248573,0.5574346792205023,1925,256
1025,1.4725684577262725,0.9739795559967258,2031,256
1026,0.1401960238801833,0.5785204478139713,2046,256
1027,2.455105248127156,0.7915621745918783,1973,256
1028,5.031565986287841,0.9562069983928922,2036,256
1029,2.220178441500635,0.9750611244292438,1999,256
1030,0.3935935199314616,0.928262579403815,2130,256
1031,1.685190502303897,0.9454188400820832,1976,256
1032,2.6173783151107077,0.6411585753259715,1930,256
1033,0.0006365567726172308,0.8032038135383228,2028,256
1034,0.5548987528113971,0.336348997256213,2033,256
1035,0.1929817320588322,0.0413789829725049,2006,256
1036,0.2196096910835014,0.5567899703389626,1987,256
1037,0.09242220348867655,0.9441025349365324,1980,256
1038,0.4194153307553519,0.5554222206946338,2026,256
1039,0.0378824150758543,0.8890126266704881,2006,256
1040,5.374769844113073,0.0535087963422792,2100,256
1041,2.274164260617762,0.9684038162301628,1939,256
1042,0.2600263373198255,0.8044297774023582,1948,256
1043,0.00786775805853124,0.4649854751642605,1986,256
1044,0.8109476508120277,0.8565229059996048,1950,256
1045,0.31543910777970013,0.9464139998766786,1954,256
1046,1.8703941237859671,0.5948386510441125,2138,256
1047,0.030949179870811392,0.9282559322271932,1948,256
1048,0.005007471920002382,0.0243644136467586,1985,256
1049,2.563729843786106,0.4303735796488581,1954,256
1050,0.07014437497796683,0.2249451513813499,2152,256
1051,0.3178175066665718,0.7871435048162232,1969,256
1052,0.0006419217455001576,0.0708841943490907,2125,256
1053,9.037160485794599e-07,0.2942021864711213,1942,256
1054,0.8874140669578534,0.5651641686367719,2148,256
1055,1.8750654596525296,0.5257770161420483,1929,256
1056,1.7003534701498937,0.2920939205641513,1942,256
1057,7.375183679172777,0.6801670826197812,2148,256
1058,1.112662419876826,0.2232603155301947,2017,256
1059,0.7449060698319211,0.3953675243776189,1940,256
1060,0.20101759999858157,0.7937405313503116,2147,256
1061,1.1331126571160646,0.6253899259735339,1956,256
1062,1.2727765628335816,0.1211489514335248,1978,256
1063,7.142350378912396,0.4828871602669085,2132,256
1064,0.14454642061333353,0.2021610360563727,2134,256
1065,0.018827960209784386,0.4603087756200757,2104,256
1066,1.1435186291183983,0.493935902047897,2116,256
1067,0.4272949452949478,0.1839798467359207,1978,256
1068,0.4450360816532519,0.5290528891296492,2027,256
1069,0.22240065958144867,0.2076881291288193,2083,256
1070,0.000837471238118462,0.861511101345281,2154,256
1071,0.04137847749935812,0.2029535184069414,2001,256
1072,0.00041665875782825304,0.6201091249143527,2010,256
1073,1.0889987527581584,0.4927044574581869,2163,256
1074,0.21165673134500246,0.7255976487208502,2009,256
1075,0.0010058417105759069,0.2017218185647143,1982,256
1076,1.5449646367161358,0.221532390763593,2144,256
1077,3.5843471753615477,0.5528537298177804,2043,256
1078,0.9080516388472992,0.5902750377355764,1981,256
1079,6.42985913398255,0.6657958586604914,2164,256
1080,1.293230639193792,0.3857124635392627,2035,256
1081,7.980616636166557e-05,0.91265940199598,2120,256
1082,0.0027806470730390633,0.4745318388963032,2170,256
1083,0.03338592273554122,0.083233541661234,1967,256
1084,0.6147691564647886,0.0345964727142455,2126,256
1085,1.1711761234471108,0.7422908464221226,2049,256
1086,0.5895399789241695,0.3726292923067497,2096,256
1087,0.2660894491485279,0.3212871219094955,1947,256
1088,0.13720561580298118,0.8764323140519058,2043,256
1089,3.3639930580197643,0.8317639225370557,2129,256
1090,0.2995300597117379,0.3655812459446691,2108,256
1091,1.6118954455434502,0.6042073191699974,2031,256
1092,0.07257572649311193,0.2682060913949649,2164,256
1093,0.324020001899667,0.3781232501142765,2126,256
1094,4.348802003502739,0.8418993991957083,2040,256
1095,0.942837981657867,0.5545896312815985,1944,256
1096,0.36060146733282766,0.6350160631239639,2096,256
1097,1.25532867665149,0.3152762037734123,2154,256
1098,1.282388500675145,0.2905940589576659,2008,256
1099,3.536990708535271,0.7938570869187419,2038,256
1100,0.13305315293810077,0.5723960442419299,2120,256
1101,0.025062884687063348,0.3688724836748939,2031,256
1102,0.03733628151554784,0.0887853756610665,1950,256
1103,0.017106555149270425,0.189474916023511,2040,256
1104,2.752807801426533,0.8782397714922342,2139,256
1105,0.2681990005272536,0.3089081250954478,2119,256
1106,0.008941831500511283,0.2402590993778232,2079,256
1107,0.0020088435787214507,0.1159350130186224,2118,256
1108,0.06380247783737625,0.587477703875839,2099,256
1109,0.504520292136242,0.8602394585402535,2025,256
1110,0.04472396514533324,0.3178844283325446,2044,256
1111,5.811127249927236,0.2399314734908101,2069,256
1112,0.0061055632074702906,0.901302320285682,1936,256
1113,0.05579524447779707,0.6681598452555418,2014,256
1114,0.013598840771066883,0.3987057437988708,2030,256
1115,0.2825284224977565,0.3266568400879092,2145,256
1116,0.05256704217967606,0.8995153055424825,2078,256
1117,0.00029408837493589984,0.9738587011247056,2000,256
1118,0.0014791275053760292,0.9858320931596506,2164,256
1119,0.07820749649162229,0.2907400218352511,2159,256
1120,0.14001108590785666,0.6950531063740856,2012,256
1121,0.08306659214911476,0.4583522337364284,1932,256
1122,0.31286118167353094,0.2741667919584882,2068,256
1123,8.185582524947725,0.4357204223400169,2080,256
1124,2.165575265446816,0.3203449301231543,1925,256
1125,0.015527737291309457,0.3635281806650936,2063,256
1126,0.0647053754850033,0.5724282706356771,2029,256
1127,0.1369295999651999,0.3699683800258446,2029,256
1128,0.3828782875023672,0.5003753211859161,2129,256
1129,0.03111024607663606,0.3727391100270718,2017,256
1130,0.32523360923959543,0.6607842251950372,2057,256
1131,0.9988135598540339,0.1921730776954109,2120,256
1132,0.05681161060539027,0.6951333703527098,2033,256
1133,0.0014062169240191768,0.559839447498142,2123,256
1134,2.9025412456308715,0.2452792806093485,2083,256
1135,4.9270268422841745,0.0010933967347178,2099,256
1136,0.04114072627470054,0.4002532961658781,2144,256
1137,0.03711290207589073,0.8442670333487362,1942,256
1138,0.01033198801866541,0.7210348665862927,1956,256
1139,0.0036120445423269984,0.5051814952017196,1945,256
1140,5.914578178612291,0.1108022238872381,2120,256
1141,5.2844692530144475e-05,0.6027819807626075,2147,256
1142,0.12866651081237104,0.2281150473752643,2047,256
1143,10.298853299004213,0.7094372203335955,1964,256
1144,1.6513415622917027,0.996189035476182,2134,256
1145,3.7348033527833997,0.7590622935217453,2120,256
1146,2.0365865577855953,0.8430131887881728,2016,256
1147,1.5232100523488374,0.3848924905380951,2110,256
1148,0.09168601932757715,0.3446479729844776,2005,256
1149,0.09391054351308435,0.20646060097721,2106,256
1150,2.012112393567774e-11,0.2374182967841377,2112,256
1151,0.00010802264067344351,0.0446676788365191,1949,256
1152,3.9969522901506656,0.6800850401879105,2025,256
1153,6.91451092741262e-05,0.256131166222622,2107,256
1154,0.49653790007444487,0.8225755408715008,2021,256
1155,0.4755515992182702,0.476357080048993,1944,256
1156,0.005688489166776936,0.4933857766993859,1934,256
1157,0.6959019542395257,0.7756288075107375,2026,256
1158,0.1819363674439191,0.9093560425815078,2105,256
1159,0.0002185789175425955,0.6919577909525557,2013,256
1160,0.1523726584902256,0.3184048807016048,1966,256
1161,2.221705347665744,0.4149489712104625,2004,256
1162,1.313892433371678,0.7567708976303996,1990,256
1163,1.2719944283058353,0.8042825594404636,1969,256
1164,0.48522826000035546,0.9375257539082263,2063,256
1165,0.0009486682162148549,0.6127088495350346,2000,256
1166,0.009934120239727135,0.8598914528124818,2019,256
1167,0.5631630334641282,0.9971202248987874,2119,256
1168,0.03792679572588859,0.8515826723600534,2162,256
1169,4.87686261864061,0.9937511305567188,2169,256
1170,5.972178190520298e-10,0.0838892897007642,1930,256
1171,1.077672330226771,0.2948461859336889,2056,256
1172,0.7223098915762115,0.0219890635666869,2078,256
1173,0.026257076987634284,0.1110681878544123,1947,256
1174,0.0034333002336071096,0.0869413210965349,2152,256
1175,3.0784504661284164,0.6646838926476896,2110,256
1176,0.016142370842249974,0.3543166257936051,2036,256
1177,3.853902359249694,0.3239915199586584,1971,256
1178,6.764591454312161,0.3746369750744197,2133,256
1179,0.05123119936738403,0.2536996141304395,2068,256
1180,4.5886370534259715,0.194742197457434,1968,256
1181,1.6598092977587895,0.3800989044382621,2109,256
1182,0.08484536092901666,0.7719346297991762,1995,256
1183,0.6731350811028222,0.4834874786873613,1956,256
1184,0.11858802124402049,0.7879906444729461,1958,256
1185,0.00024256613952562296,0.0539034751483803,2011,256
1186,2.842095073551532,0.2530459582178342,1983,256
1187,0.17304772156182252,0.8196683692388534,2136,256
1188,0.17052147137541174,0.6978834513484888,2004,256
1189,0.6773507482492888,0.4886250518189526,2090,256
1190,1.1617866333110864,0.6403196215510285,2015,256
1191,2.485855247092483e-06,0.8040318601979938,2138,256
1192,0.002147671284456703,0.8139357718441704,1987,256
1193,0.015872271075522613,0.8622887648307083,2053,256
1194,3.164667644996408e-05,0.0362937284670952,1958,256
1195,0.010334627231338487,0.1766603749071039,2000,256
1196,7.948255508235921,0.7765108083577217,2174,256
1197,3.220858017846385,0.4023951704925054,2075,256
1198,0.22638166996607997,0.1551010623375034,2059,256
1199,0.9586376893279581,0.6044904890835151,2016,256
1200,0.05453450987118302,0.4625632085504774,2016,256
1201,1.784186109902916,0.3211018744859604,2074,256
1202,1.0203312255218937,0.3459178371779382,1946,256
1203,0.14207965923509927,0.7334875778224018,1923,256
1204,0.0006053052577833431,0.6742061125512993,1940,256
1205,0.31784226463530946,0.0511024736495653,2067,256
1206,0.01376484570979474,0.7988033023984888,2168,256
1207,0.002855754679108282,0.9849140918810376,2058,256
1208,0.8424273987999932,0.1287271538225739,1994,256
1209,3.1008754400898795,0.3574742749053842,2082,256
1210,1.005326028534034,0.1831656946196646,1937,256
1211,0.07894552545452856,0.0583576642886491,1948,256
1212,0.27633025899508257,0.3088138374080024,1921,256
1213,0.6582328489222325,0.6320343075742623,2066,256
1214,0.0037968676403182756,0.6834805181933284,2170,256
1215,0.5460373792724778,0.4661558608998173,2056,256
1216,0.046025784330282635,0.7233896305438632,1991,256
1217,12.386178644355239,0.1922796933013195,1942,256
1218,0.008821483396338153,0.9722045191032006,1941,256
1219,0.7620848669693684,0.2305163161419153,2153,256
1220,0.2724852645791888,0.088736931731322,2164,256
1221,0.1892435541613347,0.6854487498530311,2080,256
1222,0.11648324110554142,0.8777232701318131,1987,256
1223,0.0430464901410322,0.1561145613076012,2015,256
1224,0.15184834866667765,0.3730632876871159,2001,256
1225,0.4819775533001156,0.6786587497787846,2044,256
1226,3.057529291247671e-06,0.5023269801440206,2167,256
1227,0.0018084497215477703,0.0439642635079904,2104,256
1228,0.21592240469602772,0.152849116159268,2019,256
1229,0.09554241385706107,0.8554134384375432,2035,256
1230,0.10246920188712773,0.5121902227637036,1976,256
1231,0.08701468965124988,0.9266078246497133,1991,256
1232,0.01059858952972451,0.2460689402665193,2091,256
1233,1.4146597003997226,0.8103776953794273,2107,256
1234,3.965209355376468,0.2108818009133686,1989,256
1235,0.1287447605842685,0.3050442957978232,2089,256
1236,1.9699310973916274e-09,0.8841947753143785,2053,256
1237,0.7923189883741365,0.3479733707151047,1941,256
1238,0.14873971471818456,0.0106747477963906,1983,256
1239,0.08785470962681587,0.0473763625448061,1963,256
1240,0.0944646674513101,0.9852686276633652,2070,256
1241,1.0671963395652143e-08,0.5030776213049418,2170,256
1242,0.4453714993990077,0.9558695288545792,2103,256
1243,0.009940032320631668,0.3144315958121219,2034,256
1244,0.03927212914570365,0.6575832456376759,2004,256
1245,1.6139158533049955,0.9770399823616964,2175,256
1246,4.021499234008591,0.6793057661070017,1990,256
1247,4.836639324715602,0.3034114508134413,2157,256
1248,1.2316662872905089,0.3858265057671763,2079,256
1249,2.480447310496501e-07,0.4059648644715606,1988,256
1250,0.008859532288325518,0.1021211699330385,1982,256
1251,0.6892959783897447,0.8507719988210277,2138,256
1252,7.241211138570302,0.4179392354636426,1920,256
1253,0.15911574810015838,0.1873943348394184,1931,256
1254,0.00021996895058563141,0.2665718560886212,2019,256
1255,1.6587866261155424e-05,0.626311587439204,2174,256
1256,0.02459829885233169,0.7457854951941157,1940,256
1257,0.0464087702913464,0.489734269750039,1979,256
1258,0.21619465336724655,0.4641162431837929,1999,256
1259,0.0009686734633799943,0.4383606002368518,2146,256
1260,0.4727361488397001,0.9582772343680036,1998,256
1261,0.07732600084338821,0.743703797435365,2173,256
1262,0.5700721748760182,0.6614129854808573,2111,256
1263,0.25938734923931656,0.080756196022128,2004,256
1264,6.054660323330739e-10,0.8718833407417795,2003,256
1265,0.1710638646135557,0.6476349320953942,2078,256
1266,0.5044711978702291,0.6557428465387048,2057,256
1267,0.04023671541890568,0.8753117083855917,2051,256
1268,1.3392830978054038e-06,0.6068507957830238,2135,256
1269,0.6277678881195442,0.158680828938309,2052,256
1270,0.020902218779547375,0.7465655713181405,1957,256
1271,7.167300449795739e-06,0.4805312901883172,1958,256
1272,0.0008862275056664414,0.590592939778831,2139,256
1273,0.006024194706276909,0.5566720999447652,2139,256
1274,0.04879766265947736,0.0864049894183527,2003,256
1275,0.24632902128700276,0.3023557115957654,2167,256
1276,2.295286087423905,0.1486530725756627,2156,256
1277,8.496936758291512e-07,0.8385867891009858,1979,256
1278,0.11416282281865175,0.7028640453338527,2154,256
1279,0.04816272674775804,0.042386626426811,1953,256
1280,1.774056113984227,0.4832091985725624,1945,256
1281,0.8796769222637281,0.992531313889495,1938,256
1282,0.21094154670160833,0.8663535958273098,2071,256
1283,2.7287411329436817,0.6253821253180045,1980,256
1284,0.07375951194423162,0.2566157011592269,1925,256
1285,0.197649423068697,0.6589726420588483,2171,256
1286,3.795485907433607,0.9338782037909924,2040,256
1287,2.1876817455106345,0.8226946821407372,2088,256
1288,4.063801913447928e-06,0.2527447017774252,1991,256
1289,1.3069437090436214e-05,0.3036406247055201,2119,256
1290,0.0014622438051647864,0.4865173155537402,2026,256
1291,4.888566662434167,0.1326677906142532,2170,256
1292,3.2986038147376884,0.5383910826853949,1969,256
1293,8.324200654132496e-05,0.3384889594335417,1965,256
1294,1.6196417113420036,0.8521304391844183,1995,256
1295,1.3395341146310487,0.4798082151026892,2063,256
1296,2.0922829573928772e-07,0.4535993902502027,2029,256
1297,0.03923739931399312,0.0234738593733838,2071,256
1298,2.9031295521728304,0.6627170945445647,2087,256
1299,0.15321179905736668,0.580558768384351,2101,256
1300,0.1957464528365634,0.908440154342882,1941,256
1301,2.2530696355800375,0.4583438559221283,1963,256
1302,6.853070075450576e-07,0.6699521873101756,2012,256
1303,0.05494696766317083,0.8288201083142558,1992,256
1304,0.5294370985647276,0.0838456866113943,1948,256
1305,7.2627802529299315,0.407046498165262,2171,256
1306,1.6728028084501882,0.4904681614963579,1977,256
1307,0.00032077991607336873,0.0056952456446702,1952,256
1308,0.0011381842021728494,0.7422080362087505,2056,256
1309,0.03433712109400262,0.701906285888272,2111,256
1310,0.29830852603660885,0.5063813661779493,1969,256
1311,1.6817561068113758,0.9927637287852478,2130,256
1312,0.012264498157268544,0.2961975469246166,2050,256
1313,0.45765537907056975,0.1696441803376021,2170,256
1314,0.4530895816245501,0.3017646900077871,2015,256
1315,0.1300452183478211,0.498064716397971,1962,256
1316,0.12728783387707432,0.0458580199596811,2020,256
1317,0.0028560505104243154,0.6733794078920603,2160,256
1318,0.0005422836516171472,0.6413439273731149,2146,256
1319,0.0005952322186082132,0.1860440863246979,2071,256
1320,1.2081336953749935,0.9661136984480998,2176,256
1321,8.908246179970382,0.3723556252483054,2133,256
1322,3.6965283355853713,0.1181476275133209,1966,256
1323,8.788436456540335,0.3334109307855759,1988,256
1324,0.04872325846119336,0.6553998302043677,2049,256
1325,3.4047262323377203,0.9852490137011216,2003,256
1326,0.38828308722415383,0.6857956710850842,2003,256
1327,0.001351457657878797,0.8217950192879008,1985,256
1328,1.4672605784459026e-05,0.8663476165812394,2138,256
1329,0.0004075805718051267,0.2111355586420105,1995,256
1330,1.2928567347393414,0.749162455056584,1980,256
1331,1.8333009360566221,0.6253089104337669,2168,256
1332,8.025092930257359e-05,0.519519835675413,2047,256
1333,1.9614789278649871,0.724234937736538,2161,256
1334,0.263078768872557,0.3128550224967984,2069,256
1335,0.0667578297611083,0.55685569056418,1967,256
1336,0.07568631689703914,0.9627324072043916,1975,256
1337,0.014617164362518696,0.7202741648944159,1985,256
1338,1.6133025569485162,0.8546165056365087,2026,256
1339,7.041979445306893,0.558876308348565,2053,256
1340,0.012445269111585831,0.5577333105248092,2041,256
1341,0.07364875172085429,0.5231363518957923,2005,256
1342,0.9395594243166596,0.9069078664319752,2141,256
1343,0.26168604928897066,0.521184382294045,1998,256
1344,0.049086323175218494,0.1994352702875779,2044,256
1345,3.947996367725447,0.8858883633182086,2111,256
1346,0.8312512793538385,0.5977682434869646,1942,256
1347,0.057125365544673595,0.3026501097125545,2051,256
1348,1.472756352446436,0.0332284702972657,1947,256
1349,0.3087477053850485,0.2576190985448591,2166,256
1350,0.00027170170073737736,0.120508943071491,1966,256
1351,2.5148294134442293e-06,0.9088402601955606,1976,256
1352,0.0017676789030800322,0.7242306841478263,2137,256
1353,0.021250381107693218,0.9364196458040208,2036,256
1354,0.008519947619885827,0.0286891219955806,1966,256
1355,0.7512256761054908,0.1236304568595155,2150,256
1356,10.295630693602071,0.5347566794740587,2050,256
1357,0.17811716764542368,0.2238018471941253,1926,256
1358,3.024602331570878,0.5304124733835689,2126,256
1359,0.004535983952539126,0.3294898325062997,2083,256
1360,0.966274333256557,0.7922699903294097,1997,256
1361,0.048911830122758466,0.0110325867954031,2070,256
1362,1.16539324873307,0.4165846218966632,2020,256
1363,0.42793516208893767,0.3901146824839149,2162,256
1364,0.004389396089092542,0.4245364899176349,2060,256
1365,6.045119874831981,0.1173112305613574,2096,256
1366,0.0820729907675152,0.6770034036228162,2106,256
1367,0.0006942786473958368,0.2807527788485946,2157,256
1368,1.1374514610394184,0.858188525627308,2057,256
1369,0.7304002134516051,0.8257519196744343,1923,256
1370,0.0030953593091903606,0.8256767680592876,2074,256
1371,2.451184770824601,0.470927971710268,2119,256
1372,0.35959907741397845,0.0923293629511742,2141,256
1373,0.0002523790594286984,0.1639361574663735,2048,256
1374,0.20413288992152648,0.7759264472876972,1967,256
1375,4.22041314652563,0.4396913725673765,1943,256
1376,0.14169332512980365,0.2198630414141991,2113,256
1377,0.03394482265741353,0.5502451549927969,2161,256
1378,0.005960342765468815,0.9027135888979292,2129,256
1379,0.6336018832959476,0.848620214410272,2090,256
1380,0.21553087416246325,0.1130965705724991,2164,256
1381,0.19333569281904292,0.6323326920501836,2151,256
1382,0.5726398260441347,0.5004467992000983,1971,256
1383,0.11148195577474075,0.0730337720286129,2083,256
1384,1.5780912163849175,0.741950436966857,2168,256
1385,0.31943381574690993,0.4935633499083496,1960,256
1386,2.3943502102319174,0.623006197817187,2106,256
1387,0.05100941220057162,0.4330891983659258,1945,256
1388,0.1228068658912364,0.3583771469336105,2123,256
1389,4.270041800583631,0.7438580188036938,2120,256
1390,0.009750129586231305,0.2164469406771674,2149,256
1391,0.771866900347705,0.8948006776049449,2039,256
1392,0.00018434073865916423,0.1167090452963551,1920,256
1393,0.002549455388908969,0.9064863656199268,2118,256
1394,0.6259452190260322,0.8414897853679341,1974,256
1395,1.149477884635011,0.5737841387015471,2036,256
1396,1.560554682175396,0.5304885083518985,2104,256
1397,0.0739068058862307,0.8756823103461902,2136,256
1398,0.3844180495728186,0.0266815858634656,1977,256
1399,0.11313024219788916,0.8115344251312309,2095,256
1400,0.005574370659741312,0.3974790303069461,2094,256
1401,2.327600804709232,0.7399452493374423,2174,256
1402,0.6314180431880742,0.0965022856835414,2083,256
1403,0.13603446577178555,0.0027496838731142,2135,256
1404,0.008660137853562396,0.7438508222859793,1932,256
1405,0.9260956934591764,0.7162228309243839,2047,256
1406,0.07030813800599396,0.956336130267646,2081,256
1407,0.00011341056597078745,0.7193593970166499,2122,256
1408,0.32508648543533036,0.8128465785685082,1986,256
1409,1.8895463824575334,0.1655761856806931,1971,256
1410,0.4343485451139768,0.2544936267103257,2041,256
1411,5.255570421457103,0.2634372130902743,2170,256
1412,0.0005122654072947072,0.7582300293542951,1996,256
1413,0.0004519707605112389,0.709518490407326,2078,256
1414,0.006147925644559044,0.8782075328137909,1946,256
1415,1.6297877664707003,0.7444170249237412,2134,256
1416,1.9197462271680048,0.8812626764260422,2103,256
1417,0.9411869309847612,0.2418645141861444,1981,256
1418,6.770401675660811,0.9859562320992926,2151,256
1419,0.000791043444139315,0.8271814178711917,2020,256
1420,1.3385158477636363,0.6705739297797529,2081,256
1421,0.11484902841304793,0.2412123970670026,1999,256
1422,0.0013888439748790404,0.2356873835900711,2063,256
1423,1.024799679823057,0.5984575621261101,1988,256
1424,5.5430785936739834e-08,0.4135144727542015,2081,256
1425,0.001064380078910795,0.6888028116051773,1930,256
1426,0.6463861637722418,0.8501089198065035,2131,256
1427,4.384988617965599,0.9998422868722514,2075,256
1428,3.662456981645432,0.814060407120365,2025,256
1429,7.778913850988943,0.0709315131445038,2138,256
1430,1.7284430470693928,0.4774838320184758,1992,256
1431,2.343536996758457,0.9102988225315352,2145,256
1432,0.6657459118441775,0.0817795253063926,2127,256
1433,0.11489963897252016,0.7546014299500949,1920,256
1434,0.0072100863173548,0.1548869971452159,2089,256
1435,0.4027148040060692,0.4132242076366412,1973,256
1436,0.02101430396389728,0.7489709310637883,1932,256
1437,0.08800599710409333,0.3601979082297761,2176,256
1438,0.005557296345899209,0.1079664987984572,2012,256
1439,0.20549353957249214,0.894480954984765,1944,256
1440,0.7018807017066961,0.9419102776351664,1979,256
1441,3.9133830369861365e-06,0.3252734014410009,2027,256
1442,0.5248825718499667,0.1278449230541881,2050,256
1443,0.48755775484124003,0.0507317807388666,1930,256
1444,0.006129408208168199,0.2596998817567142,2052,256
1445,0.14841456546539805,0.0489481909940787,2043,256
1446,5.534735544315198,0.2659411570773766,2129,256
1447,0.9502453710713173,0.8378931504212844,2015,256
1448,0.1581501384797239,0.7123006848795901,1970,256
1449,0.40543032892285674,0.5259867076176009,2013,256
1450,8.773394533699848e-06,0.0991789970361073,2110,256
1451,0.0005569545790849007,0.7076752560784221,2172,256
1452,0.6491389719562778,0.1766527016906222,2074,256
1453,0.07444201113435588,0.2502662422036543,2045,256
1454,0.010302536915729408,0.887961856845079,1979,256
1455,0.2037745245667242,0.6381567816331356,2163,256
1456,0.0026480499489308818,0.3050087615699315,2113,256
1457,8.724266786676118e-05,0.7947438780587144,2172,256
1458,2.04949650831336e-06,0.5617636762810968,2088,256
1459,0.011189356360788886,0.7396311156333844,2158,256
1460,0.006908610056221293,0.2309993784299056,1968,256
1461,1.1555959659401853e-05,0.4157626606359365,1965,256
1462,3.8533652687029027,0.6453059214136159,2123,256
1463,1.0149933924012315,0.4288117921533404,2171,256
1464,0.07417846868140088,0.4162272669789153,2057,256
1465,0.8012667038442706,0.6430154086059678,2158,256
1466,0.015128875930034149,0.0797265417648669,1927,256
1467,0.13998848319679338,0.8761015763923171,2095,256
1468,5.372129165849729e-08,0.3556789610439713,2136,256
1469,0.0045283263984355745,0.6007214117409037,2085,256
1470,0.01422534686458661,0.0204467361922218,1944,256
1471,0.6822967448749456,0.9249099989955452,2148,256
1472,0.007377269852871926,0.6287341218683504,2101,256
1473,0.5060311498040019,0.8724594206255861,2073,256
1474,1.761715657111262,0.6469682407445414,2062,256
1475,0.28139428348931733,0.0872024346634704,2040,256
1476,0.02433884844193986,0.7354406516816001,2078,256
1477,0.15140391957196433,0.6755163712890566,2108,256
1478,4.5141889620484426,0.6618403151660982,2168,256
1479,0.9223212153321194,0.8252551413569854,2066,256
1480,1.682955851026708,0.9376371215143684,2130,256
1481,0.6650693724581831,0.4365627446295508,2019,256
1482,0.6213650311676373,0.4312239271352218,2063,256
1483,0.0013523641983870936,0.2391720143893626,2150,256
1484,0.009460774841853724,0.5349019270654016,1978,256
1485,2.553315935394615,0.3916593181636909,2018,256
1486,0.0011348823137631641,0.9900124499510862,1990,256
1487,5.136546790075733,0.6050834891345552,2098,256
1488,0.02193577055484187,0.6823859511119946,2088,256
1489,0.008198977258169962,0.8062179393029784,2072,256
1490,0.030154872265762977,0.0282096351639273,2098,256
1491,0.0012632664115377749,0.7330127021144318,2056,256
1492,0.05605484544698248,0.1792320672649789,1928,256
1493,3.439985941147968,0.8365649817159115,2102,256
1494,1.916466772511341,0.8032168904569649,2070,256
1495,6.773342534282908e-05,0.693810725428307,2016,256
1496,6.085381357964937,0.5355277003540054,2117,256
1497,0.13193741552458688,0.6777940809344287,1947,256
1498,6.148523310549858,0.6901101080564409,2151,256
1499,0.24279001115339,0.1350916414833753,2095,256
1500,1.5899461273719686,0.1742377107991858,2041,256
1501,0.2895939201180002,0.106653887805025,2059,256
1502,0.6424270225331302,0.6499416021652185,1949,256
1503,0.017196429477645735,0.97965416421082,2021,256
1504,0.0001538409318153203,0.8874826080421496,1922,256
1505,0.14223514713189045,0.1649035467166674,1962,256
1506,3.7831304415758154,0.5868700370007106,1967,256
1507,4.420772997734852,0.8314840177741437,2146,256
1508,0.40478422876591325,0.2587329090316667,1978,256
1509,0.0006979644147256408,0.0930831207422612,2152,256
1510,0.08879802429132189,0.1704142812301862,2045,256
1511,6.85034201569704e-05,0.5552154492087976,2136,256
1512,2.1441566588307097,0.6169121498051967,1941,256
1513,2.333382303923535,0.6873640243889637,2170,256
1514,12.614392691900166,0.5726942341136457,2104,256
1515,0.00023380533805307166,0.8937496537265358,2102,256
1516,0.00011251906657682,0.8648729468693833,2121,256
1517,0.09366669023147615,0.0719384309798963,1987,256
1518,0.14532758325607031,0.4811756051936897,2051,256
1519,0.15399199299203065,0.5652652859903688,1946,256
1520,2.5518964850682478e-12,0.4198128585899559,2087,256
1521,0.8525581817029066,0.2689082188159335,2047,256
1522,0.18653820470351284,0.3223137506918745,2034,256
1523,0.19079578239300146,0.9376573408111674,2056,256
1524,5.875231481840398,0.8035517278618822,2033,256
1525,2.587525585361385,0.2462364225400057,2047,256
1526,0.037888771462607086,0.0350233636990442,1996,256
1527,0.006357950141042407,0.7418394058033546,2102,256
1528,0.03408883949127606,0.5106957072169686,1972,256
1529,0.07003570832914749,0.7759314431486168,2019,256
1530,0.19418090817166167,0.4113937650866881,1965,256
1531,0.21723577762685856,0.1640535709206348,2102,256
1532,0.08615793097528135,0.2088860330776916,2040,256
1533,2.28288691523334,0.8991475165866435,2172,256
1534,0.20497208793055896,0.455217737995778,2013,256
1535,1.6200170076331208,0.3194683007087615,1939,256
1536,2.7896672361718826,0.8097119630669215,2071,256
1537,0.9444991209044803,0.8186851526998837,2154,256
1538,4.681940307902462,0.927509106834458,2167,256
1539,3.0118797855068924e-05,0.702139725501986,2054,256
1540,0.7358503441043169,0.8366921057006816,2027,256
1541,0.0020389637927755748,0.6428789172603779,1929,256
1542,0.15066063264570695,0.2079006020995115,2009,256
1543,0.454392593424425,0.2596586269020899,1975,256
1544,0.27649889150392504,0.3034882374007778,1924,256
1545,0.14821379013566044,0.6687072807242567,2049,256
1546,6.275882496096224,0.8900032518889908,2054,256
1547,5.854157023565429,0.2446706717498655,1957,256
1548,2.9378488417826385,0.3905227677961492,2061,256
1549,2.511497944609535,0.2869813610520401,2134,256
1550,9.841614847200223,0.2022241602429295,2021,256
1551,0.3899160815916762,0.9850789638101628,2062,256
1552,2.936350680136414,0.0612741083565727,2149,256
1553,0.0021148573335006524,0.7168628148777942,1986,256
1554,0.12429360935141825,0.0431772278371115,1976,256
1555,3.3301315157478673,0.1780310273654768,2077,256
1556,0.9190077087245815,0.4173622061043931,2033,256
1557,1.4551583340480623,0.6990910790405253,2173,256
1558,1.0926919622202649,0.991623668667673,1999,256
1559,3.977441110519028,0.4853419818065178,2124,256
1560,5.090363990485099,0.2175616629628076,1939,256
1561,1.3491799572249925,0.8499291529320564,2176,256
1562,0.00703186423262669,0.666488624551647,2147,256
1563,0.191787565432256,0.1114787584981796,2173,256
1564,1.9406206451976866,0.8241066419335276,2129,256
1565,0.12739292378374154,0.7261912077462741,1998,256
1566,0.0006863564796155843,0.8805956516169305,2073,256
1567,0.015241945635289219,0.8434462944127176,2175,256
1568,0.023110189717999753,0.7244136418925473,1998,256
1569,3.0789269151643155,0.2366157423186899,2163,256
1570,0.12402387235388457,0.2670883047384974,2029,256
1571,0.302713513270004,0.3776919723886749,2004,256
1572,0.22871032037460726,0.9117490225613598,1940,256
1573,1.754820846909229e-05,0.5960321486065912,2033,256
1574,0.8748224812009923,0.7541339263637198,1935,256
1575,0.1896903246408413,0.7266594914825363,2015,256
1576,5.300902268685106,0.8213179718281236,1925,256
1577,1.428634048232737,0.8974918737138822,1961,256
1578,1.2187419249113467,0.2278771520094549,2076,256
1579,0.16248701175208738,0.9329431059668056,2071,256
1580,0.1045836555937512,0.9406996592396644,1926,256
1581,2.3375020920614813,0.4937799401467468,1926,256
1582,0.15743100188130738,0.1101288978769731,2091,256
1583,1.6792190267764318,0.3822296900583197,2147,256
1584,0.2059197923938443,0.4853405343116584,2066,256
1585,0.002637672606023264,0.9902262924776932,2005,256
1586,1.3280835756493208,0.5762892042520562,2034,256
1587,0.1697640151193584,0.545317042470234,1958,256
1588,1.1948737309868354,0.5469425879696544,2036,256
1589,8.841419183368273e-05,0.009539683819111,1928,256
1590,0.7632831583403924,0.0484593594951899,2062,256
1591,0.08278482011187785,0.3748770072496541,2147,256
1592,0.29550604769377187,0.929223211115108,2001,256
1593,0.010215666780635568,0.0202658267182515,1947,256
1594,8.636067065355456e-08,0.4833494633437102,1933,256
1595,1.9957025886825213,0.333936147419954,2147,256
1596,5.458710726864052e-05,0.0203596781258373,2118,256
1597,0.7208417915216405,0.7302876322440939,2137,256
1598,0.1655985237892523,0.8738443772324156,2117,256
1599,0.28683698412179115,0.1335174161664065,2137,256
1600,1.7524086897492903,0.4495126817513332,2130,256
1601,0.7029845383141041,0.4399950630614448,2001,256
1602,5.8120993803264555e-05,0.6735791074760883,2141,256
1603,0.10958764162107601,0.5844749121639615,2149,256
1604,0.043307872645124874,0.5309411129752005,2169,256
1605,2.5961543374295335,0.4901755896162483,2129,256
1606,1.945079174646273,0.1631193783832101,2051,256
1607,0.3225052206793153,0.0204113269715813,2089,256
1608,2.068893044126198e-08,0.5888826805924529,2040,256
1609,1.280860956061362,0.7476707897334885,2041,256
1610,0.36836430273522663,0.1120562592696207,2067,256
1611,0.803871306643129,0.4627114581743298,2148,256
1612,0.0172834888895707,0.5722988464403734,1956,256
1613,0.2417920799273288,0.1438889463204518,1934,256
1614,0.2303153883565497,0.3372875470867715,2091,256
1615,1.7543759163152395,0.6976546028484492,2049,256
1616,2.8799738219606708,0.1064510014398919,1929,256
1617,0.019238025874816052,0.2510390210673179,2109,256
1618,4.595942422173683,0.2369990019790538,2139,256
1619,0.9325821581195582,0.6520255139559876,2067,256
1620,0.12253341008586954,0.411377925734059,2133,256
1621,0.7899539517727775,0.114413297132614,1925,256
1622,2.6692669116273247,0.1843700124388645,2042,256
1623,0.004287934023921123,0.362174283422142,1938,256
1624,0.1446117717184314,0.0439050153853362,2094,256
1625,0.0035083119263200594,0.520561080693588,2032,256
1626,0.3283288747582038,0.3418142098442895,2065,256
1627,0.5876220212195503,0.6662217124045882,2050,256
1628,0.0007410297424582987,0.2837433627985036,2026,256
1629,0.026185733809954013,0.503089001130496,1979,256
1630,0.0009108478686444524,0.5852863505274366,2148,256
1631,0.013945473605091192,0.262432886264031,1925,256
1632,1.344297855548569,0.5194566635019883,2170,256
1633,0.00022386853318249043,0.66899322996657,1949,256
1634,0.0025694863709244476,0.2249836477953659,2024,256
1635,0.0003030660577360874,0.3076258206383416,1989,256
1636,0.011074164337084334,0.0554535409187989,2080,256
1637,0.08105810518970079,0.2721999544615145,1997,256
1638,1.5013068922631917e-06,0.8551840166548165,2027,256
1639,0.09918411867933018,0.7300252811543837,1937,256
1640,0.6555144347271723,0.3580006103116104,2082,256
1641,0.31109830077671957,0.7065551130596517,2091,256
1642,0.0014086344431157936,0.6033223955812008,1935,256
1643,0.8583232146342582,0.4530863898720663,2065,256
1644,0.09344350251536936,0.7888075882319501,2063,256
1645,0.011850145826860585,0.1934082480973841,2099,256
1646,1.4656797428139903e-05,0.6208430865602481,2116,256
1647,0.045123291077698476,0.9224925293608588,1959,256
1648,2.3732705093117588,0.4766866962132143,1941,256
1649,1.8884514601318703,0.5366337063017044,1969,256
1650,0.2266958554941183,0.869053457275813,2155,256
1651,0.24470785168731118,0.733135012353965,2029,256
1652,0.7689639977297991,0.9012820876687728,1943,256
1653,0.11430354681472057,0.7554183978955179,2095,256
1654,0.7041830601942365,0.3905214706934665,2015,256
1655,0.5009544839001435,0.5491189395870454,2068,256
1656,0.058782389845136424,0.9383153276392102,2115,256
1657,3.15971702461442,0.2637894572244398,2139,256
1658,0.07106705301943779,0.5561785286324581,2155,256
1659,8.195226933451847,0.7968444302532667,2053,256
1660,1.308639501633722,0.6593399129220936,2060,256
1661,0.8826768629212013,0.7318111985094087,2040,256
1662,4.171578007874847e-06,0.2218275784729064,1999,256
1663,0.16108540424260043,0.0596442058176525,2059,256
1664,0.01644999469268694,0.791349052407736,2124,256
1665,0.004681008020035414,0.751918285835248,2025,256
1666,2.94921016670353,0.3338091686110646,2162,256
1667,1.2763509824729067,0.4007260274620967,2107,256
1668,1.5141641014752545,0.8153079178761569,2064,256
1669,0.002310890146403168,0.2433735818434407,2052,256
1670,3.0029844123190688,0.3660833508947733,2040,256
1671,0.11715278577282777,0.2300406454597348,2125,256
1672,0.2278828820949567,0.1644553332467663,2043,256
1673,1.3013713362242616,0.5890977536961567,2022,256
1674,1.2261970357988112,0.9605533014423484,2144,256
1675,0.00014688087022076776,0.6451486551113352,1925,256
1676,0.7797940095703652,0.7442478844224839,2143,256
1677,0.0052560075971138966,0.8660252639366309,1968,256
1678,4.567073876181191e-07,0.1207421994671151,2076,256
1679,0.26902786484710206,0.5716822230642163,1943,256
1680,0.009584774874897534,0.4768264739734172,2023,256
1681,1.97159450525208,0.896379003067034,1972,256
1682,0.0009468866298260144,0.6618425817228821,1971,256
1683,0.15075683692098632,0.0865124847386158,2110,256
1684,0.8228291388216123,0.4459603535796239,2081,256
1685,0.23997849683150196,0.0217506399281179,2137,256
1686,0.08551685119443493,0.5331988975468739,1986,256
1687,0.4261244600082781,0.6476402900555922,2111,256
1688,0.43882211363888535,0.2684629718773247,1922,256
1689,0.46800859241912773,0.7013829502629522,2029,256
1690,8.685770593798908e-05,0.8172306764190037,2059,256
1691,0.008106557316355416,0.4466395058661824,1962,256
1692,0.0026765251759558067,0.3086642136107549,2052,256
1693,0.2641860643304071,0.8039789000284311,2127,256
1694,0.0005795545757606382,0.6476774190856291,2159,256
1695,1.619008918087017,0.2498588690216835,2160,256
1696,0.0019421293741313092,0.6655428415724927,1961,256
1697,0.8660742586446478,0.7752808740067669,2084,256
1698,3.6276428697882137,0.5734411423553002,1983,256
1699,0.7568014616896798,0.6233964453545301,2013,256
1700,3.2383965019775376,0.0856733055675972,1994,256
1701,2.9416214627585036,0.2792001123226604,2172,256
1702,1.2379257047524288,0.484792640469895,2058,256
1703,3.3532128335104194,0.8639148342206172,2012,256
1704,3.3491133270662096e-06,0.5346198014468754,2162,256
1705,0.08292801022686602,0.5122540412449228,2114,256
1706,8.275618034150966,0.1719921973155004,2036,256
1707,2.41554250994146e-05,0.9849262682235814,1981,256
1708,0.05368325679706085,0.4821525484104919,2016,256
1709,0.2288131128972821,0.0571325887504234,1949,256
1710,6.318814064156041e-07,0.1557640428363946,2100,256
1711,1.9265522371012318,0.6504740319247975,2092,256
1712,2.367000866815018,0.5925526676558089,2151,256
1713,0.00011506766354247519,0.5663177210800884,1947,256
1714,1.2742256265200753,0.8697193298790388,2144,256
1715,0.9527686189279663,0.4565991521425537,2146,256
1716,9.176316872486733e-05,0.7035838496178758,1992,256
1717,0.05852188190417421,0.0493069473557372,2064,256
1718,0.926865606750072,0.2181160736057062,2078,256
1719,0.004882914168740567,0.9190156723959156,1934,256
1720,0.07321891500784342,0.5661410885314566,1964,256
1721,0.00029469668805982277,0.0098041360469146,2162,256
1722,0.026932456737210415,0.425926373904836,2143,256
1723,0.03460516459509221,0.7812862447251844,2068,256
1724,0.0049098686845653865,0.6999337399353752,2035,256
1725,3.4281537169424228,0.5894625472628078,2127,256
1726,5.585506516792699,0.6752619584784227,2174,256
1727,0.1280384711313493,0.7750637707415392,2116,256
1728,0.00020686287590603397,0.3589124393674542,2101,256
1729,0.07415448620237802,0.8200637325748179,2036,256
1730,0.0038018546776643165,0.6479457422902131,2075,256
1731,1.9007514551421154,0.7892325675930351,2091,256
1732,1.8399015433168802,0.5483060213329641,2063,256
1733,0.0004333577803802766,0.3980657835140416,2076,256
1734,0.04593765905943403,0.1181062201118109,2134,256
1735,0.3662761234346025,0.1626724767595552,2071,256
1736,0.8780538584827322,0.8813981599852839,2134,256
1737,1.889025990305564e-06,0.980983962392306,2028,256
1738,0.07761320613573074,0.5859950713977247,1996,256
1739,0.045731501254634585,0.1062297117406915,2124,256
1740,0.005857030892244963,0.965579419410278,2077,256
1741,0.0008410657698460093,0.940325701513794,1963,256
1742,0.001961577515818693,0.5560876265528197,2171,256
1743,0.7120950760262194,0.2318728355040207,2108,256
1744,8.216977821089423e-07,0.7161117523950165,2172,256
1745,7.036412260515024e-05,0.2834644071711777,2158,256
1746,2.1342735566665803,0.5034191422486809,2076,256
1747,0.037845682127820426,0.2654094799307317,2081,256
1748,0.09406389661432678,0.3345471623101518,1990,256
1749,0.005897819391452958,0.1476951827977031,1947,256
1750,8.077506237082259e-06,0.3637260715201575,2085,256
1751,4.837834475875762,0.3656439096408037,1977,256
1752,1.1406912277901107,0.4341079409275439,2079,256
1753,0.17540783884380806,0.6350044163409712,2125,256
1754,0.0006992782814138492,0.4541599467927721,2025,256
1755,3.593595339053118e-06,0.3275875892542015,2043,256
1756,0.4874719404661808,0.8374557224482139,1927,256
1757,0.6407721618436658,0.9573794756805178,1931,256
1758,2.0051949199355303,0.6052322194389494,2027,256
1759,1.050919848824932,0.5456846387648686,1944,256
1760,0.11200438734358187,0.2488927706890544,1990,256
1761,0.23506750580485358,0.6633360190802859,2049,256
1762,0.00035635095190744476,0.3621014428909048,1970,256
1763,0.009508497316716094,0.2766928566757967,2039,256
1764,1.599110222148,0.9283526971454285,1984,256
1765,5.007268420466654,0.3652494910268533,2016,256
1766,10.472595362003652,0.7838439549937866,2127,256
1767,3.628521182575002,0.4407639910502134,2080,256
1768,0.4622335911037085,0.8836904906662534,1994,256
1769,1.3076340146881669,0.6623754371391313,1968,256
1770,0.27141124596315713,0.9866105475463371,2057,256
1771,0.009218913658546853,0.1794810176321457,2141,256
1772,0.021697848113058655,0.1899150326184329,1955,256
1773,0.15472426824548885,0.8844108777105781,1985,256
1774,0.2487689151686224,0.8839853916502265,1927,256
1775,2.3307441461848644,0.2477115198565617,2147,256
1776,1.2615497639080528,0.6761613645311503,2161,256
1777,0.005594940989173124,0.0599061131554261,2086,256
1778,0.5356467466067149,0.7411696990860385,2023,256
1779,0.09831771780980805,0.4741826413086566,2114,256
1780,7.072180643715618,0.2347735033621021,1962,256
1781,0.2559834379894453,0.7332913589069026,2172,256
1782,4.493254887585289,0.6613481591381627,1955,256
1783,0.5841988979267941,0.7193015302133045,2091,256
1784,4.785331046460328,0.7370411761881814,2048,256
1785,0.11510144470515705,0.5620894529666624,1949,256
1786,0.6831887517311881,0.4261557159051174,1996,256
1787,1.5209396648643652,0.9132779961421144,1962,256
1788,0.0005227382459297663,0.7039898566341015,1924,256
1789,1.4143881414396683e-08,0.7992598362946222,1922,256
1790,0.4043629763053495,0.1616969983120486,2118,256
1791,0.00028096525995207407,0.3850610802383253,1980,256
1792,0.007892180982669004,0.6493841159386017,2003,256
1793,0.0007357408813563291,0.9927291621398172,2029,256
1794,0.06007418194848026,0.4460265371023285,1931,256
1795,1.7988580488735366,0.2405611960581951,2151,256
1796,2.491811666588904,0.7234445101704373,2016,256
1797,3.3019181677796334,0.1041311909773584,2080,256
1798,8.817539641419208e-06,0.0725049647417036,2112,256
1799,0.03453486226011158,0.2864527202657349,2176,256
1800,0.0014230965647318596,0.3657474207972155,2154,256
1801,2.6326169724091235,0.2210936637568368,2079,256
1802,0.09569342332178277,0.2102889749120853,1940,256
1803,3.608504219393478e-05,0.6076689113096612,2165,256
1804,0.8436701651534435,0.3827204256650336,2063,256
1805,0.00519230578351717,0.0486699894206109,1941,256
1806,0.0001983146179310815,0.0971607311001349,2176,256
1807,0.02238581621208349,0.1359249582238929,2118,256
1808,3.6147165988733234,0.6258628783790685,2048,256
1809,0.9062276605314238,0.6291593411509063,2008,256
1810,1.5680811001637596,0.9722980939523256,1930,256
1811,0.7524913604876996,0.1207416184813058,2156,256
1812,0.00014550069449610034,0.4532473154614693,2061,256
1813,0.003605095982092783,0.9867386423440954,2077,256
1814,15.071652035836408,0.4352191446874436,1954,256
1815,0.0008498347694561363,0.6483135172651779,1999,256
1816,0.0009973287855323855,0.9327453160795448,1948,256
1817,0.00014263143352194843,0.660771799349976,1999,256
1818,0.9122924947663874,0.4178843402554372,2049,256
1819,0.2593745425542276,0.0643927449407059,2158,256
1820,0.11820315493303869,0.5345683648161454,2043,256
1821,6.546711195064059,0.4051215295953057,1999,256
1822,0.14836630903857603,0.5331543166385082,2092,256
1823,0.48854266672619834,0.4084653299151188,2077,256
1824,2.804973015234907,0.8959037263877428,2117,256
1825,0.0015295317165091996,0.1776495165210793,1921,256
1826,0.027445006940887574,0.0102695887659547,2025,256
1827,0.3731362102401704,0.8993407386268565,2043,256
1828,0.05249323735568195,0.7034611652187642,1958,256
1829,6.289416490894303e-10,0.4331242778262864,2056,256
1830,0.040558339110822954,0.374106090907901,2129,256
1831,0.001028426954982125,0.3829516303517353,1937,256
1832,0.3112115146853516,0.5601609766445564,2171,256
1833,0.5786343661172888,0.5671545636169983,1930,256
1834,4.565697000275971e-06,0.2436544260208274,1934,256
1835,0.4115244936450468,0.5607385515628425,1942,256
1836,0.058976767023717805,0.3205120009667227,2113,256
1837,1.5903868642723171,0.329705441948289,2066,256
1838,0.003140101621073532,0.8094717950386463,1977,256
1839,0.03647751264055239,0.1593300110079877,2100,256
1840,0.12494187182609189,0.1483424907285913,2015,256
1841,0.049947180389043166,0.5786214973831969,2151,256
1842,2.037126400188386,0.4599531455502392,2142,256
1843,3.557068006431718,0.7461823993975275,2033,256
1844,0.026360396336954674,0.0634708168548006,2158,256
1845,0.04040513069610591,0.2413358292183628,2045,256
1846,0.003285641632734676,0.8383819148398655,1995,256
1847,0.25026461699763947,0.553875407874191,2085,256
1848,9.612172744413606,0.7419252126694109,1989,256
1849,1.1333701126730289e-05,0.8714703441459384,1971,256
1850,0.009098793507793008,0.975876624134128,2027,256
1851,0.048576647733302614,0.6476833760777294,2106,256
1852,0.0027321099124995207,0.4660720783597079,2169,256
1853,0.01543601502754719,0.6801333802280539,1996,256
1854,0.1893153436864931,0.0469807631918481,1926,256
1855,0.020655658042900614,0.6559748184269403,2062,256
1856,0.022288902718962497,0.7546825077823154,2001,256
1857,0.027785192304763295,0.5627311400702748,2037,256
1858,0.016859116529393668,0.2269470572761467,2080,256
1859,0.9599374963472838,0.3641987656276356,2119,256
1860,0.15281456657442477,0.9227865907665778,2027,256
1861,0.44813319668896323,0.8290715940845358,2009,256
1862,0.054905972635794525,0.6746156156002353,2116,256
1863,0.13422634791085689,0.064037243800072,2051,256
1864,0.0005765466427292875,0.8916542373109421,1959,256
1865,0.0027717122122217154,0.6547478871674104,2133,256
1866,0.7013562955288654,0.0448356506117977,2039,256
1867,0.7606211967401177,0.8035421928722553,1983,256
1868,0.0750946228003008,0.8713393895607089,2048,256
1869,5.144400809211083,0.8983734900549809,2045,256
1870,5.011843199147892,0.1987208799635573,1992,256
1871,0.13739994842150333,0.5283974348766453,1972,256
1872,3.279613153266801e-05,0.0118645445074722,2022,256
1873,1.3983953647720035,0.5332790230713955,1948,256
1874,0.8654667369642624,0.0020476306623949,1947,256
1875,0.0008622845611405479,0.9797415460925584,2065,256
1876,1.2503779861135227,0.0012676349934767,2125,256
1877,2.656704202824646,0.0533276433156734,2167,256
1878,0.7824009290089237,0.8698362378163808,1980,256
1879,0.041631620453546736,0.0278832202008735,1971,256
1880,1.702222215961637,0.2100277263949809,2087,256
1881,3.1450434766713515e-05,0.9327936471290968,2027,256
1882,0.00024315790933960844,0.326363969094829,2122,256
1883,0.05959163263311653,0.631086554746952,2111,256
1884,0.21571919639608256,0.5528130582409823,2157,256
1885,0.717713720969779,0.0680140911420249,2077,256
1886,0.03447083773694884,0.7816939479095305,2134,256
1887,0.0030453543888055664,0.2027784358582609,2144,256
1888,2.558731117494588,0.9709339152027924,2099,256
1889,0.9209656237686437,0.9845715860991292,1982,256
1890,0.04940341595234009,0.6648514512740719,2013,256
1891,0.6100661668577438,0.9369761309662942,1956,256
1892,0.1244811801708532,0.9641163290853642,2103,256
1893,1.6123190946271295,0.78053696974879,2057,256
1894,6.863134602498847,0.9693660914339142,1987,256
1895,2.9575947941118743,0.3819399166064736,2127,256
1896,0.9042828454526403,0.186728453366671,2106,256
1897,4.851030831866166,0.8340789739058755,2017,256
1898,0.19575968553034606,0.3362319889521008,2104,256
1899,0.08950750119754888,0.7212171629402385,2077,256
1900,0.5553957116257618,0.4714032426409654,2029,256
1901,0.2624088684716036,0.6550485137907718,1945,256
1902,3.001891834190617e-07,0.5347965438595846,1951,256
1903,0.0003556480233988968,0.1498789068744361,1957,256
1904,1.116276272457873,0.4737537573698164,1920,256
1905,8.334205315002918e-05,0.489489328265027,1961,256
1906,0.17793921573738167,0.131979389088222,2133,256
1907,0.009446018304514404,0.7515584739255212,2157,256
1908,0.015484294319920891,0.6445245625637842,2046,256
1909,0.8554742919396814,0.6822372437135146,2101,256
1910,0.07703408555543684,0.1872633604760294,1970,256
1911,0.03778442218869461,0.3165244152550506,2167,256
1912,11.753777846939228,0.7797100756332234,2108,256
1913,0.16828190673414306,0.245855272417563,2011,256
1914,0.08938717292130598,0.899996885705508,1948,256
1915,0.6609181674651676,0.700930543562153,2020,256
1916,0.049893542241304524,0.2206699544668955,2101,256
1917,4.209285319820294,0.048191052827455,2053,256
1918,0.03677490457706069,0.3041034275300294,2041,256
1919,0.484835886139853,0.6220177940265108,2065,256
1920,3.650737830267553e-06,0.0957628915596026,1972,256
1921,0.0032330997207164554,0.2381562434290706,1955,256
1922,0.000713928299149179,0.6970706824100701,2086,256
1923,1.5406466423319485,0.6456374440402846,2010,256
1924,5.779519085965376,0.2712954820091375,2010,256
1925,0.003952273827737546,0.3850174172313821,2097,256
1926,0.19514503408079759,0.9797378149351036,2083,256
1927,0.4789166345970922,0.2455058560924039,1923,256
1928,0.30387772136101315,0.7083441269359786,1996,256
1929,0.14295988953574124,0.3518275328572272,2163,256
1930,2.534309645149167,0.2287679071842349,2165,256
1931,2.834474706351175,0.2544267376221512,1970,256
1932,0.09750712008077046,0.1723876336128451,2055,256
1933,0.33113543317461214,0.060879664940207,2054,256
1934,0.2666030302609064,0.953618120838936,1946,256
1935,0.09212165093487286,0.325130674294983,2108,256
1936,1.5862265930870454,0.5869841921839373,2115,256
1937,0.0008122566990093434,0.0075483718390332,2065,256
1938,3.119764057236243e-05,0.6259163466836477,2133,256
1939,0.33001208675054083,0.0578739704812123,2051,256
1940,0.14901025037564244,0.898762859521903,2167,256
1941,0.44472275936686995,0.9681684472900224,1947,256
1942,7.347290343592083e-09,0.57891014555593,1943,256
1943,1.7580678357112036,0.2818809686457019,1990,256
1944,1.5291648177507044e-06,0.667513347361129,2016,256
1945,0.0005587548705038408,0.9882458407152516,1986,256
1946,0.5523037531321169,0.691653469399695,2088,256
1947,0.026231117899620484,0.4940904705326745,2170,256
1948,3.231791522418559e-05,0.4514739146781309,1958,256
1949,1.1454006929290728,0.5584764550348347,1927,256
1950,0.43401798914946865,0.2908406286527116,2050,256
1951,0.434588909766943,0.071109351883998,2050,256
1952,0.3316192217512335,0.4185351769371646,1964,256
1953,3.974103574587737,0.3529353733277136,1970,256
1954,0.00011708708247766586,0.6196242756783217,2074,256
1955,0.6885265043439229,0.089047668398051,2031,256
1956,4.180813505463094,0.881473280491737,2117,256
1957,0.44605483768407855,0.3936466127414967,2044,256
1958,0.0032460109052681063,0.1995885390324504,2108,256
1959,0.44255570474386313,0.5867058984803782,2076,256
1960,0.13676415228071828,0.1479729408868901,2126,256
1961,1.6373549907264213,0.6142351485023865,2169,256
1962,0.0010068891396999046,0.1702465407943283,1973,256
1963,0.33186817079113035,0.9455791700738428,1942,256
1964,0.2529400677665317,0.7295038229915035,2131,256
1965,5.898292951438116,0.949576748581607,2158,256
1966,0.1450457816130636,0.3912516811214356,1972,256
1967,0.005202734667172795,0.2735534721325989,2148,256
1968,0.010258943953942504,0.2387175185797382,2115,256
1969,3.000868944281178,0.0504006010762122,2106,256
1970,8.227265245789608,0.2349522530767395,1931,256
1971,0.007712493679053705,0.7088414311078955,2079,256
1972,1.6093180236137261,0.4689640772075905,2100,256
1973,0.01022019167809339,0.4138555955901546,1971,256
1974,1.8253570380277564,0.9828315150846518,2139,256
1975,2.457644463119546,0.1123568359080852,2059,256
1976,0.004807938145417294,0.7797890983792891,2055,256
1977,4.739284471174473,0.4474214648527704,2093,256
1978,7.295822654566629,0.1366640113110284,1967,256
1979,1.3165953572869311,0.2524380228623673,2090,256
1980,12.022990632293565,0.8533752794218294,2130,256
1981,0.11494440818568634,0.4749596343221794,2092,256
1982,0.08200660873733145,0.3524906917132863,2040,256
1983,0.2501988403479464,0.2169686999303975,2095,256
1984,4.528579885658705,0.1934012236268339,2141,256
1985,0.021565496920248717,0.2763644136647624,2134,256
1986,0.029037912112933172,0.9498577813852072,1965,256
1987,0.014485063761118052,0.6533232798993998,2106,256
1988,0.05488269356530663,0.3940745393709614,2091,256
1989,12.9319643760663,0.9365964260611026,2036,256
1990,0.28970430829906174,0.5498719518613383,1961,256
1991,1.2614896827427058,0.8923844680644729,2171,256
1992,0.008168321546981243,0.6341332524342129,2100,256
1993,0.010492228440318106,0.7004033879342576,2074,256
1994,1.2734578707308835e-05,0.3960078273399643,2139,256
1995,0.733621327247395,0.7708535610984714,1952,256
1996,0.014446919101498885,0.4754030552372499,2146,256
1997,1.5674502917832263,0.9212398632120884,2036,256
1998,4.506425861603391,0.7190337177005709,1922,256
1999,0.4443597323872142,0.5215703510427898,2169,256
2000,0.261852361783389,0.924781855473138,1995,256
2001,3.385788396774068,0.610195455880698,2087,256
2002,0.00015916263759444755,0.9834241354038316,2153,256
2003,0.002951139104734591,0.963535990425666,1922,256
2004,0.02496691120029009,0.5095346339207012,2015,256
2005,0.4602286027905977,0.7526738217392647,2106,256
2006,5.476137607906464,0.1205482415241326,2075,256
2007,0.0026664893446949195,0.0467668524439314,1927,256
2008,11.698108040806892,0.4247318161397497,1974,256
2009,0.9083453962167717,0.784765574699494,1932,256
2010,0.1814941349980961,0.655736672000181,2123,256
2011,0.42149563811622925,0.4905815408369829,2023,256
2012,0.10674284828323699,0.8118644855348252,2087,256
2013,4.532962782550982,0.4927911564890118,2118,256
2014,2.932258796392524,0.0272499285312086,1995,256
2015,0.3438442824171831,0.7570538125807336,2006,256
2016,0.019702642609156797,0.0120691873740769,2154,256
2017,3.293515493726134,0.62235843396829,2055,256
2018,0.0003924520561713435,0.968600156108094,2088,256
2019,0.49067891963305216,0.2276255951320027,1973,256
2020,0.3468705501990406,0.4154547968663544,2040,256
2021,0.023540614306814145,0.8813887193729121,1958,256
2022,0.4153522982168039,0.5544212446306112,2016,256
2023,0.0032867148902895036,0.5108879173537634,2138,256
2024,0.4851263542152064,0.0502851601150056,2021,256
2025,2.903599056534464,0.4221277845833213,2071,256
2026,0.3450254214299231,0.4104522299030566,1988,256
2027,0.21273486977083145,0.1309405094422168,2088,256
2028,0.06251526472640115,0.2102743382025096,2007,256
2029,3.629127560673538,0.4571728074601021,2005,256
2030,1.441115022138258,0.3718809949437374,1949,256
2031,0.09913496029316614,0.579906633287284,1942,256
2032,1.075869105167116,0.4138832481633896,2005,256
2033,0.43276665591245755,0.2138074280703209,2131,256
2034,0.0020724117574334186,0.6893289793555757,1944,256
2035,6.675948890585571,0.6401169806292543,2131,256
2036,0.0029404519194133247,0.3489078123042407,2007,256
2037,0.022437886879038253,0.8523386026864036,2174,256
2038,1.755045271203459,0.7303625579435586,1973,256
2039,2.787312543899103,0.8729150927543188,2119,256
2040,0.01594975306010052,0.5726041003428809,2014,256
2041,7.963807886554982e-07,0.7691520620165782,1942,256
2042,0.009628514771686322,0.1186926509397484,2004,256
2043,0.004586696321876277,0.3088835616704406,2130,256
2044,0.002701820845896606,0.9372929202197812,1929,256
2045,0.0809292370316187,0.560624161666436,2005,256
2046,0.04289623123010335,0.7990367479090703,2085,256
2047,0.08129315418668515,0.5262321748877102,2008,256
2048,0.01059324061881714,0.2686752843428315,2114,256
2049,0.21312906496099737,0.6589321960533082,1953,256
2050,1.512308597372878,0.1399748560628136,2110,256
2051,0.48114907972233334,0.5168216792160722,1988,256
2052,0.7442329586477032,0.3265914171128716,2023,256
2053,0.9114308283330773,0.6613584560541304,2080,256
2054,0.2258627840329806,0.5443974271851062,1982,256
2055,0.5734727050335416,0.5567296645633341,2149,256
2056,14.05077663437615,0.7571072203308681,2100,256
2057,0.13626917952345585,0.7592564991001673,2073,256
2058,0.007219619697544775,0.2685848804133616,2161,256
2059,0.726580958651915,0.5574384613033487,1989,256
2060,0.14692696835830646,0.8160502417523225,2170,256
2061,4.1860546112030755e-05,0.909783055325871,2025,256
2062,0.0004120047459922817,0.2220093353514932,2010,256
2063,3.515108857903402,0.5825427038088462,1994,256
2064,2.2200597699389197,0.3288576605841093,2151,256
2065,10.720682343032585,0.3304124556922474,2145,256
2066,6.840595660108278e-07,0.551754132538563,2149,256
2067,0.03549421917727622,0.4737863700825757,2117,256
2068,2.907603666177254e-08,0.3189076207320438,2029,256
2069,2.3885777440596007e-05,0.3998369948532103,2158,256
2070,5.101965859980748,0.6591944418998147,2049,256
2071,0.0009260660937183798,0.494868557565164,2059,256
2072,0.4890477471147985,0.641141601074624,2153,256
2073,1.0645217979890889,0.5817144149816691,2173,256
2074,0.4744117735995007,0.9680715894848536,1956,256
2075,2.943939203033811e-06,0.889626633002411,1940,256
2076,0.32078495257525497,0.6123091997310208,2051,256
2077,1.338256279900964,0.9939962433381284,1934,256
2078,0.005295901935366874,0.6349508065667191,2079,256
2079,0.03743775748337612,0.4512929789213202,2068,256
2080,0.13459508914467297,0.0106306670796341,2091,256
2081,5.6233674956347766e-05,0.3573930515454964,2022,256
2082,0.01328090866090753,0.0838604742907321,2076,256
2083,0.005194161995330525,0.9008122282039362,2120,256
2084,0.246001083860221,0.2274022998012189,2137,256
2085,2.3701959269408275,0.938435877574137,2020,256
2086,1.956680099428164e-05,0.2836879281768782,2058,256
2087,0.00832539883035031,0.5539907699559093,1961,256
2088,0.007157659401402143,0.021363922367959,2065,256
2089,1.1219709550327261,0.2769236338444175,2028,256
2090,1.9647064689504035,0.4198239219635959,1972,256
2091,4.357089286028958,0.7609032196260879,1927,256
2092,0.010923432598549903,0.5938615132809201,2123,256
2093,2.4644905250185585,0.3565200041555079,1951,256
2094,0.7614115033105713,0.5749519997237741,2060,256
2095,4.123842325516152,0.5968874339283124,2054,256
2096,9.42789900590199e-06,0.7491126585998136,2125,256
2097,0.7130797192254609,0.699733434481585,2132,256
2098,3.9736627668672475,0.3157172469311657,2032,256
2099,0.0022575399564413972,0.8045700642671981,1996,256
2100,5.27458823436341,0.1730585598649684,2122,256
2101,0.02510205975006241,0.2056575835030122,2064,256
2102,0.01819646044395443,0.1973262167641665,2067,256
2103,0.31910671923387,0.6064921956969961,2121,256
2104,0.0014808427664115172,0.9012412170119696,2129,256
2105,0.2826376711267665,0.7760861073266477,1941,256
2106,0.003268961801331351,0.3887439689520897,1969,256
2107,5.933169176105743,0.956005876851795,1982,256
2108,0.0076890164043890465,0.6553241615231815,1992,256
2109,0.14713026338306257,0.1857055583515493,2096,256
2110,0.006103035328216189,0.3916978929022396,2077,256
2111,6.040503554060409e-06,0.0831346152811348,2062,256
2112,0.18182312985044446,0.6467702892645237,2128,256
2113,0.4614528068809546,0.0810505448766951,2084,256
2114,2.190679663541059,0.2887485329159134,2107,256
2115,0.008394137846751006,0.611159475482878,2113,256
2116,2.961707068169697e-09,0.2414831059170291,2065,256
2117,0.3032248058364009,0.3626402559059655,1921,256
2118,2.2893252566577247,0.6196634646436249,2155,256
2119,0.009682889588048122,0.0060976668260009,1946,256
2120,0.23498128274261254,0.5686586267433746,2144,256
2121,0.885788597059451,0.7837696717737915,1944,256
2122,1.6835002930649932,0.4346407990439737,2142,256
2123,0.027472862755729997,0.7118366697709105,1968,256
2124,0.8412175574426974,0.8410717704532709,2129,256
2125,10.911092934162394,0.990233748924334,1931,256
2126,2.0792096446241397e-08,0.1715945279190506,1936,256
2127,0.05774610685485802,0.8708818986030926,2108,256
2128,26.85934631391575,0.8643752371144167,2164,256
2129,1.1267577775198905,0.0407064897996766,2138,256
2130,0.09236185202974778,0.9754461547323088,1988,256
2131,0.002252001654133381,0.6146049457386353,2119,256
2132,0.0042977710331879885,0.2386134975849529,1988,256
2133,0.06335729811210883,0.5645242217682029,2057,256
2134,2.8575060981290585,0.6791916041498195,2016,256
2135,0.023521727979772287,0.8706810321387712,2128,256
2136,0.007247240125588685,0.5599942766487978,2135,256
2137,3.8732396964945726,0.3000523675699054,2174,256
2138,0.021706178664694833,0.296095623804625,2147,256
2139,0.8088997701352827,0.5943326584031301,2143,256
2140,8.691763075759222e-05,0.818748501404458,2146,256
2141,1.6978485223697368,0.3584828079453076,2122,256
2142,2.371100473994477,0.0025380402231216,1988,256
2143,0.004103413177401243,0.7470479796904773,2153,256
2144,0.34440952303739686,0.6548827800372471,2107,256
2145,0.39562971810088415,0.0674086957789215,2140,256
2146,5.78329748524432,0.0987490081172686,2101,256
2147,0.42857542105190266,0.6647710788708395,2130,256
2148,0.05528657718955711,0.3932921623809349,2045,256
2149,0.03721298567681161,0.964933743016972,2094,256
2150,4.471596528630671,0.112674117164496,2126,256
2151,0.6242755035111888,0.9016647357720892,2122,256
2152,0.002309673559344179,0.2424731547267298,2072,256
2153,0.10461916409738443,0.8794665447475162,2081,256
2154,0.6685044255391355,0.6932671404293196,1988,256
2155,0.012889308528277858,0.119627662490748,1946,256
2156,1.8425446511476253,0.4273102358518464,2107,256
2157,3.8602483512631,0.3641452150104476,2019,256
2158,0.010358771010172603,0.8400106127656982,2152,256
2159,0.00013898417117377953,0.9701680378141772,2140,256
2160,0.021233819443575108,0.3016729475213707,2102,256
2161,0.010122170615179124,0.6096782750853812,2077,256
2162,0.005504178814054475,0.8474089679422487,2148,256
2163,0.07889525013100067,0.8474614356491014,1986,256
2164,0.5550985011268814,0.2114044501164272,2104,256
2165,1.9804406059837325,0.5765378319790343,2058,256
2166,0.35954082605869103,0.4995649627246938,1996,256
2167,3.093905044554859,0.2021542079503711,1949,256
2168,0.48844420479231476,0.9277033918555256,1930,256
2169,0.6712288451210762,0.60260082029046,1931,256
2170,0.020139093052535466,0.6076034290105281,2064,256
2171,0.010849648791977924,0.9880731897789472,2157,256
2172,0.014857082249629784,0.8950725698927725,2061,256
2173,0.22582153406352914,0.9067029456073098,2164,256
2174,0.30127289907573107,0.3910779288890578,2042,256
2175,3.8795389219676174e-07,0.5244924159861457,2079,256
2176,0.6764728140851158,0.2967836493749666,2014,256
2177,2.25680997642351,0.3068208928307371,2137,256
2178,7.305865151767e-06,0.7873497032395272,2111,256
2179,4.517712844910159,0.8224032008382158,1920,256
2180,0.004296095573221279,0.6203489879973677,2077,256
2181,0.06248716051011553,0.0681467454805067,2046,256
2182,5.874327768431845,0.9798924685111652,2111,256
2183,1.8379485825578858,0.1095521530265268,1944,256
2184,6.3654369812822456,0.3697208153489479,2163,256
2185,4.801934835154966,0.980838420147814,1938,256
2186,0.857491932921061,0.6766203603349465,2109,256
2187,1.4962382875411275,0.8629585520261459,2050,256
2188,3.433214230325469,0.7151189333302814,2037,256
2189,0.27258827368919103,0.8777381497068503,2133,256
2190,1.543325574220863,0.1107947230757142,1930,256
2191,0.16239104214661915,0.1487652342996024,2160,256
2192,1.5703078700558575,0.1118415985311775,2135,256
2193,0.00987814484475157,0.8406478262106781,2040,256
2194,1.0733900048355614e-05,0.9143885915812214,1955,256
2195,0.5136328209569773,0.7484074679199519,2081,256
2196,0.00014376061231432597,0.5298666293124926,2143,256
2197,0.0009847967501701539,0.1553200498624549,2143,256
2198,5.845818789652058,0.7347517035553331,1933,256
2199,0.34031237537154246,0.5622710630088306,2104,256
2200,0.0012795949379571592,0.1514672159619914,2021,256
2201,0.11359859686093568,0.8245705651186751,1994,256
2202,1.3460776180925036,0.3330030888815524,2130,256
2203,0.45701121168037,0.4587286543700993,2156,256
2204,0.6569093901033172,0.9704857044381474,1941,256
2205,0.8924838581028782,0.9430420184544652,1971,256
2206,0.03844923893133387,0.5763055821249606,1948,256
2207,0.044776666344084275,0.0154888470397803,1955,256
2208,2.0898074110322173e-05,0.6463684764911108,1931,256
2209,0.056305369730487206,0.2708494973548556,2169,256
2210,0.27099028853039725,0.6784666491768367,2023,256
2211,0.11807116273193645,0.4266392364805922,2147,256
2212,0.024034873294609117,0.6175953608993838,2163,256
2213,0.01461623855520236,0.7635250450104988,1972,256
2214,0.4192304912793366,0.6162778226184886,2016,256
2215,0.03493152976586413,0.4763698240981735,2163,256
2216,1.6460107152368701,0.279802490908243,2012,256
2217,0.440395669368673,0.2961105585545136,2043,256
2218,0.8636290253977706,0.0096961293162546,2029,256
2219,0.1534426489600438,0.5877192097691705,2094,256
2220,1.9078173178808975,0.2538574854676653,2169,256
2221,0.3728700820291193,0.0440467705299162,2172,256
2222,1.0719242552321213,0.1793039804450366,2095,256
2223,0.12035842353583502,0.4860192624319697,1971,256
2224,0.12417233998866485,0.3017436894179681,2113,256
2225,1.0096047917504183,0.9691899813713072,2006,256
2226,3.912022143223115e-05,0.254501164490883,2114,256
2227,0.0028583906603377508,0.8334066621996084,2155,256
2228,0.8757319576611262,0.8993698464509867,2162,256
2229,0.021969532109559934,0.3000822962121868,2170,256
2230,1.3734220096366698,0.9771927993225552,2022,256
2231,0.00017490994411561192,0.8817386244455502,1929,256
2232,0.010774761703874508,0.413656613409998,2004,256
2233,0.13292039111182288,0.2845007871875629,2171,256
2234,2.0930249844059146e-05,0.2494780922811896,2002,256
2235,0.0006772602894035999,0.337317544608908,2088,256
2236,0.01861968722863459,0.5555707327367585,1941,256
2237,0.08321649797533676,0.153004014923955,1967,256
2238,2.010194019326073,0.2800425798679857,2061,256
2239,0.020275719321747803,0.5255396157939962,2135,256
2240,1.1153857383164545,0.0212326822099518,2067,256
2241,6.094478785122087e-07,0.9226254687889784,2079,256
2242,0.7110086817437541,0.161971823072047,2075,256
2243,0.0001047606322726269,0.3753565503281607,2126,256
2244,0.08265331699653888,0.3517505993898476,2119,256
2245,0.2880729749939283,0.3891875059969197,2147,256
2246,0.010967534327232624,0.8905281634071935,2128,256
2247,1.827343428218857,0.7837387467791163,2007,256
2248,0.7364657583757878,0.439915564853407,2018,256
2249,0.11149766940060425,0.4981516119609604,2018,256
2250,0.06925240135991054,0.4198774256881926,1998,256
2251,0.00013070418399481975,0.0283705104219933,2041,256
2252,1.4803047912832132,0.1525796185339037,2028,256
2253,6.54714757616097,0.9740992328930208,1944,256
2254,0.16483189837626377,0.6959517362775673,1974,256
2255,0.08867689252062298,0.7767025318313258,2042,256
2256,1.5533327746890854e-05,0.1537375895674038,2102,256
2257,0.0002887442252763665,0.8420364518148252,1925,256
2258,0.014805674648785572,0.001054600670193,1937,256
2259,1.8781979783701932,0.0043481319191875,2065,256
2260,0.017304514116240226,0.2676012006828884,2128,256
2261,0.001633257527954509,0.8051221596689427,2109,256
2262,0.2859350553143407,0.3637709930314197,2159,256
2263,0.006162129208551421,0.4380493298053289,2103,256
2264,0.25918409747512117,0.9815173906365412,1984,256
2265,0.5206139883287245,0.3866155524211399,2123,256
2266,0.35405913639613673,0.3374759246252997,1931,256
2267,1.6619731016365062,0.1754061062520726,2005,256
2268,0.047854322565309616,0.971294107496248,2070,256
2269,1.303361811529963,0.2398225538105283,1969,256
2270,0.016333045723139893,0.5701907222126308,2054,256
2271,0.26475579193565,0.608128017356377,2045,256
2272,0.02154174359859256,0.8182994267888534,2040,256
2273,9.850973043947278e-05,0.8538109411281437,1944,256
2274,0.00023731295357975758,0.7677511824377489,2008,256
2275,0.13086880912659388,0.6704615370475379,1983,256
2276,0.002002378999477617,0.1993105337741213,2171,256
2277,0.7576463891653353,0.595097280847401,2163,256
2278,1.538907233270333,0.3678152640650369,2003,256
2279,0.26415209098220194,0.4170881249316016,1984,256
2280,3.3347625535429923,0.5719138974013144,2060,256
2281,0.0006309941477660295,0.2203758558440376,2029,256
2282,0.014080986197032661,0.1864182510880132,2093,256
2283,0.2938641271512823,0.1548602229416548,2031,256
2284,0.036348780179340665,0.6962069204117833,2018,256
2285,0.09288947714817558,0.3991657009352465,2136,256
2286,0.011208589238606993,0.4513957784438021,2117,256
2287,4.219442577704885,0.261076876820483,2052,256
2288,0.066064881217556,0.6348224817248361,2052,256
2289,0.006592487143102133,0.7700419521852362,1957,256
2290,0.23131577409314547,0.7933749882464384,2036,256
2291,4.9637052215094215e-06,0.4922748431256452,2137,256
2292,0.8452668319062095,0.5387333038030546,1920,256
2293,0.00798571795532909,0.1961295131206731,2002,256
2294,0.00012416135740603586,0.3632371519626854,2120,256
2295,1.2443660573428348,0.057655018741747,2019,256
2296,0.20677715694942483,0.0387901687179067,2056,256
2297,0.002131552861930717,0.3785011389016096,2021,256
2298,7.135057112939212e-05,0.1800536937547653,2043,256
2299,0.9722538460041116,0.169684107179503,1944,256
2300,5.387137223912217,0.1528680501799958,1991,256
2301,0.02407335085306081,0.456703856183166,2139,256
2302,0.41786138988322624,0.2828478058129472,2047,256
2303,9.669848374712187e-06,0.447440134160502,2018,256
2304,0.42545610791012156,0.9861647888285284,2021,256
2305,0.11298711007937094,0.8906097529430654,1925,256
2306,0.37188333405299495,0.4611825340142771,1930,256
2307,1.6655772199524252,0.2749512193507156,2089,256
2308,0.03967908669639137,0.4937857204666012,1954,256
2309,3.238449950085951,0.4377547030167922,2105,256
2310,0.0012795902420720392,0.7051025756814787,1973,256
2311,0.10892308983877917,0.9568021242610006,1994,256
2312,4.921899945334569e-05,0.079844927247474,2148,256
2313,0.00016055167574469692,0.1872664842294877,2106,256
2314,0.07561203124722232,0.2503407172999694,2099,256
2315,0.37532388162303637,0.8439782673494236,2071,256
2316,0.0034872275926668018,0.3062851976249443,1924,256
2317,0.00040838235118570285,0.145389161650344,1997,256
2318,2.58579831227692,0.9520970272475074,2150,256
2319,0.001897741595486141,0.5192508945937975,2080,256
2320,2.756417324326778,0.8402809249887689,2139,256
2321,0.6495419132530225,0.566187814656077,2167,256
2322,0.01345483624722559,0.2236131353510428,2098,256
2323,0.05318262400050745,0.4032764801382354,1940,256
2324,0.003256558027220737,0.1805954963897074,1951,256
2325,0.07658040045766346,0.103067834453125,2106,256
2326,4.515165437479484,0.2721413312744289,2089,256
2327,9.985613673647729,0.9538123804822516,2081,256
2328,15.46627158813757,0.7526432367987477,1938,256
2329,0.19301388738866612,0.2899253248015014,1959,256
2330,0.0008371894466069122,0.4631982834474119,2145,256
2331,0.058578786797423364,0.9556229189811236,2084,256
2332,0.3831866129665758,0.5783874631638066,1922,256
2333,0.31593368195363397,0.2989380258214954,2146,256
2334,0.7959216654532949,0.5003629604203101,2147,256
2335,1.3709256469324107,0.9656850435119184,2109,256
2336,0.3938011309933993,0.9403953675626128,2016,256
2337,0.08450389106920374,0.4419176480673703,2094,256
2338,9.297836184953828e-16,0.9374624194743094,1981,256
2339,0.0015975312130021993,0.2323604341124513,1973,256
2340,0.0002607562238713823,0.4851766822731971,2054,256
2341,0.027017873236562562,0.5216976644484068,1922,256
2342,5.1658326380330246e-05,0.7704477188151054,2087,256
2343,1.3063661598317275,0.0964442293770199,1991,256
2344,3.1894051816080453,0.6580689293301446,2051,256
2345,0.5010010688123949,0.0195742976131715,1937,256
2346,1.2646964784831086e-13,0.5830225720393166,2171,256
2347,2.166771408734681,0.4867991628648017,2111,256
2348,1.5568543189906714,0.1290577244431903,2025,256
2349,0.022388108226759258,0.3324746633914719,2072,256
2350,1.6874240501418567,0.3923597512174902,1962,256
2351,1.131617011562328,0.1212054636694746,2046,256
2352,0.1372529364607389,0.3052815384303442,2141,256
2353,2.9839439682814217,0.2897971236803529,2073,256
2354,1.5498943693424487,0.5010290899849533,1928,256
2355,2.1777040459544863,0.995591185521412,2115,256
2356,1.2137582900211672,0.7313018291294834,1967,256
2357,0.09125879131510126,0.9690345940289397,1962,256
2358,0.1326129699819421,0.1468033830874107,1942,256
2359,0.2206980496402097,0.3684481567584925,2060,256
2360,0.00013290738070274372,0.4630319032674552,1946,256
2361,2.6068028555144176,0.658116896515599,1989,256
2362,0.2843335476131002,0.7100721894943947,2157,256
2363,0.0012743301573357897,0.7463958325324738,2085,256
2364,0.04647721855600286,0.8035662133602285,1925,256
2365,6.137755736373209e-07,0.5157492084358971,1948,256
2366,4.219112778973279,0.0589545439920773,2112,256
2367,1.6632852051163702,0.53593089841307,2059,256
2368,0.07572489977670137,0.3921945828800613,2003,256
2369,0.003562291755567744,0.4262866112975649,2049,256
2370,0.05488651096707325,0.726681718026065,1999,256
2371,0.5595766874705455,0.7265276384845749,2012,256
2372,0.09144968789124568,0.6917112454980038,2074,256
2373,7.5650316852938735,0.8171724723407535,2141,256
2374,0.013043805169892153,0.4633102937115457,2075,256
2375,0.011336149359787205,0.9978767210528602,1962,256
2376,0.27828847093520365,0.7161741641500092,2106,256
2377,0.0004418624704346625,0.4354056499980712,2043,256
2378,3.283596387287307,0.19748199952632,2030,256
2379,0.06682614773698041,0.6165504192144867,2149,256
2380,1.3545246377247206,0.1072350068857578,2044,256
2381,0.5458650923729718,0.2921439791607847,2005,256
2382,0.552368319309463,0.8774636664873144,1997,256
2383,1.4970023454994726e-07,0.6004740308592524,1923,256
2384,0.3153724695298738,0.364455070495281,1922,256
2385,0.00014159233723663766,0.6672082654632742,2042,256
2386,2.007973683403873,0.1760047159300877,1968,256
2387,0.053192783298388724,0.6843672061610186,1954,256
2388,0.08209403079449536,0.282706803496257,1954,256
2389,0.018592645080342057,0.1150812863331428,1995,256
2390,2.0207481269683734,0.695738093389433,2070,256
2391,1.5021678576451907,0.0865607391450025,2133,256
2392,0.297561604488746,0.339916214745286,2072,256
2393,0.05288331425657692,0.3121859212143153,1989,256
2394,1.3666135910754258,0.7215352745395682,2057,256
2395,0.9016144400242726,0.9739963180456394,2160,256
2396,0.007930564628327806,0.5431057434791069,1961,256
2397,1.9882700102336721,0.6817919246105887,1988,256
2398,6.283327777392553,0.3321963793578445,2149,256
2399,4.512270358438442,0.857346754125096,2056,256
2400,0.04786257349872294,0.4301402287032723,2071,256
2401,0.013546885523866672,0.3931882917761612,2000,256
2402,5.512260951510495e-06,0.1506976728275935,2054,256
2403,0.004946406992758613,0.1875996484691069,1977,256
2404,1.0725002381442886e-06,0.435316842768936,2078,256
2405,4.019411608689729,0.4128077606899309,2139,256
2406,0.0036897215346162753,0.5668707681715083,1948,256
2407,0.0968011745029026,0.0561741943680006,2154,256
2408,0.20962818206336747,0.7837431013847753,2169,256
2409,2.0005663990084153,0.9650962473033085,1937,256
2410,0.14342550298966722,0.2374529470729284,2061,256
2411,0.05739655106680458,0.9693551371211416,2048,256
2412,1.4717864005680472,0.7500624276931738,1982,256
2413,2.257520253448757,0.7506610197537092,2152,256
2414,1.6279861465788472,0.5980192263488625,2002,256
2415,1.1123800258647474,0.3073716187505192,2137,256
2416,1.8182304734377233,0.6379922437372465,2163,256
2417,2.8519960979424175,0.7153162362385054,1923,256
2418,0.7410840920297268,0.4208803124052328,2106,256
2419,1.2167508035388324,0.9235308719994652,1955,256
2420,0.0022923275299755455,0.8075141424828126,2053,256
2421,0.3199122233394854,0.4729359955263008,2115,256
2422,0.2402044907709164,0.8691428225819058,1962,256
2423,1.4666220135923822,0.2241963520383247,1966,256
2424,0.007345632632194705,0.5139096578327177,2068,256
2425,0.24527125158232596,0.3802644722528062,2170,256
2426,0.6466988571336352,0.4892746179239849,2021,256
2427,0.05678617350821167,0.2127498501570913,2065,256
2428,0.10070663841793233,0.0800870601835802,2054,256
2429,3.7298508759143765,0.4150066107654186,2170,256
2430,0.00011798937695431639,0.6963099527997211,2166,256
2431,2.7344497966983483,0.2125171431672229,2162,256
2432,0.0253192596264685,0.8306389954755702,2043,256
2433,0.009647942983039589,0.907870916728258,1937,256
2434,0.3972425684659197,0.4756340002224144,2047,256
2435,0.03263115083805212,0.5857938312269184,2053,256
2436,0.0033623782577444127,0.0242264279694006,2121,256
2437,0.24229568065004795,0.6841105992409398,2013,256
2438,0.0006817025714891204,0.8858481683993166,2060,256
2439,1.018555922538664,0.9841200315301826,2047,256
2440,0.6832081872315351,0.8115498889107153,2078,256
2441,0.08473505805823675,0.7989752339423344,1937,256
2442,0.008070465206945817,0.3509627677438794,2135,256
2443,0.0873696198118116,0.5621816205844701,2021,256
2444,0.31835811061245545,0.0072402612517683,2048,256
2445,1.3566613486946457,0.8367444349590237,2122,256
2446,0.17452676962650163,0.9578054313566606,2037,256
2447,0.06458271680558862,0.438024049191692,2011,256
2448,0.06460118966694459,0.8359016193131198,2172,256
2449,0.5371905065148078,0.7268824871100485,2088,256
2450,0.2887681330838311,0.3938712075178538,2143,256
2451,0.6483016601298961,0.5899964180080507,2012,256
2452,0.6007405914909361,0.383615451786264,2083,256
2453,0.013891040597361664,0.0228282012355812,2001,256
2454,6.963151037173896,0.0393922393056886,2006,256
2455,1.271985601145577,0.7004425978427443,1939,256
2456,0.24716992414421796,0.9103291336652798,2009,256
2457,2.9866900835194303,0.052996284692994,1999,256
2458,1.4186048361774752,0.2702482007526086,2021,256
2459,1.1700681153447847,0.947097842662613,2097,256
2460,2.3916696739755734,0.4980553367425794,2140,256
2461,6.334754316225922e-05,0.9345562651368824,2157,256
2462,0.0064683179822547145,0.026571853914168,1931,256
2463,0.005734619516839505,0.4302606278912837,1936,256
2464,1.320647947283964,0.7926305193159381,1962,256
2465,0.0011220618038857275,0.4189828261056468,2174,256
2466,0.13564072415398973,0.746852857011107,2130,256
2467,0.700317196879988,0.6475681067195745,1971,256
2468,3.715562748658424,0.0323548260702463,2048,256
2469,0.0026472168960439495,0.1855982130018199,1947,256
2470,0.41365671883586125,0.8000152397767537,2092,256
2471,0.0005638979523692266,0.7685765995098037,2104,256
2472,1.11432574394731,0.669678293892664,2151,256
2473,0.01639188168549419,0.8823230211277941,2081,256
2474,6.988551391026612,0.7401468173422752,1991,256
2475,2.40005505126073,0.8179222531830848,1943,256
2476,0.011121016576301915,0.4614025323133938,1971,256
2477,0.017601207577147608,0.8564789790924952,2119,256
2478,0.2828972355771419,0.224939509949779,2144,256
2479,0.9961818764069567,0.0993085171464187,1985,256
2480,0.1818527329315678,0.4100302070473763,2058,256
2481,0.02342267214026545,0.1965138747893653,2055,256
2482,0.003651101948983483,0.1453250231240687,2054,256
2483,0.26926705559829217,0.6357226459399506,2097,256
2484,3.2497600632596,0.1294747529272386,2149,256
2485,0.0234674869526158,0.8187060775049855,1961,256
2486,0.21291543495303042,0.7953968826099188,1965,256
2487,0.15579686117046926,0.3957473498849457,2091,256
2488,3.4616121265474487,0.0250964892585094,2064,256
2489,1.6014981491796987,0.513877922010234,2096,256
2490,3.430725065017552,0.5685582953425138,2119,256
2491,0.562901248989425,0.9614753275842864,2087,256
2492,1.2517933508160476e-08,0.218030804894789,1952,256
2493,2.2207421416315197e-05,0.7819105988167847,1984,256
2494,3.367418424169242e-05,0.1405118397158083,1997,256
2495,0.6820382553580254,0.1732571854198518,2163,256
2496,0.24936415302159365,0.0633895646738271,2090,256
2497,0.33179372313583066,0.8983983827450828,2146,256
2498,1.9714264274323383,0.4331338796466418,2108,256
2499,0.10506785391552897,0.3043599370578721,1975,256
2500,0.06405211697023935,0.4669032237759161,1966,256
2501,1.3972313504790432e-05,0.1670725126836176,2076,256
2502,0.11546439177105136,0.0693036361252867,1985,256
2503,3.9935479707057273,0.9996830725688124,2161,256
2504,0.3055006188022811,0.2527095979901749,2094,256
2505,0.5613241191550643,0.8613386888200881,2048,256
2506,0.010658325641423761,0.5055741116232955,2002,256
2507,3.3367064351589193e-09,0.2270583571580714,1948,256
2508,0.03238736754148436,0.192294797867036,2073,256
2509,0.05871230512200534,0.2218224650834658,2150,256
2510,0.07598068356801942,0.6750118211298082,2010,256
2511,0.05221622355032041,0.7316086482272688,1929,256
2512,0.41094010643064544,0.3848181150720003,1927,256
2513,7.92360858855702e-05,0.4003345023574496,2172,256
2514,3.36000036987509,0.6523482704697924,2083,256
2515,0.0030650088715616715,0.0283833355462899,2164,256
2516,2.248151479416021,0.252528240189818,1937,256
2517,1.1280010695937908,0.118264436062452,2164,256
2518,0.005434595088997338,0.2767060088652473,1950,256
2519,0.44857547909179124,0.2034196484170917,2143,256
2520,0.01286294248010791,0.8357265568897811,2062,256
2521,2.379029250496613,0.3684872576704044,1967,256
2522,0.32051074099103394,0.7394103414273913,1930,256
2523,1.0569737132279853,0.2335210747350904,2039,256
2524,7.783414872650225,0.7807134274392157,1927,256
2525,0.012355145431739004,0.937948421593342,1933,256
2526,0.9970492983811031,0.800402919064634,1927,256
2527,0.03638588740169639,0.3378589856274336,2077,256
2528,0.33676244410387335,0.0386367562012015,1962,256
2529,0.0014998558255581481,0.4970716728325388,2084,256
2530,0.0020917792405395325,0.3674881688913864,1987,256
2531,0.0004780492425754463,0.0462790611021723,2095,256
2532,0.0032934901627434655,0.5772077998545141,2156,256
2533,0.28695537692338036,0.2226048676165002,2011,256
2534,0.2193793991453038,0.5672337345603938,2138,256
2535,0.5772239658995139,0.1902226994728877,2118,256
2536,0.024787695733062814,0.8390230221806059,2096,256
2537,4.365840250178671,0.7163446398593278,2083,256
2538,1.2269373321580856,0.2277845299903307,1994,256
2539,4.152089325115027e-08,0.1839974922071965,2037,256
2540,0.016750906022240213,0.4866537918395324,2058,256
2541,1.9777474503729222,0.5012332952475619,2096,256
2542,1.4584659344798334,0.0641888843542243,2020,256
2543,0.0008772353416724845,0.1011961155534488,1946,256
2544,0.03640060734607098,0.4930889164995076,1977,256
2545,4.684278973227947,0.7822488683977946,1986,256
2546,3.6903731949625267,0.347661081166004,2155,256
2547,0.4703381987910675,0.4830770223848809,2124,256
2548,0.32980656506776884,0.1413006266937573,1932,256
2549,2.9045362500217324,0.4488254194241622,1933,256
2550,0.11893272910680588,0.2311700008001813,2044,256
2551,3.122393976934903,0.6228348720400353,2120,256
2552,0.21714531962622455,0.4960419897770111,1953,256
2553,0.08518537348114284,0.8561266973556467,1957,256
2554,1.536783110113104,0.5958672615511329,2088,256
2555,1.076358092999652,0.0895489515001753,2174,256
2556,3.9684893337896026,0.2881737907573993,2169,256
2557,0.6132129295072547,0.1170600453771155,1957,256
2558,0.23080980042755056,0.2793507014757361,2005,256
2559,0.4639711067814232,0.3287427006308185,1921,256
2560,7.073871358927862,0.5914203646197446,2009,256
2561,0.0748322745851258,0.5604172813739827,2164,256
2562,2.7499292005417755,0.7887632778503073,2055,256
2563,5.763655032129279,0.1980255884358449,2007,256
2564,0.033891115986897855,0.1361811625715894,1999,256
2565,0.40085220397646,0.7530732107845882,1963,256
2566,3.450386124712629,0.6146338233234353,2032,256
2567,2.5763518677295028,0.291631065330118,1921,256
2568,19.153569498522536,0.5783693838580233,2170,256
2569,1.2217155780329323,0.2737252808680017,1994,256
2570,0.08254847291999269,0.8732897426049171,2146,256
2571,0.11344484738490013,0.0226832381093972,1927,256
2572,0.0022807675320744686,0.2169711058347587,2123,256
2573,0.06612203801916318,0.8459034354031775,2077,256
2574,3.5361201377123033,0.2895506578268149,2103,256
2575,0.08184000152790938,0.5605953592703928,1992,256
2576,0.7668405511368119,0.31935947020193,2163,256
2577,0.06456729259654218,0.0924267565790442,1940,256
2578,0.04072913866227718,0.7769182930269161,2100,256
2579,0.016093180340496626,0.0452423079256799,2005,256
2580,0.0023206484708383113,0.1144876593886492,2071,256
2581,2.697030971568898,0.4929265673034483,2144,256
2582,0.012918040732318585,0.648817380397456,2021,256
2583,8.711082949992505e-07,0.1470431572433894,2045,256
2584,1.9551565915836298,0.6007570618656691,2143,256
2585,0.2730181012272575,0.7646906803901649,1994,256
2586,6.538227164513965,0.7754717082866717,2048,256
2587,0.008214668796582381,0.6995742429457097,2081,256
2588,0.014029668860453535,0.002902122863596,1928,256
2589,0.005987083400423453,0.8127649910940624,2124,256
2590,1.3862762350917168e-06,0.2830407175333577,2002,256
2591,0.030603324215181353,0.587020785997513,2017,256
2592,0.0008287449011055039,0.3836987248605197,1954,256
2593,0.03290687695851029,0.7629380464783386,2059,256
2594,0.00021447911171617825,0.864153792718485,1998,256
2595,1.8552503949513377,0.7765476062873978,2168,256
2596,2.1347371630217627e-06,0.3824886033808989,2014,256
2597,1.0853823890004094e-08,0.2018781742177868,2079,256
2598,0.01160448445192826,0.2557993747647527,2146,256
2599,6.701190261249924,0.5315797402475269,2088,256
2600,0.017599273848398135,0.935810305840428,2021,256
2601,0.2365794305459846,0.1452892658346443,1996,256
2602,0.7373758942586601,0.4281137712415971,2108,256
2603,0.4493709157227163,0.6233483494316652,2092,256
2604,1.5110559983088023,0.1728504096874011,2036,256
2605,0.24588718557443726,0.3920357573186386,2142,256
2606,0.11698981985323942,0.9653998910226922,2174,256
2607,0.08409030160358709,0.7281498158210075,2122,256
2608,0.004800464530321544,0.9857176134066068,2111,256
2609,3.896597727802787e-06,0.8537032743356417,2134,256
2610,1.9467160478143792,0.0120594184464201,2111,256
2611,3.1318263805188473e-06,0.6665112914984491,2038,256
2612,0.026375337969444298,0.6418524742942738,1967,256
2613,0.0037696631499284858,0.260412049717396,2118,256
2614,1.1510059215313715,0.3478796649106987,2022,256
2615,0.5760771344827879,0.686987024718305,2135,256
2616,7.004985984896801e-05,0.4635058178994279,2059,256
2617,1.5587304155672266,0.951123501569588,2033,256
2618,0.05275134922087177,0.0183742260203235,1963,256
2619,5.09589629499904,0.3197750227173699,1966,256
2620,0.30869989269838427,0.0924068548738118,2060,256
2621,1.476362580546372,0.6545582942137015,1972,256
2622,0.004495363780092834,0.5819514777323936,2110,256
2623,0.004322126752050656,0.4743003685073236,2130,256
2624,2.4602372744757712,0.1956123708251677,2096,256
2625,0.007779304857876582,0.8803108874815078,1981,256
2626,4.826548509497059,0.844825603862797,2149,256
2627,1.8343832251890098,0.790135794282218,1944,256
2628,3.9285649622122873,0.5417971504560324,2104,256
2629,0.1576478657756049,0.8755827817684014,1967,256
2630,0.2746682119144492,0.8945557434206777,2062,256
2631,2.155125610411704,0.0218787237792489,2129,256
2632,1.0194808897081098,0.1628044888404738,1955,256
2633,0.3269880679704286,0.6957475825184801,2118,256
2634,1.031784069534788,0.300379273385188,2030,256
2635,0.015930045942625887,0.9085363903876128,2062,256
2636,0.35980416280661565,0.9981333818461652,2172,256
2637,0.04812467745004591,0.3343504692261032,2120,256
2638,0.00017643724264179296,0.8385858610182654,2008,256
2639,1.2412099400898617,0.6793783015807423,2036,256
2640,0.23092886377126715,0.5494638590587495,2050,256
2641,0.7747827916913491,0.6549206164077906,2083,256
2642,1.3196239605295976,0.0873567147845435,1934,256
2643,0.040151483210120686,0.2030420597910061,1980,256
2644,0.0009515933222056695,0.0725507311445551,2040,256
2645,0.05955681400147163,0.7989536084106754,2152,256
2646,0.46216310552063355,0.4545992628357304,2029,256
2647,0.007267572683657291,0.9331256794439452,2168,256
2648,2.186372560302133,0.6101210385580093,1978,256
2649,0.0017449771851218367,0.2336318686840082,1947,256
2650,3.1749290570689023e-09,0.2580487164906444,2091,256
2651,1.4174011463579388,0.1792434700201005,2127,256
2652,1.566529221792214,0.1251933665831086,2163,256
2653,1.3781138289238737,0.2616837578571021,2026,256
2654,0.1673552566033758,0.0514883844936977,2086,256
2655,3.799456198912374,0.0930776709383054,1994,256
2656,0.0062453135407121475,0.7699315104138909,2148,256
2657,0.2267831318178955,0.2412579604760617,1954,256
2658,12.022287393893603,0.9891354715724084,1941,256
2659,0.21593462609251132,0.0212422093005603,2096,256
2660,0.009743624224734512,0.9294590869525076,1929,256
2661,1.133350540755015,0.2115360568783438,2141,256
2662,1.1246016984561653,0.0696115149538785,2148,256
2663,0.17847754690239942,0.9778602215212928,2169,256
2664,0.5623060472689602,0.9059607759237605,2092,256
2665,2.4206132551351116,0.7257603809144693,1954,256
2666,0.14113987110764623,0.6465005466525257,1938,256
2667,1.31354503114342e-07,0.3965514492279085,2061,256
2668,0.0004224211823534385,0.6448522337850234,2091,256
2669,4.0620781969525215,0.1263968579499457,2105,256
2670,0.15455076628464628,0.223444251010012,1973,256
2671,0.3379858920777452,0.8108207262901506,1977,256
2672,0.021512090964729988,0.851322997651776,1984,256
2673,0.06221812800163093,0.8409170775165854,1945,256
2674,0.33080679081354314,0.6213481245238722,1987,256
2675,2.0877732638523348e-07,0.5638518083552443,2030,256
2676,0.04399844644211161,0.5895438212940896,1925,256
2677,0.011803184415523811,0.3695547739340541,2133,256
2678,6.210602467880888,0.7514935733682497,1955,256
2679,0.17376980310076537,0.2544819042704955,2000,256
2680,0.007764293917413707,0.080277077513047,2138,256
2681,3.0757094937259484,0.3229528329948887,2029,256
2682,4.551111400974966e-06,0.5900372909265471,1950,256
2683,0.6699547918686213,0.3063953602087689,2035,256
2684,0.0028816433870569908,0.7755980287022699,2132,256
2685,4.0130782044616815,0.1649915821610732,1965,256
2686,0.11751427199298731,0.8414951493818885,2040,256
2687,5.5919512172068196e-05,0.7296193482607839,2151,256
2688,0.0027210932769244295,0.694219343288802,2143,256
2689,0.5493395085953807,0.3424991467131147,2039,256
2690,0.5120995212588161,0.6950468364260174,2030,256
2691,0.014502104174727658,0.3617647338984031,1969,256
2692,0.002282256036409576,0.6856160032437603,2052,256
2693,0.12786487306486463,0.6198431030788438,1942,256
2694,4.312323881221991,0.209303084751507,1986,256
2695,0.5616492752581986,0.6809024187363001,2070,256
2696,2.0636643256466827,0.4601763442634564,1992,256
2697,1.3012624924711824,0.3981662004192086,2077,256
2698,0.19102641264392933,0.4248046803283464,1927,256
2699,0.34533040444731933,0.1324552464957022,1936,256
2700,0.022640864303910848,0.7285510540216682,1945,256
2701,0.010900943583283716,0.3505672054953729,2135,256
2702,0.2816776460851038,0.7419339880743142,2019,256
2703,1.7258053600861044e-08,0.977464123659534,2048,256
2704,0.044535266598205586,0.2329602278579378,2161,256
2705,6.627953386302732,0.9429768617500508,2105,256
2706,0.000436971228110338,0.8402239491372824,2051,256
2707,2.766362767072302,0.7097968438721293,1948,256
2708,0.10954374073927421,0.0264061563155176,2104,256
2709,0.008164061453303423,0.096878856711274,1990,256
2710,1.0025336044683986,0.2875724829472341,1969,256
2711,9.9779747397112e-07,0.261657418185529,2099,256
2712,0.20196372583590397,0.7571921504104855,2161,256
2713,0.00010275796711715236,0.1428154055221976,2114,256
2714,4.964143555787463e-07,0.5003151254685198,1922,256
2715,0.0065968719117353225,0.8176884055131841,2044,256
2716,0.1096943639333028,0.3571523073901841,2078,256
2717,1.1276101886259748,0.353829498336461,2047,256
2718,0.35774734061332825,0.225912167910658,2105,256
2719,0.3174988638964311,0.100697225811025,2088,256
2720,0.013473290398699439,0.001003466463009,1994,256
2721,0.01879665587832758,0.9091866501287342,1933,256
2722,0.09543282921359153,0.7094882946282169,1988,256
2723,0.3993442605995722,0.8161848723712111,2095,256
2724,0.0003217634967807066,0.4073708009305679,2008,256
2725,0.7943889308415175,0.9545711107869284,2129,256
2726,0.2074105425309991,0.5249954062548297,2116,256
2727,0.08831273619800856,0.1602610325719282,2012,256
2728,0.28467596305466875,0.0226529617279132,2162,256
2729,0.10220886209272588,0.6642947940053913,2075,256
2730,0.0010241006998017983,0.5676781895658441,2129,256
2731,0.15060598201313877,0.9236765564927192,2014,256
2732,0.00016730265055180153,0.4946893800364642,2139,256
2733,5.594283597640082,0.3371720423995933,2028,256
2734,1.9093342181304307,0.6800915541560706,1934,256
2735,0.029049690111070576,0.6529203603026961,2148,256
2736,0.0002124048174773742,0.5813948528738577,1929,256
2737,3.103619733757867,0.6747382586480132,2152,256
2738,3.1850424406994304,0.931949672157177,2094,256
2739,1.48258832011624,0.1309470743636249,2046,256
2740,0.8281788960766779,0.0159337885186285,2042,256
2741,0.005144725046041598,0.9011117280246608,2075,256
2742,11.145766845976404,0.9645471684744936,2013,256
2743,0.01836964687968845,0.7022355005267622,1920,256
2744,0.9762347688973736,0.5426902774792508,2006,256
2745,0.0027791127066514798,0.8553778747513137,2055,256
2746,0.04908559675434804,0.5136903356550927,1935,256
2747,0.0008126188832309365,0.4373332409348662,2109,256
2748,0.48664038195397297,0.9769519862165686,2101,256
2749,0.011302569579597648,0.5963471880125989,1986,256
2750,0.0031938641302114504,0.7474268513538158,2175,256
2751,1.2356658381816852,0.6840956592534146,2005,256
2752,0.2478094076019483,0.5655290690300745,1968,256
2753,0.218869462597791,0.5236633543924338,2091,256
2754,0.06979627924707636,0.2424780553058867,2080,256
2755,0.14130955620347804,0.453096081124495,2079,256
2756,0.0053090224860083066,0.2359120953560726,2084,256
2757,0.921941976768997,0.3144078881021808,1966,256
2758,0.38480541329225565,0.9276654028514484,1956,256
2759,0.224585770605561,0.7945354388047583,2020,256
2760,0.09619680717078272,0.0420285494047653,1980,256
2761,1.9090359356683089,0.2142580352599027,2042,256
2762,0.0010775246475576376,0.1858131838220234,2091,256
2763,0.273717898338777,0.7626140365292116,2088,256
2764,0.40869141990458374,0.9505063369118744,1958,256
2765,0.09862953585490704,0.8128193900664009,1954,256
2766,3.9861528700481355,0.3512901344068908,2156,256
2767,1.7969542864595693,0.9902514361224224,2067,256
2768,0.24743296226058345,0.5473953188887637,2148,256
2769,0.925529228077951,0.0353669258799991,2113,256
2770,0.4105788365271408,0.3961552770375467,1969,256
2771,0.09987089556713798,0.830728566705135,1998,256
2772,1.8647485746289678,0.4827510005392865,2028,256
2773,0.01277665702044382,0.8233178073915555,2067,256
2774,0.37567135358027154,0.5069926973982093,2097,256
2775,0.0014548242158180034,0.6269328904350504,1992,256
2776,4.5911926657291173e-07,0.2041282137467226,1950,256
2777,3.8944615833652905,0.2564275174148143,2154,256
2778,5.559433498181373,0.9796681322843568,1952,256
2779,7.801883525226518e-10,0.98582818553996,1997,256
2780,0.6330332114961102,0.1984894526375665,1977,256
2781,6.498004760582635,0.464600350383902,2060,256
2782,0.0616776078365261,0.5549644401472575,2034,256
2783,0.07326883087512444,0.3059318843983351,2128,256
2784,0.1863644094046493,0.8339570575738188,2061,256
2785,0.01174198493271547,0.4073968257477124,2034,256
2786,0.00252165949876231,0.8378325571180109,1939,256
2787,0.1361028066853729,0.9981904370564444,1923,256
2788,0.44137350606458564,0.8022880372228682,2077,256
2789,0.1626975767522343,0.3009469029968029,2150,256
2790,0.10408236796434134,0.289635194845761,1992,256
2791,2.2790343903120824,0.2223034353509315,2012,256
2792,0.011386276586954664,0.847234656478412,2118,256
2793,1.5190291019991313,0.3119228997409673,2006,256
2794,1.6273294810723389,0.7281452735697012,2083,256
2795,2.599450752062251e-05,0.0736399608364776,2159,256
2796,0.28665317141067814,0.2289838049155341,2122,256
2797,0.0004008933921595789,0.8885927040279756,1994,256
2798,0.07824715958173714,0.4330530667580735,1997,256
2799,6.3601985038624855,0.2798061274608768,2062,256
2800,0.07702311957151692,0.7272321031982423,2065,256
2801,3.217163365806019,0.6392021993636291,2076,256
2802,1.6171071525872815,0.3680390014556371,1984,256
2803,0.043723014061755654,0.0884582640440357,1970,256
2804,0.017160916347220754,0.4647726301299599,2050,256
2805,0.6239631276173795,0.2831849416905567,2030,256
2806,0.000307257835112342,0.3423184825601933,2016,256
2807,8.468924875273807,0.9956962140870228,1992,256
2808,0.0011312885792426315,0.9334042230467116,2121,256
2809,0.003804542531320687,0.4046463278810793,2096,256
2810,0.00019566239196150618,0.1203797567620436,2103,256
2811,0.03272066992153614,0.1447335996158371,1941,256
2812,0.017596244249161595,0.271478231253437,2159,256
2813,0.09803402786283671,0.5826491074876867,2155,256
2814,0.07335440032267757,0.5067088718951732,2100,256
2815,0.6525363416483573,0.4032401518591009,1957,256
2816,0.07842936563844456,0.0079444169008644,2154,256
2817,0.0007847736697346995,0.4572902898499604,2049,256
2818,0.019185591270112292,0.8211680420167933,1929,256
2819,0.0007050375795479442,0.5704378262003817,1982,256
2820,0.6659116058458884,0.5470140592489315,2001,256
2821,0.023636032995713506,0.9092300069339406,2067,256
2822,1.9645281802616525,0.5622887248140491,1930,256
2823,1.4887778489594397,0.1077549593443533,2119,256
2824,0.03821424020959972,0.3930125807458756,2171,256
2825,0.3277888811641935,0.096057626676988,2108,256
2826,2.345462221332559,0.9011926754921102,2088,256
2827,0.0017470659042316309,0.2325427465175032,2118,256
2828,0.01637570895941285,0.4495269846074035,2101,256
2829,0.00033673549474715016,0.1793208674446812,2163,256
2830,0.040221566458087984,0.1305638310442245,2028,256
2831,7.931056137787057,0.608228058810813,2002,256
2832,0.16724633675577805,0.0958603986325616,2116,256
2833,0.3041461856274496,0.6072327499330139,1957,256
2834,4.625198295683536,0.6293965360750787,1956,256
2835,1.5857696391425116,0.2032396542275693,2155,256
2836,0.03732158117899535,0.0533652542420076,1958,256
2837,0.00102060979879979,0.9307904408572684,2075,256
2838,0.006871549806209084,0.5311516959395486,2168,256
2839,0.00747667281769502,0.4315218965082402,1949,256
2840,0.2937083094269564,0.7023346453301546,1997,256
2841,3.1304607978792864,0.4216447940958975,2035,256
2842,0.01392415672305702,0.4525129667314046,2127,256
2843,2.0904364815144465,0.2642086965509793,2024,256
2844,0.1990591696197992,0.6920619048945948,2007,256
2845,0.056415651607266463,0.5162864333764005,2175,256
2846,0.7752975101840461,0.9326154370134626,1970,256
2847,0.5908288316121023,0.1385844872197049,2099,256
2848,3.9570647930365634,0.529254907517442,2139,256
2849,0.002003956210109873,0.6992326901124507,2048,256
2850,0.10722438094734112,0.8068260665559759,2015,256
2851,0.3579810782939726,0.5803700703008335,2047,256
2852,0.007195424721706228,0.978196523561634,1954,256
2853,2.1163224082811185,0.1565492697254975,2173,256
2854,1.9955208574288346,0.954891406246626,2166,256
2855,1.4787676491035282,0.9144232163642292,2083,256
2856,0.1842953096227468,0.8286504957778869,1961,256
2857,0.006948045854493599,0.0079262544119382,2107,256
2858,6.590000553196131e-08,0.6481047557977646,2033,256
2859,0.09290902734281983,0.271262604288931,1951,256
2860,1.0426115318632083,0.3167894717947226,2170,256
2861,0.21324398038515036,0.8993726174234753,2015,256
2862,0.4684178131748413,0.8764651304866435,1954,256
2863,1.4360019138060887,0.689323261084734,2145,256
2864,0.22482012736158732,0.1707673231979203,2149,256
2865,0.2916439898691127,0.332725336628048,2154,256
2866,0.07107920259544026,0.7961780991299955,2171,256
2867,0.04605298025318956,0.8309190355143428,2012,256
2868,15.375469311587473,0.4814861112148244,1963,256
2869,1.3286506382816987,0.5574865672811616,2037,256
2870,0.0021084272981943043,0.4704936813238389,2119,256
2871,9.09898398994229e-05,0.9534166410353944,2148,256
2872,7.281055374521131e-05,0.7816024796453909,2086,256
2873,0.017033747657805676,0.8257814183767921,2134,256
2874,0.7335224079462764,0.1013869750757392,2030,256
2875,9.626439137070464e-08,0.5539272098037267,2116,256
2876,2.1027904083470883,0.0832904240893797,1985,256
2877,0.23924142471059764,0.5661989222460851,1987,256
2878,10.061382228052665,0.2220619420956514,2163,256
2879,0.13197509735656476,0.2552507042910296,1942,256
2880,0.8835701563110429,0.4328298589570071,2106,256
2881,0.987646932791307,0.3225214525944773,2173,256
2882,0.011612789173843877,0.1149334962255155,2137,256
2883,0.04088236827089493,0.6715952199806985,2099,256
2884,9.393552239354805e-06,0.0395185486645731,2090,256
2885,1.0941650810850517e-05,0.5051548877996594,2174,256
2886,1.2886506930774304,0.1038287177023998,2026,256
2887,0.003027209560672227,0.0636024791793241,1938,256
2888,0.2143069708585257,0.7439391777152465,2122,256
2889,0.016742453479891065,0.8133775797444519,2088,256
2890,0.21084874118345667,0.9677612738691848,1967,256
2891,0.04840868487967504,0.3705845086097487,1994,256
2892,0.0522424083889007,0.0040393910437972,2008,256
2893,0.9352608836931722,0.8834258392528619,2042,256
2894,0.701064062803172,0.4778711856974561,2069,256
2895,0.011879795111485984,0.1198812806039765,2072,256
2896,0.002739184045342625,0.0309139720836328,1972,256
2897,4.559611707389935,0.1707432124807678,2119,256
2898,0.8166532865776851,0.2389569679294633,2055,256
2899,0.03808995543527249,0.1423434668985438,2042,256
2900,0.013812635052965727,0.9690368523980668,2022,256
2901,6.25668816175015,0.0582325591276211,2114,256
2902,2.772761540336332e-05,0.3601542825783503,2147,256
2903,0.12127810817596563,0.3027674734638275,2036,256
2904,3.0710987437565384e-07,0.3513847082555686,1933,256
2905,0.36109610787026414,0.2277194110574106,2065,256
2906,5.262187411826241,0.9480619968857844,2031,256
2907,0.04802800433933384,0.4733530640201102,1927,256
2908,0.8845561135242017,0.5053254464441548,2134,256
2909,0.1895052053247494,0.1228301208352005,2006,256
2910,0.14394526164744836,0.4842952185905196,1970,256
2911,9.143107478790272e-06,0.4757821863435915,2101,256
2912,0.016391392201571486,0.9227903341538716,1922,256
2913,0.007414388764604682,0.4230087954997793,2173,256
2914,2.159580506968337,0.4805455015549004,2121,256
2915,0.01017809476828136,0.2579667298133883,2081,256
2916,0.39246820128322124,0.3143109676030552,2024,256
2917,0.0022257134069174267,0.8941935752294093,1985,256
2918,1.7100921952614438,0.9010017824747916,1987,256
2919,0.0002445550151935838,0.4685416275120784,1965,256
2920,0.02497413863123964,0.0781145643655,1953,256
2921,5.3913948529374386e-05,0.4331559020990084,1988,256
2922,0.013533626323707457,0.3631463888894591,2069,256
2923,1.564357457074528,0.6265011931412197,2079,256
2924,0.787454472290692,0.988576832466474,1934,256
2925,5.069059867740525,0.1424540768432896,2124,256
2926,1.1003484272155047e-05,0.31614766967524,2078,256
2927,4.971485389544278e-05,0.7633515121753316,1966,256
2928,0.4445419889777711,0.0283343365050222,2087,256
2929,0.12141110275975214,0.3285471443051344,2084,256
2930,0.7628424921543161,0.0774284507753484,2143,256
2931,2.092698977788184,0.1749047171952067,1920,256
2932,3.1167801095748406,0.1563999389776905,1961,256
2933,1.0537034468752616e-05,0.2298230993874498,2006,256
2934,0.03874329466916411,0.3298125981467086,1985,256
2935,0.005337377933210408,0.0182835416273077,2040,256
2936,3.622548566114675,0.0939861176699808,1923,256
2937,2.27260341792869e-05,0.0651712573203657,2169,256
2938,1.0245070843922266,0.5415860268968478,2037,256
2939,0.22170266440856143,0.4481923840746356,1996,256
2940,0.4910602642621697,0.4154181348321685,2047,256
2941,0.012284446397346238,0.5548770958538923,2174,256
2942,0.011617654011985577,0.3809265530936335,2078,256
2943,1.2841479817914916,0.1516584931352238,2014,256
2944,0.1261374816014967,0.7745197834774389,2164,256
2945,1.1412988717454868,0.8743639232753523,2132,256
2946,1.6902963973694276e-05,0.2572231493187121,2150,256
2947,0.09997423963259597,0.1401449927461614,2154,256
2948,2.8029263339117745,0.5866830239560815,2158,256
2949,4.8696330114417345e-05,0.2908048573068172,2113,256
2950,1.4767950506100913,0.1121552497033174,2028,256
2951,1.4131791226291254e-06,0.2878206474889861,2143,256
2952,2.420236919253567,0.5370547347667801,2079,256
2953,1.641792949561906,0.0737989369331425,2019,256
2954,0.23954722832747444,0.1777258407499798,2172,256
2955,0.20286554611946037,0.5246191785192982,2136,256
2956,3.482258392672295e-08,0.7764309813194845,2095,256
2957,1.3636600736791513,0.1767322725157276,2051,256
2958,0.0021342468108476917,0.1135698341638246,2019,256
2959,1.1262554291093665,0.3036650300286267,1975,256
2960,0.16554282582336727,0.4483433486027677,1992,256
2961,0.002397855549282261,0.5835648824477476,2027,256
2962,0.8030919346889842,0.6446845366609866,2094,256
2963,0.13760516317725988,0.226701680105254,1936,256
2964,0.02215108542670003,0.0633817811995054,1921,256
2965,6.139984306944123e-05,0.4658249121327267,2043,256
2966,3.365691121735762,0.4149676945550156,1955,256
2967,0.06399159050771808,0.848253446070037,2007,256
2968,5.274118523449705e-06,0.9062576017653848,1942,256
2969,0.6876308551258364,0.338784300625611,1960,256
2970,0.0033195574537993283,0.0847444990877642,2149,256
2971,0.05989796087909263,0.7670824308173552,2136,256
2972,0.5688655659576075,0.5808405737509618,2026,256
2973,0.06865252345149478,0.7778861469195872,2073,256
2974,0.6821231067703493,0.2327415604140378,1988,256
2975,1.877610969002445,0.1999394200133853,2013,256
2976,0.9086711072070679,0.6555561110394597,2106,256
2977,1.3450454592967863e-09,0.237062968727851,2157,256
2978,0.005734034649855671,0.763538894305831,2061,256
2979,0.17326957683787375,0.4851581441602854,1931,256
2980,0.3366383953747442,0.4128328401098098,2086,256
2981,0.020644777469283896,0.1057995937806,2142,256
2982,0.00661272223390413,0.7135509884465836,1920,256
2983,0.053401424138876184,0.2421566858808116,1995,256
2984,0.9642772142895845,0.3818269272564771,1986,256
2985,0.004457465490623443,0.9008939554692832,2165,256
2986,4.425149979367855,0.0716013542018886,2118,256
2987,0.14763496140974458,0.2326435413056178,1943,256
2988,1.6297256098992217,0.5695973034720048,1928,256
2989,1.6667593056127048,0.502731821027519,2158,256
2990,7.996943083099215e-07,0.7606295608522838,2073,256
2991,0.030625149445824368,0.7810647586664956,2062,256
2992,0.015506763761410912,0.8927649132991249,1967,256
2993,0.19976127630037108,0.5407378742915031,2119,256
2994,0.8540311195913445,0.0998929076100272,2105,256
2995,0.015573960502961098,0.2190791963771686,1945,256
2996,0.5159585381723332,0.1619453840495476,2028,256
2997,10.18957667593058,0.619590190767234,2095,256
2998,2.3454333624010015,0.4790775426769241,2170,256
2999,1.5791800269156868,0.0973257567660947,1979,256
3000,0.03108621976783124,0.6754638739795704,1960,256
3001,0.01711097599136251,0.1465327967904286,2076,256
3002,0.011957835609572245,0.8551421194939737,2125,256
3003,1.1254961623263156,0.8064706517286416,2082,256
3004,1.2157228126896171,0.4472936915529792,2037,256
3005,0.11525353965010947,0.3863869198601513,1940,256
3006,0.053402367702983,0.4288880143542493,2081,256
3007,0.30633032520731507,0.2612372776793861,2017,256
3008,1.747739472381986,0.0997294604910514,1924,256
3009,0.0014707162950785687,0.0072792753778379,2137,256
3010,4.0119952258107295e-07,0.5532451217734272,2000,256
3011,1.4662077970636458,0.619792779170851,2048,256
3012,0.008722092150001283,0.755797808625175,2048,256
3013,0.2168858683141407,0.9699158512685,2020,256
3014,0.16859756555760794,0.9254355267440144,1938,256
3015,0.39628963485012403,0.0406333081535532,2156,256
3016,0.15243644714670182,0.9290585963514348,1988,256
3017,0.42762154840440564,0.7551022907991014,2164,256
3018,0.0013225108133784606,0.7918858588890837,2123,256
3019,0.005225796187206366,0.1832915647578611,1932,256
3020,0.414437835611472,0.0248072349009287,2127,256
3021,0.44250008470189567,0.038578027276099,2076,256
3022,0.5996958271363154,0.1590783151047521,2082,256
3023,0.24069915801379427,0.0698006497236413,2149,256
3024,0.998691426013699,0.7409386793570711,2108,256
3025,0.11146828570061308,0.3023946441750338,1929,256
3026,0.003920948098924331,0.9485695204544712,1943,256
3027,1.179698790675473,0.9964548788807904,2125,256
3028,0.0654681170872626,0.791729669230339,2049,256
3029,0.1460237295782473,0.914963329112276,2071,256
3030,0.020720192118001288,0.812058275849028,1947,256
3031,0.9851925387039876,0.5667694434113341,1992,256
3032,0.7110256495412908,0.1899688515246413,2064,256
3033,0.23333832334952645,0.2293562838595195,2101,256
3034,0.050850055808339345,0.8501544086441055,1948,256
3035,0.4816665689186648,0.2788524152031574,2001,256
3036,0.08118725995785629,0.4814793691392572,2082,256
3037,0.13238361449087582,0.3896682558592274,2002,256
3038,0.181679114413542,0.6694403075618585,2109,256
3039,0.07075836115858397,0.2621501046661327,2172,256
3040,0.03139489686461159,0.5431819988558169,2128,256
3041,0.5344280722326554,0.3080505428859579,2161,256
3042,0.32077300498401184,0.3643200321069239,1921,256
3043,2.13927264996786,0.0612660179561938,2058,256
3044,0.3500717138413474,0.4017918592405179,1984,256
3045,1.5139008365410165,0.0411296023884185,1959,256
3046,4.300089074528251,0.1335222954009914,2044,256
3047,1.1982577211460064,0.2685804506926292,2072,256
3048,0.24361721199428002,0.4535887075354594,1946,256
3049,0.13678693314285642,0.7633903516982404,1933,256
3050,3.6907307837807394e-05,0.0645080329213921,2135,256
3051,0.0008767711209944482,0.7911562926820254,2006,256
3052,0.28444501043308873,0.8529009610997207,2083,256
3053,1.8035942888703949,0.6343510300138431,2002,256
3054,1.3181483983299371,0.0715321133199978,2067,256
3055,0.09487336765592211,0.3143951788014472,1952,256
3056,0.0003937203545268688,0.7890366714371417,2056,256
3057,2.2301962847962242,0.8661281382805945,2147,256
3058,1.6812277699885463,0.3163409103342631,1947,256
3059,8.629502339816118e-06,0.1727269249095844,1990,256
3060,0.6957406247946522,0.2057443634183791,2062,256
3061,0.001817816327821845,0.5208547599852454,1970,256
3062,2.533377934401455,0.8333702780507013,2078,256
3063,0.002643225899192555,0.3989029408876088,2016,256
3064,0.06848915238952002,0.8413034882865305,2129,256
3065,5.116932378704653e-05,0.3807490808082481,1932,256
3066,1.0189366924230523,0.7828291658253117,1948,256
3067,0.33160311744737736,0.1736567196524016,2114,256
3068,6.989799336796995e-05,0.7671906015882278,2149,256
3069,0.760929123883409,0.5953267080520676,2095,256
3070,0.04624569398350346,0.2504236091777079,2129,256
3071,0.5385377467248365,0.4488283894229752,2130,256
3072,2.4823168360370964,0.4783136584503923,2056,256
3073,1.2825264504593268,0.5847113359229893,2073,256
3074,3.916976761388908,0.4650173849736764,2111,256
3075,0.36178370798054604,0.6585416740182839,2090,256
3076,0.04485901519805178,0.8793458863626366,2057,256
3077,3.78951867518105,0.3770361068500358,1996,256
3078,0.16119784812201368,0.1167308934088616,2112,256
3079,0.0011496484427107562,0.2097838873155821,2146,256
3080,0.46922037804811484,0.6064597459034767,2129,256
3081,0.14756011467837274,0.3546786591050636,2145,256
3082,0.4915456637142823,0.4654793467529504,1969,256
3083,0.3331328331047738,0.5931042173322825,2106,256
3084,0.025039124229479657,0.7228891664660594,2171,256
3085,0.008196277943312529,0.428523408372582,2170,256
3086,3.714030427156225,0.3547155721759009,2124,256
3087,0.0007722145810605254,0.785871664144977,1921,256
3088,1.7443308129906925,0.7260148229538662,1976,256
3089,0.2992191507534628,0.2433744799280642,2115,256
3090,2.393701407530488,0.2511828385740549,2089,256
3091,0.7766467875941416,0.7864227077731114,2042,256
3092,0.6307748218167463,0.959033302015616,2063,256
3093,0.7049851086735329,0.8388916521856807,2042,256
3094,1.197408900719625,0.0428796650110429,1926,256
3095,0.009912522322564624,0.4220826143246418,2032,256
3096,0.0001939165558599432,0.3417698335596645,2005,256
3097,0.000199559006276699,0.0600287789721664,2063,256
3098,0.3784449911699544,0.7362273580956386,1956,256
3099,0.07175316985027666,0.1574972393538626,1995,256
3100,0.00030725565243471003,0.324420514150454,2005,256
3101,0.0007462614137473337,0.3676759357445097,2044,256
3102,0.18312721242496535,0.952563983911132,2024,256
3103,1.120889551481605e-11,0.0069971625518422,1927,256
3104,0.00012730378254665985,0.3766406794158271,1975,256
3105,1.6548394150533394,0.8352996140043243,1924,256
3106,3.9770145763444935,0.8080794648561209,1944,256
3107,0.0026193512049643183,0.6226133099311172,1968,256
3108,0.001053693882564987,0.4481757715627468,2103,256
3109,0.5179961258941141,0.8474804579450647,2137,256
3110,0.010656351852561459,0.9043552894719384,2154,256
3111,0.45430517848107616,0.368116441971499,1976,256
3112,0.7593545464974998,0.9964754737880172,2066,256
3113,2.1182042485443655,0.2139413840761606,1937,256
3114,0.05753063332537304,0.5259325310328599,1975,256
3115,1.0296633363018877,0.2160268235742184,2122,256
3116,1.523478365340965,0.9375499782529788,2056,256
3117,2.7214449673622996,0.4347989433918788,2160,256
3118,0.00010799897488999584,0.1969075616324762,2103,256
3119,0.003599035509966975,0.4298337291803302,2059,256
3120,0.01022689821129428,0.002659374750164,2151,256
3121,0.000436219859785204,0.3086519340709884,2070,256
3122,2.0215301388460434,0.772042315849441,1920,256
3123,0.4181797132513342,0.5678051343447694,2091,256
3124,0.3767773779600443,0.68386464075759,1997,256
3125,0.006760581089822583,0.2844476772080573,1960,256
3126,0.7621865520417497,0.8551898592213265,2079,256
3127,0.004739034235719623,0.4504668988984738,2068,256
3128,0.4937836430492534,0.3878962652855346,2109,256
3129,0.004016654924409443,0.618787652219837,2068,256
3130,0.26765175578016553,0.943208212153142,2008,256
3131,0.006225192333020103,0.8146560655127218,2082,256
3132,0.23102053162017513,0.2398953124721773,1979,256
3133,0.0014370154994911809,0.5599681662810054,2174,256
3134,0.7516637509192202,0.3771523271548211,2007,256
3135,1.4948955595790274,0.2199474994470083,2108,256
3136,2.87799179047582,0.61080760878688,1921,256
3137,0.049823050656854,0.2536586200791481,2141,256
3138,0.11781441336998322,0.7116674403649279,2068,256
3139,1.9277885096499547,0.628257802563357,1956,256
3140,0.33136895554698415,0.7225177050826608,2137,256
3141,1.2012225703195287,0.3723089632396975,1960,256
3142,0.06412576238613406,0.675886620483169,1921,256
3143,5.520933374832764,0.926021486311194,2123,256
3144,0.31341564394129545,0.2941427731998751,2091,256
3145,0.0016025333658864509,0.8403209148164604,2127,256
3146,4.671767111683411,0.3445560694107272,1955,256
3147,0.8043739430914182,0.4256501732287696,1941,256
3148,0.6467317092266913,0.6804795706362331,2032,256
3149,3.329041549583921,0.152971381031217,2134,256
3150,0.007380691133963658,0.4213067339047611,2037,256
3151,0.05982933166469912,0.9733587894844672,1984,256
3152,0.10950678936066155,0.4164421767809754,2120,256
3153,0.008143275515679551,0.1055140840881704,1996,256
3154,0.7513150609623422,0.4474786195737069,2005,256
3155,0.31085655881505103,0.3107151042149416,1985,256
3156,0.0002880553243524587,0.7533457882829225,2162,256
3157,5.618648709075197,0.5974208818284573,2056,256
3158,4.2771597965837005,0.5743971905140888,1949,256
3159,0.1346845140100316,0.035063013109877,2008,256
3160,0.39443835508109615,0.3777647350578687,2130,256
3161,0.23966657894735718,0.2109605202516576,1995,256
3162,0.7312894892632862,0.9348306234145852,2020,256
3163,1.0628847200710891,0.9045482592987876,2141,256
3164,0.013597639592210472,0.2118314795851389,2091,256
3165,1.1282995962494524,0.8575474815358769,2145,256
3166,0.9913697821282783,0.5714562872008073,2171,256
3167,0.15475911996466016,0.4934537073234796,2006,256
3168,0.09384444894082414,0.0565120104874075,2165,256
3169,1.176171735570688,0.907923683500775,2075,256
3170,2.711165521009506,0.4527295160185088,1937,256
3171,0.09775639991511934,0.5427386188943756,2100,256
3172,1.4214642542009695e-11,0.6614073433909581,2001,256
3173,0.06105266060444892,0.4349708711899144,2045,256
3174,0.29211195265259543,0.7497564276564733,2109,256
3175,0.048945945855590214,0.9537791989224446,2053,256
3176,0.2286019577408304,0.9262036537577272,1997,256
3177,0.0035175065634733393,0.5963334410750938,1923,256
3178,0.9422074866551182,0.5976857827083598,2041,256
3179,2.9123667734703167,0.6116873906425269,2089,256
3180,0.002507828457322283,0.2662313419418964,2036,256
3181,0.024661826164150455,0.1426172561311259,1934,256
3182,0.7646085874941967,0.0798790572357596,2144,256
3183,0.9046550291936689,0.7411438563050509,1999,256
3184,0.0017828140716044233,0.7564945733861832,2005,256
3185,0.9155664571722137,0.8335255981155654,1999,256
3186,0.00343400567590741,0.1933199346059297,1933,256
3187,5.430970323110656e-07,0.2180300590857584,2049,256
3188,3.265388799757738,0.577059974552396,2105,256
3189,0.19189960898490427,0.6449014955615197,2064,256
3190,0.09918438974570394,0.917511316697166,2036,256
3191,0.28988744390773863,0.0823399525598185,2143,256
3192,0.3409951136528142,0.1564771338275509,2136,256
3193,0.021355298960309303,0.9571528942079452,1984,256
3194,0.4540116670131182,0.4349361202299685,2153,256
3195,0.0006051626738206803,0.5539193381019086,1966,256
3196,0.17763649913473833,0.0221541384547109,2128,256
3197,1.0610295845215802,0.8583208580665811,2156,256
3198,0.027209263049992712,0.3031222427687866,2010,256
3199,0.000476018138749981,0.0117961340169424,1940,256
3200,0.00026459866065993437,0.8474940673319425,2060,256
3201,0.13235641210443233,0.8901749112496811,1969,256
3202,0.0011864011489082901,0.0163439884854532,2017,256
3203,0.053026188724670444,0.6450333736305028,1965,256
3204,0.20849362996772466,0.2202260767837961,2118,256
3205,0.2666055222093848,0.4039642572851344,1954,256
3206,3.5508115571834205e-07,0.8164714561779068,2052,256
3207,0.5659000471062117,0.0697586300025513,1977,256
3208,1.608291879062128,0.5683480750358926,2085,256
3209,0.5019505763804611,0.8863315080838851,2062,256
3210,0.08130393326379177,0.0038002077395631,2027,256
3211,0.44913079173034176,0.7081815546905117,2103,256
3212,1.6794668802986672,0.9908444790102444,2090,256
3213,0.0008227145870826854,0.7620549118496889,1968,256
3214,0.9615146017757558,0.4866029620498758,2135,256
3215,0.20585282045718117,0.0599621705631091,2021,256
3216,0.16362786490197698,0.7350968532215961,1942,256
3217,2.9534041088827827,0.6332285284734703,1957,256
3218,0.03979663647238448,0.1157255236512103,2017,256
3219,0.878223429072446,0.0382471673692516,2130,256
3220,1.7632721462666432,0.6999927301912199,2110,256
3221,4.770862816213994,0.7199022239148427,2068,256
3222,0.010579422166539862,0.1435309651053978,1970,256
3223,0.05586088785048785,0.8684220535741523,2096,256
3224,6.144649801015461,0.0477544331924423,2054,256
3225,0.04887839795953804,0.462092439529182,2081,256
3226,6.979044714590564,0.3376242692820091,1955,256
3227,0.004204034878895293,0.9824139076889884,2087,256
3228,0.029581608630806378,0.020276961345391,2049,256
3229,0.6701993567036224,0.1311634374168545,2078,256
3230,0.048842061016349796,0.6296982241426338,2052,256
3231,0.2543191880689455,0.0868208791589012,1953,256
3232,0.37216072832382024,0.2979506080401564,1999,256
3233,0.0007607678800066606,0.2040452877458821,2123,256
3234,0.04862581336666098,0.664832773648365,2018,256
3235,2.435587415412164e-08,0.9149124044545816,1936,256
3236,4.711214217759423e-06,0.7888017053574814,2124,256
3237,0.44986068112683564,0.6209172133731969,1975,256
3238,10.65792748636683,0.2633902747394752,1987,256
3239,0.9052083301654472,0.7139338046465494,1955,256
3240,0.0889472163198301,0.8296811495468452,1966,256
3241,0.7863245174565118,0.5475195103577835,2126,256
3242,3.581652901318631,0.8258323797881071,2144,256
3243,0.0029841242875275243,0.651134379741416,2060,256
3244,0.11843318317710216,0.0703521950222844,2064,256
3245,0.004282006622575988,0.8654081372481899,2088,256
3246,0.48864250484010224,0.290439041993997,1991,256
3247,1.9128467947407861,0.5458744193236134,1986,256
3248,0.4907304393849223,0.8892828067214122,2074,256
3249,1.016364365862551e-05,0.4086051930283917,2109,256
3250,0.0016747730414195029,0.3686067575658879,1926,256
3251,0.2359070680635439,0.8926769708820101,2099,256
3252,2.654827418415138,0.3075962082550315,2149,256
3253,0.015839452354331228,0.4000155652854116,1974,256
3254,0.9805230714939845,0.0594133585085608,2150,256
3255,0.17240756964427015,0.4486202494027345,1939,256
3256,0.06569236232643626,0.9235646464794032,1934,256
3257,0.007868746877733635,0.8629231518483453,1933,256
3258,0.05991582204365499,0.8195655579721616,2092,256
3259,1.1028889079248777e-07,0.597692179858998,1967,256
3260,0.00733909290989217,0.3521435036205662,2121,256
3261,0.501570041179495,0.8958868924097417,2051,256
3262,0.0005272968624791956,0.0652599805360011,1943,256
3263,0.2183155680146182,0.9864456199935469,1937,256
3264,5.641537430601232,0.896441414070546,2014,256
3265,1.6771777823467852e-10,0.1136013675892579,2119,256
3266,1.0835953113934078,0.2924786868597129,2070,256
3267,1.4439837633467774,0.686186797077411,2042,256
3268,3.5733916998712756,0.914446572034858,2121,256
3269,0.014304547913062076,0.7330154345057212,2097,256
3270,0.3074343927367663,0.5673564086875313,2021,256
3271,1.4791299895220704,0.1272729895837138,1961,256
3272,0.04603909995022568,0.8220931995816783,2139,256
3273,1.8295456825286312e-08,0.8435752702184145,2062,256
3274,0.0011359678885590157,0.4317734440146485,1994,256
3275,1.7126754038488596,0.3973355784112682,2090,256
3276,1.0932088228185181e-05,0.0109730979723354,2059,256
3277,0.8305075993981003,0.6348942301370674,1983,256
3278,0.1419021010519828,0.7556141921171272,1999,256
3279,2.4359261552957513e-05,0.1476029305169831,1981,256
3280,0.059159787248832224,0.5424110757705934,1981,256
3281,3.1234084802720026,0.7756679112389065,2139,256
3282,0.35427824016344533,0.5720831724616707,2084,256
3283,0.007734738568374997,0.8308674276819176,2021,256
3284,1.9218229743206716,0.8619399828805495,1995,256
3285,1.1348730133651057,0.1697190371846313,2019,256
3286,5.180825875213689e-07,0.8527060152571362,2034,256
3287,3.215053153124044e-07,0.0916116291975185,2117,256
3288,0.02954831400121773,0.7713328721397295,1944,256
3289,0.10116957741463818,0.8675698610411023,1952,256
3290,1.319721866719819,0.9272655748102944,1991,256
3291,0.19911126381104075,0.0112228369512101,2005,256
3292,0.029545336672495308,0.3188953063241635,1934,256
3293,0.0005050633826236439,0.4546583496110257,1986,256
3294,0.2231710633464228,0.6754818207846405,2073,256
3295,0.004674096825315984,0.3196625243343498,2121,256
3296,5.306871440759035e-07,0.3630815610642258,1934,256
3297,0.6033104200131878,0.8848802723106601,2136,256
3298,2.7442469504417235,0.0365209691276856,2019,256
3299,0.03852697717598757,0.3255653260682331,1977,256
3300,0.46785871966766135,0.2894112643544426,2098,256
3301,1.1283525990925585,0.9478915444668048,2059,256
3302,0.00030989223317061577,0.7784938876914392,2053,256
3303,0.21600232562144808,0.6305566303834993,1927,256
3304,2.046799935186592,0.8286484068762844,2174,256
3305,0.0011653420400065174,0.703186399145967,2101,256
3306,0.3834362760005062,0.3392165356496061,1986,256
3307,1.2707375636978027,0.0854207556510109,1964,256
3308,0.4354638873376292,0.7105493753692148,2080,256
3309,0.00017018687879999774,0.4301144179855932,2171,256
3310,6.396817663302368,0.5524590933755136,2131,256
3311,0.6184940268828931,0.276856923359785,2166,256
3312,0.001624863657071983,0.9930956606658328,2137,256
3313,2.1753928845463046,0.6927184372680558,2043,256
3314,0.7237475711958042,0.3054660860352235,2100,256
3315,1.1557100474841935,0.2774627684958575,2072,256
3316,1.5492838156659092,0.994389141069382,1992,256
3317,0.052032638141448706,0.5248835481988086,2135,256
3318,0.0015591944723315498,0.7795106199636151,2011,256
3319,0.0019728049566141025,0.0837636410904598,2152,256
3320,0.005303212780797862,0.8775313970525841,2030,256
3321,0.02656516219151363,0.3117563627781868,2120,256
3322,0.02489036282122632,0.267239954414429,1972,256
3323,0.10930012689981919,0.5440670768367204,2113,256
3324,0.9960493974209252,0.8237413409484645,2075,256
3325,0.15207850466340161,0.1345866108101449,2091,256
3326,0.012153607495569698,0.3015552244781275,2106,256
3327,1.645144902760518,0.1539930275532754,1943,256
3328,0.21333710813977494,0.0329386682485506,2052,256
3329,0.3825934228301501,0.9082709066506665,2009,256
3330,0.06291092064586366,0.1675992930817456,2148,256
3331,0.9156302544933325,0.1891912035089233,1949,256
3332,0.00015234216295869027,0.8516859084417424,2063,256
3333,0.6304292696702845,0.3619401778159915,2110,256
3334,0.00457711586671398,0.8131563876994146,1986,256
3335,4.2487072755860185,0.9862617483672508,1990,256
3336,0.4861838550065417,0.8237394037755119,2153,256
3337,2.8533076236523223,0.7460240168477874,1956,256
3338,4.3466636851935245,0.5537387907453988,1986,256
3339,1.0497106898797082,0.1187958159918604,2125,256
3340,0.030731556421855374,0.6012429202388366,2023,256
3341,2.6800906985290465,0.7398002492770346,2089,256
3342,0.05348121770351993,0.655143217368453,1958,256
3343,10.122391534088555,0.2998261923815742,1955,256
3344,0.038697174008430486,0.7106746930152967,1986,256
3345,0.00010766453029836198,0.0426870089219597,2046,256
3346,0.04708216286896051,0.5319929122449365,1920,256
3347,0.16331712151516617,0.3439505856312675,2175,256
3348,0.8239525004451084,0.1841216501644426,2118,256
3349,0.0009330933045740927,0.3883057430958847,2172,256
3350,0.00399946408579222,0.292633271584606,2125,256
3351,0.05265587894287753,0.7206104872080271,1976,256
3352,0.2572173632232068,0.4233468440092525,1939,256
3353,0.00010738240540758087,0.5940551101202588,2137,256
3354,0.07873995817636881,0.1472775572616281,2041,256
3355,0.7435280493810399,0.0406531461889303,1925,256
3356,0.015024748191779921,0.5524051201071265,2128,256
3357,0.578569073905088,0.6675721928515574,1948,256
3358,0.11096071923454649,0.0763366844679812,2129,256
3359,0.004331075729719047,0.1361239278076711,2041,256
3360,2.0145282095365128e-05,0.4657380201833679,2106,256
3361,0.29552778369291705,0.3788108462242537,2083,256
3362,0.07026637786722566,0.5959932715575877,1956,256
3363,0.0037970304012263966,0.5049906567391749,2157,256
3364,0.08114281270042492,0.870327716518099,2154,256
3365,0.027247571949412172,0.6412541382079023,1950,256
3366,2.1231725912273203,0.2108846880302783,2174,256
3367,0.07120958145508927,0.9914095327409098,1923,256
3368,2.5802195557063814,0.1869127643372732,2014,256
3369,0.22000481562486493,0.5675763710311879,2146,256
3370,0.004059909148027249,0.8289754659614917,2092,256
3371,0.12202710664258276,0.3120112155246499,1941,256
3372,3.9175303817911975,0.6159262653650618,2024,256
3373,0.6107025369651978,0.7220244281038396,2041,256
3374,4.59540135804283,0.8921328508810251,2011,256
3375,0.014599420765122814,0.4599287918993291,1981,256
3376,4.776550363332056,0.260280261155796,1995,256
3377,1.6047234038030014,0.90854852331839,1975,256
3378,0.06343119951135871,0.0673272372755111,2064,256
3379,0.5103200188971516,0.6595798638923468,1944,256
3380,0.2438650376805057,0.6503543915297115,2033,256
3381,2.797135678757998,0.0636678919582038,2175,256
3382,0.0545136342687416,0.2647662243092236,2038,256
3383,3.46564128126828,0.5627113346429456,2158,256
3384,0.0014511132627502133,0.1466211286938462,2030,256
3385,2.7363177537970773,0.1108120091438839,2160,256
3386,0.6934086868316972,0.8477811897445009,2033,256
3387,0.05520863424800732,0.7583383941794107,2148,256
3388,0.012438757965410377,0.7014514371336771,1984,256
3389,0.7104066254333218,0.7027875671694087,1942,256
3390,0.020901464846378944,0.5934723746876642,2117,256
3391,0.2229764284979676,0.6162470945961389,2001,256
3392,1.7470821431387817,0.7807092165241188,2063,256
3393,0.10948933607995295,0.6485460858315658,2096,256
3394,0.8395616055356808,0.4533826314308558,1923,256
3395,0.04601215836288166,0.238873341939541,2102,256
3396,0.19254608296379083,0.4745101127819034,2018,256
3397,0.0002582447769232252,0.938349048106294,2010,256
3398,5.138744841835273,0.83795185766789,1926,256
3399,0.4292095242021557,0.687891007858182,2062,256
3400,1.5683689504975646,0.633688710376986,2100,256
3401,0.37070853052557085,0.8281136002135454,2043,256
3402,1.46433409445172,0.5628376050526015,2083,256
3403,0.004800473816439641,0.9806823306172572,1945,256
3404,3.4144548660612233,0.0694748078119218,2096,256
3405,0.13061373819728042,0.9349849673729002,2031,256
3406,0.28641202372605346,0.8895730143235981,2001,256
3407,0.0037890664995989666,0.4999859390639832,1945,256
3408,0.013685860845827107,0.2780898362242847,2101,256
3409,0.18514309560702977,0.1229207811686295,1929,256
3410,0.005188853758490026,0.9881655354575664,1959,256
3411,0.003774848808607676,0.0884899760770976,2109,256
3412,0.018286409934724714,0.0588282154808628,2119,256
3413,0.10412871314864909,0.5295491883031734,1959,256
3414,0.06109606092459738,0.1886312668966129,1969,256
3415,5.048151512323335e-08,0.7566084753580262,2104,256
3416,0.004629350672653823,0.7999354501622667,2150,256
3417,0.00016382514656607743,0.4313462376809636,2028,256
3418,0.06419835706396076,0.7997573557868739,1926,256
3419,0.03264618247299239,0.6242673957346481,2121,256
3420,0.009174348330426409,0.6966249860992106,2075,256
3421,0.268401461668848,0.6955073464045514,2064,256
3422,14.407163788560833,0.0516673592047896,2152,256
3423,0.7689174951633051,0.8533431480292258,2164,256
3424,4.56005129161242,0.6253149808942623,2071,256
3425,8.651784680242333e-06,0.8315678705979146,2108,256
3426,0.15965919421698072,0.2532406760084497,1947,256
3427,0.023923186435631395,0.4807914006357856,2015,256
3428,0.0001361748492847566,0.8132882049977391,2053,256
3429,2.7821677257258686,0.2529889882115322,2140,256
3430,0.2766657856892436,0.3882992023710323,2033,256
3431,0.3010532991105197,0.7439393494813928,2000,256
3432,3.2381134331521957,0.0027789613300427,2137,256
3433,2.1871951143205433,0.5824231515956425,1948,256
3434,1.0921099839284954e-05,0.009714303049276,2128,256
3435,0.0005586824451300306,0.3732317260881824,2145,256
3436,0.716822103142524,0.8675450101337631,2068,256
3437,0.21601161269534805,0.5084092325387706,1949,256
3438,1.353931804401787,0.5892637334944738,1975,256
3439,4.709181265376451,0.964483333667856,1960,256
3440,0.09631815609786386,0.355018090796503,2018,256
3441,0.08576741780145006,0.8176712377880574,1986,256
3442,0.04184513510142028,0.7288263138879045,2006,256
3443,4.30815011850366,0.1077594953790367,2045,256
3444,6.41019768787503e-06,0.5614081941367736,2145,256
3445,0.003679314114824249,0.6519294920535013,1951,256
3446,0.07194443132378907,0.8787894423205531,1964,256
3447,0.14979184749396063,0.4402858523764407,1995,256
3448,0.10326584931999927,0.4090243723051789,2157,256
3449,0.002878039257963779,0.6669137475686919,2014,256
3450,0.005148153520784459,0.5498544483303335,2092,256
3451,0.03170645460171644,0.4583923057341066,2055,256
3452,0.01632202444285001,0.1112759015590139,2173,256
3453,0.05029770560838177,0.4342131871922056,2024,256
3454,0.3104334123453672,0.2639736401186243,1961,256
3455,0.5489911775478404,0.577163358944179,2047,256
3456,0.3035130303497642,0.7540353847626191,2043,256
3457,1.7330493597668237,0.1272208951712501,2172,256
3458,0.05360672378794559,0.7601543172481386,2146,256
3459,0.014485372257860982,0.6747721505440968,2064,256
3460,0.01684945588845161,0.9002427770679378,2093,256
3461,3.34634902001615e-05,0.6263388855513343,1969,256
3462,0.005159813840524394,0.6289268926035452,2044,256
3463,0.16369170844559072,0.2778625443699559,1951,256
3464,0.14142162760112817,0.6586513192653356,2024,256
3465,15.078649993847767,0.1321572550758947,1993,256
3466,0.6880125561107326,0.7195788414622092,1996,256
3467,1.8520126620673474,0.229271109571495,2111,256
3468,1.6930165333581726,0.0433075381022131,1997,256
3469,3.090670757382373,0.8260918646049747,2032,256
3470,0.0230846460824836,0.4886088218151021,2156,256
3471,0.0004891961942704459,0.7704315661053317,2160,256
3472,2.3017615857959073,0.9817479972677616,1945,256
3473,0.04036234681034377,0.0185707181248026,1999,256
3474,0.18771344716109137,0.1466032519400629,1923,256
3475,0.10092392227562497,0.7864230134429072,2018,256
3476,0.0021177545562155536,0.5506929694564183,2098,256
3477,1.4631335952965292,0.5603237489065561,2008,256
3478,8.195892200598605,0.8026680921909061,2028,256
3479,0.0067768024087551185,0.3429505473983602,2101,256
3480,0.40209821687421204,0.3972840019854847,2122,256
3481,2.289173427591972,0.9754607428815436,2079,256
3482,0.3998856624573978,0.5062316798495451,2175,256
3483,0.09144079560332839,0.2226054166997723,2143,256
3484,0.0023425575099571207,0.3173070276284579,2060,256
3485,0.18765300397180118,0.9736989408975812,2105,256
3486,4.881833656124486,0.6736908364956655,2161,256
3487,2.792345543242125,0.4553659938618714,2159,256
3488,4.779604647268096,0.1659432282887399,2163,256
3489,0.006762151812862657,0.0822536573089312,2141,256
3490,0.03861315260829015,0.3755573049364145,1985,256
3491,0.19866466669801713,0.9951128373521436,1996,256
3492,0.17339524999316971,0.8381347023814627,2041,256
3493,0.004985661050737673,0.0684590271715385,2041,256
3494,16.05745976468939,0.395402645476506,2088,256
3495,1.4556066039823152,0.6479078663116445,2063,256
3496,0.02334597515371804,0.416192165593893,2055,256
3497,0.6830753265388773,0.6729050370879466,2020,256
3498,0.007045520795497255,0.3090671782500462,2066,256
3499,0.34432264989342154,0.7509686559210373,2001,256
3500,1.2065862820398927,0.9028936887385812,2064,256
3501,0.0780158918769906,0.5724645836563503,1947,256
3502,1.0192752543916732,0.8385401564668836,2136,256
3503,1.649579234148907,0.5834500779429452,2127,256
3504,1.7413620270224208,0.6812318521160747,2001,256
3505,1.323841114940949,0.4041404857939902,2149,256
3506,1.6615140562114643,0.9128094700400268,1963,256
3507,0.043757068536844794,0.4253057197946757,2061,256
3508,0.1251381787125112,0.6452113055394362,2138,256
3509,6.980722687935824,0.4992704878644503,1987,256
3510,0.29099700563044983,0.7954208879287764,2016,256
3511,0.20688975030226958,0.6607891459896078,1993,256
3512,0.07997287360113738,0.6408103473507879,1942,256
3513,0.545924478029916,0.0416455175586876,2090,256
3514,0.5101680444691513,0.9177700518359736,2169,256
3515,4.276485809909975,0.0153481458017477,1944,256
3516,0.001898032185656211,0.2505317155179009,2085,256
3517,0.10247033953865889,0.7947611218447113,2121,256
3518,0.27773340039201316,0.5757971686334283,2007,256
3519,0.4428940922294037,0.0001083373862681,2046,256
3520,1.1430704685414064,0.8642976674993379,2024,256
3521,0.009043657946933965,0.1389012896382024,2065,256
3522,1.1267423900497155,0.5054679178056216,2171,256
3523,9.586498996573937e-06,0.5084004496702091,2017,256
3524,1.076990422255172,0.1786148545175706,1952,256
3525,1.9314752888384334,0.6915483564756201,1953,256
3526,0.09656438064558945,0.2850355823953046,2033,256
3527,1.0061411233032946,0.1503426183357293,2116,256
3528,0.06908080475622566,0.8765541452726571,2037,256
3529,3.8787491045729854,0.5046833286006785,2086,256
3530,0.06293709711574594,0.7659245626296883,2058,256
3531,3.5687806690883126e-06,0.0633787517140457,2071,256
3532,1.9361928345082946,0.2623536137610747,2170,256
3533,0.1751163420145522,0.8727296139215251,1952,256
3534,6.676864492439794,0.8854656049101814,2071,256
3535,0.054223206304093205,0.4941983989559081,2056,256
3536,0.9036449227676178,0.1078646665248781,2108,256
3537,0.20466700330622892,0.2464511883228309,2003,256
3538,0.0014407877532242926,0.3886282943139784,1963,256
3539,5.012670345337803,0.56189309287548,2042,256
3540,0.034078495813701246,0.4397898962457791,1998,256
3541,2.192787861824166,0.9614717107075994,2117,256
3542,0.6881562719322039,0.7010745841135781,1990,256
3543,0.11047635432056707,0.4046998157742399,1959,256
3544,0.4160152543629815,0.6889187692191652,2174,256
3545,0.26647013621370785,0.0016232231369723,2019,256
3546,0.09499580239472881,0.5392072146278946,1981,256
3547,0.01444734271360044,0.2158014230985976,1998,256
3548,0.0012204351620792898,0.00136758317659,2139,256
3549,1.1718747779983409e-07,0.6710862163827007,2143,256
3550,0.09068013215407424,0.6345616197932616,1971,256
3551,3.6936262372190383,0.1713912863389681,2109,256
3552,0.007318869872047077,0.3740138049061665,2110,256
3553,0.012493672051373647,0.4397659330053983,2116,256
3554,0.13193207850970293,0.8004142710174577,1941,256
3555,0.39113485507194523,0.3013119227978134,2033,256
3556,4.156588098247203e-05,0.0301700222041159,2030,256
3557,0.042551081191788694,0.4552027047462994,1955,256
3558,2.8985780407719277,0.2623825202712203,1986,256
3559,0.0006853350546876036,0.9583572443152408,2128,256
3560,0.5177437822675524,0.2888699062774752,2156,256
3561,0.1246726533679612,0.7443891133839046,2025,256
3562,0.01989798383139012,0.8699429691147699,2030,256
3563,0.008192027655210847,0.3391948014108874,1991,256
3564,0.6065622670257417,0.614067879314907,2052,256
3565,0.000530616068654939,0.1124804580172257,2052,256
3566,0.038733230585324144,0.0885906488300986,2039,256
3567,0.004732261793412557,0.1498456880235287,2047,256
3568,1.6790143019143962,0.6271370434126561,1978,256
3569,0.21139525991673883,0.06015729690019,2087,256
3570,5.064340821832211,0.1483365499261967,2168,256
3571,5.581616095473855,0.0597735959227854,2141,256
3572,1.2484245199089246,0.3567567918064059,1945,256
3573,0.5050491453009173,0.9001386189552317,1944,256
3574,0.7862141005047592,0.8934172702882124,2043,256
3575,0.025891806095297155,0.901496270023054,2157,256
3576,0.019237672505766922,0.1787021921577459,2041,256
3577,3.3075005538570714e-08,0.8019823739798113,2004,256
3578,1.4580501250400784,0.814950646005702,2120,256
3579,0.6053783062070223,0.8784528099400885,2027,256
3580,0.042987261060484463,0.1392441956143952,1933,256
3581,3.601565751506758,0.9526232461622206,1920,256
3582,0.4755848549014801,0.588306511123365,2037,256
3583,0.00019068860521701512,0.1454882816767122,2011,256
3584,0.11030892355272366,0.7492926028056448,2101,256
3585,1.4592440254407033,0.9818621569828518,2090,256
3586,0.02392444522640682,0.1677125524454341,1980,256
3587,0.011789384383748054,0.7348682810463858,2013,256
3588,4.609257444781348,0.344432205869863,2012,256
3589,0.12134603386253001,0.8562676553351605,1996,256
3590,0.24579489104158708,0.5808682375164876,2037,256
3591,0.009763609119007173,0.0734991914183891,2010,256
3592,0.5666426411573489,0.9480832891293676,2008,256
3593,0.0513275831553666,0.8880218877436026,1970,256
3594,0.8312203270420393,0.6986441800135911,2052,256
3595,0.011250402760846925,0.2365079070602107,2160,256
3596,0.003733724164283905,0.8605625010542103,2078,256
3597,4.784343936769524,0.5843140575011756,2145,256
3598,0.08005290184537338,0.6139382403129127,2115,256
3599,0.015734609407880847,0.1659626498595723,2048,256
3600,0.005611119008389178,0.6110471076338294,1995,256
3601,0.2805976534949374,0.2568434652989926,1938,256
3602,0.5911587700601939,0.4998402391932212,1992,256
3603,0.31284284891528336,0.4893393926326521,2082,256
3604,0.5666295056755384,0.3001021002524208,1992,256
3605,1.9212925168412225,0.6177119474874415,2022,256
3606,7.925796010690105e-05,0.5094559872883366,1997,256
3607,0.2257205923428008,0.186063521356776,1967,256
3608,4.403452362893731,0.808433434349376,2090,256
3609,0.5241488890154125,0.1420477956239934,2021,256
3610,0.04004594291390243,0.0253271669732896,2056,256
3611,0.06429353027982473,0.4322665502175445,2026,256
3612,3.9724694141001075e-05,0.0348060822947191,2032,256
3613,3.3479964917836846,0.3635561252170373,2020,256
3614,0.004679531795671014,0.0027372798790713,2099,256
3615,0.48050073402564286,0.9273935418075294,2039,256
3616,0.021987391961069584,0.4484533506973914,2149,256
3617,0.025114582461838265,0.1126897303807237,2041,256
3618,0.4794554309393764,0.7343197216615456,1999,256
3619,0.47399335747047705,0.1469589538457915,2018,256
3620,1.4868463284780242,0.8162031094611208,2077,256
3621,0.00018894656875788506,0.6996064940572956,2174,256
3622,0.9285255716148652,0.260710495520331,2044,256
3623,0.025732818930000095,0.0130487414061624,2161,256
3624,4.879525346266897,0.0943234719957909,1975,256
3625,0.05882434807621427,0.0384168862999845,1990,256
3626,2.095012256545351,0.5562245112512729,2165,256
3627,0.009991925238884335,0.9646432590558542,2172,256
3628,1.356834050489796,0.2643329084432364,2137,256
3629,0.3610545975585157,0.6287253481705358,2010,256
3630,0.7293471654131816,0.3353379497293409,1948,256
3631,0.02330270159068796,0.7168838145086373,1980,256
3632,0.08549056879472644,0.5101194782656914,2120,256
3633,0.023339347141920284,0.2278205503611529,2070,256
3634,1.2021966632349985,0.7123416075491552,2123,256
3635,0.34450997383560494,0.8094862292642208,1920,256
3636,4.800568257120908e-09,0.7224383246915778,2008,256
3637,1.1238948991965876,0.4909523374804941,1930,256
3638,0.39165426876946585,0.1548338142681782,1928,256
3639,0.4382487883372515,0.4792190860339929,1935,256
3640,0.024585846351540735,0.6017599305714558,2144,256
3641,3.0127267176395152e-05,0.0996996515582792,2001,256
3642,2.091108054977804,0.2606205635580031,2054,256
3643,0.09237044763260893,0.947812468683494,2109,256
3644,0.05740283737821305,0.7582942368869705,1940,256
3645,0.26849256542577726,0.2769300533852064,1977,256
3646,0.0004535131126672813,0.5847490189391178,2146,256
3647,4.13869864185638e-06,0.0302101052903742,1998,256
3648,1.7237466701949316,0.2267925951841829,1954,256
3649,0.0018128450280348273,0.8779732097310295,1966,256
3650,9.003527508428056e-09,0.829616305796658,1976,256
3651,0.14165067661482988,0.4185362335892033,2149,256
3652,9.427728133733871e-05,0.9701043527317535,2135,256
3653,1.2250200639609958,0.2087183758955668,2096,256
3654,0.07957844662518519,0.6964413870305681,1963,256
3655,0.013218712464335501,0.6177948704721209,2053,256
3656,0.1161308687069258,0.7214319930139125,2127,256
3657,0.43595010614830243,0.720266012862286,2148,256
3658,5.780738626995789,0.8067426883631663,1965,256
3659,3.149717437254281,0.4286471487347755,2048,256
3660,0.08275888229616207,0.2189879092704696,2007,256
3661,9.418356829586113e-08,0.9374465896042676,2079,256
3662,4.524891400409103,0.6704586948534138,2074,256
3663,0.003616574122455651,0.88347450578912,2133,256
3664,0.29834037789246887,0.2397056605416901,2154,256
3665,1.6687541857040802e-05,0.809744837714903,1926,256
3666,0.07821548493062096,0.5621679316664092,1944,256
3667,2.8879863311569896,0.2151886198014403,2009,256
3668,0.0690912530841864,0.6628057154105409,2151,256
3669,6.0464480892425465e-05,0.841871902284856,2086,256
3670,0.8479708000009398,0.6621072431025821,2039,256
3671,0.021591123158561806,0.3907866296715706,2021,256
3672,0.03479185771925584,0.6967316318699496,2092,256
3673,2.47501397476186e-10,0.995870297948537,1962,256
3674,0.06134442995479736,0.3916469402727003,2165,256
3675,0.03526568660816686,0.9113187371655702,2167,256
3676,0.10889102865398287,0.9733413167879515,1934,256
3677,2.49313585619113,0.7401860964433022,2048,256
3678,0.04354188003071373,0.7249712584926812,2165,256
3679,4.4918710820045896e-05,0.3191740295980151,2146,256
3680,0.061163600961552766,0.1674539773735598,2000,256
3681,0.02337329100667779,0.8879896117536369,2101,256
3682,3.484364806538247,0.2899759587818049,2096,256
3683,6.483786688709935e-10,0.5624077729346479,2008,256
3684,2.0015549692832657,0.9768872745804964,2123,256
3685,0.4646063279335912,0.5166895175976337,2008,256
3686,0.051922478994589724,0.046770085304065,2127,256
3687,0.0001419999058892785,0.8426201839801697,1947,256
3688,0.07745742215339403,0.9526859436407964,2102,256
3689,3.8852177244320467,0.8485044606149454,1920,256
3690,0.05150564143766197,0.495843527722886,2128,256
3691,0.0031821890284298884,0.8636351610789594,2085,256
3692,0.19595722086401138,0.0529772941416414,1997,256
3693,0.32356476202865214,0.0112663811648142,2138,256
3694,0.05002450874482763,0.1890607625955193,2069,256
3695,0.021890813008526903,0.9844177756998364,1985,256
3696,0.0037859159553027166,0.8632453029395429,1995,256
3697,0.0023179966773572537,0.7988124665090306,2062,256
3698,0.12443325841155244,0.960783215337672,1953,256
3699,0.004232236121772816,0.440366735193778,2176,256
3700,4.3078381116497285e-05,0.8371133513482528,2095,256
3701,0.055305252129343244,0.545046183181885,2015,256
3702,0.0076799320944124115,0.1213443995545694,2167,256
3703,4.412814964698174,0.784545904024264,1969,256
3704,0.0406514258660926,0.493818288174158,2154,256
3705,0.011473789777051324,0.0780560377068836,2116,256
3706,0.0014766686264813269,0.49210352572571,2058,256
3707,0.29695172763630934,0.3058961837160022,2142,256
3708,0.35042978807273356,0.875950064831242,2105,256
3709,0.32727423650088,0.5999389831663191,2061,256
3710,0.7003086113468133,0.4307754753244048,1954,256
3711,1.3142729199328285,0.5938940679324864,2024,256
3712,0.8529876714062594,0.3526784686738894,2175,256
3713,0.0013722267586878478,0.8086161410745657,2169,256
3714,0.0039404306505201585,0.8304359370320938,2051,256
3715,0.21156144958254053,0.6312360697149797,1937,256
3716,0.6847924956001954,0.9608371187051338,2140,256
3717,0.29199222358969235,0.7106836190471468,2042,256
3718,0.00046448819718069445,0.4283007004723522,2065,256
3719,0.45039876052762645,0.446863414660571,2030,256
3720,1.0039930110265152,0.1581749466401523,2114,256
3721,3.67008274472102,0.988405311280358,1973,256
3722,0.8787750563133895,0.4921622859697818,2040,256
3723,3.0425937378651122,0.2548319682875896,1957,256
3724,0.0008706242883254762,0.4729090047472902,1938,256
3725,0.009044236700069366,0.3470933837347671,1947,256
3726,0.29420774004607275,0.0837239060812726,2176,256
3727,3.4086736712261008,0.7546396395933175,2013,256
3728,1.3560896999668686,0.8020533353620882,2072,256
3729,1.176897822786265,0.7159524634866891,1944,256
3730,0.06790021223868938,0.618140673232922,2059,256
3731,2.1446126179819824,0.2722822895453226,2142,256
3732,2.3439678789711125,0.4770002078730945,1969,256
3733,5.556653184031445e-06,0.663926532168454,2025,256
3734,0.5345990037061349,0.7962959076693885,2055,256
3735,0.027958814648814515,0.9563513384983834,2152,256
3736,5.270950753409511,0.0273518351120929,2034,256
3737,0.014259759824447124,0.6866538637024165,2073,256
3738,0.6043593219154415,0.51708095314084,2161,256
3739,2.7756629245894597,0.0903640630425137,2110,256
3740,0.004004248380620101,0.6048837374386735,1952,256
3741,0.5233687558405942,0.9732029201376042,2003,256
3742,0.2188307399848634,0.4609621180954464,2041,256
3743,0.08407626434051309,0.1189647834754306,1949,256
3744,0.9244506645915225,0.842469384796557,2134,256
3745,2.0041827061665356,0.6266638627736956,2004,256
3746,3.0850186982124748,0.0449847507755722,2002,256
3747,1.8485211312150658,0.285553511627041,2028,256
3748,7.455823586922173,0.5878317755169592,2125,256
3749,0.00011617101444377381,0.1322163517469721,1961,256
3750,0.0006068068631452705,0.4346691230473026,2101,256
3751,6.012782801321103,0.464473001259172,2145,256
3752,0.09600329533632437,0.6495673066622599,2057,256
3753,0.039308739944906905,0.9135451239537208,1964,256
3754,0.04415697493139321,0.292802811751249,2008,256
3755,0.12324059421209557,0.4706721909265059,2002,256
3756,0.18428427849547407,0.7636122637319395,2024,256
3757,0.20793030647895427,0.7812658266298556,2122,256
3758,0.007647390180268039,0.6223657679178554,1937,256
3759,0.13890260319819012,0.1119739277316701,2014,256
3760,4.1298224839933676e-05,0.766441399330061,1950,256
3761,0.22917439773001635,0.4001429628166838,2068,256
3762,0.007835509318028235,0.6694117564411546,2023,256
3763,1.0162334700976983,0.0235325633610614,2085,256
3764,0.18803067957406772,0.8901845114772705,2058,256
3765,0.05058717966537797,0.0715992206372152,2009,256
3766,3.5139247112179026,0.9226544587088132,2101,256
3767,0.1543648958086319,0.6833344459434149,2073,256
3768,3.4142110252904717e-07,0.4747232156999758,2087,256
3769,0.04520262511597092,0.2550349417501754,2120,256
3770,1.0822337374670457,0.4748360077644592,2141,256
3771,0.4740615164144771,0.2236938936812317,2166,256
3772,0.0036843834465339477,0.5056698362846836,2071,256
3773,0.021524914996716618,0.650620068900277,2010,256
3774,0.7018207080688491,0.3678068758581256,2059,256
3775,0.24371438968211528,0.0319107690815937,1998,256
3776,0.8171088185322755,0.90537222521498,1922,256
3777,0.01654002898829451,0.402143361930154,2061,256
3778,0.09600385370244156,0.1373120943071359,1997,256
3779,0.018202752675122804,0.9579357775528812,2144,256
3780,0.45442340179346397,0.5587964111058614,2149,256
3781,0.05728951249033022,0.1042667750948549,1986,256
3782,0.1379082371453051,0.0718885532013812,2128,256
3783,0.0018257693335071404,0.6935982842359428,2051,256
3784,0.06204004232708827,0.4862230686297949,2147,256
3785,2.2486340262630142e-05,0.9143769811821296,2090,256
3786,0.061924396449391864,0.8338870365679089,1969,256
3787,0.010080738204953952,0.6139601436396114,2092,256
3788,0.0009507788025592992,0.6681443916828492,1941,256
3789,0.04286643666228511,0.8912054294356394,2007,256
3790,0.003431648695435036,0.9704650973081156,1941,256
3791,2.551153556513713,0.9358307383689894,2083,256
3792,0.0436714195490042,0.1061921142140839,2047,256
3793,0.0009003520743197238,0.8669929560194021,2131,256
3794,8.654480936169417,0.8781109031264795,2000,256
3795,0.08442575233487946,0.5464854048861842,1930,256
3796,0.39683290324181375,0.1563970085954908,1984,256
3797,0.058792350080713554,0.0889003043727141,2161,256
3798,0.0985805770067528,0.918990704139248,2112,256
3799,1.6201376193666046,0.342913651883227,1998,256
3800,0.10552690863594116,0.1939421073166701,2046,256
3801,2.1376916403829065,0.198731790860831,2112,256
3802,0.4162124078361794,0.9212254284906032,2018,256
3803,0.0017126039987864633,0.3413978265657683,2059,256
3804,0.14934891463694605,0.4862348310244909,2172,256
3805,0.33064282676586876,0.8313908559495519,2106,256
3806,0.9465220907287274,0.4985478241364384,2091,256
3807,0.40950855194127134,0.0671358456777934,2165,256
3808,0.19323395928705203,0.9623292771943,1957,256
3809,3.608060842989772,0.8184457772978783,2021,256
3810,0.0011027429059370744,0.2004545740041615,1933,256
3811,6.295121078223864e-06,0.1110426434317037,2062,256
3812,0.12352161829296172,0.0340355019952524,2147,256
3813,0.5441131001460824,0.8412885895603194,2117,256
3814,2.0401643517246515,0.474931140449261,2095,256
3815,1.5381334015733479,0.3909477443781698,1987,256
3816,4.071831698966586e-05,0.0723521333098389,2149,256
3817,0.5677839065502772,0.9690793277579056,2169,256
3818,0.14980712145718345,0.3117177995179904,1938,256
3819,3.6567485236420354,0.2715949448425536,2057,256
3820,0.30877249978248783,0.3892762852052117,2149,256
3821,0.047380557112437965,0.2468467651265599,1964,256
3822,0.0030955502934852516,0.8069444091109795,2074,256
3823,3.260209488576448,0.6117916229338237,2122,256
3824,0.0029611631757689044,0.6742230397062574,1921,256
3825,0.871042837381248,0.9815230468477828,1929,256
3826,0.031170649291248024,0.52696629195525,1959,256
3827,0.9442613132795062,0.6300297664273193,2052,256
3828,0.5092043534330308,0.5736213843652935,1995,256
3829,0.11046359574786209,0.2222756312988739,2108,256
3830,0.0014028647910181865,0.2211321764745989,2082,256
3831,0.34175713797221097,0.3338742567869966,1938,256
3832,0.4088652779953061,0.85648110992686,2029,256
3833,0.02478047372398928,0.6208458210589622,1928,256
3834,0.0006363967727947642,0.1944317486964919,2138,256
3835,0.16991328791633434,0.0346859956003915,2089,256
3836,0.00544778768131585,0.1066004810217955,1991,256
3837,0.002750467032031027,0.017757821712663,1954,256
3838,0.003986273342438253,0.1493317033785693,1973,256
3839,0.47906910177562273,0.2209022748730917,1936,256
3840,0.0021761597076882097,0.4602259961206689,2000,256
3841,0.19616970275251155,0.6957040153732006,2163,256
3842,0.004086347469354832,0.5113800797775244,1955,256
3843,0.14268742656533068,0.7694783749718017,2137,256
3844,0.00314107225015448,0.7320900654267075,2019,256
3845,0.00011750729974323174,0.1128987542646683,2114,256
3846,9.89541159946054,0.8289337503431747,1979,256
3847,4.318621493358132,0.7309413499001034,2036,256
3848,0.4711721211101193,0.1081130301752757,2112,256
3849,0.05138620798598578,0.8198738953034337,2143,256
3850,1.8945787116599755,0.5152691181354665,2129,256
3851,1.296116525862663,0.9334586773824228,2019,256
3852,0.2714997262324054,0.7334758575299515,2134,256
3853,0.6275220632795787,0.4849454760716108,2004,256
3854,6.699654156451187e-09,0.8053605892659603,1928,256
3855,0.015162873537853958,0.2486186747154163,2092,256
3856,5.190013661600364,0.4766279423255294,2033,256
3857,0.25530422510736805,0.4494712434291885,2036,256
3858,0.23340401468619043,0.5321697278024652,1932,256
3859,4.875741175387625,0.3343356272891695,2018,256
3860,0.25260664334191857,0.0417093993573008,2051,256
3861,1.561739495945094e-06,0.6529224809010046,2050,256
3862,0.17738304672568164,0.4637976353184967,1934,256
3863,0.00872700285909731,0.5533052303391304,1996,256
3864,0.03219880544821252,0.020241138413839,2040,256
3865,0.0678018598527453,0.0527500300604679,2026,256
3866,0.029326620101599133,0.2346986602494811,2078,256
3867,0.13530997138869696,0.4604739600358833,1938,256
3868,9.2474887843207,0.2958096855301554,2093,256
3869,0.05747853937401036,0.0812710319627442,2012,256
3870,0.07175644108156529,0.3213587102583327,2165,256
3871,0.8076125054177364,0.5006899306557103,1966,256
3872,1.6823117092670736,0.2548355024530648,2142,256
3873,0.0017215618430043876,0.7329178120822196,2159,256
3874,0.11286791250687168,0.8937725883154873,2152,256
3875,0.0031322770540840876,0.3149553091899151,2020,256
3876,9.888655850097756,0.2246826213429194,1992,256
3877,2.223690819776649,0.5329323970459323,1921,256
3878,6.093178123748605,0.982571338523048,2035,256
3879,8.415558312212376e-11,0.9233350539695742,1985,256
3880,0.3562933516508661,0.643889761954377,2127,256
3881,0.013147561928503936,0.7478842465074138,2086,256
3882,0.017401906975750368,0.0480414590674359,1924,256
3883,0.0009225604331938847,0.6880832951384285,2030,256
3884,0.14997694326758929,0.3522195202957228,2159,256
3885,4.788648441530403,0.6248484506760559,1969,256
3886,0.0016200028363776355,0.7415803603197852,2146,256
3887,3.7592053301023545,0.5209134815045171,2044,256
3888,2.320081996151457,0.903227559749336,2107,256
3889,0.5403158908741712,0.6106734147946914,2033,256
3890,0.0014869921612973831,0.018477939818709,2049,256
3891,4.868101125257913,0.894290574376348,1999,256
3892,0.044724987525967375,0.6611275416983002,1943,256
3893,2.6589386754778417,0.5851955970022884,1974,256
3894,0.641115032125406,0.929436490050475,2005,256
3895,0.03073759608758927,0.6503481365214361,2019,256
3896,0.004242394487955597,0.2833643932985296,2009,256
3897,0.00288185995712473,0.1743189056439374,2039,256
3898,0.09636827806831007,0.7628691460172922,2169,256
3899,1.730924725358971e-06,0.4673036014953137,1984,256
3900,1.643832132303243,0.2962515469927345,1920,256
3901,4.798009131883792e-05,0.1613953327436523,1949,256
3902,0.0006786417469503257,0.6209845653953094,2166,256
3903,0.000673663314091989,0.4982175919329569,1936,256
3904,0.0009039482868516994,0.7565397627138024,2163,256
3905,0.0006096389310806316,0.3787467735629085,2107,256
3906,0.33117737918365225,0.3437640309349478,2055,256
3907,0.017771182395695254,0.413292117709917,1931,256
3908,0.8547951685336969,0.3279810291750659,2074,256
3909,1.5799286319677301,0.7532356756637243,2122,256
3910,5.979278685275143e-05,0.2734604895856958,1950,256
3911,0.02772394050315447,0.5664590747168936,1974,256
3912,0.2590328252362341,0.3071920924788462,2121,256
3913,0.22209654164432308,0.6543449934446822,2029,256
3914,0.1966559610952529,0.3622602514129583,1991,256
3915,1.5016539744325978,0.5436879953486875,2038,256
3916,1.3155426777606987,0.861744073995652,2063,256
3917,0.009151499357293027,0.1987803122441185,1957,256
3918,0.00011340173657591011,0.7481396189372751,2176,256
3919,0.05527341455995102,0.5841060455685464,2165,256
3920,0.17624297444365158,0.669504460890612,2152,256
3921,9.561759795001663,0.6508203711877774,2005,256
3922,0.01476004068081732,0.4534489082870419,2067,256
3923,0.022030206605532184,0.7328892974698736,1958,256
3924,2.3035770051263564,0.2898216059134174,2031,256
3925,1.1673347744224774,0.2159160603973982,1926,256
3926,8.479881715407959e-05,0.2191194748080731,2109,256
3927,0.06059485943109946,0.4281874366529312,2171,256
3928,0.5215639617094854,0.6421251498348913,2174,256
3929,0.03664583622569982,0.8587133041564309,2054,256
3930,0.02838712593271549,0.8028558773253547,2171,256
3931,6.368131441151563e-08,0.235601400296694,2030,256
3932,0.131040268176874,0.118008986039936,2049,256
3933,0.017039728598159415,0.824733384389874,2176,256
3934,0.007078381858089165,0.1508939562273878,1965,256
3935,0.16762696919612102,0.7852814720445253,2129,256
3936,0.5755448488920261,0.4475534030587722,2009,256
3937,1.0430875219598539,0.9071559875881016,2020,256
3938,0.001878364600176951,0.3064323553824432,2023,256
3939,0.0004389256814326779,0.4166479201205494,2114,256
3940,0.8620387920107812,0.7682156603311683,2085,256
3941,0.5707266953733284,0.3336195853201478,1970,256
3942,0.4956003596395072,0.5811282078352704,1957,256
3943,2.429454053045458,0.5977592055526749,2033,256
3944,2.2922104973909723e-08,0.924190419289356,2087,256
3945,0.020501179514318315,0.3700600518877261,1956,256
3946,0.22452043798040028,0.4352725679370992,1925,256
3947,0.12906324712561876,0.5943234841642512,2027,256
3948,0.01758444492399208,0.2196135170285423,1972,256
3949,0.00011008659334639017,0.946186044277914,1990,256
3950,1.2268268004371587,0.6908597863176624,1992,256
3951,0.002520016051531017,0.9156247103792322,2088,256
3952,0.10838315173878171,0.0571909283435279,2000,256
3953,1.5260541152361438,0.5207107048693,2121,256
3954,0.000380812594835735,0.2684981867055602,2074,256
3955,0.11330433483444549,0.4707687039828755,2060,256
3956,7.154421053987324,0.7727052944287289,2135,256
3957,0.003740875370397065,0.2923875004817108,2130,256
3958,4.237209100669537e-05,0.876719942569877,1955,256
3959,4.543233801649902,0.4449574410799807,2082,256
3960,0.011729018324158931,0.8083487649140125,1960,256
3961,0.7141617811873552,0.8924465130012872,1927,256
3962,0.027392955978162836,0.4876953035519066,1959,256
3963,0.21223075567347532,0.1337385419440346,2010,256
3964,5.94396826339209e-05,0.8831390502502493,2155,256
3965,4.031194652617087,0.069595249302481,1934,256
3966,3.0516794281641504,0.8742686691876468,2075,256
3967,0.22294152032717018,0.7871380512880497,2060,256
3968,0.8284860687122604,0.365193755484772,2007,256
3969,1.343984067329353e-11,0.9448676846068428,2039,256
3970,0.10296461581768045,0.4275604817322178,1999,256
3971,0.0017392483767923197,0.4254833146934254,1946,256
3972,1.0165607094986853,0.0041458132536928,2083,256
3973,2.154149248070687e-09,0.9161261995393783,2084,256
3974,1.7134602372696421,0.2291777442149247,2037,256
3975,0.3428128145125136,0.3386607991555171,2155,256
3976,0.20048009233065195,0.89125157007699,1987,256
3977,0.03820559037270455,0.9025133868312064,2046,256
3978,0.03666080557485135,0.6477286841953257,2014,256
3979,0.009139634204120959,0.7925137950532303,2134,256
3980,3.452543735008952e-06,0.2008859773455502,1976,256
3981,0.0011877415895432358,0.2356718418931588,2007,256
3982,0.5072686192071968,0.8280560863851428,2169,256
3983,0.2479622468100567,0.9459190072707157,2140,256
3984,4.521588405498848e-06,0.4588115823402777,1926,256
3985,1.6238293364246346,0.9777171020564333,2081,256
3986,3.0058192322451656,0.4691672673072443,1923,256
3987,0.065267786952316,0.2041279822710729,1986,256
3988,1.9109813238760833,0.7384149029563303,2159,256
3989,4.457443288933241,0.8529920028290962,2008,256
3990,0.09160524183778919,0.541477156186381,2029,256
3991,1.5682711523888089,0.998693633651724,2096,256
3992,0.007955070003651657,0.4535709109168775,1964,256
3993,0.07749784110792546,0.7697769549365687,2056,256
3994,0.4150392200873071,0.7313545856758942,2043,256
3995,0.5965769153771477,0.6567452582500143,2052,256
3996,1.3436219266258501e-08,0.8879353506385443,2021,256
3997,1.0693192452064335,0.653693417816018,2042,256
3998,0.01425899872065511,0.1747229830244844,2090,256
3999,1.1417077499137256,0.0479465532605885,2137,256
4000,1.4401549296488454e-05,0.7210255277771798,1997,256
4001,0.046378310048416874,0.657359190087048,2106,256
4002,0.9937060274039732,0.6864134914143754,1937,256
4003,3.2744991548546815e-06,0.5167412868004739,2097,256
4004,3.8121101903186374,0.769085461655259,2025,256
4005,2.0588405999839874,0.9803492899943536,2148,256
4006,0.01477863262859923,0.0677052572667447,2174,256
4007,0.00018906288792433124,0.7453703346162812,2132,256
4008,0.05927824667827312,0.7373225956807226,2097,256
4009,0.005755998534990886,0.196696494591574,2020,256
4010,0.5093065735543861,0.1531446882066961,2045,256
4011,0.026564380850932153,0.3758962529330681,2128,256
4012,0.45807511911946136,0.5019704800386495,2120,256
4013,0.00027869194569178646,0.5045024859070499,1928,256
4014,1.0009242749723377,0.6019529995674543,2028,256
4015,0.8459251488704228,0.5381477767359765,1939,256
4016,0.3271378466093374,0.6662586972716955,2165,256
4017,0.030879451233274638,0.0782119205423588,2037,256
4018,18.74300617904165,0.877199068272874,2079,256
4019,0.013231499568074687,0.6622991583708256,2114,256
4020,1.9124380648131416,0.3970596550392049,2022,256
4021,0.3874936407407795,0.0639858645720249,2046,256
4022,0.40938488990327654,0.6278698925575358,1990,256
4023,0.9132694098590993,0.139030368239202,2034,256
4024,1.963018094015565,0.5073163593197135,1944,256
4025,1.48145791094041,0.4106108055704633,1933,256
4026,0.002706246500464155,0.9391334005558762,2079,256
4027,5.195937208986747,0.0110245107009969,2119,256
4028,0.15658726287819316,0.079345578962257,2118,256
4029,0.4228906257287615,0.30902601841538,2033,256
4030,0.8677681723559444,0.9273445867487145,2069,256
4031,0.0011717366807400145,0.4370113724820742,2037,256
4032,1.1610902493155932,0.3146450672953683,2115,256
4033,6.51066453367235,0.4439948619426316,2003,256
4034,0.00011660428024658745,0.1523715164257826,2142,256
4035,0.010638991236795441,0.3434910862579001,2054,256
4036,0.20432426661462605,0.338834838649425,2009,256
4037,2.2625138268941116,0.5588694629361606,2128,256
4038,0.0022616748349827166,0.6303601772673123,1955,256
4039,0.003283185222175809,0.018988807160515,2161,256
4040,1.0869308363603314e-05,0.5511091862384049,2154,256
4041,1.4467108578701515,0.891062545069584,2053,256
4042,5.894184657457576,0.659211974883716,2024,256
4043,0.00840071452359751,0.3168764896474512,1940,256
4044,0.06744867586946317,0.9236689730988442,2139,256
4045,8.05668011409276,0.6757440741001262,1981,256
4046,0.011717275904342506,0.2964437302244226,2095,256
4047,4.2775265000924465,0.3531487606062274,1926,256
4048,2.9015871878851646e-08,0.7732673172622198,2148,256
4049,0.001777504846874738,0.8343467253053727,2044,256
4050,0.07335977339525322,0.7939340975028947,2102,256
4051,7.408514415741071e-08,0.5384796097754142,2063,256
4052,0.14898878060481496,0.0680220072040469,1974,256
4053,2.651307729860395,0.2454084692708242,2108,256
4054,0.20798510345644503,0.743998021138289,2106,256
4055,0.1415394164816149,0.8456965963046175,2141,256
4056,0.12930302464592214,0.0692208485835292,1953,256
4057,2.250873739065028,0.1250494918863604,2107,256
4058,0.013408255993280245,0.3947098620218939,1968,256
4059,0.2110685016802306,0.995387992030022,2153,256
4060,0.38450645304120173,0.0558864585823686,2012,256
4061,0.1100310302897599,0.150987624987788,2137,256
4062,0.36303573694720137,0.1666936389019528,2123,256
4063,0.06377189157648135,0.3430627607147072,2063,256
4064,0.648770075184642,0.146574299432856,2023,256
4065,0.14722733591355378,0.1071457449515489,2152,256
4066,0.026881501592520004,0.7488620436906414,2024,256
4067,0.9808301316372616,0.3039373909947093,2138,256
4068,0.28490470609264346,0.1825192656037376,2089,256
4069,0.20469772295690758,0.1973903444503296,2079,256
4070,0.013687442689285371,0.2873674846579114,2027,256
4071,2.794523045988194,0.2914257740304036,2068,256
4072,0.6748733531607582,0.8746726877227478,2047,256
4073,0.22208234490746664,0.3022234856096175,2052,256
4074,0.33905709755687363,0.9525156430299564,2010,256
4075,0.7349274750977323,0.1950695826740685,1943,256
4076,0.0025504636795742773,0.4241409169864042,2043,256
4077,0.4500766753401957,0.3969283269949046,1994,256
4078,0.1566695921066902,0.4968172299177843,1940,256
4079,0.00039697189242380855,0.2723796310135474,2120,256
4080,0.00026126704858628054,0.1055436017228952,1944,256
4081,0.2272635776382016,0.3122345546643214,2058,256
4082,0.1010618661606911,0.2725690022132072,2023,256
4083,3.4863567290133797,0.9171021803215365,2156,256
4084,0.11088540543917172,0.8432437091844033,2016,256
4085,0.14397647239399677,0.5426051343785391,2014,256
4086,0.052420670632847007,0.0643546283839323,1998,256
4087,0.0017523160910385875,0.6861282619776399,1945,256
4088,0.04191328887557294,0.1172210193552514,2066,256
4089,0.41943036163014363,0.4927488922523029,1940,256
4090,0.12620317364803138,0.3229210579068982,2003,256
4091,0.0015765759414460832,0.0253238561214926,2087,256
4092,0.19361320888639727,0.0109201623549402,2026,256
4093,0.005664724850136505,0.8150623360720558,1939,256
4094,0.8058343803528478,0.6693663905081921,1991,256
4095,0.8578909924439048,0.0567206288279676,2012,256
4096,1.1016142357039236,0.3895457420336179,2077,256
4097,0.3091070820272167,0.5708858124475681,2039,256
4098,0.10048652800340738,0.6392892933069771,2062,256
4099,0.000874490299480777,0.3611074601619457,2091,256
4100,6.353560109800614e-11,0.29518317918489,2049,256
4101,0.6723216371904824,0.7144844080937784,1944,256
4102,0.6075231784280638,0.1045959365719847,1988,256
4103,3.2856646763442767,0.191438349872552,1993,256
4104,1.3168453623657828,0.3544573396670147,2153,256
4105,0.0017096183127787122,0.9854479916833324,1973,256
4106,0.0011488962654305976,0.2695653212332097,2116,256
4107,0.12467710716711697,0.0900333103752317,1938,256
4108,0.009689137307770506,0.5184338043882409,2042,256
4109,0.22880502791475585,0.4130283176563121,2162,256
4110,0.0007738578317026119,0.4974917649799386,1957,256
4111,0.33559662372448024,0.4761643038150059,2024,256
4112,0.13753427583201266,0.5475793536314175,2164,256
4113,0.00567287463835326,0.3464814193178843,2089,256
4114,0.0007219640697772681,0.7024256414914102,2025,256
4115,2.24080471794685,0.5842884718047007,1957,256
4116,2.9786775505606977e-06,0.7742568958279489,1964,256
4117,0.24520333936442693,0.1394460848942368,1985,256
4118,0.0007809618685632151,0.9151562704954536,1996,256
4119,0.516669490719152,0.661755911686111,1989,256
4120,0.1534937359493346,0.1929362090336208,2001,256
4121,0.09097174014307445,0.6958925654545149,2098,256
4122,1.7272913046930463,0.6253765268222219,1979,256
4123,3.447373933216617,0.2276339142781025,1958,256
4124,1.112163273187467,0.6333735084073406,2087,256
4125,1.6387144006006586,0.0123689428959913,1927,256
4126,0.01586792074991461,0.7759995064378101,2015,256
4127,9.373463114548315,0.3503709286728997,2109,256
4128,0.0015669249033732147,0.396778484658338,2042,256
4129,0.6143849471997843,0.0412070655600596,2050,256
4130,0.016772780695288803,0.8787009348988523,2032,256
4131,1.4227234100442457e-05,0.146753917742902,2031,256
4132,0.23561775421795797,0.9528496467415384,2024,256
4133,1.3849019826892832,0.2516475154927351,2098,256
4134,0.06343028459492854,0.0823674833133097,2169,256
4135,0.07637625050900668,0.6618561092927665,2106,256
4136,5.67690451851436e-07,0.9661103958450804,2006,256
4137,0.8667514015632879,0.011005351634228,2004,256
4138,0.09007483721776595,0.1713804465497942,2164,256
4139,2.784260208846955,0.2391198593514212,1965,256
4140,0.16031162326244414,0.5524623235835497,2090,256
4141,0.13631704120476984,0.6214286358984314,2092,256
4142,4.319288823702098,0.5263396350082787,2048,256
4143,2.507522161544439,0.4641516703992158,2027,256
4144,0.003610247934908875,0.9090612946776764,2139,256
4145,0.00020144144363498913,0.3951779103027746,2163,256
4146,0.7203861547916933,0.7995087009945101,2114,256
4147,0.11498430169487896,0.8475701109411071,2001,256
4148,0.4152910853478035,0.6190550275746232,2113,256
4149,0.3203629018948927,0.6003463227528131,1962,256
4150,0.14888645990132557,0.3637487747714564,2109,256
4151,3.110615113889396,0.6231157008604229,2055,256
4152,0.027572172429766426,0.8408709352846693,2013,256
4153,0.001933067147172842,0.3026759085362006,2147,256
4154,1.0676118323729415,0.4334639075540292,2112,256
4155,9.184436069816957,0.881280036834425,2099,256
4156,0.024545932387446043,0.5925989822963112,1993,256
4157,0.8932178673955676,0.5282206629249353,2027,256
4158,10.780554743907139,0.2646281350960967,2081,256
4159,0.26552628853078886,0.0523937059043095,2123,256
4160,0.002386523138405526,0.2825085988955574,2109,256
4161,0.23564193702675723,0.6048489712903384,1963,256
4162,0.025164767168188884,0.75636072610223,2106,256
4163,4.077784997143455,0.6159981144469385,1948,256
4164,0.10505244030692372,0.9361006983496376,2077,256
4165,0.18140720524771028,0.000340809112868,2004,256
4166,6.404713344288577,0.0365670240031906,2091,256
4167,0.0038242748484487612,0.3179839086414889,1944,256
4168,0.47497931021465856,0.8234202069419502,2010,256
4169,9.528035906332311e-05,0.8333955497498756,2106,256
4170,0.004653783426122002,0.3685436956495691,2011,256
4171,6.6109165911932085e-06,0.8409191139892539,2002,256
4172,4.9205520648895546e-05,0.0312377496312723,2095,256
4173,0.05265295846672419,0.2351868513835322,1956,256
4174,0.27248036617158156,0.3274160764771889,2055,256
4175,3.535278656943097,0.4141603922271292,2114,256
4176,0.18877980652211193,0.1443752184220225,2128,256
4177,0.03915497970385805,0.0189618754416301,1948,256
4178,0.20862263220790322,0.652451367951837,2013,256
4179,0.7871503832359116,0.6746414238735302,2099,256
4180,0.03439979072381314,0.3707101469950004,2013,256
4181,12.16121871895082,0.4819383402632219,1939,256
4182,0.371637081782051,0.0873487679214991,1942,256
4183,0.027911095865232927,0.6548805264771578,2061,256
4184,0.9049511145371762,0.0442245347443713,2008,256
4185,6.625775201129954,0.3694463650242774,2114,256
4186,0.07306288202512873,0.620379612061905,1995,256
4187,0.7063711969384934,0.2153246840091,2006,256
4188,0.06983482973607598,0.8710942828790295,1969,256
4189,0.5644169257315835,0.8012997609277898,2050,256
4190,0.16789881054786762,0.9828920312431796,1937,256
4191,4.021238675511014,0.6469004985100988,1985,256
4192,1.065146205480852,0.0324561446603138,1927,256
4193,0.09361695157296196,0.863189948015017,1960,256
4194,1.3626875500496605,0.8860160226297857,1921,256
4195,4.839332607554454e-07,0.9368071508386048,2121,256
4196,0.00126623792950286,0.1550546781554581,2051,256
4197,0.03062768155587681,0.5548007279990621,2026,256
4198,0.0014923038129934065,0.3248355436395866,2167,256
4199,4.3699465954536143e-07,0.8493559740024055,2123,256
4200,0.02411893206606384,0.5475754236231813,1978,256
4201,3.1491173866528106,0.918359345365247,2081,256
4202,0.341940112424089,0.876737611845758,1943,256
4203,0.018432830308148872,0.3147254814505714,2074,256
4204,0.2913989338149723,0.7753181286552415,2168,256
4205,2.4462841144303136,0.9316981672130654,2116,256
4206,0.051464449709422495,0.3742127600398646,1979,256
4207,0.0019688858602544177,0.9664400616467748,1921,256
4208,1.0541816123276544,0.8806870553755588,2093,256
4209,0.007703297671487456,0.801103931246889,2082,256
4210,0.16947572160813196,0.7878410401525124,2095,256
4211,0.0306468192446846,0.328484759057069,2111,256
4212,2.2449668113663463,0.5868729871567657,1941,256
4213,0.043426542873191996,0.0384160640197996,1950,256
4214,1.3302530252110476,0.901835132950489,1967,256
4215,0.019406180344958467,0.5142448640144444,2068,256
4216,0.6482298715296321,0.2312819734271113,2032,256
4217,0.19159483895309118,0.3260840522897341,2009,256
4218,3.0722137635254505,0.6636584992478577,1956,256
4219,0.00023665467181006481,0.6282197449659496,1934,256
4220,0.40943177195865643,0.8362144473182882,2088,256
4221,3.3881768209360894,0.3059021941270486,2021,256
4222,2.9451741235104496,0.0040011846984095,2038,256
4223,0.17014346331771424,0.3449295073225282,1991,256
4224,0.01605370560741705,0.4425626953511906,2010,256
4225,0.09653511697438039,0.6675160966221712,2144,256
4226,0.004665692000967905,0.3792689274000715,1974,256
4227,0.607255900105645,0.950597674439528,2135,256
4228,2.6413255834161093,0.972644516883443,2090,256
4229,1.929047704824901,0.3469923265764326,2117,256
4230,3.3860854435259755,0.219643152536955,2010,256
4231,4.213629791951318,0.952017019104352,1989,256
4232,0.001911017102089253,0.960677132327019,2094,256
4233,3.8005928134956193,0.7251479504030549,1976,256
4234,0.15996400009950032,0.7590159183745816,2013,256
4235,4.975159984072685e-07,0.2721378067194127,1979,256
4236,0.5038629622108485,0.6475348969818253,1959,256
4237,0.0028980342100595378,0.501004572913269,2176,256
4238,0.04039614465775302,0.418831706978015,2081,256
4239,4.133698390567934,0.9231086252647104,2030,256
4240,2.3857538799088216,0.408236125884975,1938,256
4241,0.005035190899912145,0.786618307931243,1927,256
4242,0.02662110795763987,0.8987667434036712,2153,256
4243,5.815501461410004,0.4826476176940656,2056,256
4244,0.2493912889024879,0.8788670757532123,2042,256
4245,3.705095030868665,0.8240977525397426,1961,256
4246,0.009578753566750411,0.2217596053805972,2083,256
4247,0.022736297418870025,0.1968377587870781,2038,256
4248,0.0008139917082364988,0.4390034792304805,2067,256
4249,0.08510569429028544,0.921692172510268,2114,256
4250,0.017256892604507298,0.1552327440297527,1927,256
4251,0.22014641674186583,0.3444351427953992,1933,256
4252,0.0011847420034454999,0.1891901472249052,2018,256
4253,0.45296061943121796,0.5978914578826157,1981,256
4254,0.01921942408002876,0.2878373465099446,2065,256
4255,2.8248946443462123e-07,0.7292087236199004,2113,256
4256,0.8814531629616605,0.5277572318977415,2044,256
4257,1.011793391350251e-07,0.6356897039793218,2008,256
4258,0.1293487513919277,0.3087301265837853,2075,256
4259,0.20708979202957753,0.9159349220762196,2155,256
4260,0.25053318021465754,0.3079020005081024,2124,256
4261,0.00044817978804963476,0.5431918818277154,1966,256
4262,0.8996541677130864,0.6615779138748279,2161,256
4263,0.00017696988258333982,0.6228457899881317,2064,256
4264,2.6707209970357773,0.9561202214095366,1966,256
4265,3.159506732995107,0.0887790490234249,2128,256
4266,0.3193933420198738,0.932079625669147,2111,256
4267,0.18374317202207494,0.4078879777437461,2167,256
4268,2.8313726083383037,0.3230282217219663,1953,256
4269,4.546961094071777,0.0803868347439558,1975,256
4270,0.0002444392855761154,0.7414873670206394,1997,256
4271,0.0212619340996381,0.4064300293579018,2073,256
4272,0.05657127113397571,0.2722178505376816,2085,256
4273,0.14667496671918603,0.1879153126204348,1996,256
4274,1.020130076936166,0.5167379113575769,2039,256
4275,0.059805605132647384,0.3221984960580806,2044,256
4276,4.507632811404865,0.6457241554381039,1986,256
4277,0.01870618812271593,0.502762687270174,2003,256
4278,0.051681707079095716,0.0421304715720508,1992,256
4279,0.00032861037782969837,0.0608505157291385,2083,256
4280,0.31273879370542335,0.6783550672580299,2125,256
4281,0.008832125584262742,0.965223653978861,1961,256
4282,2.626977502246277,0.3598800912774579,2031,256
4283,0.003297707460138187,0.2528401485370202,2102,256
4284,0.40098632149993174,0.7083939728424806,2011,256
4285,2.315236581197696,0.8269492437365338,1967,256
4286,0.6035293804718007,0.6102330738302296,2069,256
4287,2.664893686929476e-06,0.6732640064092347,2107,256
4288,0.07847400034196185,0.1184837048432373,2043,256
4289,0.0884900202450133,0.7590801921788721,1932,256
4290,0.01976288194835853,0.8158293687542673,1941,256
4291,0.01197723935762581,0.5120298075153784,1964,256
4292,0.1687479205931826,0.9423341753790684,2100,256
4293,1.4877054030695518,0.9587622426819928,2168,256
4294,0.6103268571986472,0.3511182050325152,2138,256
4295,0.11987328547906287,0.0531067257528775,1971,256
4296,3.112834419745412,0.9466374954898428,2085,256
4297,0.00019799526831282158,0.3382904195442934,2121,256
4298,0.045730479219649026,0.1524892220796432,2026,256
4299,0.00010831985748529462,0.9075745660906954,2028,256
4300,0.5576776204402087,0.2340743890825233,2029,256
4301,2.189185505019655,0.7039751063371777,2095,256
4302,2.4725764897328073,0.6563370404518025,2152,256
4303,0.029544058098156595,0.5166251571631916,2010,256
4304,0.09370959927293834,0.4802347551409124,1961,256
4305,0.17155848491804962,0.2148230231894793,2022,256
4306,0.1475572660978164,0.1075574614493364,2086,256
4307,0.29608603168436626,0.4715505264863949,2145,256
4308,1.118987076050956,0.1449575711877079,2167,256
4309,0.49973529686641566,0.6515224394888844,1953,256
4310,0.051847126486665236,0.7960966770693375,2132,256
4311,0.001664341748346441,0.6003875608463263,1976,256
4312,0.29740478100256185,0.3814477659437338,1995,256
4313,0.00026308257057195566,0.4563081913839042,2169,256
4314,0.33600945973858604,0.657930816513645,2108,256
4315,0.022180874971674067,0.2365943387111344,2156,256
4316,0.33666154811479343,0.3556129028840389,2126,256
4317,0.05626601198659985,0.6428353061732346,2138,256
4318,0.00404726325136441,0.0952966696524002,2137,256
4319,0.2915062703817291,0.3396554343248449,2068,256
4320,0.3880714958822098,0.6572104438494001,2095,256
4321,0.0004729582761638627,0.4126778097298558,2031,256
4322,0.008634366018490776,0.6111462754157363,2104,256
4323,0.022477379444451318,0.9756072309518472,2030,256
4324,6.420481231985143e-06,0.8963341545334036,2007,256
4325,1.7603635139369362,0.6344372742789552,2092,256
4326,0.3991817579255685,0.7826900653759908,1936,256
4327,1.1540727724369695,0.7395278004259707,2058,256
4328,0.10925736685294513,0.0419073958193879,2024,256
4329,0.4505920965649389,0.4192640726732398,1963,256
4330,0.0042973779070794894,0.16467882109456,2144,256
4331,3.171485319343769,0.7721670235938404,2034,256
4332,8.132825006834929e-06,0.3885341913624535,2143,256
4333,5.919173842375446,0.657491765604949,1977,256
4334,0.2267284080580857,0.4496384307502246,2114,256
4335,1.1090067816164564,0.2057448240187792,1977,256
4336,0.06281576277544432,0.1070701170588411,2144,256
4337,0.00018936818755753733,0.5663423972514062,2012,256
4338,1.718680979655382,0.0620495889931939,2175,256
4339,0.00047551065463102317,0.7373523853005342,2168,256
4340,4.366785757197721,0.4924538054916755,1968,256
4341,0.030092760855998164,0.314814165727041,2158,256
4342,0.07045153092433781,0.8865975555563511,2087,256
4343,2.2883826591537937,0.6427787593515013,1943,256
4344,8.08091411081337,0.0891130746847267,2007,256
4345,0.5684761377252115,0.2745347303288057,2072,256
4346,0.7363497369194282,0.9808191776184716,1920,256
4347,0.787876785072199,0.6835491483359397,2146,256
4348,0.0011287987950582138,0.7351767670025252,2140,256
4349,0.05519231607806697,0.4637711821612869,1973,256
4350,0.028178255232654537,0.8555834086764789,2073,256
4351,2.1091349278213456,0.4242153088390544,2078,256
4352,4.445451383680859e-05,0.5853980301609085,2064,256
4353,0.3642580020208652,0.3306714232292496,2130,256
4354,0.0048930087562905995,0.5052693101208952,2122,256
4355,2.5655734972661355,0.0124880465726053,2021,256
4356,5.532354627761395e-05,0.0856061985193001,1961,256
4357,2.0048471898325126,0.7494993755584178,2130,256
4358,0.038478924712772776,0.149234128683272,2176,256
4359,0.22274776548540856,0.2655509561743699,1961,256
4360,3.696860562936195,0.1735351674648169,1995,256
4361,0.2725957971766766,0.2164833164476984,2021,256
4362,1.1570533157900929,0.1815451804730925,2105,256
4363,0.3287075943107585,0.5069167379330533,2113,256
4364,0.015023878560873664,0.3379762500058586,1983,256
4365,0.03573943769946209,0.5736118778391526,2120,256
4366,0.052529436565727006,0.9602558504415776,1998,256
4367,0.21539522276493048,0.6862510025534257,1957,256
4368,0.04593613989310699,0.1103758691019054,2135,256
4369,0.27522731633945885,0.4284850452537412,2139,256
4370,0.31280887020533765,0.5821109067819108,1983,256
4371,6.054184508814185,0.9365270532612784,2045,256
4372,1.0731669675691908,0.7958431427450793,2057,256
4373,0.8380445513283458,0.5247078780458974,2111,256
4374,6.777779140318476e-09,0.306223899136658,1951,256
4375,0.4396735606883348,0.8846751403828075,2176,256
4376,0.17179197081553021,0.224566632631632,2023,256
4377,0.9877848278263952,0.4368128959058261,2110,256
4378,0.04527292775275529,0.7136082940341358,1954,256
4379,0.01765902831102016,0.383867882170013,2119,256
4380,0.01121218686844839,0.5330207758351229,1965,256
4381,0.08392659117087785,0.9808549806766648,2093,256
4382,6.423068769988344e-07,0.4164182415544132,1965,256
4383,0.41904417332608596,0.9286932721502166,1921,256
4384,3.6388962369332325,0.5188242289774948,2027,256
4385,3.48021017708178,0.3930315800114576,1963,256
4386,0.26076624622342975,0.4214669855525128,1973,256
4387,0.0005442006391233651,0.4580478441657455,2056,256
4388,2.7230743229767325,0.6651425717399031,1942,256
4389,2.645906778701755,0.1467732884357562,2052,256
4390,0.02534462633696099,0.858752193680415,2077,256
4391,1.4249810792525472,0.3241266128602508,2043,256
4392,0.19978626267705923,0.8283922339411045,2136,256
4393,4.983354947674927,0.6965888958231504,2098,256
4394,0.5552494342492289,0.5485399218324702,2084,256
4395,0.2618169628329722,0.8645031412088945,2058,256
4396,0.016495208324509455,0.0351659191019056,1930,256
4397,1.600996267607945,0.5567418448605216,2069,256
4398,0.0005883714359575268,0.788310982611424,2146,256
4399,2.5181792552551596,0.9551123149596245,2152,256
4400,0.6269101881613496,0.3272951251577262,2155,256
4401,0.0013314444193455897,0.9734224416694264,2028,256
4402,0.0018519620129174845,0.6622902684935069,2086,256
4403,0.3989790388684523,0.342639357925634,2130,256
4404,0.0020403438820930926,0.4456160183984432,2140,256
4405,0.02381515682075175,0.0447990923842146,1976,256
4406,0.036281557105087466,0.6833134446555491,2122,256
4407,8.12154557979354,0.5608672584582947,2132,256
4408,0.42639817674034464,0.0599891008110116,2065,256
4409,1.7508052292819325,0.4285144104980871,2176,256
4410,3.9879040665771455,0.9061511808580393,1956,256
4411,3.2717518986527105,0.6160451798060335,2148,256
4412,0.967256760543749,0.7433505542754363,1920,256
4413,0.054337675224686736,0.2983325027127623,2027,256
4414,0.15113128970405418,0.0830013777090628,2028,256
4415,0.051462961739480305,0.2169796587154051,1954,256
4416,1.567507692813826,0.0533728539043276,2033,256
4417,0.8792879730035007,0.8159678293836745,2039,256
4418,0.4886635227895509,0.2960683681591138,1987,256
4419,4.115140310990153,0.0574074217494366,2172,256
4420,5.6356665538570835e-05,0.2107559724069783,2004,256
4421,4.5101644157607965e-08,0.3119670216565811,2011,256
4422,0.025216792092318068,0.4719434452172302,2173,256
4423,0.4006432473412774,0.0124048303690635,2046,256
4424,0.01292444977977646,0.8802881680884175,2065,256
4425,0.7348895883775965,0.2423529213943192,2036,256
4426,0.028500998793689808,0.1871831170949581,2066,256
4427,0.09814704989984095,0.8445974237211391,1979,256
4428,0.0827642668732021,0.6419608158069844,1988,256
4429,0.5148774367338634,0.5198813929903074,1963,256
4430,0.01934492934537996,0.4333065058518505,2089,256
4431,3.151665481540517,0.3248580947524349,2023,256
4432,2.3497073085637847,0.2843784315402649,2056,256
4433,0.08255499461527624,0.2055489467345529,2085,256
4434,0.12248449381147172,0.2980386578466502,1945,256
4435,1.7019814835931013e-05,0.6844157233810592,2095,256
4436,0.08633262763745357,0.5608967354326677,2100,256
4437,1.0450605623414971e-07,0.7643672483244182,1962,256
4438,0.3023847592665372,0.7918413938831856,2049,256
4439,0.3616091067089442,0.9157426783424976,2149,256
4440,0.3662076837979754,0.8626045259086825,2103,256
4441,0.05283883755711001,0.343350038083334,2063,256
4442,1.3384665437216607,0.4880672536289109,2141,256
4443,0.2818720826347269,0.3115381729899005,2025,256
4444,0.0002459070872276349,0.409240859210079,2034,256
4445,0.26012383886888296,0.7367129331379924,2002,256
4446,0.0044331420714507595,0.8450978777032933,2164,256
4447,0.00042029084676808754,0.1781404596965555,2153,256
4448,0.8239762127581237,0.0103626276514631,1939,256
4449,0.02966392024369026,0.8208022643296852,2057,256
4450,0.9400260051875486,0.1338415944228482,2060,256
4451,5.056369966036757,0.581699962355242,1990,256
4452,0.01505429317674563,0.794173436493153,2010,256
4453,4.176866478399307e-09,0.0271907805206433,1980,256
4454,0.000530689135651406,0.7307667373901516,2046,256
4455,1.0872542596803667,0.8047278504644908,2016,256
4456,2.4063719434351808e-08,0.9265759327405718,1953,256
4457,0.00019988315300945844,0.8747823359243042,2161,256
4458,3.3842403958867244,0.8130853270854459,2176,256
4459,0.013294250174319783,0.001969844776583,2010,256
4460,0.0008259033571812918,0.1274159044314593,1940,256
4461,1.9049673934726743,0.1148709480767196,2128,256
4462,5.635167558829794,0.9548301350347034,2101,256
4463,5.452211409587837,0.4501065722324888,1953,256
4464,1.3992988037920324,0.411332100066955,2156,256
4465,0.00020102804762180509,0.9831433730053116,2151,256
4466,4.696583303063663e-07,0.9752685917505538,1937,256
4467,6.303200032323614,0.0009030045143089,2151,256
4468,0.01092615198073859,0.3847381365898955,2103,256
4469,2.6004550543045237,0.6384935083048833,2084,256
4470,7.098202682525928e-10,0.3795757259831464,1987,256
4471,0.05870267875077582,0.6879674183781221,2139,256
4472,0.0012206310580525433,0.9937389919130292,2151,256
4473,1.6037160777259254,0.4637682693014501,2133,256
4474,1.9356031726910978,0.4353310282758091,2135,256
4475,2.065906653002623e-09,0.080563056412841,1947,256
4476,0.017280293019177856,0.7654996308983476,2149,256
4477,0.6951241339970404,0.7719515382492462,2157,256
4478,0.07716993452526716,0.6555984343837784,2149,256
4479,4.168740419367131,0.602124669452288,2053,256
4480,0.020958401888066937,0.4361625987598153,2140,256
4481,0.0022745864091125597,0.9275160568781258,2067,256
4482,0.07725919673499819,0.3704129673065262,1973,256
4483,3.9277870285574874,0.0245747311308131,2068,256
4484,2.268158952193448,0.8469191488774778,2068,256
4485,0.5708488303962681,0.5802442326873765,2049,256
4486,4.302299794472037,0.2946694213200791,1968,256
4487,0.004974145767264164,0.0541871919192562,2090,256
4488,0.5350674392690208,0.0132533944350015,1978,256
4489,0.6669335599419004,0.7944910440205935,1965,256
4490,9.367531763177405,0.3900969395702808,1977,256
4491,2.1012181277445885,0.058325755071983,2173,256
4492,0.00031380588970320944,0.0735771611875585,2052,256
4493,0.004019567001290726,0.8230922705706119,2150,256
4494,0.00013213795444959886,0.2007605625333133,2050,256
4495,0.26647147053742015,0.4513221844936753,2070,256
4496,1.008407513750988,0.0542905810021041,1972,256
4497,0.1740411170064839,0.2044242481678567,2085,256
4498,0.0112023250806488,0.495964576190938,1920,256
4499,0.6331186152851135,0.5639023753633627,2012,256
4500,0.09160739113262054,0.4261928574525242,2157,256
4501,3.919794305430625e-05,0.6663287304882478,2030,256
4502,0.09144145550739705,0.9726351905555154,1971,256
4503,6.249993141793389,0.574694060521249,1968,256
4504,2.80261858438798,0.9709095504727508,1947,256
4505,0.0635712498312402,0.8572254914197548,2123,256
4506,0.10296664464147384,0.2385110903505056,2120,256
4507,4.730864014842965,0.942612874507722,1964,256
4508,0.6767904510274513,0.1522906695542184,1992,256
4509,0.8410375892488621,0.3454468901452333,2060,256
4510,0.8600876830729858,0.8541492467313005,1927,256
4511,0.004269230996378645,0.1052207852621772,1988,256
4512,0.014741564243939534,0.3356845857741024,1978,256
4513,0.05496287644237606,0.0866935953478886,2139,256
4514,0.239571075131874,0.5362095007283443,2099,256
4515,1.139533238442468,0.5692792036071888,2039,256
4516,0.00087572893911067,0.6590336334129121,2072,256
4517,0.4561992195065613,0.012231930797995,2068,256
4518,0.05632659804545326,0.749365585812709,2022,256
4519,0.021534069734149078,0.6720335516818916,2032,256
4520,3.631388979013311,0.4026402914745303,2071,256
4521,0.05260384771846953,0.6588349863310298,2028,256
4522,10.67987673681782,0.4032612395867463,1933,256
4523,0.3997947112130301,0.8263181135989427,2060,256
4524,7.849035996576166,0.7186776256997373,2049,256
4525,0.004492325610077303,0.0200477426567095,1930,256
4526,0.0016860405389384386,0.835021194406929,2141,256
4527,8.67844413112848e-06,0.9757806432635132,2130,256
4528,0.01251695049355486,0.6310585922887947,2063,256
4529,0.007855804379260367,0.4587815316831608,2171,256
4530,0.006495192102261551,0.6264165456024894,2132,256
4531,0.004282660829341041,0.1495269914951509,1929,256
4532,0.04378972740245754,0.2725606694661251,2114,256
4533,0.5896045086721168,0.2690576557104138,1972,256
4534,0.00469091858174155,0.6490590901682078,1981,256
4535,1.0406136506475269e-07,0.9315691979102564,2111,256
4536,0.005910755825249184,0.1308188937196853,1997,256
4537,2.419278330876445,0.3716765425375203,2106,256
4538,0.14260771939769712,0.3401441719016573,2116,256
4539,0.04353147928113162,0.1946781662490173,2035,256
4540,6.047056349228602,0.0504055352715898,2103,256
4541,0.602160358946571,0.427641665285858,1997,256
4542,0.04938218753712745,0.2952195714015114,1942,256
4543,0.00017424259169467515,0.7724960466592566,1958,256
4544,1.9734701331674551,0.5171450056308153,2156,256
4545,0.3992797911480812,0.0551358968081264,2124,256
4546,0.02410094502613138,0.953864589784542,1998,256
4547,1.120038973845422,0.0708416370410622,2164,256
4548,0.37003651323753134,0.5392491708599971,1969,256
4549,0.19019451936757886,0.1188259921954238,2084,256
4550,0.004007557661454887,0.9210272963659604,1944,256
4551,0.3693615419306565,0.0560839587841875,2027,256
4552,0.18202558199759147,0.1798276701853163,2091,256
4553,2.7591742706212083,0.3724620077115248,2009,256
4554,0.06637491298337007,0.0675141085225852,2170,256
4555,7.5673460248784865,0.147265432705277,2140,256
4556,5.328198351214535e-07,0.9002201598141037,2070,256
4557,0.1913874546725796,0.3650296463419797,1929,256
4558,0.15032420380627662,0.9727307281278444,2002,256
4559,4.004242732638588,0.5747178549027098,2105,256
4560,0.2603624027905857,0.6005256903593759,1947,256
4561,5.383673952643104,0.2850477841460439,1926,256
4562,4.710192593039397,0.937424644291413,2004,256
4563,0.007920162776259138,0.3466787679315132,2093,256
4564,0.0001326547481137521,0.9834293875817612,2171,256
4565,0.013589470681364383,0.678800605920437,2082,256
4566,1.4388512182211328,0.587818237260353,2073,256
4567,1.878166495244346,0.9652261315782824,2087,256
4568,0.019262824983555926,0.4905667831573689,1952,256
4569,2.017245278986262e-06,0.2586232664413294,2122,256
4570,0.8335297879497522,0.3608563726627849,2018,256
4571,0.0023090095492567797,0.5124009777033466,2062,256
4572,0.010602965789186873,0.2508713599382309,2075,256
4573,1.260814970660466,0.046353766395604,1949,256
4574,1.2082407059660858,0.1109522968011488,2086,256
4575,6.542300389016144,0.1578038835649794,1946,256
4576,0.005758151319787797,0.4156817391274797,1948,256
4577,7.34519579062935,0.0843329871582408,2018,256
4578,0.8788591929802473,0.3432930600623531,1948,256
4579,0.3304552480281435,0.222836394058059,1966,256
4580,0.1754626346328419,0.2605009414101599,1943,256
4581,0.054468288675162145,0.6781057372877028,2146,256
4582,4.00913893093898,0.4567310020804481,2172,256
4583,0.011369492131912868,0.7953790933930962,2024,256
4584,1.4814295692930306,0.2951902737016812,2094,256
4585,10.765957749407452,0.6326815698630383,2052,256
4586,0.24863169209827807,0.4913522838953564,2087,256
4587,0.44967483739104364,0.3906592654741818,2065,256
4588,0.8901676898556825,0.95200606115266,1933,256
4589,0.0009075449508452855,0.8608080678441616,2047,256
4590,0.09798085193024907,0.0763821755540931,2131,256
4591,0.43122679623523397,0.3432178892576243,1943,256
4592,0.016407451998882133,0.5602261695470205,2117,256
4593,0.00021709630368107777,0.4586809810047418,1997,256
4594,9.175725844202878,0.1106818730905988,2156,256
4595,0.000132750426165462,0.9064103086626878,2166,256
4596,0.00040793641374611947,0.4407088674652183,2102,256
4597,0.0009530221221746175,0.706901005461224,2087,256
4598,0.06450462413822565,0.8978499751276844,2066,256
4599,0.01474069155419807,0.2364517770880229,1977,256
4600,0.6491400453276059,0.569234134991014,2015,256
4601,0.4841942314235999,0.7042946702226967,2170,256
4602,4.793931494152019,0.742071127891433,2129,256
4603,0.04216045037414104,0.576298475174331,2106,256
4604,0.01702365613460316,0.0450145980591679,1933,256
4605,0.6866573016875862,0.487201229561137,2161,256
4606,2.579748983539631,0.4351534947290549,1946,256
4607,1.6563758215851998,0.6070157480886683,2132,256
4608,0.4208510466411103,0.9156040947862764,1941,256
4609,5.497951716266016,0.2687687119821148,1990,256
4610,0.006842232339301526,0.9135731684359364,2143,256
4611,1.0600924535159024,0.5160472213839208,2155,256
4612,0.17930297284881608,0.1674123458708861,2083,256
4613,0.01793894329448938,0.5452110820303242,1962,256
4614,0.0018797122480773527,0.4846554851492329,1932,256
4615,0.014086600527497333,0.5766680222242957,2124,256
4616,0.09784491656881654,0.4402036216240261,1958,256
4617,0.05692084778070054,0.7495353532786586,2036,256
4618,0.020241839122592878,0.5794309100408979,1971,256
4619,0.00020196309102851694,0.3029266361788435,1968,256
4620,0.5796179122610234,0.6878223692248502,2125,256
4621,0.04493751759177404,0.4562320865679884,2058,256
4622,2.9786772175883742,0.2892613673913798,2153,256
4623,0.01376910691367176,0.9316496058437648,2111,256
4624,0.004586385739784592,0.3853887824968294,2116,256
4625,0.11214926037421911,0.6172708058698122,2068,256
4626,0.012468964987103676,0.3598078733864175,2099,256
4627,0.15887580474284288,0.5050157738076181,2158,256
4628,0.0044363347010608345,0.3817014298270825,2079,256
4629,0.0008237679627820213,0.4825063855757237,2043,256
4630,0.05565922080040779,0.3755687203044241,1991,256
4631,3.7236033670979767,0.4234799485608457,2091,256
4632,0.0059224815434484315,0.7914244728302641,2102,256
4633,0.006386750180461639,0.6140135206587616,2035,256
4634,3.5652689737576977,0.2206188352084754,1973,256
4635,0.0002533244656355483,0.6499036409468181,2138,256
4636,6.706827308886429e-06,0.5626695818461889,1978,256
4637,3.2205887842488456,0.797915922820303,2109,256
4638,0.826518182543318,0.943325643588058,2049,256
4639,5.77168793199464,0.670746582735093,2022,256
4640,4.0511772029459,0.6043119566570508,1955,256
4641,0.531714608259528,0.3085334651504524,2069,256
4642,0.8087229353531082,0.2926920903513685,1969,256
4643,1.0829013451181202,0.8140199142719604,2169,256
4644,0.4478231178481567,0.5642554600230224,2117,256
4645,2.2402474708173927,0.3935990096019648,2067,256
4646,0.996632976249671,0.5672792638389091,2095,256
4647,1.817088708204232e-08,0.1013836320544238,1932,256
4648,1.2975987761524441,0.9625122777230464,1964,256
4649,0.01567229825497629,0.6122691065642633,2014,256
4650,0.22189532901481795,0.6623517686485646,2033,256
4651,0.266300778352627,0.5812906030547037,1980,256
4652,0.28132907961139336,0.0618019808133566,1934,256
4653,0.15925398433057097,0.7609346851919209,2117,256
4654,3.6012855683518756,0.9510677382049518,2158,256
4655,0.0994864695689844,0.2206341207754872,1968,256
4656,0.44971219781747734,0.3299933534094715,2027,256
4657,0.6065299826863301,0.9901149247441076,2160,256
4658,1.0237782171912275,0.4058320265659276,2098,256
4659,0.8657304990465731,0.1880903407040609,1995,256
4660,1.0121899540082008e-05,0.8494095658373579,2164,256
4661,0.017939725104343295,0.0210065470344515,2070,256
4662,0.3887068346356873,0.3726719526087383,1968,256
4663,0.6880559494891271,0.8810255147139691,1981,256
4664,1.266403611804211,0.6503443531680365,2129,256
4665,1.6368460497785302,0.5813216867860292,2170,256
4666,0.46055976362122847,0.638142224485603,1984,256
4667,0.7808748163365782,0.2032568738124255,1984,256
4668,0.26451091486938927,0.6398794287501659,2066,256
4669,0.008486979033907441,0.8713278376612122,2102,256
4670,0.0094001586805003,0.4382837040993018,2008,256
4671,3.204269090296024,0.3223587400309651,1968,256
4672,0.00351072949303586,0.7408093827991944,2158,256
4673,1.8651355962560727,0.7765071288034745,2121,256
4674,0.10793383344070372,0.0706509250051324,2079,256
4675,0.44280460346762485,0.3100450109169127,2111,256
4676,0.13820709243586665,0.8157830674895319,2162,256
4677,4.017456551812132,0.5553552711571836,1964,256
4678,0.007975818672664375,0.0886192616576695,2031,256
4679,0.40085009010118955,0.833096066922683,2035,256
4680,0.8267145604064438,0.0469325902781841,2044,256
4681,0.012894284579032298,0.89353239936455,2159,256
4682,1.639740181049732e-08,0.3089170976764165,2124,256
4683,0.1564335777689555,0.0018366608808242,1967,256
4684,0.5591467516003861,0.5584092861122661,2030,256
4685,0.029921042632428,0.0062301779201118,2176,256
4686,1.7893213292316317,0.7399249440759478,2168,256
4687,0.02178024108365948,0.6316503231586029,2166,256
4688,0.038982638995804286,0.2153042482308798,1952,256
4689,0.3655092649399863,0.0615063135420383,1989,256
4690,0.010299106613557249,0.9981621312108132,2103,256
4691,0.015083275859266805,0.2929402782537226,1957,256
4692,0.00014024774600749883,0.1291648991052325,2134,256
4693,0.0009743431957489916,0.3171958619493255,1933,256
4694,0.04233732603362395,0.8829158240133815,1975,256
4695,0.0017641515869231685,0.252598945256973,2145,256
4696,3.842634927733476e-06,0.9421015454701688,2012,256
4697,4.904227394775481,0.3200033903352451,2066,256
4698,2.016948399751041,0.7306555751790976,2045,256
4699,1.7250657986171045,0.6601085679116097,1984,256
4700,0.9452819306952084,0.2956573228516372,2174,256
4701,0.00021836491494996494,0.7431279732479408,2079,256
4702,0.9846277801692593,0.2145277254041844,1996,256
4703,2.661388220422739,0.7198666352692058,1924,256
4704,0.0009923277790476958,0.8553751199464041,1975,256
4705,0.9598315772656416,0.9276695748985818,1959,256
4706,1.5231086129703235,0.5164442868515655,2158,256
4707,2.1036086106279708,0.6211151487890386,2077,256
4708,0.7582057882718031,0.5790723525418835,2023,256
4709,7.061680481535322e-06,0.9219845088593234,1933,256
4710,5.062885474012496e-06,0.640235815326839,2151,256
4711,0.30370044432772564,0.496553072443098,2104,256
4712,1.4607772535265258,0.3072923941729693,2069,256
4713,0.15131535341271604,0.1409020393261291,2024,256
4714,0.0977909020067955,0.5123484978675745,2093,256
4715,4.472816283201407,0.5780793288172801,2010,256
4716,0.43400001969868857,0.7384409980358603,1966,256
4717,1.7279822128622029,0.679650687345287,2047,256
4718,0.00014981440801974108,0.6237821291752309,2132,256
4719,0.02517946769857291,0.4490825214150121,1974,256
4720,0.20744163141328212,0.6530437892361782,2003,256
4721,1.2693894362459561,0.6107971088792108,2062,256
4722,0.0027500716056442324,0.8919643616578631,2028,256
4723,1.3179231644638116e-05,0.9721482332448176,2160,256
4724,0.5953694407297457,0.1688369836469269,2009,256
4725,0.4740631211301273,0.9528960505529742,2056,256
4726,0.36674176329719876,0.1444639851112581,2027,256
4727,1.0471943734842266,0.1923535704326077,2112,256
4728,0.00046151240432789747,0.5011525388761122,1934,256
4729,0.00014776649637061244,0.2051648679446761,2125,256
4730,0.04473003678187839,0.3634996387835721,1962,256
4731,0.024244302930494458,0.5076294299226656,2130,256
4732,1.003998294720787,0.4537704350303467,2174,256
4733,0.00252803019028618,0.8445891411113744,2055,256
4734,0.3784577424129184,0.9520307705654888,1963,256
4735,0.039577384061321684,0.0486915653935839,2125,256
4736,0.726911157793469,0.0091342188995104,2127,256
4737,0.00499554215361982,0.0276793516289259,2004,256
4738,0.01859797876992718,0.3085547623648009,2035,256
4739,0.04084921637555411,0.076378469850168,2078,256
4740,0.2997700851475552,0.6692047562266888,1965,256
4741,0.018546619000572293,0.805513667195691,2099,256
4742,0.08066172945786752,0.3482588457107842,2121,256
4743,0.1819758037208307,0.8799330286954191,2120,256
4744,0.006915032300808754,0.3730686509260301,1983,256
4745,2.510287283390346,0.7792961576723628,2094,256
4746,3.8904438815451403,0.4099357478302577,2004,256
4747,0.017647564114051145,0.7695989831388246,2045,256
4748,1.66240117052741e-05,0.9775595462668996,2009,256
4749,0.0017503869358731843,0.931380192225338,1936,256
4750,1.0407168325631038,0.6938335284185558,1990,256
4751,0.16333656287413317,0.6049227090303456,2123,256
4752,0.19413351116328367,0.628063553422439,2114,256
4753,0.0830202926612115,0.6659687345710104,2068,256
4754,3.3450405892089883,0.1704041415280898,2174,256
4755,0.25323277763259977,0.6232672244201792,1943,256
4756,0.8430224547468845,0.3604180013763853,2143,256
4757,2.1167223923806464e-08,0.2989221707077816,1971,256
4758,0.7617113419870658,0.1866058877469607,2096,256
4759,0.000436410942346877,0.9255677234623616,2060,256
4760,0.5163044466294068,0.3914296771526915,1962,256
4761,0.6658121386780155,0.9061957648587992,1980,256
4762,3.1424197804345684,0.3197078161296327,2000,256
4763,0.3338373974977402,0.4819659166179606,2087,256
4764,0.21932769083405507,0.2657726592756294,2020,256
4765,0.5848657461810524,0.6270041011146655,2103,256
4766,0.8291985779813508,0.8266770439879821,2053,256
4767,0.821269407423456,0.403516058394468,2010,256
4768,0.009198154376960484,0.2880758998455657,2097,256
4769,0.07506723666284404,0.9632536778437188,2086,256
4770,0.4545977949052883,0.4715110063550772,1953,256
4771,0.08663542517797641,0.2723137624966211,2052,256
4772,0.4139514972343024,0.9309404613479454,2017,256
4773,0.10025035569224658,0.2735043074219639,2004,256
4774,4.180376207771681,0.0866779890884059,2017,256
4775,0.059556908044207366,0.2850861960036658,1958,256
4776,0.07482655729788268,0.1960227881269437,2020,256
4777,0.47518937442526016,0.1134992105013954,1954,256
4778,1.5163231289530175,0.0190212835123945,2139,256
4779,0.0011062224564770305,0.8322552196680695,2056,256
4780,0.13733382712361203,0.9201182887530146,2140,256
4781,3.190144684492564,0.7644441048372355,2035,256
4782,0.7342798696055324,0.5620442288188159,2121,256
4783,0.009058317970058223,0.7224237442330103,2174,256
4784,2.1368205934841744,0.7577020137456725,2085,256
4785,1.776291842893631e-05,0.6005973713134903,2042,256
4786,0.5346674174171285,0.7129209627471456,2171,256
4787,0.07697775429500117,0.1214577880929567,2066,256
4788,1.8230999659705323,0.2451812227876779,2061,256
4789,1.3331703462515712,0.2804452646543546,2101,256
4790,0.00047958685346875704,0.0751939054436945,2042,256
4791,0.03046542613422207,0.2854716154019985,2040,256
4792,0.092285254293921,0.8714607797504076,2118,256
4793,0.034140015785891334,0.2112055813122382,1982,256
4794,0.007725861673431516,0.4494289742773327,2012,256
4795,0.01077590958014277,0.3396135444867146,1991,256
4796,0.016586336105420846,0.889904107279724,1953,256
4797,2.0326137635436066,0.7690786073251756,2134,256
4798,1.966377154899048e-06,0.1184985937263222,1989,256
4799,0.48785362935730786,0.6963111871513878,2056,256
4800,0.00148025334402093,0.8262918057841661,2151,256
4801,0.4673722989852812,0.1336058138690624,2078,256
4802,0.20330573195484988,0.627708545007959,2011,256
4803,1.1336378788654323e-07,0.2171315332024614,2066,256
4804,0.016570153389794364,0.5611056826955718,2161,256
4805,0.01799735413194768,0.8241021553274913,1929,256
4806,0.21850947663172154,0.2595876325653521,2038,256
4807,0.06749025471172668,0.3509119895583164,2066,256
4808,0.06307758518420692,0.0322201536898926,2098,256
4809,0.12246624415780244,0.9334895336495168,2149,256
4810,1.0391134454981725,0.2465863790288678,1989,256
4811,0.27399189483574504,0.1175411563169871,1983,256
4812,0.0002703704583685022,0.8716995597713968,2059,256
4813,0.15052149347783345,0.6971692390139542,2170,256
4814,5.116735131621917,0.1377067778485993,1978,256
4815,0.14498763946795967,0.4791103913754386,2117,256
4816,0.9676428952266862,0.6782644497250534,1938,256
4817,0.0781322198771134,0.4350793769958533,1959,256
4818,9.017750451563458,0.208525896084295,2032,256
4819,0.5115612868308167,0.9577833557753812,2146,256
4820,0.2687829328627058,0.1301871009943479,2096,256
4821,2.2652683278653964,0.0488903588173086,2040,256
4822,0.02920012565700945,0.5539066839263497,1953,256
4823,0.019704887853513826,0.7079039835929621,2124,256
4824,0.44125566805438166,0.233035233501947,2153,256
4825,0.013991356943130386,0.795621487081772,2008,256
4826,0.01549616660271668,0.0038665572922451,2023,256
4827,1.7782733970674722,0.3140911847092154,1945,256
4828,0.47279302671249834,0.6334707242079669,2100,256
4829,1.0182220094858881e-06,0.2960479681270396,2155,256
4830,0.013242905449862973,0.3241418429841283,2115,256
4831,0.6446322737539013,0.9634175178079376,1958,256
4832,1.0435553475206825,0.1620261717509955,2150,256
4833,0.2676687048821373,0.7138147233720555,1943,256
4834,0.08843452778332576,0.5618125299962109,2015,256
4835,0.14706440650162664,0.8940767434351347,2096,256
4836,0.2792156027481007,0.0248450735716073,2020,256
4837,1.4659535135932895e-08,0.4992574500009035,2134,256
4838,0.7086793927826243,0.0998489947121167,2047,256
4839,0.06164308475284407,0.6752206457799136,2153,256
4840,0.03271375945830724,0.0880217700985964,2025,256
4841,0.5433730509099626,0.3117079577260098,2102,256
4842,0.006524750842354695,0.3091580843443768,2050,256
4843,0.657390543217321,0.6684460042450174,2052,256
4844,0.6749978044238524,0.2462014619536586,1964,256
4845,2.9831482397937434,0.3878732600969503,2071,256
4846,0.014833420255181392,0.5572486778373067,1966,256
4847,0.5578206374739278,0.6360081361725741,2004,256
4848,2.922336368967087,0.8481284173728937,1988,256
4849,0.08496196014825469,0.461663641694279,2150,256
4850,0.23979183481988314,0.3681029221826193,2025,256
4851,2.4465603075069508e-05,0.7219633409842652,1933,256
4852,0.9168568640184387,0.0244624472572125,2080,256
4853,0.5360035949832869,0.1576237788644299,2049,256
4854,0.34881005397861137,0.2107762489449761,2126,256
4855,1.2478261092831224,0.741062716310647,2043,256
4856,0.031537222910287904,0.0956337985376843,1993,256
4857,0.11664544404436598,0.6753976991686496,1923,256
4858,0.01054584491240435,0.8921084225390683,2134,256
4859,0.048942000285625314,0.6839701448410231,2040,256
4860,0.00865187763683562,0.4827214574286558,2065,256
4861,15.350106404465622,0.0128343015723407,1938,256
4862,1.0322279101126894,0.2901147496954683,1986,256
4863,0.6124670780093804,0.283868463681509,1972,256
4864,0.02587980783012964,0.4254327171741578,2115,256
4865,0.09031993307787244,0.9976368590012216,2137,256
4866,0.014868841941291112,0.1185880436385149,1952,256
4867,0.05452195453683852,0.6230934807753414,1952,256
4868,1.108110836419468,0.3521148640993378,1995,256
4869,0.005569028922964511,0.6745755478476265,2003,256
4870,0.0645447172413019,0.4858311543136553,2101,256
4871,5.7475922084874895,0.1097257322093737,1952,256
4872,0.10964309405712848,0.8422057004341587,2039,256
4873,1.003475943210662e-11,0.5326805777246534,2128,256
4874,0.010872702582623808,0.3764204141972657,2037,256
4875,0.16447034062026616,0.7789713396074877,2133,256
4876,0.9015791064415997,0.5362241740372432,2073,256
4877,0.1635308015036252,0.1327591448737781,1933,256
4878,0.0008364926949294509,0.7864456684994365,2119,256
4879,0.49188265402853193,0.386166884463141,2018,256
4880,9.617924987290552,0.8212057628752331,2085,256
4881,0.0005527951226034835,0.8384378431020597,1952,256
4882,0.004159527738996157,0.8748724431342859,1975,256
4883,2.352360904979969,0.6271934147535634,2145,256
4884,0.008407200492781092,0.9513583480579,1978,256
4885,0.8592587758948359,0.0403432578179799,1978,256
4886,0.0371710986069817,0.8105160177121263,2166,256
4887,0.013373324513415196,0.1696137556510167,2041,256
4888,0.7868279260783528,0.9898734883912614,2174,256
4889,2.4977678684485407e-06,0.4729025209814553,2167,256
4890,0.20276637035165176,0.4438446492811659,1968,256
4891,16.03120916969139,0.7280862876009675,2041,256
4892,0.005946293501319243,0.1390778511882729,2108,256
4893,0.7580197289550302,0.4736597603310433,2039,256
4894,0.005652196779591014,0.5066925509073027,2051,256
4895,1.8382603477722956,0.4619895105479882,2129,256
4896,0.563055037852021,0.5854486919124154,2118,256
4897,0.38270114148902823,0.0066209272881159,1994,256
4898,0.4382381734562277,0.5406380000477676,2025,256
4899,0.00046101981913822585,0.4460624888482746,2124,256
4900,1.990923154701885,0.0393643474495621,1924,256
4901,5.4446789814856786e-08,0.2811684633626572,1929,256
4902,1.5858714394854987,0.0244346512675499,2052,256
4903,3.176236582380876,0.5625010343596787,1966,256
4904,0.4000280091385248,0.4683953354485782,1997,256
4905,0.00303300812969399,0.9686718685281964,1932,256
4906,0.17276476203195265,0.9706098734377886,1977,256
4907,7.668553400109919,0.5094025633655893,2058,256
4908,0.13690044302369134,0.0183410969819389,2038,256
4909,2.285130066685439,0.4516997559992383,1962,256
4910,0.0009832294181995518,0.9484398856302776,2070,256
4911,1.5206780865343148,0.2363758414997727,2010,256
4912,0.003579665054980594,0.0499385154297014,1951,256
4913,0.025718705149144854,0.4145138494375011,2048,256
4914,1.3142530823660956,0.856605370027938,2111,256
4915,0.0002795042097260563,0.3568537561050628,2045,256
4916,0.0677801987481709,0.4799935512355366,1974,256
4917,0.035551655974480886,0.8820029384533895,1980,256
4918,2.0042037076903103,0.6467502845972074,1969,256
4919,0.40451015592593903,0.6397241846006859,1983,256
4920,0.020108741164572647,0.5147515846123977,1954,256
4921,0.4769644098433105,0.6090846758472758,2164,256
4922,4.889278411508781,0.638094900388149,1952,256
4923,1.301066662859019,0.7293215127909547,2014,256
4924,0.8054530183335425,0.7843387882235051,2136,256
4925,1.1046036155495964,0.1982708091856988,1982,256
4926,0.10724812584041042,0.8652729397369044,1971,256
4927,9.499549634596207e-05,0.3643582582320825,2115,256
4928,0.01572851568865491,0.5130156057671501,2008,256
4929,0.00734279007815189,0.7200824988131285,1953,256
4930,0.35767358571043484,0.8356587681914296,2127,256
4931,0.0007121804147083523,0.2402612045339989,2154,256
4932,7.056094715158673,0.5384952375884955,1958,256
4933,3.114159954676826e-09,0.4495635559024532,2138,256
4934,0.9654669560973758,0.6518526706641988,2099,256
4935,0.08291487860922138,0.4060582487010286,2170,256
4936,0.008762895031196535,0.9610356933514864,1957,256
4937,4.264389887712609,0.8568848106382468,2023,256
4938,0.13590390240746003,0.2792348975090085,1992,256
4939,0.02770909617185606,0.0373844756194362,2099,256
4940,1.6788220343735558,0.7006800504766204,2143,256
4941,0.07297070179666158,0.477900438892846,2153,256
4942,1.7249988392776519,0.3330657931877393,2176,256
4943,4.087529543394267,0.6072223534669641,1985,256
4944,0.36652380466017453,0.9514132748692156,2015,256
4945,0.1255926822959672,0.1649329086481932,2091,256
4946,0.0008520805549309632,0.2940672479545524,2169,256
4947,0.0017802921250549175,0.0802114767544638,1937,256
4948,0.29566582516532364,0.6544043927790654,2089,256
4949,0.9188397556227034,0.6308537960685763,2175,256
4950,0.04084182657996657,0.61652364341224,1962,256
4951,0.5952808341550988,0.9499333364016368,2082,256
4952,0.48370968933830094,0.232510285535136,1981,256
4953,0.2828592816022687,0.0549777686660699,2011,256
4954,3.2571521110264032,0.0729065354817515,2038,256
4955,0.014497559241583566,0.5367890200279943,1930,256
4956,0.2956879138389337,0.2413314990583897,1924,256
4957,0.005883321692273132,0.9631430421285784,2086,256
4958,0.28240206272665186,0.6572209556898219,2118,256
4959,0.07601207307695561,0.3468486250340543,2087,256
4960,0.0012206841289412722,0.4547314147613912,1955,256
4961,6.743940964704954,0.4056234184491478,2114,256
4962,0.15729249653796412,0.2954937635230864,2141,256
4963,0.010925355185812329,0.2546861182159448,2114,256
4964,1.900618332990323,0.9607048978909304,2136,256
4965,0.6719422039703306,0.2021948210935273,2107,256
4966,2.1620334493562714,0.9221262704189692,2026,256
4967,0.059344950338890035,0.1734840306209437,1992,256
4968,0.9505992138493434,0.0470727515431536,2082,256
4969,0.6991211169148775,0.0476694331979488,2056,256
4970,2.5650397014211697,0.9913994190323598,2078,256
4971,0.8098362849039215,0.3578385263381363,2069,256
4972,0.1780218645980526,0.8050600462023711,2176,256
4973,1.5717865191028664,0.5519054057327232,1945,256
4974,0.3920065007171876,0.9690786059278086,2001,256
4975,0.11765271778508063,0.7047471483439249,1976,256
4976,5.181142689134429,0.2483855862872274,1999,256
4977,1.637372051221445,0.6175948530097244,2170,256
4978,1.4613425398636428,0.2090471283424751,2171,256
4979,0.2798963082804648,0.550870666913044,2025,256
4980,0.005030714019263179,0.7770883889989054,1968,256
4981,0.011672839510614107,0.1742119253394023,2004,256
4982,0.002920364042956104,0.0914589035075468,1951,256
4983,1.9217264428831842,0.1560431052660031,2142,256
4984,0.3947170614193245,0.1024383658057082,2119,256
4985,6.22867615788591e-05,0.8939344873442812,1921,256
4986,0.0035827675057633385,0.6512114294378841,2149,256
4987,0.5294109825460147,0.7337283252011653,2075,256
4988,0.03243407079999602,0.3498383969443379,2021,256
4989,0.15449298724869293,0.3145903627331637,1941,256
4990,0.07130964805065543,0.7205103600123001,1956,256
4991,1.2929588414889829e-08,0.3999214104587945,2067,256
4992,0.0007345902857745718,0.0543347604633204,2002,256
4993,2.1119338930955975,0.3315206222071474,2020,256
4994,0.03303950429260926,0.2643660272401829,2021,256
4995,0.790269533268441,0.1553465245430737,2030,256
4996,1.3957388291980968,0.92027916974327,2166,256
4997,0.32214313075157586,0.8485507659979525,1967,256
4998,0.4340943936764749,0.744061153269521,1941,256
4999,0.000908284341761678,0.9741318246750224,2109,256
5000,0.006216111625564604,0.662939192503869,2002,256
5001,11.059426963792324,0.8018878675487819,1961,256
5002,7.7127308537118315,0.9629600781047964,2120,256
5003,0.7410058443720381,0.6925621229927013,1961,256
5004,0.3404566524439027,0.7668803697339762,2157,256
5005,0.1048547357770679,0.7762000802448953,2104,256
5006,0.7909235545654697,0.0562284415372168,1965,256
5007,0.2605913516978334,0.2478674587422455,1991,256
5008,16.188421756758583,0.0366729990400108,2089,256
5009,4.012459004413526,0.4972153064531754,1973,256
5010,0.14352436406171712,0.8478340630647351,2085,256
5011,0.019378592746268908,0.4008518176451666,1942,256
5012,2.527888313394605,0.0469679939893217,2076,256
5013,0.05349495536046315,0.5023680527867163,2001,256
5014,0.05730520014277647,0.9684761986188116,2115,256
5015,3.269937492228099,0.2317427095767665,2025,256
5016,5.6287216818595614e-05,0.8362821373622435,2146,256
5017,0.0019660488799154332,0.9570773318917162,1991,256
5018,0.002830128288888893,0.8545064478829301,2045,256
5019,7.76117825008537,0.1453477527533139,1992,256
5020,0.0019962419874541316,0.9458815206517728,2061,256
5021,0.20199330969341217,0.5669298275526958,1988,256
5022,0.0017575273782732682,0.1384092363966472,1956,256
5023,1.047348711090543,0.6979725311754933,2176,256
5024,0.00042183662544280424,0.0036457472193481,1954,256
5025,0.34333622251149015,0.9182007566823028,2059,256
5026,9.304468802727112e-07,0.3012167860644139,2044,256
5027,0.029245491016926667,0.914966114715093,2047,256
5028,0.2212245192664484,0.2744216823053829,2117,256
5029,0.985600318806635,0.6493452048851928,2127,256
5030,0.7893507606383906,0.3304962845366178,1999,256
5031,0.31776998113666,0.0815822712685041,2062,256
5032,0.28386057229346434,0.7135359036581392,2149,256
5033,0.008931808654111943,0.3384000867665958,1924,256
5034,0.02058695442889938,0.7241967142716058,1932,256
5035,0.937536312093427,0.0976332087274209,1931,256
5036,0.03862802220395311,0.0992836548090346,2011,256
5037,1.8345108604081943,0.8908031997697187,2097,256
5038,0.5378669203998742,0.3483483962365703,2166,256
5039,1.0247905444065459e-06,0.874800422122086,2170,256
5040,0.6618121899027852,0.4888442102927467,1959,256
5041,0.12049078998844397,0.3273936280516684,2142,256
5042,0.003363620128342628,0.4317932987465318,2126,256
5043,0.004959658111639519,0.2388300487268618,2067,256
5044,0.6269554102445924,0.8414172496835648,2135,256
5045,0.001867528001145141,0.7065689283675454,1971,256
5046,0.017625750051863738,0.3892951616634786,2161,256
5047,0.0019561296346460215,0.9164619754830056,1940,256
5048,0.0011440826818796923,0.2570143021592027,2047,256
5049,0.3374859004289144,0.8598129282960486,1998,256
5050,1.762198177635731,0.6680198301537263,2030,256
5051,0.004383110595912887,0.5881956636995547,1957,256
5052,6.628898698724018e-07,0.6327908945515207,1962,256
5053,0.01737994361802702,0.5568988657434846,1993,256
5054,0.48142774275954037,0.5264551519497258,2089,256
5055,0.0006685537277703951,0.6295103198759442,2023,256
5056,3.555244554207898,0.0443913236188251,2021,256
5057,0.1385570639078728,0.5056916222502588,2156,256
5058,0.9349388913168345,0.8593970404453118,2156,256
5059,0.05076624581856056,0.9612941770605224,2002,256
5060,0.036916337444119145,0.7585641159639506,2036,256
5061,0.0014117485523947766,0.8352882256129897,2065,256
5062,0.0004717520025639254,0.916848337353228,1972,256
5063,0.38983681245712,0.5021723760344733,2059,256
5064,0.006297930273407092,0.6233346030655276,2078,256
5065,2.4523993439996978e-08,0.5264649277073823,2167,256
5066,0.013669292852841346,0.3954712475443253,2172,256
5067,0.002277404998979182,0.5179713285806304,2154,256
5068,0.2232046007407379,0.9271983917008942,2115,256
5069,0.0004476717592123023,0.6659658772350797,1990,256
5070,0.0052998936022405525,0.9315475796412792,2012,256
5071,0.002858960496740676,0.3172926146670681,2156,256
5072,0.35346320847314017,0.5047025594544847,1962,256
5073,0.006285773356348656,0.8314601321586792,2106,256
5074,1.0340442654102775,0.6824734920998259,2041,256
5075,1.9058154829245555,0.3875981672235934,2054,256
5076,0.006942980679446816,0.2892064931375037,2064,256
5077,0.06415689147004203,0.522061130153611,2057,256
5078,2.2978010023378923,0.3052471738655588,1973,256
5079,0.5734635120225943,0.7634154773377383,2069,256
5080,0.24407671071292278,0.7445901561209366,2023,256
5081,0.536264591434592,0.3968080121001732,1939,256
5082,3.4995652873591175e-07,0.8128981209093926,2129,256
5083,0.20406805627209332,0.8877619293999918,2069,256
5084,0.4037374918941369,0.4806883287675876,2117,256
5085,1.6171852840921677,0.8745146977342843,2156,256
5086,0.04071224048291568,0.892806025764668,1942,256
5087,1.0786707409001262,0.5889245868083012,1944,256
5088,0.02077565224862786,0.1711605308655469,2094,256
5089,0.658800735779006,0.3396322639952576,2106,256
5090,0.024273905522818596,0.7676541655906025,2057,256
5091,1.6343596061953067,0.5079835840300607,2117,256
5092,0.03668642053191313,0.5727102366411922,2082,256
5093,1.3510025586466665,0.3426931646603066,2003,256
5094,0.009843260773037394,0.8834521162487984,2077,256
5095,0.11359379805468978,0.0549627382669251,2025,256
5096,0.11140438439598278,0.7074963778384054,1946,256
5097,1.3231452809585098,0.6647860971432091,2101,256
5098,1.5989647452619573,0.3055275913219046,2083,256
5099,0.0012266174167230273,0.0651576787987334,2095,256
5100,1.0886356593448225,0.7320425969834388,2143,256
5101,0.008197968398686,0.7793453333448707,2017,256
5102,0.2154903528525309,0.30586224802297,2165,256
5103,0.013120266218251067,0.8671257475170383,2044,256
5104,0.00012955380474462784,0.2192770748061332,2138,256
5105,0.554072548950524,0.7413038585559397,2086,256
5106,6.668302865284238,0.0369122656694184,2052,256
5107,0.007538697972394025,0.9338019405046338,1973,256
5108,1.828640724334984,0.2238330003620148,2073,256
5109,3.595114623531178,0.2824654000677014,1949,256
5110,0.014694572171561253,0.0083567778008428,2044,256
5111,2.2560493536728634,0.7619185645657082,1973,256
5112,0.019161555489979495,0.2904779826777899,2144,256
5113,1.234950499067931,0.3486515436700803,2079,256
5114,5.611406331286985,0.3382348831333488,1963,256
5115,1.780369636630277,0.8633542797973534,1959,256
5116,0.006097442534764026,0.9998766345438028,1997,256
5117,0.7873717956243718,0.8515257233559457,2041,256
5118,0.10569082950283651,0.1563474461364654,1923,256
5119,0.5161127484763142,0.814682775043387,1963,256
5120,0.00498919267579511,0.3698691360305516,1996,256
5121,0.0017752490042589454,0.3299509724516647,2067,256
5122,0.09003936512347392,0.3179831604051815,2039,256
5123,0.11069901883970672,0.7699105755087812,2096,256
5124,2.01813417074448,0.238187198021877,1958,256
5125,0.514732677591429,0.744156274329334,1928,256
5126,0.003395259466278922,0.767494119297504,2094,256
5127,0.5952369281152783,0.0377185303631466,2020,256
5128,0.06527006455650823,0.3765413328848541,1922,256
5129,2.627787199200768,0.7685894917667052,2018,256
5130,0.1245203758425179,0.1683561697192243,2135,256
5131,2.2727670199224628,0.3236819263349597,2137,256
5132,5.1739155159412284,0.2577669051489464,2004,256
5133,0.016406018469974856,0.5631106757673008,1975,256
5134,0.0009224674031827226,0.1196839769952642,1996,256
5135,1.2627075441839607e-07,0.1182586227789627,2130,256
5136,9.667927058010762e-06,0.4260578702221355,2014,256
5137,0.5939219714698558,0.1640512072312663,1948,256
5138,0.0037298180243373175,0.7240287513542466,2052,256
5139,0.22691155030422566,0.2406618701527026,2043,256
5140,0.048445176780044535,0.8452197947318643,2080,256
5141,0.002448445776312663,0.2822385189307267,1978,256
5142,0.0004509670198052903,0.6122670137235577,2149,256
5143,0.2684434950256382,0.0962977625196281,1924,256
5144,0.0003780087368624503,0.1131335947289865,2095,256
5145,6.018005732715553e-05,0.7745004442413737,2000,256
5146,0.002471222559078484,0.1639062598756713,1984,256
5147,0.005660323763311095,0.7689066059819512,2109,256
5148,1.17425060054106,0.4452456683846723,2038,256
5149,0.00427975534201263,0.2975873063777133,2009,256
5150,0.6519510032402529,0.3877835009076045,2094,256
5151,1.9365351783415448,0.5350283731417628,2123,256
5152,0.01973035605032637,0.2004176527133494,2070,256
5153,0.13670640993662114,0.7879648503893079,2050,256
5154,0.02982660583085192,0.0251492684056129,2169,256
5155,2.8834549463778343,0.733919329493756,2025,256
5156,5.854182185450815,0.933745117762263,2121,256
5157,0.008715793634186366,0.4603182318699765,2165,256
5158,9.71248891504175e-08,0.5547524240532882,2010,256
5159,1.6918458086125523,0.0845143104892121,2146,256
5160,2.762472700417091,0.6602431687539783,2108,256
5161,1.6192185517489592,0.2851884986137616,1946,256
5162,0.0019627946324493706,0.0465419432515765,1976,256
5163,0.3066574404545785,0.5251524126265326,2121,256
5164,0.23093102568428736,0.2579006883606269,1993,256
5165,0.04546235801367901,0.3937154908226328,2015,256
5166,0.3243997654685721,0.6804767500151753,1961,256
5167,2.7806299300513204e-05,0.937173931743375,1937,256
5168,3.723958781057471e-06,0.2524082047323781,2149,256
5169,0.5552100393967053,0.7905457713316788,2089,256
5170,0.5982307096045683,0.3543591339894766,2122,256
5171,2.3072535664849227,0.6054046856038094,2076,256
5172,0.04699900086441521,0.4412750676371223,2071,256
5173,0.0015528352495248028,0.3463832366465533,2127,256
5174,1.232181433390162,0.8241683232015234,2131,256
5175,0.016898315557719434,0.3436758317894037,1988,256
5176,0.437486026597256,0.5523122983966846,2105,256
5177,3.4150162769800905,0.4954819777760927,2154,256
5178,0.371594292844937,0.4053323318794575,2158,256
5179,1.446445661265117,0.8546848888072544,1987,256
5180,0.023486803691317566,0.8175553957146484,2119,256
5181,1.6073993044111736,0.9866955616235288,2058,256
5182,0.00856891140746254,0.9995861349264028,2056,256
5183,0.5365419073575519,0.1173495152275639,1960,256
5184,2.889457551958303,0.2633578718600705,2156,256
5185,2.416480695442858,0.2313295239419051,2140,256
5186,0.25760137187660986,0.4856058936750914,1972,256
5187,0.0008524655929739415,0.4330790759669349,2172,256
5188,4.639228250880777,0.0581103299221924,1950,256
5189,0.10226990616935358,0.066916093786968,1938,256
5190,3.692718676395565,0.8789503978671691,2000,256
5191,3.3229764607488157,0.9102208563931852,2069,256
5192,0.015220448006285019,0.1106903582530969,1971,256
5193,0.4184197563410133,0.636572731985925,1989,256
5194,1.090300887656047,0.3611743640299393,2079,256
5195,3.340405342680448,0.531900317931472,2134,256
5196,0.015694308245398643,0.6694345783883193,1982,256
5197,0.04726444544701371,0.907572776993771,2092,256
5198,0.005765273116577465,0.5321513747915284,1946,256
5199,0.0034955023133223457,0.4131307367825353,2113,256
5200,0.014649036395082691,0.295891957662043,1992,256
5201,0.00013300467717229796,0.6009690387018094,2052,256
5202,5.904363882554951,0.3355227958470229,2152,256
5203,0.25077941862085423,0.1919789081280012,2033,256
5204,0.14059639191639686,0.2152749382919425,2119,256
5205,0.26027444832852065,0.7009964292052703,2119,256
5206,0.006583562413008024,0.4976426027565998,1975,256
5207,0.004078444635951575,0.1332730092027915,2171,256
5208,0.44813003466476353,0.6082438449325469,1991,256
5209,0.0003357263405207733,0.2205096726340067,2118,256
5210,0.3055098739917276,0.533353332820843,2005,256
5211,0.01949899664313772,0.7937323898013032,2148,256
5212,0.008141267151289499,0.0720490961474322,2061,256
5213,0.004810281795276109,0.5478524753622762,1998,256
5214,0.5022132399047836,0.3096655428743216,2010,256
5215,0.4255358722347412,0.0181236405882917,2076,256
5216,8.1482045620016,0.8662422174164287,1953,256
5217,1.7635370066350742,0.9590913106348152,2123,256
5218,0.011860805694458102,0.2891496893950633,2152,256
5219,0.00010321890121964791,0.3942997985274162,1963,256
5220,0.2910924897357583,0.2036761052817016,2082,256
5221,0.22949755809653957,0.8393822308490162,1949,256
5222,0.017090648670732296,0.9041996068275232,2000,256
5223,0.006950909491028574,0.958786655095158,2081,256
5224,0.18415564682670066,0.2685743497451598,2167,256
5225,0.16494011353954482,0.3059528813015235,2075,256
5226,0.017335173689062983,0.0485402214051271,2053,256
5227,0.000592592312925145,0.2098348634777174,2118,256
5228,0.8631443467975324,0.4784602958415577,2173,256
5229,0.5429015344686324,0.7591539562750856,1956,256
5230,0.09840122977591272,0.648780485671732,2136,256
5231,0.2647848319287642,0.0726163185311904,1929,256
5232,0.736751031470523,0.3896070360447401,2056,256
5233,5.193210374745716,0.8528489279632013,1990,256
5234,0.004633397798766272,0.9630603369294816,1986,256
5235,1.0686566703840972,0.8685371474673768,2035,256
5236,0.08871114824924033,0.0482892891775176,2111,256
5237,2.310591241794565,0.7460580342966536,2045,256
5238,0.19608038031682024,0.6125132923011496,2006,256
5239,0.028995597779291508,0.0445227550513936,2134,256
5240,0.0004286364085017492,0.5728006900066372,2088,256
5241,0.3522684595915617,0.0328388459983505,2057,256
5242,0.00022608638268959075,0.9596881069285678,2144,256
5243,0.11213745858868779,0.7717134014103033,2089,256
5244,7.614425073295423,0.0445108452839867,2082,256
5245,1.987940046869823,0.4937675951117649,2141,256
5246,0.3623719820498055,0.7838587967809993,2099,256
5247,1.7867716560451379,0.1416034009770863,2035,256
5248,0.0026888253354970023,0.4465610746700882,1936,256
5249,7.12168907398835e-06,0.8024630388297044,1979,256
5250,0.0018183846835064278,0.0946377725423512,1948,256
5251,2.0548985885910945e-05,0.1973519811566367,2116,256
5252,1.105854369923384,0.3335272857676037,2034,256
5253,0.8864942053807172,0.997046541877401,2017,256
5254,1.7230953633253314,0.4456243894873547,2011,256
5255,0.06275297207765154,0.5970086999507181,2056,256
5256,0.4881533442968355,0.4181626950043523,2140,256
5257,0.0037785873307099494,0.8128631013665488,2170,256
5258,1.0631578991458543,0.0723942095267563,2076,256
5259,0.43245420359029163,0.8711786579890268,2070,256
5260,0.2985878899139943,0.9323914049866194,2039,256
5261,1.301265615306399,0.7568817762754638,2136,256
5262,0.3679974858982551,0.9099066677583112,1976,256
5263,0.4113044475921071,0.6351386487814609,2113,256
5264,0.053357233666737135,0.7162524333345064,2103,256
5265,8.74634971824169,0.7740047920515972,2150,256
5266,0.07116884157714509,0.4909035383312715,2031,256
5267,0.05392282495343888,0.5740449486679017,2099,256
5268,3.500342362692006,0.8190101096501815,2047,256
5269,0.004708344039176789,0.1826443259796751,2054,256
5270,4.010160475177443,0.0971607382850431,2000,256
5271,0.4607349740139054,0.4699277805161994,1973,256
5272,0.15841932733456854,0.2035053307286922,2017,256
5273,0.044741869493457105,0.9781889886423404,2099,256
5274,4.798756677680233,0.6734075180298484,2081,256
5275,3.1431173517324598,0.8797176654830412,1938,256
5276,6.767804121043122,0.9636925358059908,2118,256
5277,0.14368041776654852,0.7505780211227461,2119,256
5278,6.253645989039624e-08,0.2931116486876549,2139,256
5279,0.01913075313364512,0.0123084183997298,1962,256
5280,1.9127664552481448e-06,0.0819195131441945,2008,256
5281,0.011246814163906164,0.5502582029988863,2113,256
5282,0.00016001446815856735,0.0400167016454163,1925,256
5283,0.05193604252770337,0.7228457266636589,2108,256
5284,0.0005663878337531706,0.798565704740679,2107,256
5285,0.003679198133754101,0.7520689242319009,1920,256
5286,0.05324946426483561,0.5992933065116598,1985,256
5287,0.07229184868703621,0.0681803568388016,2012,256
5288,1.1139967816034806,0.803198651795891,1989,256
5289,0.13177288240106882,0.8510106279323999,1987,256
5290,0.035182183526542225,0.8981435570462152,1980,256
5291,0.09718494628754501,0.4095530849834352,2090,256
5292,0.8879418938463581,0.9766654543490592,2086,256
5293,0.14257047706007867,0.1504303858128278,2034,256
5294,1.2301258904293957e-09,0.0219465398936239,2162,256
5295,0.02930102769509854,0.6268313718831898,2000,256
5296,0.4343954191373741,0.9158110901341736,2164,256
5297,2.413630989166469,0.1171534472397881,1972,256
5298,0.09588061397900657,0.550814239480433,2029,256
5299,2.1217228666218073,0.0786404022533937,2015,256
5300,0.000927582793648765,0.3451349866882195,2159,256
5301,0.002843514565234473,0.8704784622745135,2028,256
5302,0.4834139487060455,0.3720082450769516,2018,256
5303,0.1872001332801992,0.0528180203939784,1945,256
5304,0.16793517992338894,0.388010256949553,1965,256
5305,0.006227938682540798,0.4717878485105778,1972,256
5306,0.4685971147458155,0.5000870569479329,1944,256
5307,6.3994870851177446,0.3661844981575624,2167,256
5308,2.8492990482926523e-07,0.0257018374177142,1934,256
5309,0.06308373058634129,0.3549660175943108,2133,256
5310,0.004034970944765886,0.7359671120708434,2035,256
5311,5.346074643802948,0.5841251266486117,1952,256
5312,0.23147369382687089,0.3154949988551968,2097,256
5313,0.08190645259083389,0.1137376258880377,2153,256
5314,1.666983370404027,0.2175467077503425,2013,256
5315,0.08358630554270219,0.039061783798698,2155,256
5316,0.0005336119161754797,0.9974554566986584,1990,256
5317,0.3533024510416374,0.1730404656179048,2129,256
5318,7.95825089725521e-06,0.2551398063863266,2065,256
5319,0.0023600706070599398,0.6070920447014242,1949,256
5320,0.22394080904585403,0.6219720698088474,1977,256
5321,0.1478009839414948,0.2140011445353113,2141,256
5322,0.3314960607217974,0.2819278124295211,1977,256
5323,0.28427282586735997,0.0556037051710389,2117,256
5324,0.0007237567553638902,0.7232642904024059,2097,256
5325,0.1642587727999721,0.0762742810815712,2056,256
5326,0.0019838327710913297,0.5647964906373574,2125,256
5327,4.899434680294978,0.4120872409576543,2071,256
5328,8.825059695924648e-05,0.7887212871170837,2088,256
5329,5.126947089393421,0.1948580807016324,2167,256
5330,0.5191909823538492,0.304875655677394,2011,256
5331,5.140048270682846,0.0566326115001359,2053,256
5332,0.05881194411915592,0.665245849322826,2151,256
5333,0.06834428344682239,0.9392943714748516,1978,256
5334,0.6246915985074627,0.9966717866831858,1948,256
5335,0.3762325297518785,0.285484660066172,2123,256
5336,0.01586943085269837,0.8263825266343436,1962,256
5337,0.00675579061463436,0.5763536571592945,2087,256
5338,1.340569875261853,0.1312912000002036,1935,256
5339,0.611984103567219,0.4534473796338988,2103,256
5340,2.0633542169960323e-06,0.2410624697074528,1927,256
5341,0.003926294334712755,0.6065731343262097,1940,256
5342,1.1631867188277818,0.6980795826738468,1966,256
5343,0.6257783228112881,0.2581496946241473,2018,256
5344,0.04615545727526137,0.0540738986634792,2064,256
5345,2.084690343956557,0.1046161199224732,2135,256
5346,0.02399424405790566,0.2281930699872767,1975,256
5347,6.378288074686105e-06,0.7496102646225337,1977,256
5348,0.04993748524873815,0.1894510746518036,2150,256
5349,4.206194507736063,0.0797831205769832,2082,256
5350,0.06709677248218604,0.2137519484165099,2020,256
5351,0.5565892934720709,0.454730639686798,2032,256
5352,0.08246805335320447,0.2344417957160894,2171,256
5353,5.871118922270771e-06,0.907045224699376,2096,256
5354,5.4149000104460665,0.2755560731703615,2027,256
5355,0.20421360987055995,0.593215606234124,1936,256
5356,0.05856449825687427,0.8228795499268192,2163,256
5357,5.848087230531239,0.2672768684546169,1943,256
5358,0.0060861078110463875,0.5168524262310434,1923,256
5359,1.5751133495891796,0.1306944133738754,2156,256
5360,0.049666187254671916,0.7824304580543034,2144,256
5361,0.025847590915359295,0.237551458857822,1954,256
5362,1.9481046035376133,0.2730562555539683,1989,256
5363,0.18270450899567314,0.3057633452237811,2067,256
5364,1.770309394261574,0.0004743380825292,2038,256
5365,6.919513320072769,0.1425747804598197,2102,256
5366,0.01743509894656535,0.773482995422458,2088,256
5367,0.9061042648932812,0.0495310245743328,1987,256
5368,9.565715391532947e-05,0.6271770807092293,2009,256
5369,0.001967778101743818,0.2120464465289573,2066,256
5370,0.00012005758171434967,0.9170021476579991,2032,256
5371,0.0022524094133513474,0.0757612743600238,2105,256
5372,0.04896342377780929,0.9652770377407148,2133,256
5373,0.09380376709101879,0.1823747141711228,2119,256
5374,0.26958909141240606,0.9284215742365798,2128,256
5375,0.007972959845422336,0.5237432008042646,1976,256
5376,2.2354559768602835e-06,0.8339180159044469,2124,256
5377,1.799053393503222,0.0467545857244885,2152,256
5378,1.3912976838930504,0.6381304060331279,2108,256
5379,1.7206493752729377,0.0886341123451344,1951,256
5380,0.001895159556573886,0.9811618021400328,2083,256
5381,10.664514743534047,0.0822481230056964,2030,256
5382,2.567115360271488,0.7275682811724112,2113,256
5383,6.397368413722835e-07,0.5031853641743637,2065,256
5384,0.05182530546837989,0.5296531108787264,2109,256
5385,0.32725791283661404,0.1095433127763245,2010,256
5386,1.1802937357587902,0.5614270095235582,2138,256
5387,0.0003192861914746867,0.1219900446104051,1986,256
5388,0.5253305190479842,0.8734324696733844,1986,256
5389,0.001823931185108928,0.3784589190083492,2043,256
5390,0.8805623255460425,0.9811052570450802,2053,256
5391,1.6768058913761177,0.05205762683252,1960,256
5392,0.055481861245458945,0.0717271271971236,1952,256
5393,2.0077893755744345,0.4852035115414493,1997,256
5394,0.11252418332005645,0.7313835525836562,2065,256
5395,0.35956156529111516,0.7640883290653279,1945,256
5396,0.43753634177676076,0.6023680049684792,2131,256
5397,1.4858182690154542,0.9488257063626744,1925,256
5398,1.1091470746127203,0.3171052605179743,2175,256
5399,0.062289474009131214,0.2514034041595175,1985,256
5400,0.1681980191622175,0.6077539132746813,1952,256
5401,0.00053462482311161,0.7684698050276513,1933,256
5402,1.3753907493292197,0.0337454834842589,2080,256
5403,0.2816486644015035,0.3193857601977157,2086,256
5404,0.08145857594907302,0.6438186751278788,2088,256
5405,1.410597199409581,0.0729842859344024,1926,256
5406,3.68039775241948,0.0608220149269952,1968,256
5407,0.0016049258207039294,0.8045888382972723,2158,256
5408,3.263059609095845e-05,0.2941375347161744,1964,256
5409,0.08135616804908644,0.676502919007265,2069,256
5410,0.004717554489799557,0.8349689347319429,2023,256
5411,3.0588768280660195,0.2753905422396856,2151,256
5412,2.728777146426017,0.0453905463608366,1972,256
5413,0.07542433405622011,0.7539803976989767,1926,256
5414,0.0002570218807455696,0.7099520859888309,2156,256
5415,0.41477557731200787,0.2417486016861046,2015,256
5416,8.425785625621195,0.2317450212831309,2041,256
5417,0.0009670435398273518,0.7958559545876496,2046,256
5418,0.41673738517144737,0.5732131810606456,2153,256
5419,0.05262768905354411,0.6383841506039352,2012,256
5420,0.3429117083165555,0.6572676812469755,2021,256
5421,2.4008231416724626,0.3145024983084634,1982,256
5422,1.8446337605557281,0.5532135677697309,1927,256
5423,0.38638513575373906,0.3593707426612961,1972,256
5424,0.02426672666012018,0.5489638932594579,2123,256
5425,0.6142914621298308,0.8765401575219416,2150,256
5426,0.9448722207849763,0.4924723343800744,1963,256
5427,0.01824769896876054,0.3896608719939589,2007,256
5428,1.1807286477257783e-06,0.3538203609399065,1930,256
5429,0.7089104899611094,0.7965037517649555,2162,256
5430,0.014561505993637328,0.7463596685900248,2075,256
5431,0.22805802726834812,0.68957676940642,2030,256
5432,0.7023578803111803,0.7607813624718381,1959,256
5433,0.10543471212004679,0.4168708365058016,1991,256
5434,0.019297208019476507,0.306510037189192,2101,256
5435,0.02223533621262878,0.0686249627034047,1993,256
5436,0.20348815955045593,0.6154694321746165,2090,256
5437,0.0724079593694753,0.0440051096456569,2156,256
5438,0.00010510984283942454,0.3177312771508807,2162,256
5439,0.0009065131423338118,0.0696338464069147,2080,256
5440,1.0467391594638977,0.2949204333096841,2060,256
5441,0.028057921797375044,0.0776297802249907,2090,256
5442,0.0014884235666869975,0.2138788437475343,2132,256
5443,0.5572811278809043,0.6514829817567802,2028,256
5444,0.21115692541426698,0.535991906057278,2176,256
5445,0.6997417920190554,0.9064949678612196,1955,256
5446,0.026331965834596044,0.219829027896824,1994,256
5447,0.10957164812734653,0.1949842947880329,1928,256
5448,0.8089588713578244,0.3314662184181273,2023,256
5449,0.048547985111629076,0.0544958051508688,2069,256
5450,1.525639167334209e-05,0.5650972802962877,2084,256
5451,13.102912389907885,0.249965589749619,2018,256
5452,3.8174679463549934e-07,0.1600141067019874,1936,256
5453,0.08048065640117842,0.6565319656584176,2062,256
5454,3.254018209271546,0.1454459505502464,2165,256
5455,0.009928749388080652,0.2221585822386909,2135,256
5456,0.004789323020299685,0.1658143517245814,2019,256
5457,2.4052772392166943,0.0390631715859564,1943,256
5458,0.061171854004579924,0.3351602849302012,2065,256
5459,0.028667553735542885,0.6091873187317506,2027,256
5460,2.6177595357910707e-05,0.0829225282262067,2117,256
5461,1.576241662884979,0.0203389223022072,2014,256
5462,0.028103408819052694,0.1773202227102226,2052,256
5463,4.142335648664583e-05,0.0120056867971747,2121,256
5464,1.774015653650969e-06,0.0545946751002388,2087,256
5465,1.2837200883424926,0.4192524563123379,1994,256
5466,4.6270146319551975,0.3275142234253363,2002,256
5467,0.00206224061876617,0.1940916122122377,2136,256
5468,9.781964779992565,0.684622167091074,2107,256
5469,0.21074526217288514,0.1794113848809144,1933,256
5470,0.7867677664217988,0.3163907904610853,2044,256
5471,0.1718654618847707,0.4336117141128718,2079,256
5472,0.3189932606251274,0.0609509148644096,2135,256
5473,0.16327939511198103,0.266813029927966,2072,256
5474,2.8012848778683996,0.3741311927416313,2128,256
5475,1.82472672165161,0.2263893489532865,2011,256
5476,0.4308791288771753,0.2071792231084309,2038,256
5477,0.008815341126460586,0.9182555033511436,1998,256
5478,0.0007357735561882178,0.1934871196548069,1981,256
5479,0.0902535110344024,0.8558845304203442,2100,256
5480,0.2533773652816935,0.2910234156306547,1938,256
5481,0.00021900044757185917,0.434383012224436,2119,256
5482,0.18404300044507096,0.36206301379902,2050,256
5483,0.11661960666662316,0.6013235638449855,2056,256
5484,0.000918459126398549,0.1740664393900378,1943,256
5485,5.398550806618589,0.9234752297184105,2085,256
5486,0.03877801490249971,0.1510089708829798,1962,256
5487,0.48351870884086184,0.1407127737096741,2043,256
5488,1.2043546523952613,0.2104243667998191,2014,256
5489,0.001118104075497018,0.1062352707502158,1936,256
5490,0.0789316861844529,0.1099110952856945,2066,256
5491,0.3372998662565331,0.129852612373184,2000,256
5492,0.0005304869562934672,0.9778383224858482,2128,256
5493,3.2812907823542123,0.5153971834670708,2084,256
5494,0.00992960873447838,0.8752287958957593,2026,256
5495,3.4865216250412514,0.4831899352070591,1947,256
5496,2.1204897341047673,0.7686375337230416,2031,256
5497,0.8936647334201001,0.3944453768453173,1989,256
5498,0.2708666907358239,0.8729546974372101,2124,256
5499,0.02986438296662751,0.8689506117101143,2169,256
5500,0.7762708454471452,0.4061398274446735,2125,256
5501,0.31930843141073767,0.0095488421505138,2071,256
5502,0.08222776398963282,0.322578563096815,2069,256
5503,6.25935926444664,0.8557200157583292,2034,256
5504,2.949199085088121e-05,0.9761845498607276,2159,256
5505,1.3360024651709062,0.5228086425738463,2084,256
5506,0.5753034298445854,0.6699811070786729,1943,256
5507,0.004011602503384884,0.0007478114423646,1980,256
5508,1.7369211614027296,0.6979545801313185,1953,256
5509,0.007289230101905793,0.1011890131816389,2040,256
5510,0.8972060060152938,0.3105577030207714,1942,256
5511,0.31861292945964975,0.3530640936071251,2175,256
5512,0.1105084066466904,0.1385401123492213,1958,256
5513,0.03176653487768032,0.6052151442779906,2106,256
5514,0.3620946417047093,0.7059430929703536,2127,256
5515,1.1503506495705371,0.2902474580236254,2171,256
5516,0.4231845120909475,0.5241166658843317,2173,256
5517,1.1991546754805609,0.4913506078405866,1953,256
5518,0.35566489878569846,0.3046976129543008,1993,256
5519,0.006951160294519043,0.3235107278525292,1994,256
5520,0.022093402411901882,0.5802140936181908,2064,256
5521,8.293270085926046e-06,0.2740659802681457,2143,256
5522,0.6312658775118859,0.5020518142548032,2022,256
5523,0.023685466512377063,0.8477476324338081,1950,256
5524,0.306398201471004,0.2468305270689068,2034,256
5525,0.23640517193589078,0.330357739734642,2154,256
5526,0.031531683902807334,0.359090244540041,2160,256
5527,0.5440722270037506,0.8360000118814345,1953,256
5528,0.01521168074174298,0.4066898493052102,2049,256
5529,0.001583529907134131,0.4124920044069078,2076,256
5530,0.08588608996025703,0.1522252480432302,2030,256
5531,0.0004788225738482812,0.2265987570343125,1965,256
5532,1.8086465773112221,0.5698036367012322,2092,256
5533,0.07409180629992787,0.7771292401871207,2089,256
5534,0.4088593418029279,0.6283188848516216,2148,256
5535,0.011024534025151293,0.1391740619509436,1980,256
5536,0.000509020802705473,0.3622545505944853,2023,256
5537,0.25213577069024856,0.7456080181877425,2021,256
5538,0.7008484040498488,0.1636720062996353,2108,256
5539,7.329888026474646e-05,0.8278872878284003,2047,256
5540,0.0012259338530488282,0.4497348914218505,2171,256
5541,0.8545085749050082,0.8481695706936708,2071,256
5542,0.4244491963235438,0.9222816976510564,2129,256
5543,1.3788399651920191,0.7921531247496516,2165,256
5544,0.39207303876770633,0.1419927662092238,2059,256
5545,0.0013666135332539677,0.8475959401422343,2139,256
5546,0.09591959079337142,0.3779121709088348,1936,256
5547,2.3158454542965496,0.3336622911686997,2123,256
5548,0.4951011904694803,0.1200365508001165,1931,256
5549,0.0034471916242146076,0.1663002141697729,2032,256
5550,0.016530967648620082,0.0814131841308419,2157,256
5551,0.3254834239138517,0.0685558200955425,2078,256
5552,0.0886410002907759,0.3071306152454827,2098,256
5553,0.7506997576724846,0.0346200438847141,1978,256
5554,0.00018932779036293025,0.4252708361881789,2106,256
5555,1.8173323371671377,0.3982193140735934,1924,256
5556,0.5882850832863467,0.7647865773307613,2114,256
5557,0.004466348892129558,0.4261459083066443,1969,256
5558,0.01653377455904754,0.8789933387944365,2020,256
5559,5.397515234512758,0.3329807665941718,2055,256
5560,6.5495410164411325,0.79390879322635,1931,256
5561,0.022946385774125548,0.5778929864379202,1952,256
5562,0.055894229764274696,0.2723565146130582,2029,256
5563,0.008519665272209506,0.5596942422644978,2158,256
5564,0.027538748103407614,0.620202249293492,2075,256
5565,2.4675397757724142,0.0209914711951179,2048,256
5566,0.19731292336776982,0.0592878908276383,1974,256
5567,0.2187367648947354,0.0985883594434743,2025,256
5568,0.05340693677566239,0.9805327583701168,2030,256
5569,0.3381336698283946,0.9998418545663852,2115,256
5570,0.1478452365795689,0.8818304371419147,2155,256
5571,0.7899787683547824,0.1998148540813553,2029,256
5572,4.585893885149046,0.3466747988777149,2048,256
5573,0.9116744625423722,0.6705702992744615,2057,256
5574,0.46430776582848177,0.6891984744829791,1995,256
5575,0.008457542486372044,0.3354638478499263,2137,256
5576,0.7455085242673456,0.4073834566541937,1999,256
5577,0.05398564827399026,0.7926612615871295,2002,256
5578,0.5702719103348182,0.1082911729192931,2136,256
5579,0.02008101307544536,0.0006369434056364,2176,256
5580,0.020028663796995687,0.4729909906185606,1952,256
5581,9.55439772740586e-09,0.5028886515853722,1958,256
5582,2.500101820655401,0.1677154660715536,2060,256
5583,0.2956019344183093,0.3429756757155806,2027,256
5584,0.0019977085517445888,0.7424165983254973,1932,256
5585,1.078254914186569,0.4248561556738798,2175,256
5586,0.019031698789083437,0.4723009310670921,1958,256
5587,1.0027274554403436,0.9337289405186008,2157,256
5588,0.0013371125832992957,0.7904637961156887,1996,256
5589,1.1295508269118661,0.5073255784716445,2002,256
5590,1.0493218802585211,0.7442805688290116,1972,256
5591,0.0025573644803577236,0.2317685844361354,2087,256
5592,0.300235218585872,0.7055467375091873,1982,256
5593,0.04943454417393902,0.7250625167111855,1968,256
5594,9.323734118826913,0.2232785934126583,1973,256
5595,0.7052163544418851,0.9478589901421584,1943,256
5596,4.304751593396317,0.4772959418971345,1921,256
5597,0.0603926835980519,0.3860601082292346,1950,256
5598,0.5957384566310736,0.0933491875826842,2045,256
5599,0.046777017877876644,0.0123686622082018,2121,256
5600,0.3680773739439316,0.7741127014411499,2043,256
5601,0.0011145107379152007,0.2040680223084353,1961,256
5602,0.0013484550891287108,0.8506195892115006,2092,256
5603,0.6096621752463993,0.0288044020214832,2100,256
5604,0.0025794202182031784,0.6336336081625581,2079,256
5605,0.8488614149261645,0.1208477938830195,2172,256
5606,0.0010637701301692093,0.3401691547096935,1920,256
5607,1.9906158674808943,0.1930308440648326,2061,256
5608,0.3545248411519799,0.3194910995297736,2022,256
5609,0.7507398943901469,0.0609306112745174,2018,256
5610,0.3377962708934708,0.0088161198551963,1927,256
5611,2.0417122515396007,0.9651558726148846,2155,256
5612,2.7241909927431536,0.4641005336655588,2037,256
5613,1.3330583766801993,0.2906050197366683,2122,256
5614,0.016757555812589815,0.75442649298356,1925,256
5615,0.008263929642240826,0.5452940531060124,2147,256
5616,0.43045251199724793,0.3179299466520146,1955,256
5617,0.03133330337210352,0.2844539928767619,2012,256
5618,0.008181979017119466,0.9336552847473358,1967,256
5619,0.35626273358680144,0.1764732635584426,1948,256
5620,1.557105658451916,0.339602169731856,2141,256
5621,7.49136643944714e-06,0.8273464250284597,2134,256
5622,0.830559543287076,0.4204358066106612,2071,256
5623,0.22373819620769145,0.6875727734290215,2115,256
5624,0.7044113249204897,0.7696433138762759,1997,256
5625,0.010457321283172503,0.4344808583827079,2140,256
5626,0.091850995629056,0.295337989851923,2104,256
5627,0.17678276216454408,0.7952242078859907,1994,256
5628,0.012152701328174222,0.4266766501397718,2000,256
5629,0.30334998117348827,0.3258076538170762,1987,256
5630,0.7830395208220682,0.7735379340141337,2033,256
5631,0.10326538832302413,0.9656079794226337,1999,256
5632,0.4915866333176902,0.234827588464466,2027,256
5633,0.2284155361237235,0.4062764216546698,2003,256
5634,0.0016240898241851028,0.0914448185184202,2176,256
5635,15.371875247315824,0.5648553068127627,2026,256
5636,0.37441081814013416,0.0080217568456782,2030,256
5637,0.030206872252818855,0.8782538098913054,2174,256
5638,0.038285081138814805,0.684156030244029,2017,256
5639,1.024071720433616,0.4155338811122953,2058,256
5640,0.2506782131641365,0.2691146313145989,2101,256
5641,0.14078254968005813,0.8315373939064119,2153,256
5642,0.25821475817741674,0.5186703906659029,2027,256
5643,3.0107668145759976,0.7140963714549748,2041,256
5644,7.318905764999431e-06,0.2346288994711713,2054,256
5645,0.5242911938208243,0.9488269212566056,2055,256
5646,0.005133214040545844,0.0645081148121247,2046,256
5647,0.06362831488534591,0.0567722954664577,2013,256
5648,4.8202781571564047e-08,0.2706636271585295,2015,256
5649,0.00022891403481841463,0.0570927251167006,1938,256
5650,0.7341948551359275,0.3248379083598408,2033,256
5651,0.06128417308720399,0.1629630446694937,1982,256
5652,1.6715814764477395,0.5580679149325565,2131,256
5653,0.3873234263229046,0.5846280517569463,1928,256
5654,2.8015065585730694,0.2884831141805335,1991,256
5655,0.1310825998177417,0.7940344836682509,2062,256
5656,0.6957111362766767,0.878482857706483,2108,256
5657,0.0002628901284679209,0.2094705564519782,2130,256
5658,0.025499792858694838,0.687742177678367,2074,256
5659,0.6875498058990165,0.3839604969473534,2064,256
5660,0.0829662729528955,0.122022221573314,2004,256
5661,0.15174045479342527,0.5788975183443196,1921,256
5662,2.1169318815087776,0.0652833362958438,2158,256
5663,8.495468129802159,0.9835870248353026,2083,256
5664,5.007560513363293,0.0042662523423282,2151,256
5665,0.21829831779403225,0.8920197565082397,2152,256
5666,0.17310434431019506,0.1094392296119545,1960,256
5667,1.0793004361120708,0.8985550512593884,2149,256
5668,2.1314219795437093,0.1575718236949022,2002,256
5669,0.1511826842809607,0.3689746034600307,2095,256
5670,4.137618514624158,0.9129568270131304,2048,256
5671,0.6716460119776199,0.7104856912116487,1977,256
5672,1.5374901079763643,0.0066240045869496,1985,256
5673,0.7621031516699956,0.163593104690791,2110,256
5674,0.4278635946029951,0.3507090634491767,2131,256
5675,1.6607417215096152,0.4634564684122443,2059,256
5676,0.008424321663746103,0.4217909128325583,1992,256
5677,0.010772251275296168,0.4639210660991392,2053,256
5678,0.006454884065840385,0.0920202620643569,2137,256
5679,1.683260845849652,0.7225271733529824,2084,256
5680,1.1036033940867909,0.7876398727954178,1958,256
5681,0.05223684880412648,0.1724148942645945,1985,256
5682,7.591655020173909e-10,0.2315077000746315,2055,256
5683,6.026829418057432,0.2527015311938045,2007,256
5684,1.502186380399208e-05,0.8202452072376921,2143,256
5685,2.1586170731112095,0.1001878441551609,1959,256
5686,0.294515185152497,0.9817777137510189,2141,256
5687,0.08257452419072116,0.921198836761748,2084,256
5688,0.11205427679718431,0.7712672906746223,2085,256
5689,0.002037873578304612,0.0208839312357232,2091,256
5690,0.1801150342710778,0.7630111076845232,2094,256
5691,0.22208099515782884,0.5808862219543299,1948,256
5692,0.00019180629513370484,0.5415853563052155,2127,256
5693,0.0694267340720836,0.0346348969650156,1956,256
5694,0.000639187100391065,0.7784121670327083,1952,256
5695,0.0022155131429623578,0.3665116724688575,2004,256
5696,2.4656524190781695,0.8595058653018968,2003,256
5697,0.0005451211898576827,0.9392488778714828,2008,256
5698,0.007280084418860807,0.0608274974594539,2132,256
5699,0.0027738344403349375,0.0029688298193748,2079,256
5700,0.0001507155022078809,0.2513305672159684,2148,256
5701,13.615952749689159,0.5576762023746537,2130,256
5702,4.035895618736261e-09,0.5221640179538324,2169,256
5703,0.3288050992417721,0.6547079305273948,1945,256
5704,0.0060201538034752615,0.8403685663731414,1967,256
5705,0.053893809286747946,0.2161286579188058,1945,256
5706,0.4615206546508412,0.93890828848353,2041,256
5707,0.9648460559592703,0.8848650092214883,2117,256
5708,0.08165001908490777,0.9737821475067028,2133,256
5709,0.00034490395344147993,0.4686127831583642,2064,256
5710,0.4716066761883181,0.1036937153078818,2153,256
5711,4.793144152322669e-05,0.8221882745498694,2091,256
5712,0.2854962168022703,0.2025170495190014,1959,256
5713,3.028015128237486,0.2904841491708022,2053,256
5714,0.00011765716259234553,0.8526712361731599,1941,256
5715,2.143449630562093,0.7939089246911418,1935,256
5716,0.00963156912563286,0.2767348880942136,2149,256
5717,0.2571310877175271,0.0872480876520984,2107,256
5718,0.36915663000045396,0.7159568369257013,1937,256
5719,3.70016103825956,0.5144740263009846,1922,256
5720,2.4366211736072625,0.0814733796127143,2127,256
5721,0.10373042296641086,0.7947382761769715,2109,256
5722,0.000596091991238518,0.2653913093914024,2076,256
5723,5.4212901043846475,0.0402870134043428,2035,256
5724,0.9623969108113996,0.969644676355008,2028,256
5725,1.1063355612811,0.0680198717301797,2103,256
5726,1.851075876444248,0.5601495581486379,2029,256
5727,0.10681246736175098,0.0761938147380678,2016,256
5728,0.48861406585077805,0.7370918904864783,2045,256
5729,1.3806831295818052,0.154641670081822,2174,256
5730,0.05502923938378417,0.0968089145799414,2150,256
5731,0.3710355766909421,0.0948618155310002,2007,256
5732,0.12455833528709612,0.1055929790711834,1968,256
5733,0.4772933117147096,0.013681748969876,2172,256
5734,0.30748103255941434,0.0967516132609696,2117,256
5735,2.546405833592177e-09,0.1775018638628174,2079,256
5736,3.152182876695585,0.5287443661046628,2159,256
5737,0.007811137083193611,0.7962056186776006,2166,256
5738,0.2145411260946955,0.5636940019852626,2128,256
5739,0.00040586354017412165,0.4284906382234368,2042,256
5740,0.2659710896233473,0.7898246396427456,2019,256
5741,0.007036314681311434,0.1993183746956763,2160,256
5742,2.1338077244249924,0.6753117958423498,2137,256
5743,0.06087249398420728,0.7008990667925006,1938,256
5744,1.0846690777494058e-06,0.6410720042971845,2174,256
5745,0.3181442359533152,0.6476594797725339,2148,256
5746,2.383242971898674,0.5428383383073052,2118,256
5747,6.394904237727086e-05,0.2118447656194612,1977,256
5748,1.7803325886660084,0.95414207525835,1942,256
5749,0.14102694823634307,0.9021061179118284,1985,256
5750,0.508246839730891,0.308466169493541,1999,256
5751,1.6080840553938496,0.9489839643161526,2146,256
5752,0.06764553700496374,0.7253281261646745,2008,256
5753,0.019896075615786362,0.0313071069378976,2038,256
5754,0.08154415243035264,0.5553876874276958,1981,256
5755,0.28765726118453955,0.6595111537553474,2060,256
5756,5.407265600582743e-05,0.8960105973378624,1973,256
5757,0.12846542015815726,0.9815668681167732,1931,256
5758,0.3196287653121955,0.0274855147253528,2033,256
5759,0.18872578074778154,0.0330431214009663,2059,256
5760,0.01647314216959203,0.2281488980680091,1948,256
5761,0.0011396321808640783,0.7687579225821485,2037,256
5762,0.3579358999370202,0.7768142118800152,2138,256
5763,0.03262654004700956,0.9057851645100292,2060,256
5764,1.6827904906625462,0.5063642298868121,2160,256
5765,7.475741617006653,0.2164606405944692,2042,256
5766,0.00013841465515285366,0.4154435822838445,2118,256
5767,0.06433513293955626,0.8798803614544725,2041,256
5768,0.019380859770624485,0.4534626094772751,2093,256
5769,0.7413816360495097,0.1531098968638141,2056,256
5770,0.03417357418253319,0.3948797032844885,2099,256
5771,3.899420619116707,0.0905214543272311,1981,256
5772,0.3045441844651792,0.3869475313022686,2011,256
5773,0.8361840989930882,0.2777162662366776,2119,256
5774,0.02293291141936821,0.1352636264575339,1985,256
5775,0.25258638974994263,0.4666861417755286,1996,256
5776,0.572920326206393,0.9664227755171458,2062,256
5777,2.3083818868949333,0.1286248227717965,1941,256
5778,9.911632726502821e-06,0.6033045397179697,1924,256
5779,1.8902187142933318e-06,0.6212424572922067,1991,256
5780,0.00035030936847605293,0.9239428556848286,2084,256
5781,0.019558737746003394,0.5870081799678545,2045,256
5782,10.692717276848377,0.9203736154861916,2118,256
5783,1.6118607356182233,0.0221090128441385,1934,256
5784,1.332968773155438,0.722808955872176,2023,256
5785,0.06239489040505361,0.0759363808466064,2118,256
5786,0.9517585601156932,0.0276510742692541,2153,256
5787,0.5046871086585466,0.3486271101105322,2104,256
5788,0.20292487450424523,0.2237572913551072,2100,256
5789,0.9860877692104196,0.3248231369008424,2156,256
5790,1.0837432203314934,0.3577937329479892,2053,256
5791,0.01497504927837468,0.0867254115833702,1953,256
5792,0.36226345259578363,0.4541953825121546,2063,256
5793,0.05420943150467406,0.0782874608797434,1997,256
5794,0.40643482476343545,0.2210575640179581,1957,256
5795,0.002001544099412293,0.0784998587692952,2143,256
5796,0.0007305614460786136,0.7526716243098468,1941,256
5797,0.8611343221674999,0.4842390486756286,1920,256
5798,0.056141824384152834,0.7713671182929253,2032,256
5799,2.4518856603969215,0.3399016855089302,2035,256
5800,2.924013616251898e-08,0.2653698544565981,2093,256
5801,0.6193136576525531,0.4567186027973857,2167,256
5802,0.006524879187678814,0.8671555872137122,2016,256
5803,0.05331048160646207,0.0683232719360862,1936,256
5804,0.0013621407602462878,0.3798181588115257,2040,256
5805,0.26933546014546933,0.2934395176323846,2111,256
5806,0.0408313530653048,0.6393462505155659,1947,256
5807,0.05605133311600695,0.5361443849485453,2050,256
5808,3.135638213826356e-05,0.2215258668645627,2017,256
5809,0.007088805648672661,0.9628988076575457,2101,256
5810,0.00038859180959454096,0.8473996658464952,2035,256
5811,0.008825682261196444,0.077740248903363,2091,256
5812,0.2224986741930413,0.7738325422107394,1944,256
5813,0.019558076070057464,0.4814271746705229,2104,256
5814,4.7279869663813985,0.3429470217452947,2137,256
5815,0.27479133975135994,0.6096834011369167,2006,256
5816,0.0016744488512133774,0.1458364063324153,2158,256
5817,5.732426147776728,0.5099921314398452,2042,256
5818,0.8848006143984024,0.1420593109392153,2074,256
5819,1.3374217453916731e-05,0.6166467564463152,2038,256
5820,0.16225233663420255,0.7752407316194342,1994,256
5821,0.09949016337464146,0.8170870811329191,1977,256
5822,0.06011532386618408,0.5631464351008377,2024,256
5823,0.00014358146383061903,0.8872654130429181,1920,256
5824,0.027441986935865557,0.2886927959551867,2151,256
5825,0.45101532474214656,0.680173066924008,2137,256
5826,0.09517458693944736,0.9496619949718338,2092,256
5827,2.4485585864484807,0.7417599730584088,2102,256
5828,5.69816773189621,0.0333132460835817,2148,256
5829,2.842306890087554e-05,0.6711654283947264,2155,256
5830,1.7103736060540724,0.3654355779820082,2142,256
5831,0.03485073618382634,0.3489226500836438,2134,256
5832,0.09226144381162875,0.7972497832881096,2052,256
5833,0.08418923105642412,0.6214397607289553,1985,256
5834,0.5144672600394767,0.4481876400429516,2161,256
5835,0.15377421756515178,0.5592042248095707,2084,256
5836,0.6640737124883271,0.088008918769935,2149,256
5837,3.824714272420947,0.0310097698316347,2146,256
5838,8.16213189466151,0.8386853214730081,2109,256
5839,0.03367143596580862,0.796839241048399,2156,256
5840,1.0484247553135884,0.1335492656505411,2112,256
5841,0.05191752326939018,0.566413746838912,1933,256
5842,2.4520895549887943e-06,0.2048534771946967,2064,256
5843,0.08537427389859702,0.1584564105730804,2155,256
5844,0.011993593548396107,0.8389683075241743,2174,256
5845,0.1839646633412198,0.9544375450963308,1938,256
5846,0.027907976139481254,0.2489731248622338,2103,256
5847,0.00479261445639444,0.7264748865457789,2059,256
5848,0.18090655736796935,0.9824550778740188,2110,256
5849,0.02902771132136427,0.3657201923397688,2123,256
5850,2.091746864849668,0.7023629184870009,1966,256
5851,0.54327088406774,0.1454066781903576,1960,256
5852,0.004761417738858329,0.2495316189908077,2173,256
5853,2.2644853501674373,0.6919018519344732,2016,256
5854,0.19211757406365262,0.4074793294612193,2159,256
5855,9.14288567515353,0.9382573363875868,2053,256
5856,0.4367707535924932,0.6350394703700201,2128,256
5857,0.0664548178383078,0.3468757634945925,1933,256
5858,4.6247324970315855,0.2518232499105742,2144,256
5859,2.8495647496059338,0.9084881833248436,2035,256
5860,0.784629334985386,0.2234731166074611,1967,256
5861,1.233042766009047,0.5524198551172349,2073,256
5862,0.23314948821765502,0.5827219265559017,2108,256
5863,0.34723697940928466,0.6516292415912849,1951,256
5864,0.00804728322777937,0.5905823157214173,2119,256
5865,2.980182042295629e-07,0.6900730092410737,1932,256
5866,0.0051604178328843965,0.364805531337267,1957,256
5867,0.0004069739557827001,0.5981111542321941,2161,256
5868,7.337868931016908,0.6569386385840358,2104,256
5869,0.005941099885039218,0.8153019744108914,2030,256
5870,0.7122963161191507,0.8122711404882699,1925,256
5871,0.12379062561286784,0.3016400014234802,1980,256
5872,0.045761723880573965,0.0586536988553624,2022,256
5873,0.46392589024723874,0.5441639384842835,1954,256
5874,0.02377330775565853,0.8975089419776195,2102,256
5875,0.001658264356508511,0.9207692625265912,2026,256
5876,0.7011706313107966,0.7658547123364308,1928,256
5877,0.041622753495239695,0.396261280538434,2091,256
5878,3.682130910846286e-05,0.0098035465020875,2144,256
5879,0.010146938562566135,0.8944220673736398,2000,256
5880,7.405804058451673e-05,0.3128234175286534,2123,256
5881,0.24749055346113344,0.179110075381392,2042,256
5882,1.690969685212445,0.5991878143687641,2063,256
5883,0.007314926091124346,0.3380792141497655,2000,256
5884,0.0058042472540985966,0.9220434217180122,2043,256
5885,0.23480977873640366,0.5215209515566905,2119,256
5886,3.464464112479141,0.1346081340780286,2018,256
5887,0.16152922358153265,0.4097697235741048,2124,256
5888,9.245667257073005e-05,0.8068948593559576,2127,256
5889,5.7105174605181363e-05,0.4498877485622122,1966,256
5890,1.2175353520028291e-09,0.3913792463220202,1986,256
5891,0.046459441196150086,0.8137766783658741,2003,256
5892,0.026918249160579145,0.0609792078091302,1945,256
5893,0.3187038449503368,0.4525409953051066,1994,256
5894,0.027607859298505653,0.4464589856567211,2109,256
5895,0.1289315172155423,0.3994916397688535,2103,256
5896,0.48316236707565025,0.9787227302258124,1995,256
5897,0.001586209672670236,0.6878479959761519,1940,256
5898,0.3614433523127933,0.3519076023507317,2009,256
5899,0.0044444390835051955,0.7417317220943812,1923,256
5900,6.947224935518134,0.8382590348151497,2094,256
5901,1.7637156590868743,0.7275533014775318,2038,256
5902,0.004855185238081155,0.6650000045498576,2152,256
5903,3.681662604746278e-07,0.6094410960097038,2152,256
5904,0.043628616968543255,0.3677185276067936,2048,256
5905,2.2109264920311116,0.8699721139212373,2147,256
5906,1.2687458070581992,0.5756376824654394,1926,256
5907,1.8955530184913882,0.1226679388445525,1945,256
5908,0.2027065224935986,0.473193932496303,2166,256
5909,0.11222645800687486,0.2892065491102302,2005,256
5910,0.2990643614157092,0.2598261288703174,1930,256
5911,3.096686603036732,0.8638006138324791,2134,256
5912,0.6004319208160104,0.2658143895080387,2118,256
5913,0.07461107688253943,0.95121997794677,1944,256
5914,0.07147032506960017,0.5267511875560229,2113,256
5915,0.03860320402121636,0.9113845293038776,2110,256
5916,0.00024044468000357103,0.9541869813060664,1987,256
5917,0.7011942267825066,0.0195082569695383,2156,256
5918,1.4824711215910966,0.5649604802527965,1974,256
5919,0.9814006572889873,0.4992508914123572,2172,256
5920,0.22892238838701948,0.990163336138816,1959,256
5921,2.2407945944350014,0.9368911679003435,1949,256
5922,0.018432125649750695,0.838458691464131,2070,256
5923,0.0001758091477661789,0.5344693969413671,1963,256
5924,0.017528360209512147,0.5416766918872568,2163,256
5925,0.0010410610138052486,0.600629754725331,2171,256
5926,0.0008849264199432501,0.2084369006505231,2149,256
5927,0.1255250872027351,0.0323796022503041,2023,256
5928,0.06181407271457464,0.6402696205927834,2025,256
5929,1.4372450480125132,0.6231955607507129,1968,256
5930,1.5111207650318623e-05,0.9906303287666628,1970,256
5931,1.491462920533556,0.9644972867940804,1976,256
5932,0.3942696053785076,0.135971196275868,2166,256
5933,1.1752942041257932,0.870425419354629,2167,256
5934,0.0154016171618725,0.1788894077594681,2042,256
5935,6.911523336815448e-06,0.3639825727709738,1939,256
5936,0.022957849906375838,0.07988827176958,2085,256
5937,0.014657450498538997,0.0819233707014776,2109,256
5938,0.0003084378314235339,0.5523332738672099,2052,256
5939,1.1899696396701491,0.0523998516762539,2019,256
5940,0.2763373926317191,0.7238642925156836,1946,256
5941,0.00615060191196818,0.2821190109252275,1996,256
5942,0.40851969118289483,0.6071963272625047,2026,256
5943,1.1822110629611484,0.4591224225280791,2030,256
5944,0.10162167812167311,0.6121976349479593,2051,256
5945,0.12798148897139655,0.8151003422258152,2052,256
5946,0.021957892009460474,0.2718623409789457,1980,256
5947,0.00030710803137301297,0.717444054502563,2146,256
5948,1.0591621834255933,0.1269616579124038,2099,256
5949,1.31220201094309,0.1954339606074803,1931,256
5950,3.478360732820054e-05,0.4005819571474646,1962,256
5951,0.8405435361400057,0.6855918787732259,2080,256
5952,2.063252801504835,0.8239094014452764,2026,256
5953,3.9096203560741873,0.0348258093015368,2174,256
5954,0.03438440928579845,0.5818708453462461,2138,256
5955,0.0015734991410421024,0.4290763089755671,2054,256
5956,1.158735328686477e-06,0.994176972732214,1999,256
5957,0.7029729358301684,0.074021367082053,2076,256
5958,0.0192886396277696,0.4178439131772522,1994,256
5959,3.7044945790784003,0.7915348073411519,2052,256
5960,0.006765638648633579,0.9277554904265576,2041,256
5961,2.610660536136551e-05,0.0423819492178469,2096,256
5962,0.5049705595435195,0.3690157828938031,2072,256
5963,0.15418922201168433,0.2798306772680585,1983,256
5964,0.3628503813761755,0.8880527027159235,2142,256
5965,0.529992597174412,0.7100536845644431,1949,256
5966,0.0005572033112269667,0.651522624730536,2130,256
5967,2.081547789769041,0.0145185712715845,2101,256
5968,0.7258774991458854,0.2902287407116228,2144,256
5969,0.0501669837163288,0.7397885785873877,2061,256
5970,0.012526849702812176,0.4798870379771096,2090,256
5971,0.6023907571150783,0.3422095910805277,1921,256
5972,2.2817069883050363,0.981579185007512,1980,256
5973,0.5004125852571437,0.140460054590938,1933,256
5974,1.2919567595441719,0.7865447442751924,1942,256
5975,0.7220850439074373,0.3809146822374633,2026,256
5976,0.001860553694737736,0.4905757353163994,2012,256
5977,1.1645138775017585,0.1633513146230328,2040,256
5978,0.24026598774673305,0.1215654684761742,2005,256
5979,3.8615306092275157,0.1509092021724947,1965,256
5980,1.5680436391479713,0.3129751902697414,2102,256
5981,0.3462414087244818,0.6694595271136095,2071,256
5982,0.00519000336970822,0.1422739914286184,2046,256
5983,1.803175830534129,0.3374343526454684,1925,256
5984,5.02021430998976,0.3752637958398797,2119,256
5985,0.00853693109449913,0.1893311897106802,2164,256
5986,0.0014477863032704313,0.8165024000391835,1966,256
5987,0.006676638797151933,0.538579241784101,2070,256
5988,0.036011102198340396,0.9726282199011992,1963,256
5989,0.7939593368389913,0.8142262997868795,1951,256
5990,1.1860868641735474e-05,0.2657204604136775,2080,256
5991,0.00017190722255916742,0.5927984473241901,2010,256
5992,0.10819918601358822,0.2198992787325502,2049,256
5993,0.20868908981800163,0.5144041296412362,2093,256
5994,0.024470330626350047,0.6121199150243753,2058,256
5995,0.24045814157706508,0.1457935842854593,2090,256
5996,3.6032573883917047,0.2854489156260487,2133,256
5997,5.508331335969827,0.7966306612406796,1922,256
5998,4.781767119405948,0.928200965778766,1970,256
5999,0.03775029697062497,0.1502882290097079,1943,256
6000,2.3043077600021973,0.4227216203487385,2155,256
6001,0.00012259977754562536,0.3014942192117665,2170,256
6002,0.7629685641449117,0.1726213153078888,2126,256
6003,0.00035016518289220707,0.7587577107934173,1982,256
6004,0.06495221836675191,0.3599765368655493,1988,256
6005,0.0022084662868686916,0.017367897945051,2130,256
6006,0.00821446266831706,0.9654918668081092,2013,256
6007,1.13169027289696,0.7581367898951237,2152,256
6008,0.02535102476689067,0.9783400606472312,1960,256
6009,0.07630721903753274,0.4825200705004425,2135,256
6010,0.4675300321203279,0.6025191092487633,2016,256
6011,0.053945089739885536,0.0743931460540846,2007,256
6012,5.839497436043284,0.396506108656901,1944,256
6013,0.002428236276690017,0.1215525967947077,2048,256
6014,0.008630854930634585,0.2849759848022593,2041,256
6015,9.64814273637944,0.0213893400648021,2149,256
6016,0.38161130496293694,0.2422674158789333,2109,256
6017,0.717967154870473,0.8777562486737842,2011,256
6018,2.5560421474522568,0.0486729475554518,2076,256
6019,2.1363651868917715,0.6008989223379504,2032,256
6020,0.36446334869870645,0.2885887951136769,2171,256
6021,0.01523555055773764,0.6538830710051682,2041,256
6022,2.158511080282364,0.1445239463842418,2134,256
6023,0.0011490538295413672,0.5238976108563135,1935,256
6024,0.0019143173093033974,0.8499543887675276,2167,256
6025,7.715098321240081,0.0913960384168722,2139,256
6026,4.845528953159693,0.2899618717203032,2163,256
6027,1.2551683101371496,0.0704729882982503,2144,256
6028,0.958446084538571,0.2588056699139178,1980,256
6029,0.006086905642606009,0.0852782619626427,2145,256
6030,0.06589504754460372,0.7551057081452873,2100,256
6031,0.0013050562098423084,0.9880270644943162,2099,256
6032,0.5432513133375709,0.5920508233820839,2129,256
6033,0.05264020935283857,0.6723665798688345,1929,256
6034,0.6358080985948158,0.3792892156734399,2008,256
6035,3.7812055295497116,0.7830458436323073,2082,256
6036,1.3228191851660733,0.0090695334152621,2155,256
6037,0.12734665320071273,0.8293674453807293,2123,256
6038,1.1053548768332437,0.7669561491594511,2034,256
6039,0.0006943202780771874,0.7678826068065925,2114,256
6040,0.059712354574517415,0.9591402638217577,2070,256
6041,0.4624901450672784,0.4360469497100547,2155,256
6042,0.007194050031760854,0.5208051059871548,2147,256
6043,1.3557391854587288,0.7036351762005015,2102,256
6044,0.012678641080611376,0.608775569241699,2159,256
6045,4.421014384896308e-05,0.6131531136453516,2132,256
6046,0.3945083288035374,0.4136970492163905,2079,256
6047,1.2384374554871513,0.1560903252404429,2008,256
6048,0.4506601469524123,0.835974039418236,2145,256
6049,0.5967974433079279,0.8970510210893147,1955,256
6050,0.001215662027178152,0.3135352394875051,2140,256
6051,0.05163821517312815,0.3083384468279133,2004,256
6052,2.1819166708926208,0.7406049126952984,1960,256
6053,0.43011428458731826,0.9711950131504076,2167,256
6054,0.22342890535693782,0.9634453278590182,2064,256
6055,1.7014772629962251,0.1516689254689979,1940,256
6056,2.2877774752427077e-05,0.8770204386765167,1956,256
6057,0.8962302159079588,0.8651245858045585,2027,256
6058,0.2963416140127843,0.8228710406874539,2008,256
6059,0.20442824317583697,0.3139736570490034,1944,256
6060,0.009677825291774802,0.5275772708926096,1969,256
6061,1.0440491916450674,0.9456836425705673,1994,256
6062,0.11777194124710812,0.6716871313779509,2046,256
6063,0.47616109375617094,0.7801186998672024,1925,256
6064,0.05813422693063573,0.7848579645747433,1939,256
6065,0.025238009601899817,0.4326956604121188,1956,256
6066,0.05385384334475129,0.1029811487842894,1976,256
6067,2.175410451464895,0.8437314682398472,1945,256
6068,0.18748570003449727,0.7493132256483442,2067,256
6069,2.67513255337768e-05,0.7989133245369902,2174,256
6070,0.019936139337541597,0.721880693830147,1995,256
6071,5.9521304472521526e-06,0.8723187963832854,2053,256
6072,0.5567911669165343,0.59347322510983,2007,256
6073,0.07763005841090952,0.0246608953503323,1988,256
6074,0.14147930134571537,0.4315274028545578,2045,256
6075,0.09741074175371223,0.8348802009342446,1929,256
6076,0.1571072093080508,0.3704741726067242,2036,256
6077,1.0050861670304336,0.6324962306528659,2072,256
6078,0.00020763124577735645,0.8388375488915478,2127,256
6079,3.4625108682541094e-07,0.7408957617244318,2154,256
6080,0.0027003200101800577,0.7386108656423688,1966,256
6081,0.0026656774963984948,0.723081714750228,2113,256
6082,0.0005320099044837877,0.5776902897266162,2073,256
6083,0.033251057539601156,0.7103666709003069,1985,256
6084,0.0013098928768411145,0.4532222531008968,2058,256
6085,0.02678092056843535,0.5168228122545903,1960,256
6086,1.1318535651439678,0.3090951835203041,2121,256
6087,2.0283975655086826,0.3972645779644256,2033,256
6088,0.7434410473603209,0.7604667589375707,1950,256
6089,0.04454933921716934,0.4338811178699214,2109,256
6090,0.5110611004670879,0.8361445747321737,1975,256
6091,0.033862516594999434,0.4177322766025518,2084,256
6092,0.16971602344013106,0.9331122692068832,2035,256
6093,0.5843891206263032,0.2087935265414999,1967,256
6094,0.0013064005701204442,0.2468626313783573,2117,256
6095,2.6095014047289027,0.009328130785994,2025,256
6096,1.0453729734395745,0.0055998411147729,1967,256
6097,0.7847994175217307,0.4639361621033914,2013,256
6098,2.3610775140345504,0.0296205835279206,2165,256
6099,3.7270748173691595,0.9992830436570178,1956,256
6100,0.1305360257259611,0.9419246626216796,2000,256
6101,0.9278746152849298,0.7865417086852745,2068,256
6102,0.307061436746311,0.1350474480823775,2176,256
6103,0.017592347796687172,0.848846546125902,2119,256
6104,0.25410817202911906,0.6031742055172924,1923,256
6105,0.057836562811460775,0.3787935636947712,2145,256
6106,0.608128512439514,0.8739527939596906,2017,256
6107,0.05238628275564437,0.6726415373802923,2159,256
6108,0.009139258106557946,0.661956279409945,1932,256
6109,1.016784485090839,0.0437854521296604,2015,256
6110,0.0026072306718644437,0.3959880010998572,2005,256
6111,3.5656159188211243,0.2038456122503543,1997,256
6112,0.8688856141945367,0.2373933857132174,1934,256
6113,3.7383253526996483,0.6458047718495963,2165,256
6114,14.06312933699598,0.6631064137584192,1983,256
6115,1.1680099377237014,0.1500958913605486,1936,256
6116,0.006148052894329103,0.6308106117266368,2049,256
6117,0.22149898551258268,0.4061148514145252,1963,256
6118,0.000615897814154868,0.3968042132161808,2068,256
6119,0.6479621164707381,0.6616554500874869,2012,256
6120,3.311686608539158,0.2517692200759956,1970,256
6121,0.0010977764580337424,0.4570591705046365,2106,256
6122,0.17386648162517424,0.4927869983145129,2152,256
6123,0.0004657220461379035,0.0747345147690885,2123,256
6124,2.3579507617491196,0.1593739556656461,2000,256
6125,0.0008341607877811124,0.1727862802904343,1935,256
6126,0.024831242352006615,0.9717988282588212,2041,256
6127,0.6491525508031375,0.1082018731131717,2089,256
6128,2.5274282352305364,0.2833939863927367,2088,256
6129,0.9129007599828386,0.6942479329203027,2031,256
6130,5.215744443105985,0.6566770049208911,1970,256
6131,0.08890527848649134,0.9712154223857749,2138,256
6132,9.059979807415994e-05,0.3733380362540418,2049,256
6133,4.251367512322918e-05,0.7666126298555117,1990,256
6134,0.19469564056614122,0.6212822439611095,2037,256
6135,0.05871657824527333,0.7680785929521304,1978,256
6136,0.0001120112069135816,0.6359009307956107,2149,256
6137,1.4067865653396605,0.0328242072357021,2102,256
6138,0.00318018253825023,0.9869700474247636,1923,256
6139,0.0007888251243369029,0.1446758064359755,2008,256
6140,1.8219570351072827,0.9123889742989026,1951,256
6141,0.1618355364930484,0.219193815356849,2073,256
6142,8.99218851333476e-06,0.0870232260187291,1927,256
6143,0.04345955031179479,0.9653173333564964,1921,256
6144,0.11554237999469633,0.7923623173408925,2097,256
6145,0.06029625566416298,0.5193288977437392,2120,256
6146,0.09444539912445118,0.605566719119892,2089,256
6147,0.28103215834472933,0.8784042449568038,2034,256
6148,0.052318378113058846,0.5053944829968313,2068,256
6149,0.7197338552268854,0.2417430091925944,2154,256
6150,2.1543830163223707,0.5375047592050358,2051,256
6151,1.5448424095259976,0.5696979260439538,2044,256
6152,0.19896763795954092,0.1921903577048477,2020,256
6153,5.216442738767945,0.3041239004709851,1943,256
6154,0.7616046312210565,0.8370565870805226,2145,256
6155,0.004391435703213621,0.8438669457026649,2166,256
6156,0.32680333742024426,0.6870350478576548,2033,256
6157,0.2790097191488679,0.8959625983923666,2121,256
6158,0.018396277289607257,0.1357238896402625,2154,256
6159,0.008041459553266598,0.1508271947321278,2125,256
6160,1.577596079392142,0.1074470983167175,2153,256
6161,1.3849671775813266,0.057327631626485,2147,256
6162,0.9029517980326818,0.3153416977367401,2095,256
6163,9.034575505776686e-08,0.1531070919241073,2143,256
6164,8.3870347279408e-09,0.3024057404400465,2153,256
6165,0.5783474032597595,0.8713865265852772,1969,256
6166,0.6707945210307434,0.7900644663757171,1939,256
6167,0.07252762705999426,0.2006592769245184,2033,256
6168,0.11799205370383704,0.224134762690735,1930,256
6169,2.3823677742123213,0.8901039696113714,2050,256
6170,0.006941945824507188,0.8884181521396366,2010,256
6171,0.23347537753007222,0.7593645142355332,1936,256
6172,0.20733890075010114,0.8092347070803911,2112,256
6173,2.2331142662427457,0.9377211959187272,2170,256
6174,0.14553010556858936,0.9004477642146747,2124,256
6175,0.4002571340918998,0.2915391081518586,2117,256
6176,1.9419024121481743,0.4632608599195079,2170,256
6177,1.6061033835891865,0.1525712992465533,2162,256
6178,1.6263502174995733e-05,0.7835947188959737,2051,256
6179,1.6629961172619816,0.7525374171339531,2165,256
6180,0.013861014483984285,0.0624528239071874,2163,256
6181,0.1560871855460963,0.8886143951790771,1957,256
6182,0.7665160706535801,0.6446201599329905,2122,256
6183,1.7807596441345603,0.5944834988476085,2158,256
6184,0.21268955691188685,0.1621962899974394,1977,256
6185,1.4823159970556001,0.7796574755036088,1948,256
6186,0.001284370305032869,0.7465674436756528,1935,256
6187,2.0734736427579496e-05,0.2012645242141759,1939,256
6188,3.648140061704729,0.1250328490500454,2146,256
6189,0.7105697677327085,0.2781126680538892,1968,256
6190,0.3015894199074268,0.9916395779372574,2144,256
6191,0.8492971582680687,0.3363802461815128,1988,256
6192,0.16306815902056981,0.0494245343199406,2025,256
6193,2.4104409991179234,0.0035403120963698,2020,256
6194,1.1926382737048484,0.1433770296951793,1926,256
6195,0.043003822615501064,0.4747023531722502,2002,256
6196,0.07656272045519322,0.0620099439287034,1999,256
6197,0.09898633448689532,0.2687803503375677,2141,256
6198,0.009199864090816866,0.4308790822876271,2064,256
6199,1.5549416528122528,0.4493835335812572,2144,256
6200,2.8873130289787254,0.3001803875794924,2088,256
6201,1.9682889134230335e-05,0.5958417804802016,2157,256
6202,0.00036697586181974785,0.5509005160872552,2032,256
6203,3.00864496817641,0.72687495351875,2022,256
6204,2.260299685057126,0.0938515461422487,1940,256
6205,0.718042022589208,0.1327634335704334,1951,256
6206,0.0974392412592444,0.1685403299703753,2016,256
6207,6.640747995987343,0.6774703156927443,2163,256
6208,0.17715809210592398,0.8564907623480006,2108,256
6209,0.07298727156268824,0.2492840166368666,2025,256
6210,1.3057329545903062,0.8514394405872102,2085,256
6211,0.004245676658716873,0.7693570365805886,2016,256
6212,0.0906871758229007,0.7850394383231922,1989,256
6213,0.011567836876070853,0.6246496643690523,2129,256
6214,0.8477450011247741,0.9138582994273032,2008,256
6215,0.18210228382530344,0.7474081799484675,1976,256
6216,0.011892018699701105,0.6697398511430549,2084,256
6217,19.108846461268598,0.3982476518301083,2165,256
6218,2.480241475821669,0.8554565861282993,1979,256
6219,0.5437654536528288,0.927055473601428,2158,256
6220,3.0208659589324713e-05,0.059951604265209,1949,256
6221,4.1518676589884344e-08,0.3109904768574115,1968,256
6222,3.435691305309851,0.8862585713536286,2084,256
6223,0.005394392611668534,0.3548147684182385,2114,256
6224,0.0016903566557200287,0.7765026613142496,2006,256
6225,1.2514602340344225,0.2716567248681835,2019,256
6226,3.7456150754536703,0.7272536331680534,2021,256
6227,3.6881785481148452,0.3952240242801423,2105,256
6228,0.15842707988700314,0.2349439185456729,1993,256
6229,0.008079288437397358,0.5067076929602251,1985,256
6230,0.01046907456254157,0.989761020086334,2067,256
6231,2.912201319705627,0.4302950604169101,2133,256
6232,0.00022053030292799004,0.3296597063546064,1927,256
6233,0.28570316921825906,0.9088221469765456,2098,256
6234,0.0010246621873112195,0.7619631993327786,2004,256
6235,0.11980320856805697,0.4651477086674479,2144,256
6236,0.4078607200750445,0.1639861816691936,1935,256
6237,1.0535446929839172,0.0442324180760741,2121,256
6238,5.4752787214851365e-06,0.2527774288040646,2061,256
6239,0.00016360277054053207,0.8428907402829259,2174,256
6240,1.2468934102994637e-08,0.1081429969909876,1990,256
6241,9.840820913598545e-13,0.9839822435974122,2052,256
6242,0.008964904292430667,0.7247927506740509,2161,256
6243,0.1481469573090326,0.5518361235765551,2176,256
6244,0.004638638569176592,0.9858332037172798,1955,256
6245,0.33234220282834637,0.0567277566166813,1964,256
6246,0.08206897440852017,0.6096293291632197,1993,256
6247,0.03356742938519431,0.8228150349077058,2056,256
6248,2.3312369925905054,0.2825479594314279,1984,256
6249,0.013281092878249431,0.382272925321649,1962,256
6250,4.399017344232714,0.390328128460796,2130,256
6251,0.015211974743924475,0.4570792383123124,2093,256
6252,0.028287302453260388,0.6671676245994882,2152,256
6253,0.3943798623054983,0.9042732529295568,2097,256
6254,1.2759055834233706,0.8975287541873377,2074,256
6255,1.6522721913679632,0.065306382800383,2023,256
6256,0.3623373627451444,0.2791116459400571,2061,256
6257,4.664943026648399,0.464044097817988,2105,256
6258,2.6242561683062475,0.8446159181279843,2011,256
6259,0.007864824445645248,0.8004161552844585,2015,256
6260,2.1028854052533443,0.1170700918304419,1945,256
6261,1.2808468828110142,0.3320480347588049,2065,256
6262,0.05239319762841896,0.1840622698941032,1961,256
6263,0.011387568755114208,0.1371485972335883,2095,256
6264,0.09940878962805112,0.366597229662203,2154,256
6265,0.030997568797085564,0.5416195458786957,1980,256
6266,1.8914347285961837,0.7192402937239315,2151,256
6267,1.1683162336782056,0.8874587781982645,2037,256
6268,0.00011480613894025292,0.4079703453790306,2079,256
6269,0.10662325095206332,0.528033932084124,2048,256
6270,0.3962302192946301,0.0399935246699282,2016,256
6271,1.3043001364389264,0.2729235255965136,2112,256
6272,0.00017960939257765087,0.2057850428333669,1954,256
6273,4.170253577349381,0.8886978868845317,1946,256
6274,0.026641204327266754,0.2091603378839128,2077,256
6275,0.0002797835858704431,0.6998835106937396,2176,256
6276,1.2320351690561595,0.6128153419161879,1985,256
6277,4.215353853901222e-06,0.7337143470420433,1966,256
6278,0.0030453985597365054,0.3539619370933514,2059,256
6279,0.0001483854049876991,0.6103083554680453,1926,256
6280,0.7354756594223413,0.5209276702075605,2145,256
6281,0.0007996878464219698,0.3655611726057799,2130,256
6282,4.892598867643042,0.1966287421859885,1989,256
6283,3.4261657866938813,0.5251157325069064,2003,256
6284,0.057729648292801805,0.772879666288237,1923,256
6285,0.030782122206154918,0.7702135415650295,2112,256
6286,0.0006333161711852313,0.1737167603116666,1999,256
6287,0.49204712779676224,0.195297614184023,2152,256
6288,0.17911934434465152,0.2414575897040997,2109,256
6289,0.10478786297816689,0.2200592172473501,2142,256
6290,1.4903314392170333,0.8914270071768826,2096,256
6291,4.243559938048554,0.5697037603822154,1945,256
6292,0.10783669861786335,0.6747649063819962,2097,256
6293,0.688379925541653,0.5170062469359066,2133,256
6294,0.004931413752422731,0.8850094488868134,2172,256
6295,0.5662250639672523,0.7995130637913022,1993,256
6296,3.4231663792170797,0.2589463614196308,1968,256
6297,0.7802785298582668,0.6349978060234605,2054,256
6298,0.6111133507704626,0.7054319733389922,2138,256
6299,4.289893996575702e-05,0.3250736989536744,1984,256
6300,0.00031145951700352505,0.2023021504743404,1970,256
6301,0.043375771029443344,0.5810977577304715,1958,256
6302,0.0039006461431442528,0.3736492668267951,1997,256
6303,0.16397422848760945,0.677956309301869,2141,256
6304,1.0821310366983492,0.1545707589607889,2071,256
6305,0.002542517319170893,0.265205100000541,2107,256
6306,0.47192595397983034,0.0156671632050006,2168,256
6307,0.24406398198003523,0.9305315574573934,2017,256
6308,0.024391917798581506,0.2012536293479848,2156,256
6309,2.3843875297812646e-05,0.0578491614769182,2064,256
6310,0.38954175659357615,0.7830211968756396,2021,256
6311,0.0022717414303010486,0.3907806845207228,1948,256
6312,0.7532203088855679,0.566911762358119,2011,256
6313,0.6561537235561172,0.1570672101390283,2165,256
6314,0.14741129608494086,0.1525942400273123,2050,256
6315,0.38864786390122535,0.951353542820172,2062,256
6316,0.06144744468967045,0.4944656792611261,2161,256
6317,0.0011937690061398873,0.6358947954646827,2126,256
6318,3.133624822198179,0.8440426789403279,1922,256
6319,1.9843564782095835,0.6001560247143676,1920,256
6320,1.47733850774212,0.2797114746576651,2003,256
6321,0.016991847682427588,0.9974154016360643,2153,256
6322,0.10395646303114295,0.967507165699792,1944,256
6323,0.18156029758187087,0.381917753677622,1940,256
6324,2.98012016632816,0.3577490733716407,1963,256
6325,0.32895269182413034,0.4601343989692104,1961,256
6326,4.890433476604327e-06,0.0324413744881973,2135,256
6327,0.19502771784282788,0.6580853504809259,1991,256
6328,0.16108310264860273,0.406880620610067,2164,256
6329,4.663792248551905,0.3148563150175503,2172,256
6330,0.3140804332812502,0.8612258716144453,2162,256
6331,11.690703088978514,0.1537808520754264,2009,256
6332,0.057446171244354555,0.6443950293499626,1979,256
6333,0.262370501488502,0.4764975479078411,2048,256
6334,0.09386362028291349,0.9184187445151162,2175,256
6335,0.0005155962737207511,0.516820838124788,2086,256
6336,3.4732238124479657,0.3544642488783941,1921,256
6337,0.011360480545191624,0.4141292989078192,2020,256
6338,0.4063381164814795,0.7786217073099047,2148,256
6339,0.00206467730274491,0.4383198967545525,1987,256
6340,0.07559890962748064,0.3232391967617223,1944,256
6341,0.1464037830361105,0.6832960207794412,1976,256
6342,0.15072356516903698,0.1974621998760257,2011,256
6343,0.006316304216075147,0.1294509708699529,2041,256
6344,1.8254807537400923e-07,0.5841334987592023,1941,256
6345,2.4052205960614104,0.7085278466651813,2034,256
6346,0.027977463954133662,0.1621793967281682,2176,256
6347,0.8554829519234554,0.5229049850424693,1990,256
6348,2.9049248151925256e-08,0.9851939923991514,1938,256
6349,1.305692607222489,0.2138761067503276,2104,256
6350,0.002244403313812317,0.5296622006880083,2007,256
6351,0.07532329288717761,0.5562062456068544,2155,256
6352,0.007482227710681802,0.8390661996887439,1931,256
6353,0.007369676813132624,0.4599614954047936,1985,256
6354,1.7859991263914206e-05,0.7840399945816757,2036,256
6355,0.0105495142565462,0.1408874658611649,1984,256
6356,0.11102147666180566,0.8206982301536451,2076,256
6357,0.15714004775247653,0.2221340945570902,1991,256
6358,0.04562686856868293,0.8845794668695546,2139,256
6359,3.240234018067767,0.679237945734895,1941,256
6360,1.456187170987353,0.6225040569391345,2010,256
6361,7.004957523374789,0.5868802233296141,2120,256
6362,0.00023442606207348002,0.2199483736845058,2059,256
6363,0.49084524636692084,0.939052284464328,2174,256
6364,0.06486942785465206,0.2511819424902477,2152,256
6365,1.4216899192990413,0.4287629853336901,1935,256
6366,0.03846915213206177,0.7129175818514202,2158,256
6367,0.0011837231087596714,0.0410905728047591,2036,256
6368,0.025726499238586026,0.794619077534568,2154,256
6369,0.3152880355660385,0.2392017674534921,2026,256
6370,0.008680816066149047,0.3859336633368304,2163,256
6371,0.35069188307143495,0.9005076380343355,1984,256
6372,1.879771188727948,0.8477785924610006,1933,256
6373,0.08190065790275997,0.0175829602781714,2123,256
6374,1.0174742088767124e-05,0.1384621863038913,1959,256
6375,0.1204237411064651,0.6291949051938858,1995,256
6376,0.2641985025757995,0.7372545759879419,2066,256
6377,3.7195360219931963,0.90845385352803,2095,256
6378,0.01988907702704968,0.0168507548327595,2149,256
6379,2.157847906385462,0.7664651000873796,2022,256
6380,2.871768601362171,0.7657278515915068,2089,256
6381,0.03871951305152021,0.7819274536204923,1998,256
6382,0.3048060954998279,0.6521462681540704,2142,256
6383,0.539811076506974,0.4149134657568418,1940,256
6384,0.33336472616369806,0.865062106807689,1932,256
6385,0.493521078174806,0.3875949688495758,2160,256
6386,1.5914629284814177,0.3044861105514567,1931,256
6387,0.001248867702232483,0.5991051117709526,2106,256
6388,0.004530823824942279,0.531573531745116,2129,256
6389,1.6093488770975335,0.1336074389681909,2051,256
6390,9.611659192593982e-05,0.8302014126318775,2172,256
6391,0.29270520212000517,0.1864565627801636,1959,256
6392,0.00020826231220870073,0.528667507868617,2146,256
6393,1.5510485152450655,0.0552259603451222,2061,256
6394,0.4959741469,0.98912982043084,2165,256
6395,2.849379693240736e-06,0.6208780818206004,1984,256
6396,0.020680700871067336,0.7235054175673634,1949,256
6397,2.2263598129327266e-05,0.6191307980777122,2166,256
6398,2.1655717695908843,0.9218161699305896,2116,256
6399,1.4110683001752407,0.6127047150066834,2090,256
6400,0.5249791746272724,0.0616254339571735,1986,256
6401,3.09998418164847,0.6637287618934856,2148,256
6402,0.3509066886848779,0.6550250488893272,1966,256
6403,0.1383631376243637,0.2155210857300467,2036,256
6404,0.1812294398012237,0.9482448978364384,2011,256
6405,0.932640468976542,0.9100330976307128,2056,256
6406,0.0026732283701929728,0.1566648680351428,2093,256
6407,0.20137975052292484,0.1528816928726186,1931,256
6408,0.5600993485056588,0.3596427091176321,1950,256
6409,0.0009523173799503887,0.7464538979408162,2069,256
6410,0.07789954646694981,0.6961146814184359,2138,256
6411,0.43329400080822733,0.1724122648201208,2030,256
6412,0.6084283966921801,0.6355241967278019,2058,256
6413,0.0006698772203056894,0.3808393918431636,2048,256
6414,4.6170521543297705,0.3889360819136346,1957,256
6415,2.0548737413382283,0.4776040748617888,2119,256
6416,0.3690073585405528,0.3487941868739674,1978,256
6417,1.192156838746851,0.6303806195454085,1936,256
6418,4.407689583999972,0.5756117426461463,2111,256
6419,0.6150949040714987,0.2860812970505341,2124,256
6420,0.001106342306302689,0.9344043389390252,1963,256
6421,0.010349697359532787,0.1475403802140459,2170,256
6422,0.0002434757550246982,0.3074016646690906,1936,256
6423,1.7714038457166765,0.0383706017161357,2173,256
6424,0.2498796267477857,0.9084246738348674,1924,256
6425,0.06404846994750342,0.5122121829164155,2105,256
6426,1.3248808003240404,0.1771515508209041,2046,256
6427,1.0978332337461312,0.8901343178833703,2113,256
6428,0.2156640267463967,0.6585978546773652,1930,256
6429,0.07263685698814591,0.5278504078156483,2087,256
6430,0.02065730933707422,0.4821688561760721,1956,256
6431,1.8330250639178358,0.689286871842078,1926,256
6432,0.21759531124897158,0.9885214785335844,2034,256
6433,0.0015130921222720425,0.6794086655915195,1990,256
6434,0.006002550522258261,0.6443667519590516,2171,256
6435,0.00010090349309098637,0.6800816631402405,2176,256
6436,0.0022275059341212147,0.0080790947374599,1965,256
6437,0.037828437344065304,0.7844298428769346,1933,256
6438,0.0004961806986858296,0.0524227896995702,1969,256
6439,0.003396309994794939,0.7158192037174417,2166,256
6440,0.000539499452837171,0.5988475472036443,1920,256
6441,0.05535732706494271,0.5189535534561622,1992,256
6442,5.862258406881297,0.3254584454436067,2139,256
6443,0.05292064684316097,0.2962425419111578,2174,256
6444,0.2847541880385914,0.5533347433157314,1985,256
6445,1.7641442161387058,0.9809851336320812,1965,256
6446,0.08226721673130714,0.6265138284596725,2023,256
6447,2.5822362991385788,0.3140357948289963,1993,256
6448,1.057296369751121,0.7340675959681502,2104,256
6449,0.1258126477176984,0.1002124411949644,2031,256
6450,1.0698425582394904,0.1181143118702715,2089,256
6451,3.8989859580089774e-10,0.1016405884821165,2110,256
6452,0.2642188289608203,0.582491967830772,2169,256
6453,4.787464140737957,0.0516415997346401,1983,256
6454,2.846127872077708,0.1962746673249871,1937,256
6455,0.015446027537125226,0.5139442682211872,2107,256
6456,1.0264801805992546e-08,0.5902808528516509,2143,256
6457,0.5476640538650926,0.2293957291622083,1965,256
6458,2.8528845789047132e-05,0.776629451087593,2038,256
6459,0.005533724947249729,0.8602566793490092,2062,256
6460,0.3688330915659493,0.8554323882505595,2084,256
6461,0.5479003115413639,0.5192162788488414,2082,256
6462,0.3188845937412511,0.2851657492592802,1974,256
6463,0.1307391941942237,0.213083923465745,1969,256
6464,1.182302788805499,0.3667946205723466,2140,256
6465,0.03171783254717455,0.9138015360265024,2170,256
6466,0.005577432557034367,0.9767701520228844,2113,256
6467,1.7879610338194718e-06,0.583379628501532,2023,256
6468,0.1688129036458262,0.1473881494871136,2080,256
6469,3.21912483834435,0.5194541415534779,2143,256
6470,2.0807993657830113,0.679018179072535,1921,256
6471,0.5661831322912262,0.6206118916247952,1986,256
6472,0.0015591924464361927,0.5978473842152288,1922,256
6473,0.6170858686065425,0.5649301840001121,2062,256
6474,0.10095128079198154,0.6529006081860149,2016,256
6475,0.002758240996156161,0.4381411338374682,1969,256
6476,0.1312287031519572,0.8460927521801186,2030,256
6477,1.4378383841859057,0.4402103532942721,1965,256
6478,0.042095133507331656,0.933766880320678,2025,256
6479,1.4230342579666992,0.8430527706286459,2074,256
6480,0.2487457933075828,0.8991739609370624,1932,256
6481,4.272938327382323,0.1373907309458087,2026,256
6482,0.6107882715482905,0.5981498533549661,2110,256
6483,0.46452305034261315,0.8827269294422185,2055,256
6484,0.024764512274045056,0.1800471928629521,1999,256
6485,0.31859132657636674,0.0730324881277895,2002,256
6486,0.0005089044661455834,0.7055752565542447,2140,256
6487,11.816539771471724,0.0890407649860439,2111,256
6488,6.512778919631717,0.5994663736019014,2146,256
6489,1.8679829632573282,0.7584595623373401,2173,256
6490,12.602048898964949,0.431580291526124,2174,256
6491,0.028507627904306967,0.0855748822933402,2144,256
6492,0.006134338968214958,0.2952871408049493,2051,256
6493,0.3281061884949382,0.6746248869661298,1934,256
6494,4.203976232644417e-06,0.4368060554677566,2049,256
6495,5.9502966551452765,0.1463459344911921,2035,256
6496,0.00023151525728554048,0.2518264722200377,1962,256
6497,0.03488255945574087,0.4333850267726981,2015,256
6498,1.6613944460341431e-12,0.7427091197376012,2158,256
6499,1.5263254005057139,0.8826499214938262,1964,256
6500,0.954860366116146,0.6758865911475052,1993,256
6501,8.588011498609678,0.1519550990989148,2144,256
6502,9.500105921810201e-05,0.5457948266922725,1980,256
6503,2.0303420082655483,0.2253637210812086,2040,256
6504,0.06803513910249775,0.9919434087254988,1962,256
6505,0.1601006502650027,0.333514560769322,2078,256
6506,0.018639767335593818,0.2101331713714677,1968,256
6507,2.1680203243174927,0.1862653353096316,2040,256
6508,0.06370224855182335,0.3695146555481943,2087,256
6509,1.9362213985873047,0.92347277014247,2075,256
6510,1.203669294747155,0.874158771146834,2095,256
6511,1.7522675741297569,0.4923914013569693,2069,256
6512,0.0027505260128219623,0.7615273004681337,2095,256
6513,1.7430656453326192,0.4538913267735859,1949,256
6514,0.00013183497053135152,0.4946871086669309,2100,256
6515,0.14221337190307085,0.0343983774227486,2167,256
6516,2.6201002086424743,0.1565607891299368,2007,256
6517,0.007583850971592284,0.8045289798158813,2158,256
6518,0.01047058335880923,0.2230484771136156,2002,256
6519,1.1821282582878199,0.6302119334319418,1964,256
6520,0.052509974833401515,0.4148728804742797,2039,256
6521,0.00054006519894495,0.9697240889659434,1956,256
6522,0.07110248452793487,0.0483881532661059,2064,256
6523,0.06575529067653287,0.8983827790370302,2078,256
6524,0.1755388032031144,0.6405526612440042,2019,256
6525,0.0542946481187185,0.1021160819305945,2147,256
6526,2.990279167634562,0.5466734876601437,2059,256
6527,0.007966187342146278,0.3064222065199854,2031,256
6528,1.1092482310705525,0.8619049220256656,1998,256
6529,0.0033283475452615223,0.7725117702568275,2053,256
6530,5.965057222814872,0.8820458969767415,2078,256
6531,0.0023337958661475027,0.6968245695426037,1955,256
6532,0.23157429008972744,0.4759264090014465,2086,256
6533,1.531768251030026,0.1674337040355864,2103,256
6534,0.013273794279255994,0.1284327992638261,2038,256
6535,0.3439150860741529,0.4920834950125233,1931,256
6536,0.032474164218628136,0.1913058201942525,1958,256
6537,0.017442783750716548,0.6196059874114519,2123,256
6538,1.4913587475599894,0.4535398356212505,2043,256
6539,0.3408993108813571,0.4907240773271285,2114,256
6540,0.4714578641213789,0.9612658730416506,2023,256
6541,1.0894820011960036,0.4313635190306156,1981,256
6542,0.0478526472832061,0.504724287833395,2131,256
6543,1.1314771603548957,0.859758534784156,1989,256
6544,0.0009375902467080599,0.1207918823075747,2029,256
6545,1.4911964468787546,0.5219808846858449,1927,256
6546,0.0009482825653791284,0.6629947623728194,2157,256
6547,0.3486199893286575,0.4344449138959909,2026,256
6548,2.9148230949161777,0.8956301716347638,1994,256
6549,4.438144702305926,0.2630726079267931,2083,256
6550,2.6354166247967448e-08,0.4307377126866618,2099,256
6551,0.02432881814455746,0.9573031370157902,1939,256
6552,0.011007995077407337,0.8766837500600618,1991,256
6553,2.897078026718732,0.6190260665324887,2132,256
6554,0.7487750927825274,0.7379074501839634,2115,256
6555,3.397161577962009,0.0204002698109985,1994,256
6556,0.19635720968098327,0.5341411478628973,1992,256
6557,0.11691442108841361,0.5338204532719676,2165,256
6558,0.013350142591279602,0.9341825551427668,2043,256
6559,0.018251420822690656,0.5387775543987354,1974,256
6560,0.004439079466380803,0.9315823835829572,2040,256
6561,0.00014195056889030754,0.0700615018764778,2145,256
6562,0.6958473486282747,0.509663714338782,2160,256
6563,0.004648632791445546,0.5774153717920951,2160,256
6564,8.687861314337367,0.6260979823792214,1974,256
6565,0.025321218529194535,0.9176478871000474,2129,256
6566,0.019136040729040446,0.519394204449591,2027,256
6567,4.508386768730452,0.9869487163805571,2018,256
6568,0.026704270515230676,0.5209294786173306,2114,256
6569,0.0009110316706431447,0.0195956427718173,1921,256
6570,11.471110186125113,0.0183500821659694,2038,256
6571,2.257344105066787,0.2710217869705816,1953,256
6572,0.0003906323982513948,0.4879446382414536,1948,256
6573,0.7620954450554646,0.9388910382238688,2054,256
6574,2.1582936119264646,0.0352327825221866,1945,256
6575,0.0011380203604062177,0.0430736069298817,1972,256
6576,0.02177071791408035,0.4047669252351591,2032,256
6577,0.08476984421880636,0.2599342575966115,2169,256
6578,0.00014224759958273732,0.0384834489054738,1998,256
6579,0.2170533220530105,0.7760664278380869,2086,256
6580,0.0033375148470157546,0.0641485366001358,1989,256
6581,0.07222589567174478,0.6976808073116693,1946,256
6582,6.606585582444778e-06,0.2934492669481275,1970,256
6583,0.00042449862361239066,0.1435254874982573,1978,256
6584,0.214228610853772,0.787097925785158,2119,256
6585,0.02496434867242855,0.2072874698432002,2176,256
6586,0.010278951672430422,0.929738611296728,2170,256
6587,2.086140945309962,0.7699411861615241,2120,256
6588,0.220155497613728,0.5246949036328632,2104,256
6589,2.100714569815999,0.4906274025337298,2175,256
6590,0.09378295951669759,0.7088594471992983,2124,256
6591,1.3414735042239283,0.9017198639153222,2170,256
6592,0.0002817897592780817,0.3225616471684084,2019,256
6593,0.6487873049861042,0.931301772816423,2083,256
6594,0.03785833949196607,0.6174008452810837,2022,256
6595,0.0011665630208905493,0.1123836972010713,2151,256
6596,1.7545783769913097,0.4320393767889257,2001,256
6597,1.3992362628018833,0.0206800570094137,2015,256
6598,0.0008082648693853812,0.9819376193420908,1924,256
6599,0.413627082704728,0.9533561588201432,2061,256
6600,0.0007979891722096531,0.6424583740518772,2085,256
6601,0.0001395195419582781,0.4647692350873497,2069,256
6602,0.04480062693005526,0.0550752351296931,2155,256
6603,1.3449017586975764,0.4094265707265966,2051,256
6604,2.755200126487995,0.3208203280344535,1964,256
6605,0.16582319675892065,0.1588771813511456,1990,256
6606,0.14195193646499424,0.1595991981627317,1940,256
6607,2.6514493762273355,0.9030386088675884,2159,256
6608,0.10464752569148329,0.9526703311998592,1934,256
6609,0.865569057385844,0.3820103858743862,2093,256
6610,0.00033267430772881756,0.1652773290794355,2125,256
6611,3.4701241734199706,0.4221424670597294,2043,256
6612,9.573628963924947e-05,0.0796085332082757,1998,256
6613,0.6896760117908819,0.4290742950917424,2109,256
6614,11.754817854296869,0.7554633545081311,2112,256
6615,2.167418439846369,0.070960609086204,1964,256
6616,3.409917215905307e-05,0.5831215938505261,2130,256
6617,0.002652171686898895,0.3756854598285365,2176,256
6618,1.9800143686419578,0.7029509594489605,1978,256
6619,2.156708357142433e-07,0.1355488008620657,2102,256
6620,0.04909050087438488,0.6623571040460721,2091,256
6621,0.33984258472885237,0.5866910773390036,2111,256
6622,5.09824804712638,0.0678132169079652,1975,256
6623,0.07500057235291026,0.1954605418215788,2135,256
6624,0.009729830193091002,0.3448037612514124,2164,256
6625,0.005368577057367573,0.4000150840973648,2093,256
6626,0.003593847508122355,0.4874374872810993,1965,256
6627,0.41607293845119225,0.4529745515026467,1939,256
6628,0.9056879452118096,0.5615574356945772,1978,256
6629,0.13041491660167076,0.7195713480890277,1937,256
6630,0.017032844402375485,0.9056716928341738,2043,256
6631,0.22508844234501624,0.7338359845504776,2145,256
6632,0.3415752918238072,0.4379403984089327,2043,256
6633,1.679192897429779,0.7215198178592616,1927,256
6634,2.162584860523478,0.769831962000635,2021,256
6635,0.5687504722135546,0.8158717164831497,2008,256
6636,0.24724880772017477,0.5786642488260015,2171,256
6637,0.08447722379708181,0.4533159381839237,2128,256
6638,2.782330452660127,0.2783909465000431,2075,256
6639,1.1734681847158759,0.5109167276445541,2082,256
6640,0.005959025893783064,0.7786739931947482,2160,256
6641,0.2550994645137623,0.7404957521471411,2146,256
6642,1.6459871960168372e-05,0.4889203711660873,2060,256
6643,0.9629955738178755,0.3946682172991836,2169,256
6644,2.2392003313887217,0.6950297685947688,2003,256
6645,0.24631928748833043,0.3922688746135864,2156,256
6646,0.006571037009429646,0.5055958468751279,2175,256
6647,0.3546058861958492,0.4370376588304709,2061,256
6648,0.00020779107472619713,0.8211703103629889,2054,256
6649,0.0019609987036640613,0.1920076007665074,2022,256
6650,0.11462808850976797,0.2421219407455375,2172,256
6651,0.5315210226885679,0.2466477375526522,1987,256
6652,1.0383108451177775e-06,0.9788574971669944,2011,256
6653,0.0007482495661462708,0.7249706969871976,1930,256
6654,0.05153341589265895,0.1844895328912273,2083,256
6655,0.41009696087746134,0.0103745187769349,2108,256
6656,2.0533549184884596,0.9416660096314377,2088,256
6657,0.043477621237652406,0.0064759232089,2143,256
6658,1.2783647159793525e-08,0.4807678334135543,2062,256
6659,1.046205556709948,0.1257563272548378,1940,256
6660,0.044735783460032326,0.1052711168806391,1987,256
6661,0.8028159267747015,0.5630545293081868,1964,256
6662,0.42489128411799487,0.7869077584462791,2135,256
6663,2.028220138993688,0.537929665369703,1962,256
6664,0.012775105965495833,0.2115178869536154,2164,256
6665,0.037274718209078316,0.6980158384624824,1928,256
6666,0.2754577508718858,0.9825190915711676,2156,256
6667,1.8092461629843724,0.4391739347296495,2137,256
6668,7.965155955256339e-08,0.0881672859916227,2025,256
6669,0.08471931831161922,0.6903644121320528,1995,256
6670,1.4294928551606183e-07,0.7708175319337183,2121,256
6671,0.0799156462411061,0.7744697086705854,2052,256
6672,0.3369122998743558,0.4083298497853511,2172,256
6673,2.4570643389501394,0.080872852269498,2111,256
6674,0.1880306709649385,0.9242909629741036,2024,256
6675,0.28638035365438863,0.5862132409273275,2109,256
6676,0.072071262750047,0.8602758304769085,2145,256
6677,0.011018327668100026,0.5222515935085005,1966,256
6678,0.020843412722032092,0.0796415712833906,2170,256
6679,1.7919894172013116,0.0856542909723244,1977,256
6680,2.5326570501396866,0.4847112102039043,1943,256
6681,3.92767486889835e-07,0.0383327195625492,1946,256
6682,8.30367662075355,0.8941635449412583,1926,256
6683,0.0040138276820808035,0.8146347721544702,1977,256
6684,11.318087816490024,0.7746592173744691,2010,256
6685,0.0188067754628111,0.8099367598621878,2010,256
6686,0.0027623007469850247,0.2913598717763583,2176,256
6687,0.03692036460290537,0.8948580471348616,2087,256
6688,0.0032794289056304123,0.5749244794872085,2035,256
6689,0.13940096415081965,0.4542699263414488,2033,256
6690,1.8407559884969067,0.5073915938315262,2005,256
6691,0.0054791617828698486,0.7151342371875284,2117,256
6692,2.4094419979259603,0.4952758945449519,2089,256
6693,0.22573986084933442,0.8527036289973865,1987,256
6694,0.11088522503298914,0.1298260025621815,2136,256
6695,0.29107284045331683,0.911733531446142,1922,256
6696,2.0184140371934136,0.5560107624491164,2123,256
6697,0.5834409168497566,0.0962597997281032,2127,256
6698,0.03952269366136983,0.2739604112847902,2154,256
6699,0.038383220829914085,0.2559268463787502,2069,256
6700,0.03936139190671089,0.904357654149076,2054,256
6701,0.0038466873345483067,0.577339050973721,2035,256
6702,0.35683683371898417,0.4999800268917579,2078,256
6703,0.5969573025756856,0.9899612149662984,2162,256
6704,1.461165901799973e-08,0.4420876426273877,2033,256
6705,0.572610178320473,0.7577229348370313,2144,256
6706,7.8178948350133695,0.2996762535549603,2038,256
6707,0.3465321633418623,0.7582967902840351,2141,256
6708,0.036042545660148716,0.87808369208004,1949,256
6709,1.9174634990414843,0.9716590750745596,2022,256
6710,0.016325428512151113,0.3821974424397709,1966,256
6711,0.5289742914126871,0.3688834005905154,2127,256
6712,2.8973634436366957,0.360184980179893,2143,256
6713,2.4657887895478517e-06,0.5716970706174512,1920,256
6714,0.01755065056483278,0.6538684509541364,2068,256
6715,0.014940617575084775,0.565479535038694,2036,256
6716,0.07580639715873988,0.2433551989597252,2120,256
6717,0.8622828384538117,0.114879087778532,1981,256
6718,0.4195388110642093,0.2183259886359225,2046,256
6719,0.1251504248316468,0.1976193380308605,1966,256
6720,0.0004367196371623057,0.4195932146625207,2112,256
6721,1.0809997043260628,0.818063589448175,2007,256
6722,0.0006620888850115272,0.018452207812002,2171,256
6723,6.612621757876479e-05,0.6049364840539846,2122,256
6724,0.09585651327807332,0.7014891503689186,2087,256
6725,0.28467311293008324,0.0769352258587601,2156,256
6726,0.09985497697102177,0.9434460210646004,1925,256
6727,0.18963302766920148,0.2901830137479294,2136,256
6728,1.6976875631825618e-05,0.1081061339011931,2057,256
6729,0.00016937177592771775,0.1920461445519991,2059,256
6730,0.1784032941701782,0.9688934010389262,2015,256
6731,0.07586989904695701,0.0922644787662286,2141,256
6732,0.23536798933218364,0.2802640662189378,1946,256
6733,0.4839614486986363,0.5863676762808326,1972,256
6734,0.0005502197979341975,0.258011132970558,2064,256
6735,0.014993985723930134,0.3682245227017284,1924,256
6736,0.12264868115458799,0.023535015658004,2058,256
6737,0.016374608499555902,0.358246809063795,2039,256
6738,0.649769200854148,0.5723002664041006,2119,256
6739,0.8339261154498854,0.9541092109357682,2084,256
6740,0.059324520398547964,0.0299692499159093,2133,256
6741,0.37647878950093255,0.3679400583234186,1951,256
6742,0.01033300317117289,0.5414872877094027,2040,256
6743,0.1971925697306782,0.5156197736027389,1929,256
6744,17.783634469435263,0.6256165084152099,1981,256
6745,0.052564051713880296,0.8577384587844727,2143,256
6746,0.4221135980066273,0.086589515649553,2014,256
6747,0.004449756462046917,0.6145436584865558,2066,256
6748,0.00012489556121369976,0.7240688797950947,2105,256
6749,1.5628360170076159,0.310725009340955,1947,256
6750,0.0016728750319763557,0.4546800692795768,2091,256
6751,0.00048530863834871796,0.2589935863607808,1927,256
6752,2.81926446531512,0.2576056662400731,1936,256
6753,0.7133193569211904,0.0944784201452785,2115,256
6754,0.36911138433396923,0.7963420762942791,1994,256
6755,4.058097563562965,0.16630628791598,1992,256
6756,0.1656312530146894,0.3723660689042737,2016,256
6757,0.4242202351121159,0.8522076945938538,2039,256
6758,0.0005812961833555879,0.5564992873847476,2162,256
6759,0.09676415749496041,0.3035000037748674,2121,256
6760,0.3446399836831912,0.86861264760272,1946,256
6761,0.0031768944876262237,0.7098898056281138,2025,256
6762,0.42637461268268023,0.8825142472907959,2016,256
6763,0.8870971057537891,0.4187547439160352,2041,256
6764,0.017773047304305192,0.5595384261435308,1968,256
6765,3.327625726608472,0.9489216262763902,2091,256
6766,0.005474449275869616,0.8295965860637933,2043,256
6767,0.5627970392146324,0.1425650466456504,2045,256
6768,5.631471543723367,0.7349372120824744,2005,256
6769,0.013501047028024814,0.3065812633111353,1990,256
6770,2.714218241614413,0.4881925026593485,2045,256
6771,0.0003869418256331056,0.5340581342755629,2006,256
6772,12.637372981847054,0.061712142878563,2070,256
6773,0.707689459136574,0.1435011715569193,1943,256
6774,5.246599881349418e-06,0.875936564924119,1974,256
6775,0.6278086083179967,0.8808900278620652,2148,256
6776,0.140038622478819,0.0878701973832724,1940,256
6777,7.662557407053908,0.7715839128984467,2144,256
6778,0.18778439409415673,0.8594040441713698,2054,256
6779,0.0874761632479682,0.7777001453845669,2128,256
6780,1.7726513906273085,0.089835241209206,2098,256
6781,0.10890590833902938,0.1693892567914998,2038,256
6782,5.695362459538948,0.8202354030070587,1995,256
6783,1.873071102044493,0.976924501441638,1950,256
6784,11.54583246246979,0.0870807018948049,2119,256
6785,1.1553161811760212e-08,0.6260913613721221,1949,256
6786,0.31430429596135434,0.5974612183494837,2022,256
6787,0.25947515841988006,0.9625902789637748,2120,256
6788,0.04658895987650444,0.6323699620341697,2054,256
6789,0.7562050939556202,0.2241651937195994,2138,256
6790,0.15002143308794197,0.9690139223096416,2090,256
6791,0.008648530878223534,0.129929477606461,2145,256
6792,0.00297221041682942,0.6879062790014816,2132,256
6793,0.6636866646911392,0.346647190988045,1954,256
6794,8.332131805962977e-06,0.1115335229808225,1967,256
6795,9.540018733209295e-05,0.3456788176382512,2032,256
6796,0.23932483989840586,0.3750870611826512,1930,256
6797,0.015181205922855708,0.9598728848994162,2096,256
6798,1.4361846022894844,0.3387942448573504,2075,256
6799,0.0025972265473810274,0.7274193021814481,2009,256
6800,0.0202282143286348,0.6398624728184467,2108,256
6801,0.0178941130540205,0.9073389238064598,2004,256
6802,0.0036372568398012235,0.2909179074507777,1964,256
6803,3.7656534876874517,0.9562283726263326,1954,256
6804,3.3419023300503725,0.5355211270587367,2146,256
6805,2.8603968854333055,0.4728704629472788,2134,256
6806,0.32013492160046636,0.4622691427954247,2107,256
6807,0.12617816767581091,0.5039161971409811,2123,256
6808,0.049860994473172035,0.324963758401432,2053,256
6809,0.0007218446232600181,0.6888320758809008,2040,256
6810,1.2454770885902928,0.0392701752667133,2078,256
6811,4.23206854588112,0.9065021166363824,2078,256
6812,1.0786087388049392,0.9569532595022412,1943,256
6813,0.0034230379213575674,0.7579383397268137,2004,256
6814,1.7231659903557808e-07,0.0853261304533929,2053,256
6815,2.4054526827817972,0.1775104855155277,2140,256
6816,0.0006262981283084745,0.3988767098509571,1931,256
6817,3.167628160026164,0.9852665542484128,1974,256
6818,2.743248423517607,0.3404075781406208,1958,256
6819,1.0646393262131362,0.7689249995271322,2041,256
6820,0.0009474587775287682,0.6910388757676941,1935,256
6821,1.5303840057665303,0.2763458402790594,2003,256
6822,1.2273442962828809,0.2518850356464679,1961,256
6823,0.11475631696649437,0.1764805684026656,2044,256
6824,2.619648382105011e-05,0.1343693827503029,2061,256
6825,0.29244434543676306,0.0647796560133613,2084,256
6826,1.449397716042808,0.2107788883208303,2124,256
6827,0.044485796393802506,0.7507489786877081,1999,256
6828,0.02551312185375807,0.0834297212746393,2144,256
6829,2.5541219963154886,0.4829760077632181,2142,256
6830,0.27303155961192543,0.6632183099869486,2145,256
6831,1.2960343919756805,0.2620853779372665,2069,256
6832,0.013738762960251128,0.9865415175491892,2165,256
6833,0.03520244642490438,0.8844108840806776,1922,256
6834,0.19017416452330158,0.6691765800757463,1930,256
6835,1.427660515752418,0.5680221757796114,1941,256
6836,0.0016537112594128022,0.284686491901074,2155,256
6837,2.0660522177738625,0.3767628441267047,2116,256
6838,0.16076985701225924,0.1643040864367393,2051,256
6839,3.262914797167043,0.112637115722386,1955,256
6840,5.357700426831359,0.3788346673475748,1957,256
6841,0.9520643867094238,0.7571980840590061,2078,256
6842,4.399497605847526,0.3602333329295967,2042,256
6843,0.1132592635867993,0.5643704591832224,1967,256
6844,3.76637248358333,0.00551553827445,2155,256
6845,0.01968181093485221,0.4951258195023936,1968,256
6846,0.017396320622258783,0.3065000049266324,2021,256
6847,0.17202566722667564,0.8502445257892423,2065,256
6848,0.0029003380193957477,0.5763244823367697,1951,256
6849,0.10193574123647056,0.5874766716114916,1945,256
6850,0.2573929465469429,0.7754772850641833,2124,256
6851,0.49658125463800934,0.4444449810210416,2157,256
6852,1.5088893526209908,0.1516784219453381,2083,256
6853,4.312461411388075,0.7187286933982379,2040,256
6854,0.15667450171075178,0.7214711127993206,2097,256
6855,0.5259845455406219,0.7392532382438453,1936,256
6856,5.178821409623895,0.0562651875410173,2130,256
6857,0.029865519585303535,0.8581489659682806,2121,256
6858,0.4148762727097446,0.4429477070331565,2127,256
6859,0.42043926064246084,0.054626927574771,2018,256
6860,0.8683112453821581,0.0310884028921885,2163,256
6861,0.5785931026460658,0.1965908923778653,2042,256
6862,0.002675479463294103,0.7048779698356717,2098,256
6863,0.008215779166837163,0.8508329976305415,2028,256
6864,0.3067525287618199,0.8533365151162613,2095,256
6865,0.1577854783780459,0.5792341722953854,2110,256
6866,0.004012752624867899,0.787050547789928,1982,256
6867,1.3435065550855603,0.0484221021035927,1998,256
6868,3.8523376197395284e-07,0.1204137763352511,2121,256
6869,5.228082222326382,0.611034340826346,2138,256
6870,0.09869250534960874,0.5348597985222687,2157,256
6871,0.05833900501008332,0.1166903815049263,2077,256
6872,0.0014841292578464265,0.2886866601505379,1924,256
6873,0.33922619780046126,0.8729829033965066,1920,256
6874,0.029520321853800564,0.3493213739897878,2096,256
6875,0.17261237176998703,0.2031046874326673,2035,256
6876,7.7014593512016845,0.6821204820930313,2149,256
6877,0.0007047485756686115,0.5068778335731974,1969,256
6878,0.13919071010595307,0.9086410268899489,1967,256
6879,1.58137320483729,0.1854478233150823,2020,256
6880,5.3423442183388246e-05,0.6350986700102875,2147,256
6881,0.0005543108282222124,0.4047772053018343,2087,256
6882,0.021744224160222096,0.4942860938694932,2054,256
6883,7.082966683747247e-06,0.9540344128565592,2081,256
6884,0.0032370138672162857,0.5504163173899754,1992,256
6885,0.05422526319104305,0.8591124739776835,2034,256
6886,1.2031499319527836,0.8996573954608535,2114,256
6887,0.004211774444553009,0.3489897128929782,2000,256
6888,0.16066440192856205,0.8929195678262998,1990,256
6889,5.8084919377936305e-05,0.2376524035606391,2036,256
6890,1.8270776361576777,0.9065392637003036,1992,256
6891,0.6770032823113012,0.8146575671633283,2002,256
6892,0.0658445671603911,0.0525620225445306,2033,256
6893,0.5150169279811059,0.0278945941397247,2030,256
6894,0.0966377281830504,0.0444922058078831,2172,256
6895,0.10996076775738585,0.8012399446449655,2136,256
6896,0.4181100087442613,0.1906118704029282,2094,256
6897,3.05469506439792,0.7374925991205503,1970,256
6898,0.19844280328522085,0.4700141537545705,2035,256
6899,0.015134553830342946,0.997798926538487,2064,256
6900,1.9426560901956498,0.9934418303685822,2083,256
6901,0.01965959166459492,0.8436614574282202,2038,256
6902,0.13234363614941158,0.4824173369534449,1982,256
6903,0.0005492867623094585,0.9948737748193024,1979,256
6904,0.0012460677917532478,0.9988450607290796,2030,256
6905,0.0101346717855541,0.4082733559942939,1963,256
6906,0.0003216582230278708,0.1458702400352644,2049,256
6907,0.062330978134669764,0.0882007556644449,2169,256
6908,0.7435429448735691,0.4510149633429023,2076,256
6909,0.48312654483427203,0.6250033049454589,2088,256
6910,7.9742028728272585,0.641805994183484,2132,256
6911,0.3370491580643351,0.707435282550792,2007,256
6912,1.4246055069375085,0.8233050427263459,1939,256
6913,4.674988980603331,0.998208602104795,1950,256
6914,1.6779109208581488e-06,0.4365823046732341,1983,256
6915,0.43006949738235717,0.3010320843770442,2018,256
6916,0.5778602190223738,0.7678798894986564,2122,256
6917,2.7001826830567714,0.9583404893305434,2001,256
6918,0.002509490299080149,0.6854681165377091,2034,256
6919,2.712147509869157e-05,0.9707885169355412,2084,256
6920,0.17903100351052434,0.836139194311199,2123,256
6921,0.0027533612556836042,0.6188838062565963,2096,256
6922,0.020618482248411337,0.3532364623081225,2105,256
6923,0.00014909096876630047,0.4101962939755195,1943,256
6924,0.11908655568491557,0.1373006154432164,1966,256
6925,0.016663849617018795,0.410404152339171,2164,256
6926,0.0052886135486513,0.4148337169436396,2175,256
6927,0.42268653373094217,0.0931154558379975,2121,256
6928,3.1225339348473997,0.4151127614920799,2105,256
6929,0.036454999540413695,0.5823490358251265,1964,256
6930,0.2761300791594655,0.0608373178036786,2045,256
6931,0.004898292147107667,0.6757232793983267,1931,256
6932,0.0631408320567585,0.6721653498508888,2101,256
6933,0.10650431755358539,0.0778082459952945,2174,256
6934,0.022310767149319507,0.3790896162474134,2139,256
6935,0.24631083461317368,0.6533026385497107,2044,256
6936,0.011587893364164622,0.5677436036158635,2080,256
6937,0.6765098640093564,0.2118085012905263,2104,256
6938,2.2159685240442424,0.73712796445468,1928,256
6939,0.09142365509651247,0.947385725800061,2037,256
6940,0.2167581151158143,0.2484738056547158,2080,256
6941,0.3737557771315271,0.1417586437037711,2176,256
6942,0.19463421089838,0.4619327735521251,1997,256
6943,0.09821266191307297,0.9795547868603508,1969,256
6944,0.00042529083896085537,0.4451345447193546,2008,256
6945,0.1609258825777795,0.8624729701926526,2090,256
6946,0.03095899191384945,0.8999415684600208,2066,256
6947,0.11763901536244785,0.2243937613787407,1962,256
6948,6.801478775855668e-07,0.8179411801635669,2129,256
6949,0.00011385234764240322,0.0835097031135654,2031,256
6950,0.024281225296513182,0.1813412577164046,1985,256
6951,0.3833701626090094,0.9580798825337165,2143,256
6952,2.4498436270115116,0.7147966638744929,2041,256
6953,0.3281579628664573,0.8716653924739206,1954,256
6954,0.06415973504365148,0.0645599982865618,2132,256
6955,0.4388921304335157,0.5931305432106522,2008,256
6956,0.00744318020356288,0.9256278569468372,1969,256
6957,0.16932742174848325,0.9390003757203962,1931,256
6958,4.309972419661952,0.6477058010388534,2079,256
6959,0.6716491037449167,0.271015083098029,2076,256
6960,0.008327249670481672,0.524168282537701,1986,256
6961,0.1292616975196906,0.8764067052004896,2151,256
6962,3.7560934616576063,0.1495004701040369,1954,256
6963,0.23464438363590356,0.6349580395669797,2113,256
6964,6.548959254263321,0.4416870659618274,2135,256
6965,0.08121201743753045,0.1617670867893117,2059,256
6966,0.0021527187567925814,0.4137777551366619,2157,256
6967,0.05995092434606414,0.0866274741208964,2001,256
6968,3.21008392100763,0.9511699939386122,1956,256
6969,2.1593193172666374,0.5687490473739691,2073,256
6970,2.274055998292258,0.3504410885497199,2103,256
6971,7.407717490903219,0.9865165259530656,2076,256
6972,0.09593864943388818,0.6364720814448465,1958,256
6973,0.3891137701659061,0.911776312997151,2042,256
6974,0.0016774296055268795,0.2034320883293878,2014,256
6975,3.2456687845515226,0.0452626442682272,2112,256
6976,0.6967523552535305,0.5607964029717479,2048,256
6977,25.442559705258443,0.416268320876994,2127,256
6978,0.04880429194383637,0.6020560399471455,2099,256
6979,1.000316458624735,0.1725210524658277,2064,256
6980,6.714575676694832e-06,0.1497806379513837,2110,256
6981,0.3040682108524601,0.8081879173743612,2027,256
6982,8.476006978125993e-09,0.9469094597782216,2132,256
6983,0.13513715099135742,0.5136310313730607,2048,256
6984,4.5508489024219685,0.386203098633036,2171,256
6985,0.08283237130017557,0.8471036006181093,2042,256
6986,0.10190624229511809,0.0270624980353048,2166,256
6987,1.8017678858726475e-08,0.9372312567847272,2034,256
6988,0.14074465946392847,0.0382964484295571,2160,256
6989,0.02208020547777953,0.005139405079951,2153,256
6990,0.15493511251498407,0.3557257444397681,1955,256
6991,4.60056627185081,0.9149604346259688,1922,256
6992,9.003349118301405e-08,0.3280723315479651,1959,256
6993,0.13311351781056302,0.346780207506133,2035,256
6994,0.011702854562481777,0.176842392185488,2100,256
6995,2.131831038397738,0.3701717023399871,2055,256
6996,0.12517141723605485,0.9527665635564604,2080,256
6997,0.9063362509060789,0.4621520292861222,2038,256
6998,0.003950634543275308,0.3050637497109568,1989,256
6999,0.5492830290645562,0.3912740952153896,1958,256
7000,6.9708187811707125,0.6910227271240508,2137,256
7001,0.8062086963584932,0.2402238350057972,1965,256
7002,0.012390022778416302,0.1240068656014495,2140,256
7003,6.908554703805081e-06,0.502642917785551,2151,256
7004,2.199523721380256,0.2622539520066927,2125,256
7005,0.03550173128315575,0.6075961222568329,2100,256
7006,0.087075530231559,0.3463299498315786,2042,256
7007,0.7927248728603326,0.0950391036223402,2055,256
7008,1.2836366741652165,0.366456296881113,2116,256
7009,0.9404753796941738,0.1177615226543271,2070,256
7010,0.1268871929918558,0.2382782126060828,2051,256
7011,0.0005029303305330604,0.115659911015481,1954,256
7012,0.5317925260954974,0.4595284680686847,2028,256
7013,0.026708651861759306,0.2822923801226581,2163,256
7014,0.02724057054339438,0.1915612108925056,2036,256
7015,2.481553045616777,0.3452602207841342,1960,256
7016,0.10880614705268236,0.1118042264416565,2052,256
7017,0.019631050583815438,0.1756412328155023,2122,256
7018,0.0837553722725225,0.3756478567129429,1932,256
7019,0.0006301989751082559,0.209744380165003,2019,256
7020,0.7461140546184798,0.6119552015138138,2059,256
7021,0.0003181394472734758,0.7393165689211347,1938,256
7022,0.24273190238011777,0.162537218005649,1939,256
7023,0.12610950081687758,0.5878665231470408,2122,256
7024,0.7650634970782287,0.3262747274274232,2112,256
7025,5.431768725396836e-05,0.6917091977344296,2074,256
7026,0.03059822543548857,0.4792291837933795,2010,256
7027,3.187733938321018,0.4460916116262755,1937,256
7028,0.6327813534155766,0.1590967417930753,2006,256
7029,1.4223785514483762e-05,0.1939176913856403,1981,256
7030,0.00011770588110609878,0.9945946276944914,1999,256
7031,0.09802200089092879,0.3869645003328765,2076,256
7032,10.214413178465538,0.985256156765998,2078,256
7033,1.962433381511431,0.1352308618019649,1936,256
7034,1.0527286529813882,0.0303285546906721,2135,256
7035,0.03930079829591857,0.9027038763030146,2009,256
7036,5.617598367833613e-10,0.0148771970433484,2083,256
7037,0.21016539689736086,0.2815789007358399,2015,256
7038,1.4254604769209418,0.1724504097606084,2157,256
7039,0.059053140555333464,0.6060415117645056,1998,256
7040,3.75171289292176e-06,0.2143148072676585,2036,256
7041,6.252034030536224,0.5991522902437209,1998,256
7042,0.009949436567771154,0.7431951432971438,2107,256
7043,0.10795883089761771,0.6924014256120063,2140,256
7044,0.004125439212268872,0.4050275822053157,2017,256
7045,6.122800000377518,0.0700148239674969,1943,256
7046,0.25628411001893225,0.070483488232384,2164,256
7047,3.9725140146528632,0.840871804551256,1959,256
7048,4.193189885858784,0.5563069437625817,2040,256
7049,0.022660867936306735,0.7312989394542135,2133,256
7050,3.183569444325226,0.1476611069143687,1997,256
7051,0.00203627704907069,0.4296661931493015,1965,256
7052,0.9604320152520782,0.3958487388351862,2068,256
7053,6.004568070498018,0.1793561168089363,2136,256
7054,1.4801306961629748,0.0865338831866379,2102,256
7055,0.38066654232506053,0.0710946602812823,2079,256
7056,3.0564177899738963e-07,0.5001516251748658,2126,256
7057,1.459318530070632,0.0374103880892606,2008,256
7058,0.6202163701746816,0.7987086263694022,2052,256
7059,0.004843650117155864,0.2611664298397217,1944,256
7060,1.237288069831833,0.6360905041565589,2038,256
7061,4.065392707494605,0.2271239913816611,2155,256
7062,0.06833760106537023,0.8560994435527003,2007,256
7063,0.2899829323027497,0.999477354731106,2102,256
7064,0.14219810429007287,0.4928228442511299,2016,256
7065,0.28584180095842354,0.0061958761831365,1967,256
7066,0.3211658368889135,0.7156709039210863,2014,256
7067,0.050672253485739095,0.490566951549681,2056,256
7068,0.17499860831929911,0.4330091971175427,2102,256
7069,1.3200488239751607,0.8377654675417798,2149,256
7070,0.004989865432597831,0.8139406522883024,2069,256
7071,2.5644073876389824e-06,0.7228839222483321,2114,256
7072,0.29134712262127416,0.5030771898812667,1960,256
7073,0.005638990084707654,0.7569765437949646,1940,256
7074,1.7996228332995807,0.2709487178720717,1990,256
7075,1.7391324845320795,0.3331405363192374,1983,256
7076,0.694655213446184,0.6014654862863913,1984,256
7077,0.0037995342144561944,0.1855634355082063,1928,256
7078,0.2621858666300348,0.2611028173264642,2063,256
7079,0.04904540392570567,0.9813108031618196,2038,256
7080,3.3028313660713198,0.335770385029409,1930,256
7081,0.6098626855372749,0.0498901979514515,2065,256
7082,0.0940244578516771,0.3250539945305867,2041,256
7083,0.0511747074923802,0.4068355433806523,2103,256
7084,1.8864967931136258e-06,0.8589914833702084,2011,256
7085,0.00028249876984251055,0.5364508844387463,2053,256
7086,0.2868967471425383,0.8028332122431217,2165,256
7087,0.03906471968156282,0.1301210398860405,2122,256
7088,1.6406269956973962,0.4559845928988905,2029,256
7089,0.1461709446988075,0.0078102646498517,2129,256
7090,0.03781196010896182,0.7324708620348722,2039,256
7091,0.0786601750728866,0.4588729103513583,1985,256
7092,0.028974553182351964,0.3702120794155212,2126,256
7093,0.1497725811540424,0.6816642246987815,2004,256
7094,2.47106836908898,0.9089533572123456,2112,256
7095,0.019978174499185868,0.5429951679548598,2003,256
7096,1.6393140199399043,0.7288310682082801,2151,256
7097,0.004698708301613071,0.5156079005591557,2025,256
7098,3.5842369584824487,0.6052473394004436,1980,256
7099,0.10464756917422739,0.2045692358269032,2131,256
7100,0.15205821576832493,0.6159279517305692,2111,256
7101,2.8275017622683115e-06,0.7649356837767746,1927,256
7102,0.8711778885213842,0.0923153151472119,2059,256
7103,0.016576001320074526,0.8668394374222436,2105,256
7104,0.0018665641227826237,0.4684259505815707,2093,256
7105,1.2110928714920013,0.061653109807528,1935,256
7106,0.05451685394980612,0.1217346444804823,1944,256
7107,0.20403923241040883,0.6367676470930284,1976,256
7108,0.008932457053903935,0.9266062816665598,2066,256
7109,0.49511507278004435,0.3866403691150197,1982,256
7110,0.41796299375099816,0.0444100367603728,2113,256
7111,0.0013067329945823474,0.5842963360038819,2136,256
7112,0.07570452425724782,0.4315786467394756,2107,256
7113,0.15612097675810377,0.8452325925738838,2005,256
7114,0.6697253421735836,0.1494074004378182,1945,256
7115,2.1455727662154382,0.0891847758422799,2160,256
7116,9.39441382607864,0.3902779601639861,2016,256
7117,0.006045474125643208,0.3705634873209782,2113,256
7118,0.4684719265259896,0.3782064602473809,2002,256
7119,0.0012129163316427296,0.3143012639591231,2103,256
7120,0.025285534502774088,0.8372272254933526,2122,256
7121,0.04882017279474215,0.6827532930729351,1927,256
7122,0.026905044448364487,0.1354572773706571,2175,256
7123,3.888129176652658e-06,0.2797551034877732,2126,256
7124,0.30740684554289693,0.9983958905921888,2173,256
7125,0.004727469138616874,0.5156125516193386,2076,256
7126,0.005076733537323195,0.8226241935661351,1993,256
7127,6.308645758690653,0.614965696804976,2157,256
7128,0.8206696710779379,0.9992221013375624,2112,256
7129,0.003216750055383869,0.8965712300913447,1973,256
7130,2.592453384770027,0.2234205428583561,1953,256
7131,0.2592122721086226,0.5762878967832636,1986,256
7132,0.007829489311366912,0.5427043290401665,2058,256
7133,0.0856266732004556,0.7264793860709706,2162,256
7134,0.24489011229875254,0.8916373074138408,2095,256
7135,0.011172781853693935,0.7540927094262705,1930,256
7136,6.964451683218528,0.3233007832018206,2172,256
7137,0.948359545208705,0.0559008867308794,2049,256
7138,0.10454442408377777,0.999346515231192,2023,256
7139,0.07045671064491821,0.2315122925752706,2042,256
7140,0.03186115546830377,0.5540678886184682,2039,256
7141,0.018927794301969187,0.907021400097827,2054,256
7142,0.01333189979655379,0.5883204994549671,2076,256
7143,0.11404832984884658,0.4568472871048709,2159,256
7144,1.5305559554424955,0.3859055568006546,1985,256
7145,0.034344085128567424,0.4559673680114164,1948,256
7146,0.9537971423730478,0.0859403015199351,1932,256
7147,0.341492358213328,0.5044607251116784,2067,256
7148,0.1634539682025682,0.5306064936424754,2168,256
7149,2.566321251088379e-08,0.373389030411026,1943,256
7150,0.002635833448753404,0.7504201817331084,2022,256
7151,0.12456957082319674,0.6029409999982639,2111,256
7152,1.0614874521448394,0.0641845446936874,1970,256
7153,0.39588113538600556,0.6898706859892704,2007,256
7154,0.18966956476110494,0.1187285515551475,2168,256
7155,0.1601469162375712,0.746957032349728,1988,256
7156,0.3268801596271284,0.2788388341878918,2072,256
7157,0.351708277519696,0.2242895086099814,2150,256
7158,0.08901034821019536,0.801513252359278,1922,256
7159,0.002967087440479057,0.8560474544431838,1950,256
7160,0.18223810315068456,0.4400126191392368,2063,256
7161,2.076951899312586,0.4633361464720036,1945,256
7162,4.384850975563706e-07,0.971660287292045,1943,256
7163,0.10019490389936164,0.9553114224380111,2144,256
7164,0.09524604848923335,0.3160257711501929,2030,256
7165,0.0026378774846359176,0.1312508281448813,2094,256
7166,0.3118371848393475,0.9460048999497258,2036,256
7167,0.061911467712098114,0.5383398786724187,2087,256
7168,0.000684513292282224,0.8258087131372109,1955,256
7169,0.0059055151972164195,0.9350116585012492,2107,256
7170,0.010936267783863191,0.6446159079858955,2153,256
7171,5.929896490955749,0.7443851005328063,2103,256
7172,0.00013170889809514566,0.6823414631290545,2126,256
7173,0.004963195478332832,0.4248201853545752,2172,256
7174,0.5106005297969021,0.9171997339926716,2092,256
7175,0.007151337202336431,0.681750428543279,2145,256
7176,1.0666788078618192,0.5724734562772217,1984,256
7177,0.9626079691216084,0.8897590322733584,2095,256
7178,0.16257370581035302,0.7882523588969312,2032,256
7179,5.841887873500616,0.7117192954146275,2095,256
7180,0.024783765288476103,0.4281299463786566,1944,256
7181,2.6594987581193594,0.6327825696464771,1997,256
7182,0.09201068099250537,0.7554013227273941,1942,256
7183,0.14962509864022636,0.4459801465641837,1968,256
7184,2.89971380728888,0.2267390541640589,2134,256
7185,0.3968174705859505,0.4849671704933531,2120,256
7186,0.03313559461394119,0.1840269399975819,1949,256
7187,2.7097001859013994,0.293987490784319,2086,256
7188,6.88477524786562,0.6901565143375736,2148,256
7189,0.17430818414079619,0.2121865479451797,1967,256
7190,0.6092924440598801,0.2075595985199232,2056,256
7191,0.006178448099954191,0.817957143393776,1940,256
7192,1.480088967020626,0.6343960075015836,1978,256
7193,2.6128200334459906,0.1534218699329337,1920,256
7194,3.5822736792023275,0.0481579186761385,2082,256
7195,4.242930500072076,0.2658968760524932,2051,256
7196,7.184532090076147,0.828758460768549,2145,256
7197,3.109856530363496,0.7096518753251965,2058,256
7198,0.0007101740328307964,0.8310522380752563,1966,256
7199,0.8345530566398622,0.9176465992645424,2058,256
7200,3.3267744901386416,0.2651695649572854,1975,256
7201,3.442940988429062,0.5190071684789449,2018,256
7202,1.1732476801406093,0.3808422210991541,2008,256
7203,2.319670199433108,0.1531692687809512,1969,256
7204,0.3374600190751055,0.5606878723254356,1960,256
7205,0.3178578930997568,0.4052739084074586,2116,256
7206,3.921654713774167e-05,0.4125969491821718,2098,256
7207,0.002308448260047391,0.7156710387871441,1928,256
7208,1.6428200257785668e-05,0.9689978681761074,1960,256
7209,0.022758253952057952,0.4148596645637333,2029,256
7210,0.07509076022016906,0.5529760693809855,2036,256
7211,0.026464772481746585,0.3585980176359996,2065,256
7212,6.0800551048430505e-09,0.603867240056387,2091,256
7213,0.02525155204243675,0.4239852693257693,1955,256
7214,0.1490603537476207,0.0555048831991662,2021,256
7215,0.17883587947545038,0.7264999470476023,2135,256
7216,5.158794814009396,0.1137272062110309,2026,256
7217,0.0014836640861565448,0.1009731665477811,1991,256
7218,0.49174336481153,0.0183241849595204,1925,256
7219,0.24104764085817282,0.080438622061854,1978,256
7220,1.2848515369399183,0.7592158371751296,1928,256
7221,0.02509509927250818,0.9690163917128792,1997,256
7222,0.0015929681622324867,0.6889306012790883,1941,256
7223,0.002787674943406422,0.2403186534134025,2029,256
7224,0.1418717402934728,0.8146138585640464,2068,256
7225,9.980430319643595,0.494514080111058,1921,256
7226,1.0278279980458305,0.8602390015982372,2000,256
7227,1.3574528373873266e-06,0.1222123650600944,2158,256
7228,7.911606110606706e-06,0.8353819034881929,2021,256
7229,3.592557030001956,0.5747752452978957,2176,256
7230,1.648312840109438,0.5966961362868135,1955,256
7231,0.8877816899196929,0.6048768395243411,2141,256
7232,0.03691538191495162,0.7755291950117785,1933,256
7233,2.0795292939589287,0.4529341050326413,2101,256
7234,0.0017211560623193079,0.430045505450279,2031,256
7235,0.0002489205298765744,0.1272424433956545,2013,256
7236,0.2047813742759156,0.6583778528606467,2009,256
7237,0.09617379264049848,0.6844700375800787,2021,256
7238,3.078169664809289e-07,0.7347562163959357,2053,256
7239,3.5076865445654337,0.987722278744072,1973,256
7240,0.41023296626217665,0.6107377628784549,1939,256
7241,11.571143454652919,0.7417223764623013,2089,256
7242,0.0008507395759620856,0.7168554599745869,2009,256
7243,1.1577222605920876,0.5750221614262538,2113,256
7244,0.681186303816196,0.9039059296233796,2128,256
7245,0.048348794916678255,0.0295394108766298,2085,256
7246,0.03203096040015345,0.6479932560036599,2000,256
7247,0.18464785045756743,0.7725046541486892,1928,256
7248,0.05136905119606558,0.5703773423139142,2065,256
7249,0.8676698346314292,0.5486255029413597,2143,256
7250,0.06321154811345338,0.6967749347723861,1950,256
7251,0.0011798619962990235,0.8171157236245753,2088,256
7252,0.025516476436558425,0.0683245196626515,2107,256
7253,4.312321580688698e-06,0.5102548485589504,2048,256
7254,0.011058008806543276,0.2409507126062764,1956,256
7255,0.00043483410331537594,0.7184698402446505,1961,256
7256,1.4230043245641353,0.6136453241855783,2108,256
7257,0.00032357105140041375,0.928481928123347,2171,256
7258,0.6347402100584956,0.9285351966314516,2132,256
7259,0.0006888869127019569,0.8596556349267412,1936,256
7260,0.10268282132343433,0.2971425130697011,2030,256
7261,6.439272118520396,0.6415635228359192,1921,256
7262,0.13264059790005112,0.4423086449885237,1999,256
7263,1.8281077787427487,0.2599749523803,1978,256
7264,1.3305173730138808,0.8693321203315444,2129,256
7265,0.0009424977341422945,0.5704219359606411,1950,256
7266,5.823718881880632,0.117876670199616,1982,256
7267,6.957164026489646e-07,0.326048645195034,2105,256
7268,0.0011491495190121199,0.3745512500299007,1944,256
7269,0.018738181461136694,0.8693263176068164,2127,256
7270,0.23809430596636041,0.3031317169290378,2080,256
7271,0.5615381880372883,0.4646624903460014,2102,256
7272,0.21727721027329636,0.9474721969771428,2023,256
7273,0.471907071523342,0.3242399001350282,2175,256
7274,0.6614092191692316,0.7727706281397283,2081,256
7275,0.18513386918467709,0.3995719275682703,2102,256
7276,5.814485038224614e-07,0.8184363024529987,2043,256
7277,0.09387409980494577,0.5108399822957717,1921,256
7278,1.0088643767437029,0.945837387651898,1942,256
7279,0.06015160533422279,0.4176147909447235,2168,256
7280,0.43189566390331796,0.4359292944856958,2129,256
7281,0.5363230257129684,0.0034563589001801,2173,256
7282,0.8792524471104982,0.3045292537271977,2074,256
7283,0.40000539366605387,0.555452699352467,1983,256
7284,2.1493936152335227,0.1188866204195491,2053,256
7285,0.07236841569548158,0.9377579924052076,2122,256
7286,0.11589746761631138,0.2063945024736673,1925,256
7287,0.00044851571647339534,0.7133947677653693,2001,256
7288,1.2406666304801757,0.7877456633718853,2089,256
7289,0.015500194714410439,0.8491212943859506,2070,256
7290,4.688168740439183,0.4454378193612345,2151,256
7291,0.13203191247425292,0.9664065838695042,2104,256
7292,0.11854572268246011,0.3451638981041665,2015,256
7293,0.11360658190786434,0.461071825313895,1947,256
7294,0.0009508905274929901,0.8883596985031645,2152,256
7295,0.1195486908938297,0.9748050062997744,1963,256
7296,0.002766813304739773,0.9697498449207524,2174,256
7297,0.4105611692623411,0.0674498502616447,1969,256
7298,0.06513497842607502,0.2145259821368856,2066,256
7299,0.00024962259072588305,0.0095734085542867,2027,256
7300,0.007185131818525085,0.53615328933251,2019,256
7301,0.32097988061822347,0.2408139833942797,2122,256
7302,0.2045114422703853,0.803299128157055,2043,256
7303,0.14644455327110956,0.62516425662433,2114,256
7304,0.1583745940263242,0.4319627186011812,2098,256
7305,2.7881609279923874,0.8736687397416628,2027,256
7306,1.1004788886163406,0.6932451163131376,2033,256
7307,0.5335939726313432,0.3791062491655024,1947,256
7308,0.017100265395393152,0.8071206243633374,2138,256
7309,3.2932865501017847,0.227297132076894,2025,256
7310,1.4233350156233458e-06,0.7692030934513918,2051,256
7311,0.07353361679613729,0.8855705435526138,2092,256
7312,1.0700404630314468,0.611712188467726,2065,256
7313,0.5830856163463154,0.1811374210012318,2120,256
7314,3.3176552475202428,0.0992715086982901,2127,256
7315,1.4154171664226196,0.4683262280886954,1992,256
7316,5.735087329032259,0.7747837973226248,2000,256
7317,1.378045307763772,0.7872516496297302,2162,256
7318,1.4956717747461972,0.7498941871876801,2134,256
7319,0.604461167943723,0.1869885455855422,2100,256
7320,0.01965700670301762,0.9714413412227186,2069,256
7321,0.30937765517108273,0.0121726531173083,1974,256
7322,0.04205532701992221,0.2464805402417922,2131,256
7323,0.002000253464337288,0.411740517338691,1942,256
7324,0.34711703375995023,0.6732664915328898,1997,256
7325,3.6436240144844434,0.2217123659600751,1984,256
7326,2.6953273599329908,0.152604175648635,1945,256
7327,2.6294044485252104e-08,0.3702243415191947,1956,256
7328,0.2093178927716172,0.94192164393757,1921,256
7329,6.044286725661567e-09,0.9670284795515948,1992,256
7330,0.3966807511117961,0.428049501950972,2159,256
7331,2.16935092802065e-07,0.6617039642975642,2030,256
7332,0.5274007093135652,0.4074099765005452,2151,256
7333,1.1918181213744492,0.1533044068872063,2111,256
7334,0.42981622109182227,0.8228290113282326,2032,256
7335,0.005285692787532628,0.9436463449639308,2139,256
7336,0.7311234189022092,0.762182337515427,1968,256
7337,0.03785162300728566,0.2181505381408646,2075,256
7338,2.8778949232560285,0.4330426224376951,2166,256
7339,3.7626152096164094e-06,0.4248017384950779,2076,256
7340,2.758547746509421,0.4323372238650605,1948,256
7341,0.00039981249350649873,0.8334971189364229,2051,256
7342,1.4441637891680024,0.5786433918659608,1976,256
7343,0.49996314257333146,0.4335063052516833,2134,256
7344,2.6160364064510966,0.0392136000120305,2025,256
7345,0.223114136830512,0.8241412533323618,2074,256
7346,0.013735314171231751,0.329285273350146,1926,256
7347,0.21943920939925218,0.4494316713211543,2096,256
7348,0.04033351732575688,0.7303086676808951,2107,256
7349,1.951560041845028e-06,0.0465696119267666,2161,256
7350,3.011145596061265e-05,0.1411077509162176,2033,256
7351,0.29255367903389806,0.1559217723542665,2012,256
7352,2.4267456413507027,0.4716369056456589,2164,256
7353,3.5500937278596307,0.4319468064414605,1950,256
7354,0.03376109432621595,0.9061673154293676,1940,256
7355,0.00934836546286483,0.7023320641414638,2019,256
7356,0.018965562386992443,0.8423920030667713,1927,256
7357,3.2758892815546227e-07,0.3394216641244298,2161,256
7358,0.12442134895696215,0.5075946786988785,1941,256
7359,0.04021758518455395,0.5212233909284145,1974,256
7360,1.934306558317569,0.1950770830832592,2150,256
7361,0.05449609143784376,0.8199353433641194,1969,256
7362,0.12246823306386166,0.8654954468515849,2040,256
7363,0.02450125083332564,0.6925873734493909,2067,256
7364,0.05362824431329706,0.3088754414681484,2023,256
7365,1.7133199943954667,0.4170402358955047,1999,256
7366,0.005536263425083957,0.9182563413185691,2017,256
7367,0.003694598374189114,0.2948935494476179,2007,256
7368,0.9461425859199061,0.7879935342378951,2143,256
7369,4.370625751656231,0.0384790454423972,1921,256
7370,1.110219219479735,0.6028720026984963,2121,256
7371,0.03451321504252965,0.8707834426042222,2150,256
7372,1.4315174672225985,0.0570417237386132,2074,256
7373,0.07205625734185836,0.6525685882049373,2061,256
7374,1.1916471096405785,0.3325821039810969,2048,256
7375,0.5206058369954217,0.9806769692291324,2078,256
7376,0.008284592731551807,0.6201584786719023,2133,256
7377,0.43486879372799103,0.8651235509665048,2038,256
7378,0.09079212785238669,0.1686605167079869,1982,256
7379,0.3622043287972281,0.9849774236123268,2158,256
7380,0.12199774505995077,0.902721340153938,2123,256
7381,4.574574043073226,0.8678860026705177,2057,256
7382,0.014229604838448276,0.4357886906995118,2023,256
7383,0.0006880746149950137,0.8568609552938281,1977,256
7384,0.22021371929600575,0.3923579342515984,1944,256
7385,0.07435780208753856,0.6901628945934797,1998,256
7386,0.002765094633876107,0.0418576170460737,2027,256
7387,0.3077060419193548,0.6339008468674655,2112,256
7388,0.0029615410333050925,0.6550143064334295,2093,256
7389,0.10276431605468803,0.4804239457073519,1946,256
7390,1.8305660644290735,0.0819846723580837,2147,256
7391,0.00011383164522160842,0.529418256397984,2155,256
7392,1.103470828709881e-05,0.3526388117898611,2066,256
7393,0.006006800943886961,0.3844764734269732,2009,256
7394,4.229407347099828,0.1736611998223849,2170,256
7395,0.09603553007894809,0.3775835019452536,2128,256
7396,0.32832333690244636,0.7765164205885492,2140,256
7397,1.8873234913303965,0.9204429033295988,2064,256
7398,0.08538981760369663,0.8577208799968579,2001,256
7399,0.5391252115162984,0.7721218159487556,1947,256
7400,0.6977754228393542,0.5563384478632896,2032,256
7401,0.07490235104886907,0.0382326180088566,2027,256
7402,0.03299801716193307,0.1378248770611067,1927,256
7403,0.0015545627141423798,0.5393892561296793,1956,256
7404,6.544915187734676e-05,0.3567535055169794,1973,256
7405,7.416547584739649e-05,0.0675028415203984,2149,256
7406,0.031139685659802574,0.1233159293547764,2139,256
7407,1.053971129625952e-05,0.4911049512127293,2060,256
7408,0.002396730709609044,0.0431983833565022,2077,256
7409,0.06691132399278521,0.334270277945032,2108,256
7410,3.558423736754513,0.116789833522775,1986,256
7411,0.03759883711502589,0.5940635209104157,1932,256
7412,0.0007452719224996633,0.6042313957125164,2084,256
7413,0.8914418443944326,0.1389293112900972,2020,256
7414,1.1057291866099033,0.6032462169994023,2059,256
7415,0.057314115707082273,0.6475782302865021,2156,256
7416,4.5522515840442095,0.9215747570409598,2005,256
7417,0.00016758674876158586,0.9882900273483256,2044,256
7418,0.10718086224638584,0.0397541282354574,2112,256
7419,0.04189735361837359,0.6617433028551948,1960,256
7420,2.270664638120776,0.5185547850010943,2176,256
7421,0.04572985218872315,0.8012686729959821,2046,256
7422,0.015928280198622816,0.441515516792126,1978,256
7423,0.007521877349148895,0.3252940873825378,1991,256
7424,0.2213595273315837,0.6053893121780978,2031,256
7425,0.035974957477840845,0.8754144804139641,2147,256
7426,4.01724089376363,0.6657053808024972,2029,256
7427,0.0007556796349255819,0.6653368580421366,2122,256
7428,0.00013347621453825732,0.2968281829210623,1932,256
7429,0.004427810183936661,0.7135535809611909,2112,256
7430,0.029474172836761944,0.7105640123228885,2046,256
7431,0.16367921368848243,0.9187058134962393,2153,256
7432,1.6315304521144645,0.1421249504929618,2176,256
7433,1.8892096628762105,0.5102918549477439,2068,256
7434,3.8554822059555662,0.120035188326949,1936,256
7435,3.3623849479882455e-11,0.0759131756895308,1983,256
7436,3.34282529762268,0.5621171475535315,2021,256
7437,0.10232258935710915,0.519126951901767,1982,256
7438,0.3815312425518654,0.2998210668285689,2144,256
7439,0.07320893864724179,0.902611100425735,2032,256
7440,0.5844584295299441,0.3166959302793699,2096,256
7441,0.00027954529587169034,0.417728886261977,2114,256
7442,0.48378132515936156,0.191796699921547,2125,256
7443,0.017540006318807574,0.1178241565121068,1933,256
7444,16.387459364637294,0.6215533862952679,2126,256
7445,0.07311718275653624,0.3077315778866583,2038,256
7446,1.399078654650838,0.6162977949664494,2125,256
7447,0.0014847688837937422,0.3753895462632564,2112,256
7448,0.5797379548911082,0.9175621762357716,1926,256
7449,0.16016246807664822,0.1607468188302728,2146,256
7450,2.8155294504210153,0.2415968815619268,2070,256
7451,3.6999196205495792,0.0643888730460708,2128,256
7452,0.27441935016345,0.0316007130986546,2037,256
7453,0.12752247027898364,0.4266007312982045,2034,256
7454,0.026177333864998487,0.0010274570841917,2102,256
7455,1.0244441588985609,0.2947502178249743,2109,256
7456,1.1155059120216337,0.0359151340058592,1956,256
7457,1.4241892481213758,0.3338007715971459,1921,256
7458,0.0330882265496231,0.5347268790235828,1962,256
7459,0.42830733331161974,0.3997538034080929,1931,256
7460,0.0017994423119786548,0.8047378258627838,2131,256
7461,0.8374869842533976,0.996496153758392,1966,256
7462,0.0005024306290489218,0.7283045094616556,2124,256
7463,0.02563644988068906,0.2628509672809581,2137,256
7464,0.17122244328912525,0.843662421407879,2044,256
7465,1.207181370066097,0.8908579735626663,1953,256
7466,0.09716784560844406,0.7536123150885132,2068,256
7467,1.4748647404934325,0.8490924378589254,2158,256
7468,0.0007601172679582251,0.2199818856132498,2073,256
7469,0.5869308230328206,0.2616467414602315,2020,256
7470,0.021081165266995876,0.1304336420586562,1970,256
7471,0.1641511553780985,0.17717127064721,2065,256
7472,1.2077479371529565,0.4400327569200266,1934,256
7473,0.037475260995670334,0.4043419269875532,2066,256
7474,0.0016460592451743325,0.2742586734336916,2173,256
7475,0.1577995769059221,0.2417446168119229,2147,256
7476,0.08640717337395352,0.4094625644595887,2106,256
7477,0.0009141957450630729,0.9258684116900522,1928,256
7478,0.6110066094700527,0.2516983176530609,2118,256
7479,4.591992136769187,0.359080711520142,2174,256
7480,0.051941349921657734,0.8307154788332888,1928,256
7481,0.0004901658056934781,0.0176723297642515,2121,256
7482,3.1210434942524223,0.0735151783255572,2132,256
7483,0.0007809219442072921,0.1203644038693925,2022,256
7484,0.009109811092159574,0.2037807650199431,1989,256
7485,3.1399667117321908,0.5100133857631949,1985,256
7486,1.197176204166807,0.1273340348645586,2024,256
7487,0.0013650239092098187,0.2476468203723671,1966,256
7488,0.051553811489547685,0.41987104888463,2101,256
7489,3.2933983424517255,0.459745999297959,2047,256
7490,0.7571785251726284,0.9560481214157154,2053,256
7491,0.2550592514703155,0.012635815659042,2113,256
7492,10.07076221923941,0.4540997775145321,2139,256
7493,4.868594101944508,0.4179313215269081,2015,256
7494,0.44675870731380435,0.5380626176875954,2023,256
7495,0.14145873614761417,0.1010030186940773,2137,256
7496,0.011855775969513763,0.1196713877502283,2016,256
7497,1.1138770042132446,0.1882687306830818,2009,256
7498,0.034567132095085516,0.915255479844532,2027,256
7499,0.22050397295878854,0.9648983178457572,2156,256
7500,0.010376261166439962,0.5843838203076093,1967,256
7501,0.5664898519670154,0.48126505460982,2100,256
7502,1.0762541424477128,0.9004107552148746,1954,256
7503,2.878677415039124,0.2776938897444096,2171,256
7504,0.09180155732772713,0.4911873290901254,1996,256
7505,1.9556024650498531,0.6087076752556215,2006,256
7506,5.621503131123324e-06,0.9059133667276354,2087,256
7507,0.4567497630021244,0.0064042910651754,2108,256
7508,0.8602599403158768,0.6070976735333122,2144,256
7509,3.551743454054998,0.1724672314415891,2059,256
7510,0.005408669525124193,0.6862550730258598,2127,256
7511,0.0004702251491298998,0.5320652297797807,1977,256
7512,2.025370058273111,0.6959877099028084,1924,256
7513,0.20589043418207645,0.0582669912688684,2122,256
7514,1.0139000601563575,0.1419132686535277,1953,256
7515,0.020822668808292377,0.0928196224270229,1965,256
7516,3.610634885216941,0.7359653480599533,2131,256
7517,0.2540329811642583,0.218715510291594,2096,256
7518,0.010151776958325271,0.4890813450872717,1956,256
7519,1.5547150860877048,0.8310124833470527,1950,256
7520,0.0039546984217708435,0.5487821064880016,1978,256
7521,0.054716856432501106,0.2524490284454966,1958,256
7522,0.4965879371912183,0.3671250310527533,1975,256
7523,0.32975726775860825,0.8257024802997628,2113,256
7524,0.004291153833585213,0.0119901346698534,2153,256
7525,3.4423483183076975,0.7319469138044924,2171,256
7526,9.478618564453164,0.3813721601227322,2116,256
7527,0.013908202460853985,0.287484612494169,2100,256
7528,1.4360420129162447e-05,0.1758504167579635,2153,256
7529,0.0030343996161731365,0.6696905237341504,1991,256
7530,0.0025771582777441415,0.6551624069248663,2014,256
7531,0.3790805365801558,0.7297859209519879,2156,256
7532,0.018790489515598786,0.8607312637091517,2039,256
7533,0.37364613370504135,0.6816331969983633,2071,256
7534,1.794221115430055,0.8268734992967989,2069,256
7535,0.017616308981838195,0.7130306264130591,2172,256
7536,2.0410861797035724,0.377397695341522,2118,256
7537,3.150868953274648e-05,0.3342294817818581,2171,256
7538,0.003062636179431609,0.5990531813646524,2169,256
7539,0.006809683111107721,0.3201194089571095,2111,256
7540,0.17753812827548143,0.7697549616087052,1946,256
7541,0.055523319194269664,0.6231995941742685,2119,256
7542,0.018570145971773127,0.5986226756758961,1989,256
7543,0.12276118079360837,0.8199825234260693,1983,256
7544,6.35827691191588e-05,0.119272979976271,2003,256
7545,0.8305329941946457,0.9159618358541192,1972,256
7546,3.5386911008016058,0.729619537598912,1987,256
7547,7.737052965919534,0.8151123642598586,1954,256
7548,2.1823001194323637,0.5749018609786405,2106,256
7549,0.7659739807372332,0.6148726960974817,2167,256
7550,0.0003746645843853295,0.2688268068296903,2111,256
7551,0.02397065002023574,0.2898663543042055,2063,256
7552,0.047612851126671074,0.3620424894101126,2158,256
7553,4.638118039826364,0.4236998794233383,2012,256
7554,0.011091970477368172,0.2702047023575507,2116,256
7555,0.025466404917943265,0.6974043133711753,1920,256
7556,0.48428281498801706,0.1950201849077351,1935,256
7557,0.33506197490240003,0.7298162316508063,2014,256
7558,0.03757545404135915,0.065200408325078,2023,256
7559,0.0186559937579218,0.2622562964894283,2011,256
7560,0.003968701506440746,0.714148180003708,2054,256
7561,2.3093045729580686,0.3001523039496271,2162,256
7562,0.0044975546460039794,0.1095879925091798,2146,256
7563,3.1904454437951526,0.4096959327927401,1985,256
7564,0.004088452210495768,0.4907306307171685,2140,256
7565,0.39579679350769986,0.2775948607837729,2162,256
7566,0.4081080382183135,0.7390846614286846,1958,256
7567,0.0023610335402810202,0.6551187402181389,1951,256
7568,0.03570437890969328,0.7431796481882903,2064,256
7569,0.5047565596727297,0.7232165798805266,1971,256
7570,5.228804703712659,0.2045199191008996,2101,256
7571,1.2449464200889164,0.1234208869985834,1959,256
7572,0.15762382704599712,0.9323411113501486,2135,256
7573,1.0263593232962092,0.3189564517013601,2164,256
7574,0.00021698698093753203,0.9723007839794694,2084,256
7575,1.7046673235655705,0.652191524694681,1926,256
7576,3.9414258740947763,0.4583491977242521,2086,256
7577,0.39735186050030613,0.2045538808857527,2005,256
7578,0.21535512431620932,0.440990196452482,2068,256
7579,0.2749405986641456,0.3747523485631644,1978,256
7580,0.24832978165841313,0.0588411895682268,2115,256
7581,0.0485533376082987,0.0551768718125705,1922,256
7582,0.5004963166411948,0.2458035502418368,2033,256
7583,0.01167498612678159,0.5283453907905726,1944,256
7584,3.854779946370888,0.8411192745062983,1935,256
7585,0.44161085133656397,0.5174256739198039,2020,256
7586,0.062178065617144354,0.2159713335505476,1974,256
7587,2.2931718527174896,0.1284153302502365,2161,256
7588,1.0772291817100772,0.7565613538145026,1992,256
7589,3.6651294918391324,0.0745583902689189,2118,256
7590,2.3575328522046983,0.097765242524904,2028,256
7591,0.5810246660758273,0.7771323030296675,1967,256
7592,2.1042469648370434,0.4449324819190544,2088,256
7593,2.8325871335176567,0.9796723229112742,2008,256
7594,0.0009280566909399575,0.2987630494642075,2159,256
7595,0.00025239726482474846,0.4162436325890785,2152,256
7596,0.1970380291143673,0.700925991557691,2055,256
7597,0.05016463117497143,0.9825146018711756,1995,256
7598,0.19998737361369856,0.8546747259529046,2036,256
7599,2.7673188937953843,0.1426137362825575,2023,256
7600,0.017122342268425333,0.1505174351659345,2117,256
7601,1.571823676063253,0.2679363299169214,2146,256
7602,0.10413516957995216,0.6789555564745526,2064,256
7603,0.011267439194671235,0.0829901628531967,1931,256
7604,1.5469668215058976e-05,0.2091742403630391,1960,256
7605,1.1632809920626073,0.7116821075277245,2062,256
7606,0.43119462962737987,0.8840008729335916,2164,256
7607,0.4220040185605278,0.0517514104916171,1931,256
7608,0.09904511638679482,0.8080750228932556,1990,256
7609,0.5529091374180004,0.1389899513407956,1984,256
7610,0.9531468344195686,0.7454934520309259,2096,256
7611,2.54181955513314,0.2490889052747948,2115,256
7612,0.0018134519630415805,0.9709843560749452,2036,256
7613,0.0067206090902356425,0.401412740446744,1947,256
7614,0.020579871427818423,0.4128283208059001,2171,256
7615,1.5019406876165078,0.6741086473545351,1980,256
7616,1.384331534305187e-06,0.4241907167718309,2088,256
7617,2.792963172506693,0.684283980639191,2001,256
7618,2.109682226275672,0.4932323070958325,1953,256
7619,2.4888084185184867,0.166777388950008,2136,256
7620,3.5700061165819172,0.8058494486359306,2115,256
7621,6.957671995096992,0.4277946680431906,2038,256
7622,0.03625630260726285,0.7325141866825776,2027,256
7623,0.00010256900580762997,0.3480497485825101,1950,256
7624,0.0038333903750712365,0.2121407267286607,2023,256
7625,0.001032169398967585,0.7839969415808171,2159,256
7626,3.0429107647423815e-05,0.5635158209889414,2168,256
7627,0.2995721437129534,0.6368745594633312,2058,256
7628,0.12801394052065668,0.425399983263599,1979,256
7629,0.012440642727085807,0.0810278151955643,2081,256
7630,0.10851150038004695,0.7144127838327103,1946,256
7631,1.9941101986210415e-05,0.9731884181261408,2070,256
7632,0.10963357912802246,0.4510947453538405,2082,256
7633,2.0401033324701705e-05,0.7256767908034373,1982,256
7634,0.08384905964322478,0.5785377423734295,1920,256
7635,6.660547324504948e-17,0.4502218413837904,2145,256
7636,0.5301530174214812,0.3904902386073008,2001,256
7637,2.19722851497203,0.919850292128816,2122,256
7638,0.07530379857961732,0.6142472982297993,2095,256
7639,1.6624019899769742,0.3611644813755594,2149,256
7640,0.0006061066196250708,0.1011046715918307,1927,256
7641,0.10441329144665251,0.8581154152400524,1987,256
7642,0.20476856396630516,0.0827165005444525,2021,256
7643,6.839267743571582,0.9625849853124284,2047,256
7644,0.00030274297991351263,0.977457149890822,2013,256
7645,0.024807956766075896,0.85952629204432,1945,256
7646,0.48154027431148033,0.2634554343249388,1942,256
7647,0.13477809961265633,0.1914563113796371,2054,256
7648,1.8484664266383066,0.1653763733255252,1932,256
7649,4.471665309651682,0.0541075195870809,1934,256
7650,0.45553800518324394,0.8145533305003142,2040,256
7651,0.015723454262043333,0.0588542057373276,2149,256
7652,0.140337154128466,0.186125999535157,1933,256
7653,1.2903259033552217,0.3635998188326,2054,256
7654,0.003278946762480195,0.4776215558687117,2074,256
7655,6.501681335976447e-07,0.760378162108643,2050,256
7656,0.4251339433390622,0.9219317760058932,2082,256
7657,0.17891322933184584,0.4086913344178193,1994,256
7658,0.5908084084515056,0.5995385264624102,2054,256
7659,4.883942031836347,0.5643433008662164,2160,256
7660,8.60070696417361e-05,0.7695218677450107,2146,256
7661,0.09629523420631447,0.3479789045874341,1999,256
7662,3.548828880661861,0.0244514444977116,2163,256
7663,0.00655655499110158,0.4693512757211606,1939,256
7664,0.8689175900630047,0.6362506768878915,1997,256
7665,0.41593728691986787,0.8516766749140158,1965,256
7666,2.611563252102818,0.193766788258226,1995,256
7667,0.27985353518325023,0.8621699126665013,2074,256
7668,0.03195889089188816,0.8008212960448337,2034,256
7669,1.3087061522059435e-06,0.5490130215802212,2073,256
7670,0.5100050960044884,0.4823210699540843,2020,256
7671,0.17210455690763277,0.4432865213222166,2086,256
7672,1.4550275690569145e-05,0.9449595423036736,2047,256
7673,3.970456397571003,0.4579057273477995,2078,256
7674,0.8728797975496096,0.8942618666258313,1941,256
7675,3.7447630993437406,0.4531019826863408,2154,256
7676,0.45505329698484354,0.4729464141886597,2126,256
7677,0.04047095058584026,0.2712589111227332,2155,256
7678,0.057144887383257306,0.4465898942445966,2092,256
7679,7.014247006185925e-10,0.2680779300927869,1993,256
7680,8.257895346843398,0.1793703828748878,1957,256
7681,0.009095172001206533,0.7335788835817731,2151,256
7682,0.14607156981775052,0.9364718334092288,2094,256
7683,0.0004720358198938852,0.1625727750989392,2158,256
7684,1.476102598993943e-06,0.8443028687076742,2036,256
7685,0.0016436695420228476,0.8753154608501075,2087,256
7686,0.04083611688506537,0.4718872017840276,1980,256
7687,1.521702206397721,0.5150025926205306,2044,256
7688,0.6960950815213174,0.6400233516052499,1964,256
7689,0.17595335992109362,0.7400908121214037,1977,256
7690,2.978580783501114,0.58937297574321,2050,256
7691,0.0009376864680755971,0.939401574546077,1962,256
7692,3.7824454610529054e-05,0.1882935721654034,2138,256
7693,0.0005893747834856694,0.4491591416922061,1964,256
7694,0.018071960697445502,0.8589100358893411,2069,256
7695,4.008562276074973e-05,0.7916366602451389,2011,256
7696,1.17435201134967,0.3979362947756757,2074,256
7697,1.3516645421842714e-06,0.1907127120129517,1945,256
7698,0.15214630584655411,0.8122381287149769,2139,256
7699,0.9502464777319217,0.9628371069392614,2152,256
7700,0.6015456607133001,0.6973787357580208,2035,256
7701,0.024097598158844494,0.407030497042244,2066,256
7702,0.047939435436146934,0.88820403934321,1999,256
7703,0.4664475349038871,0.2224986684045905,2117,256
7704,0.023446965361708944,0.6682092968475082,2070,256
7705,2.050610753277775,0.3569748224562923,2101,256
7706,1.23399209451742,0.2272285033268143,2175,256
7707,0.8138564510736764,0.5502323973939591,1924,256
7708,1.1820039760483356,0.5740275434310591,1920,256
7709,3.1676232645050684,0.0881559919417266,2078,256
7710,0.49795959494818126,0.749126346742158,1993,256
7711,0.04538030203723057,0.7401987344733453,2144,256
7712,0.26991611631795437,0.1313081243111235,2065,256
7713,0.4452592400994585,0.3544420943391058,2046,256
7714,0.0006998343120515911,0.2476550601325289,2090,256
7715,0.6203409103791436,0.0361035953957853,2158,256
7716,1.2396324260553595,0.5091769343447272,1928,256
7717,0.4394274678379711,0.60095389498489,2093,256
7718,0.2426455227952758,0.6491988986329289,2002,256
7719,0.9460994546813213,0.7339949349035896,1922,256
7720,1.7608045604556783,0.649607766832765,1927,256
7721,2.693286278977683,0.7424439245656045,1953,256
7722,0.03392916349406174,0.4475030222371344,2030,256
7723,0.030854184441260254,0.343630640911264,1943,256
7724,1.0178889600100587,0.3418659780492439,1967,256
7725,2.0483769936446237e-05,0.3818884336132998,2110,256
7726,0.03597172560231699,0.8529510872662478,1947,256
7727,0.6258583670554404,0.3161944187927604,2158,256
7728,0.2792458043232702,0.624781363920189,1988,256
7729,0.002571207897989917,0.2299088178972494,2155,256
7730,3.384582875245773e-05,0.808549692174167,2144,256
7731,1.8081281427167992,0.6103372328240325,1969,256
7732,0.9039549793417374,0.2329380594769031,2039,256
7733,0.0005127234374109148,0.4573410609792224,2124,256
7734,0.4617715081299672,0.2748121028535487,2059,256
7735,0.057786607989475366,0.1211909003286919,2101,256
7736,0.011939214896500582,0.3303071629796226,2176,256
7737,0.12595548440036508,0.4526826089986637,1981,256
7738,0.08145511374600582,0.354736338140273,2025,256
7739,0.01769925572091879,0.101213611303808,1967,256
7740,0.012204019166824493,0.7271981764110487,1979,256
7741,1.9617452662594832,0.8430140609733218,2065,256
7742,0.302057790781382,0.1640649789347503,1961,256
7743,0.0169524239458371,0.6573502836170472,2025,256
7744,0.09033705848984203,0.4651837501185273,2043,256
7745,0.01951222702809149,0.360331643422186,2012,256
7746,0.21388793415309812,0.382901966235349,2110,256
7747,7.4461756323845485,0.7178879602643343,2112,256
7748,1.2732391303539845,0.0828180990644708,1981,256
7749,0.6766536736326969,0.6160244608922582,2131,256
7750,0.4973251318954603,0.6837254752084589,2042,256
7751,0.13766518107516887,0.5114908218830886,2112,256
7752,0.013263472462301197,0.3650034230204148,2116,256
7753,1.7558624874075428,0.810322384057638,2069,256
7754,0.004091454059508426,0.3630544134350271,2142,256
7755,0.8633093246941028,0.4702522651370824,2099,256
7756,0.007377575342131267,0.5884760232869467,2059,256
7757,0.016333010614543255,0.2158783807178264,1947,256
7758,0.22115059558138042,0.7960868841170653,2132,256
7759,7.987257402929652e-05,0.7031826581533392,2024,256
7760,4.0546927096469085,0.9844271345838952,2155,256
7761,0.3527697296326776,0.0778823365682391,2143,256
7762,0.0028986764549579496,0.4782759740983293,2035,256
7763,0.018381781089012342,0.326748982507779,1943,256
7764,2.9905005549778907,0.5864474299248521,1998,256
7765,0.873458067183376,0.6637468101253878,2172,256
7766,3.2251606558269255,0.6620499582504252,1983,256
7767,1.9957782027218645,0.746384666978478,1975,256
7768,0.32655654001150586,0.0555666706826639,1920,256
7769,0.1892591263781836,0.6968442636068993,1983,256
7770,0.0011259318811890568,0.6327766607174846,2144,256
7771,0.007091560594614604,0.973574383148442,2119,256
7772,0.00023551191271110238,0.6611539608680465,2131,256
7773,0.025243144880692098,0.8647980884910246,2102,256
7774,1.0760971136451227,0.9373963180760942,1928,256
7775,0.4926521979650852,0.103120653489828,2072,256
7776,2.700139790365519,0.8086906276574596,2062,256
7777,2.2927264460593904,0.2262750615162643,2163,256
7778,3.973125959708873,0.2241592800615607,2116,256
7779,0.052314949309329686,0.0359531511041841,1956,256
7780,0.24081378725595848,0.8146659822252877,1964,256
7781,0.12731067035653118,0.8698256875153343,2013,256
7782,0.9607522525096837,0.6131818505624714,1979,256
7783,0.005576259639286518,0.169931165447257,2006,256
7784,1.5380041886716183,0.2488357908330513,1952,256
7785,0.002421152008588317,0.7792798031653332,2064,256
7786,0.0009960674806859145,0.0476118932667518,2162,256
7787,0.4557390151320707,0.439242525506711,2128,256
7788,0.01772759425003893,0.6889351105170121,2004,256
7789,0.44138914835244963,0.9884202199666782,2105,256
7790,0.4748295435869827,0.9808817120045416,2131,256
7791,2.322515634045527,0.916206844208798,1998,256
7792,0.18892882383008153,0.6501685208980751,1989,256
7793,0.0008740362047802301,0.0193249475218307,2175,256
7794,5.980865338472754,0.250636334630267,1950,256
7795,2.2974110337522933,0.2972315661067469,2004,256
7796,0.7369789554469789,0.6376630309924171,2113,256
7797,0.11455842675707419,0.7865236922306551,2074,256
7798,0.01798641198513714,0.2371462975685261,2066,256
7799,0.037543154123020166,0.4503940021663671,2017,256
7800,0.0004410678190933728,0.5939103888618038,1929,256
7801,0.06847178025252632,0.7465953188050326,2043,256
7802,0.01727945465625335,0.8137221717984647,2152,256
7803,3.879469312708147,0.2001592270553059,2147,256
7804,0.05034826194146853,0.7750150864132037,2160,256
7805,0.038320050393071355,0.0033839771187403,1986,256
7806,1.6402387267267882e-05,0.8983985849013142,2001,256
7807,0.6869279071274929,0.8299208943129023,2154,256
7808,0.5308908334849538,0.6713569404039634,2137,256
7809,0.006880780573261056,0.6632673993166192,2123,256
7810,1.7227024244272623e-07,0.3033092861968325,2042,256
7811,0.17963488377715817,0.5126753936551379,2160,256
7812,2.265442857648548,0.1394006418744702,2092,256
7813,0.00021111766333392626,0.3055384216808281,1959,256
7814,7.743466502185387e-05,0.5425657826025485,2045,256
7815,1.207941750629328,0.0053432551370209,1928,256
7816,0.14123171333503898,0.3887732102566722,1962,256
7817,0.1895085421282011,0.0232157865920379,2120,256
7818,2.6066578961732327,0.336513225043796,2167,256
7819,0.1633101207145141,0.2024158737481272,1975,256
7820,1.1133085971673882,0.2274313769108232,1964,256
7821,2.910425585673034,0.3230934057071803,1958,256
7822,0.9408039776679508,0.3168064203448396,1966,256
7823,0.06482824209058782,0.4712655959163196,1927,256
7824,1.7457247068916462e-14,0.0014865297381003,2092,256
7825,0.9074112679424053,0.9843715231996388,1939,256
7826,1.7442154567831787e-07,0.1428137918134719,1988,256
7827,2.176476061869541,0.8532218061971031,1923,256
7828,2.3675024240011497e-05,0.3494890293027479,2009,256
7829,0.04898578581045798,0.4808385458197762,1998,256
7830,0.6533743775922191,0.3285178211035573,2065,256
7831,0.32613389963843303,0.5162029032243209,1974,256
7832,0.378493366070917,0.6993706828103399,2126,256
7833,0.3724293625722837,0.3302515853697215,2080,256
7834,1.874026935063374,0.3053009873193986,2116,256
7835,3.588745416883984,0.9489169189712644,2010,256
7836,2.609006026757404,0.5455041933990559,1990,256
7837,0.014004191812187242,0.1350535568764349,2026,256
7838,6.643520060599559,0.2817639794546834,1957,256
7839,0.021708939499138373,0.4189600884316993,2174,256
7840,0.276372657628424,0.3003237104606997,2032,256
7841,0.019248340791222944,0.4183165655081247,2032,256
7842,0.008533919827347514,0.4913238261245257,1927,256
7843,1.0065125986530974,0.0703814011062974,2088,256
7844,1.8632708888260885,0.5538041623543019,1981,256
7845,2.8334034329523834,0.7556078393924495,2169,256
7846,0.011078053053518331,0.5518223525088546,1985,256
7847,0.0007853766511623813,0.1743545434971151,1933,256
7848,9.11226744921065e-05,0.7057252081876633,1938,256
7849,0.03272089390197778,0.1490496347045724,1942,256
7850,0.08854458806945174,0.21035328878166,2048,256
7851,0.8090782099109971,0.9359836476678308,1938,256
7852,0.0889709762222646,0.443018490413549,2043,256
7853,1.1520758780865374e-06,0.0247757604981847,2133,256
7854,3.057171688981334,0.2002785245157675,1941,256
7855,6.091681384919579,0.0532591553610231,2004,256
7856,2.128105142752911,0.6551830840590128,2172,256
7857,0.00016861930877010452,0.6863085912448883,2149,256
7858,4.087960624625813,0.9079918258836458,2012,256
7859,5.440991822188503e-09,0.2748106499380857,2021,256
7860,1.3197160298278054,0.2131378168753072,1995,256
7861,0.014148053404661933,0.6014772389520171,2138,256
7862,0.2053511368724575,0.6008184649590774,1926,256
7863,0.8775421414040707,0.3553684866820131,2043,256
7864,1.6289550427963955,0.6878478498490914,1950,256
7865,0.03553687487133304,0.7699288109457101,1942,256
7866,5.955979853686898,0.018154688192009,2108,256
7867,4.922193208839538e-05,0.3512674454845613,2059,256
7868,0.5866879350541171,0.7441605241481684,2076,256
7869,0.41602969169863474,0.2469889795563005,2115,256
7870,0.5227576707989836,0.8348478958894798,2029,256
7871,2.2720588444824306e-06,0.5104244206494167,2011,256
7872,0.03616877463113531,0.6789908773425458,2136,256
7873,1.4773988200788208e-05,0.6544806602983265,2170,256
7874,0.7396199790349678,0.9585387339551842,1988,256
7875,3.489685781755031,0.615202085873265,2050,256
7876,0.005237048823056286,0.4672265138335998,2072,256
7877,0.016965587116,0.6091522609068185,2028,256
7878,4.280618555227455,0.2604143683790663,2086,256
7879,0.8365313329631611,0.6681864234671274,1979,256
7880,0.00018335743426708224,0.581740165212142,2038,256
7881,0.003913698972883188,0.9455998390135928,1932,256
7882,0.7411338615414729,0.9770971629416982,2048,256
7883,0.012329565313421243,0.522361786631578,2028,256
7884,0.27566403849652094,0.225689233263439,1986,256
7885,0.45510017973987704,0.1723917889987616,1978,256
7886,0.05261248387854856,0.4101491152365675,2090,256
7887,0.07339692880788164,0.867738009629318,1954,256
7888,0.00019210503429284163,0.2872684091536324,2022,256
7889,2.5128269925465254,0.5103735581808412,2148,256
7890,0.8428902398950087,0.4870761667553973,2168,256
7891,14.778384006670567,0.64171393602955,2042,256
7892,0.21436593592923106,0.3570983397939935,2102,256
7893,0.11136584864792308,0.815878759232052,1959,256
7894,1.2001058181781827,0.4399007572275772,2065,256
7895,0.0002748396503918815,0.1552293124239684,1982,256
7896,1.4419042155640769,0.6193284964798711,2109,256
7897,0.007416187910638944,0.5184060716452521,2047,256
7898,1.231423350838851,0.3512332839378866,2150,256
7899,0.2448387219099213,0.45544240319836,1977,256
7900,0.191447250530977,0.5996289545592651,1957,256
7901,5.948905184925157e-05,0.0313688289023865,1959,256
7902,6.902743497839567,0.4349835192748127,1967,256
7903,2.2397271223709074,0.2474452009863964,2015,256
7904,0.14499595471554785,0.9718725891291216,2125,256
7905,0.14829433683939466,0.2391254040911322,2120,256
7906,0.001105852715243155,0.8340994395103126,2011,256
7907,0.7010182791011141,0.0238865262993764,2165,256
7908,0.0048197324482965875,0.7666375959383277,2060,256
7909,1.3712332987783575,0.7201657855872438,2016,256
7910,0.07762298636840365,0.8288089639380897,1931,256
7911,3.418642276652144,0.8685062057305017,2102,256
7912,2.380921993952081,0.6400540647699942,2007,256
7913,1.087665921834436,0.6210646681252247,2012,256
7914,0.3806012096557808,0.0983908364299591,2102,256
7915,0.1048495208672873,0.3625780813659274,2092,256
7916,0.29711065295006917,0.9811522581827746,2055,256
7917,0.002368323016655224,0.9766344863384434,1986,256
7918,2.6327357078449856,0.3558444107367881,2158,256
7919,0.3277873907341033,0.5253402931781332,2151,256
7920,1.7609548420002858,0.3084288540676976,2107,256
7921,0.8558752152437138,0.3085691344471596,2109,256
7922,0.15996630632984485,0.2867959992787655,1949,256
7923,0.005068662089164431,0.0249882297249288,2132,256
7924,2.67753569271841,0.7822364463755128,1926,256
7925,0.06690132127813023,0.0348567629686625,2145,256
7926,0.5363977778847724,0.6381369338336182,2006,256
7927,0.061610297119827996,0.0716475307916888,1946,256
7928,0.06438800845580536,0.892646811126347,2095,256
7929,0.043757185973029106,0.6812285405935997,2134,256
7930,0.432653158355745,0.8635384915587866,2116,256
7931,1.6429658140739691,0.3002782000129915,1965,256
7932,0.005007003062969526,0.8846254064872153,2065,256
7933,0.0012180907861007938,0.9757520163424276,1997,256
7934,0.25320272195126375,0.6870887782457425,1979,256
7935,1.9915095536788414,0.9388278793068946,1972,256
7936,0.0011267700509957075,0.7986411541251347,2119,256
7937,0.03958681710027129,0.093477624334441,2042,256
7938,7.252277560064092,0.0223801742324536,2135,256
7939,0.034004172891652126,0.2502275587894333,2105,256
7940,0.06465173521086244,0.4523295918259433,2158,256
7941,0.0002863962865568377,0.7558706194779281,2165,256
7942,1.8537745069409541,0.7887440949027403,1941,256
7943,0.0005651432103407544,0.6535260687326576,2141,256
7944,0.0019160592679199717,0.2856708485063199,2012,256
7945,0.004249946356395043,0.0799369553242108,2134,256
7946,0.8535708591287171,0.1406200200466961,2037,256
7947,0.1422558694505325,0.3525431561512173,2135,256
7948,1.6101810151811742,0.2913426358810105,1975,256
7949,4.782249684039711,0.7560592579910704,2100,256
7950,0.09435561365660639,0.9353164872970708,1930,256
7951,0.02689699066829043,0.3866708177239721,2073,256
7952,0.005848473582553285,0.2656047881007654,2153,256
7953,0.9048707300814223,0.9154064393075908,2157,256
7954,3.8466654457210945,0.3829566479740942,2112,256
7955,0.045247701949970416,0.5290503194378179,2078,256
7956,0.004685517598577384,0.7557563212401741,1994,256
7957,0.019766625809536698,0.0550730756345378,2159,256
7958,1.5817895642907667,0.7862043967485136,2132,256
7959,0.15427600353661175,0.9877532536062812,2176,256
7960,0.0027149081494988554,0.6109830779725799,2080,256
7961,0.0013619131225322463,0.85538465097,1926,256
7962,0.3028739705904947,0.6479651949859554,2111,256
7963,0.3351233796053575,0.6137287137679716,2029,256
7964,1.2595778939874582,0.8664648776893116,2002,256
7965,2.0209626964888154,0.646874396815697,2104,256
7966,0.7984664973678505,0.3086633152113834,1981,256
7967,3.8177187229548912,0.8680686173011655,2066,256
7968,1.2732419820798682,0.0578764133943454,2148,256
7969,0.003940230148305452,0.0101607167380838,1945,256
7970,0.0017854226185076382,0.6504095567338246,2168,256
7971,6.262977558596536e-05,0.9812576009350988,2013,256
7972,0.00011266462762835125,0.1289051531026829,2039,256
7973,0.3586569589997351,0.0469319570634032,1960,256
7974,9.315758299647266,0.264662047090425,2080,256
7975,15.637683976775296,0.811164839842001,2103,256
7976,1.6066955494118027,0.7694815468992786,2013,256
7977,0.9049390889863522,0.819254064124761,2148,256
7978,1.3203689519967545,0.2476520925723137,2064,256
7979,0.0333444312582272,0.4459404522651393,2029,256
7980,0.6006219809569688,0.8425482734890253,2092,256
7981,0.015411023647821678,0.6295756253123116,1941,256
7982,0.22576715314850218,0.6012800918255023,2045,256
7983,5.819774772759444e-07,0.8170934238498334,2046,256
7984,1.7520738315087516,0.7080538983440532,1960,256
7985,0.11340304190017862,0.6262827152370991,2172,256
7986,0.21671782004014,0.8575079446646857,2114,256
7987,0.03195948628898713,0.6035774195714548,1977,256
7988,0.00048564627847097426,0.647700132315221,1983,256
7989,0.0010381451234214465,0.4555077077972725,1926,256
7990,0.025471054906606172,0.0447582630760831,2052,256
7991,2.7967538253171747e-08,0.7362189857211886,2070,256
7992,0.19277905898221023,0.9217902335229414,1979,256
7993,0.10415625708605239,0.1824268623924971,1923,256
7994,0.13739156285079915,0.8464023804422628,2095,256
7995,2.298744515017613,0.4932738987527951,2022,256
7996,0.8006447674806546,0.974355510694448,1938,256
7997,1.1950308794805835,0.2552950735574296,2141,256
7998,0.10564373544810626,0.0127982514002665,1923,256
7999,0.14102208913090652,0.0817518589073703,2155,256
8000,0.35978178363780683,0.8142295829463585,2044,256
8001,4.641485752998195e-05,0.0736825135751184,2149,256
8002,3.3546665523188217e-07,0.8521157694424034,2159,256
8003,0.18005300297453614,0.9793993999461476,2084,256
8004,1.3473251232133197e-08,0.7926823551471953,2163,256
8005,0.8935100092767451,0.5959503151732942,1961,256
8006,1.1823465442685124,0.0472537603479588,2067,256
8007,2.0169408195223495,0.2094376888928338,2097,256
8008,1.1005098814700198,0.3412979499241436,2072,256
8009,19.369291981412857,0.7698039586869446,1951,256
8010,0.0019791090162846986,0.5591104110822736,1977,256
8011,0.33921963747294986,0.5156580185300411,1970,256
8012,0.5650880787930557,0.2408064215508528,1932,256
8013,2.0313358499395506,0.5952653635246123,1984,256
8014,1.5095390555757158,0.3847880062079911,2003,256
8015,2.774001108331621,0.0922727337923455,1988,256
8016,1.0750056973770066,0.2467906462509932,2072,256
8017,0.007740832479376332,0.8799505879076738,2028,256
8018,0.00044519710733578917,0.2853144889975039,2169,256
8019,7.987367492598644,0.3140711982554495,2146,256
8020,0.0012862753663167113,0.9652841214492334,2140,256
8021,0.1048059401987665,0.7785274889408711,2115,256
8022,1.169915386956126,0.0947679014968064,2061,256
8023,2.1757174313482732,0.8944751320769143,2173,256
8024,4.369741864830418,0.447781417421724,2013,256
8025,0.028314187238019747,0.7873277489720474,1921,256
8026,2.812442337199495,0.8664907735387655,2060,256
8027,1.0170377148362437,0.590469683518667,1935,256
8028,9.605518782270816e-06,0.9754889796100868,2092,256
8029,1.512974627751615,0.2551594447855997,2058,256
8030,0.020410543458248834,0.3095734755454277,1935,256
8031,0.017210443686873054,0.4852009290928499,1923,256
8032,0.04008155276647318,0.6236650372368439,2121,256
8033,0.005423838192056761,0.9537485211199356,1959,256
8034,1.0950265730080022e-05,0.8591505600930461,2039,256
8035,0.05206205048243298,0.3899791460022807,2081,256
8036,0.019423699644364283,0.1544103721162329,1996,256
8037,0.0006464051196821332,0.3580387407728316,1946,256
8038,6.343681446447997,0.8305246079386951,1928,256
8039,0.003553113859054305,0.5504056520428039,1940,256
8040,0.17731903715043115,0.4829619783118707,2045,256
8041,0.002243691249540424,0.0261289254735014,2029,256
8042,1.9225740737378156,0.7049659226992809,2173,256
8043,0.11673519111779496,0.5085553847519023,2161,256
8044,0.0646751617073295,0.2808594129915892,2004,256
8045,0.0017317122218467327,0.7178676675054432,1967,256
8046,0.00015390024306573258,0.6356565925960522,2008,256
8047,10.466879886291808,0.321810983289,2130,256
8048,5.9419661574963596e-05,0.4360906818843838,2156,256
8049,3.0096236591287083e-13,0.6311323187022764,2145,256
8050,0.1523920650291511,0.8196427874706292,2028,256
8051,0.2780445151647472,0.5420541818377401,2012,256
8052,0.20084902280776404,0.185546317029577,2046,256
8053,0.00027587330083619216,0.0217768044582254,2159,256
8054,0.008159011746166265,0.5238729003846423,2123,256
8055,0.9054835660371583,0.5853894765409019,2168,256
8056,0.0018821430062119506,0.5929372217853485,2117,256
8057,1.4518950268575022,0.1002976872386286,1990,256
8058,1.2785159036235271e-08,0.4215920018371434,1937,256
8059,2.4451600156162954,0.7969871611046583,2128,256
8060,1.350401745309912e-05,0.6612950671664275,2001,256
8061,0.00010980708094311898,0.9512821177861256,2134,256
8062,0.019823388090231285,0.3067246615419858,1988,256
8063,0.32045018562532557,0.5381282033337819,2052,256
8064,0.1277013694654193,0.8305928617842986,2038,256
8065,0.0028248432792619695,0.1248597282574411,1923,256
8066,9.966453485621217,0.8540415442355536,2176,256
8067,0.0006092563647988866,0.6496378821844149,2129,256
8068,0.06780849154049112,0.2189007396171393,1974,256
8069,0.9138274171866095,0.8037054038249202,2035,256
8070,0.6747165603093546,0.037414694452576,2126,256
8071,0.06826363121996987,0.5063338659697192,2126,256
8072,0.20300337643821031,0.7513570759970029,2139,256
8073,4.841627706540767e-05,0.026041227191443,2112,256
8074,7.274562509882773,0.9677407089991392,1968,256
8075,0.08723848914968184,0.1972346476646658,1922,256
8076,1.2690875092755607,0.9131959649603472,2139,256
8077,0.006926861435217433,0.2360722860203697,2010,256
8078,0.005954009963798418,0.8171488086314803,2162,256
8079,0.002243398370267229,0.8544030567419114,2098,256
8080,3.5001984664048202,0.2346533887346134,2100,256
8081,0.3943028331058728,0.7676889675853493,2127,256
8082,0.0009311038668602504,0.4100569460073573,2030,256
8083,1.1643819420564436,0.7898442229581576,2132,256
8084,0.06406416416300172,0.4459467336231704,1995,256
8085,0.0020154329726971318,0.9636065333110244,2113,256
8086,0.26007158828754656,0.4058608410088523,2108,256
8087,0.07288793678345992,0.0706514403734829,2136,256
8088,0.00045742239755696556,0.4613098708929853,1985,256
8089,0.29605630591602455,0.748288567341834,2016,256
8090,0.3438660793479035,0.4865104342965018,1925,256
8091,0.8274694979965332,0.9923850433196052,1994,256
8092,0.4023113613414087,0.0854891747138405,1994,256
8093,0.460340155919061,0.8239056991469341,1980,256
8094,1.1901123418029745e-05,0.7809277637545704,1952,256
8095,0.0029876221855314154,0.0236912169863627,2147,256
8096,0.19155534484316458,0.7504587831534641,1981,256
8097,0.26635170335605035,0.5111686761129811,2094,256
8098,0.25780963395444767,0.8337986008168414,2090,256
8099,0.11608299628438264,0.7540861885235148,2053,256
8100,1.2469233059475235,0.0352347532080915,2113,256
8101,0.009866306337545486,0.7117957040883656,2119,256
8102,1.3449731434987335,0.3503155469395475,1982,256
8103,2.4160181956272293,0.933422436355137,2055,256
8104,1.9154801580767795,0.0237380532237941,2114,256
8105,2.0599918292847974,0.9462964542862936,2000,256
8106,0.40747171870933135,0.2496988238377228,2033,256
8107,4.166265953510435,0.590250590928204,2122,256
8108,0.03044380228897284,0.7679683160296015,2000,256
8109,0.0044642231055675675,0.9404894135971036,2003,256
8110,3.2666021577799684,0.6468554994261048,2061,256
8111,0.02584545692023954,0.9890639065610392,2163,256
8112,3.8537489269198226,0.225389196727675,2053,256
8113,0.011298678283391662,0.7481151051943256,2163,256
8114,0.02749190702474953,0.0686350702899364,1989,256
8115,2.37031655108923,0.4624222391012507,2046,256
8116,0.5057228295143235,0.4572406290659555,2163,256
8117,0.0024423189424303935,0.5726910538660783,1961,256
8118,0.00017575562532501837,0.7546597274771034,1945,256
8119,0.004815904774951195,0.3236025404104207,1996,256
8120,0.8694515769353681,0.3566812404516912,2038,256
8121,0.24154401946416107,0.3612546188286002,2129,256
8122,1.1541799447338366e-05,0.4885595770113796,2057,256
8123,0.0017021017773732263,0.834085865737049,2153,256
8124,7.261315312604861,0.0060623750634281,2089,256
8125,0.0038036988278184153,0.7849618284810075,1950,256
8126,0.7613737565127786,0.0685929318346517,2072,256
8127,1.070077945756221,0.6661388750367245,1932,256
8128,0.358291496329479,0.4260697603911229,2113,256
8129,0.03680860906012425,0.9143523418515646,2141,256
8130,1.7640539513432045,0.3615581881390968,2026,256
8131,0.0003212916807408708,0.6519493765632856,2135,256
8132,2.865335599239606,0.9014905836791098,2136,256
8133,1.8396422921783404,0.8716743856244134,1942,256
8134,0.004454359689238191,0.2424098112801406,2171,256
8135,0.0035790912525157413,0.6256064423844749,2013,256
8136,5.605292519277548e-05,0.8923210631317701,2026,256
8137,0.0006121370776920475,0.1061991852254836,1942,256
8138,1.030828907924193,0.4858650136656505,1960,256
8139,0.8883351345086887,0.8579180059191854,2010,256
8140,0.5495050527900943,0.3535085138679523,2113,256
8141,0.7432675630333415,0.0727600718850108,1927,256
8142,2.1208660832102586,0.2985461194743537,2034,256
8143,5.430765768768789,0.4255253711021289,2017,256
8144,0.021372441304997793,0.3688502777959168,1944,256
8145,1.9495592781199488e-05,0.1075210538202054,1939,256
8146,4.512897777296124,0.5334951822137898,1961,256
8147,0.0006934444071640865,0.5375870181859475,1971,256
8148,0.000452748711538399,0.5325167711192773,2091,256
8149,0.1279196201282043,0.454664548473785,2175,256
8150,0.24245247847608664,0.0929512774600725,2008,256
8151,3.6764047982167956,0.9820987353321216,1982,256
8152,4.357487662371412,0.4102369491302386,1979,256
8153,0.027602491007171732,0.7466981523056413,2043,256
8154,0.2326198407272082,0.9897245567149034,2159,256
8155,0.9380383889551032,0.4609109026115132,1966,256
8156,0.0018815006582497762,0.1594280400166516,2114,256
8157,0.019235438328963465,0.37430726660365,2134,256
8158,3.263180494171102e-06,0.8812486048256707,2062,256
8159,4.907676619203339,0.5668149543013545,2139,256
8160,0.015319301667224701,0.6784994524328336,2050,256
8161,0.0069984677216433965,0.3278696405410911,2131,256
8162,0.1066580945552982,0.7802493650673576,2046,256
8163,0.0007223402136414178,0.1253894195940859,2119,256
8164,0.0522936028549757,0.8564302092156398,2033,256
8165,0.12356366552862041,0.1119431919939872,2140,256
8166,0.9322405858959033,0.4081140146642475,2048,256
8167,0.09756841310982345,0.2139525273866221,1996,256
8168,0.9536007571152096,0.2237639120996082,2171,256
8169,2.948627260321203e-06,0.7433141397535579,1932,256
8170,0.4924721086604716,0.8396519942381849,2134,256
8171,0.6501984594719213,0.004839995784527,1933,256
8172,0.4719711361658072,0.6525572345486335,2155,256
8173,2.5609957172905764,0.5759972966789486,1966,256
8174,0.792731638497085,0.3931852371756028,2011,256
8175,0.827447587676296,0.623268905510676,1986,256
8176,0.7016907161318812,0.4297297746097703,2150,256
8177,0.0010651268744226723,0.1467453190243053,2060,256
8178,0.16873036743780023,0.2594614672367958,2045,256
8179,0.07728952448095816,0.0913609900356189,2038,256
8180,0.3940786805826947,0.9618861359665388,2121,256
8181,12.095716393043336,0.7043226457799495,1956,256
8182,0.016371621747993788,0.4640811416384918,2168,256
8183,0.6582947787442007,0.8711496320445465,2137,256
8184,0.5854734825143539,0.8016377637681972,1988,256
8185,21.139654615520257,0.0558164782002107,2166,256
8186,0.7817722395757323,0.6305619707046964,2006,256
8187,0.14180998045189577,0.592133157522525,1956,256
8188,0.3857881663680268,0.3867309651749696,1977,256
8189,0.06781690176291202,0.7680429475877744,1998,256
8190,0.20763492392624294,0.3850839449398687,2060,256
8191,8.709721883250687e-09,0.3027568980558142,2090,256
8192,0.06405224758120578,0.25189210228253,2070,256
8193,2.002848751277898,0.1647139279686235,2158,256
8194,0.2758587619733956,0.6804424234158359,1952,256
8195,0.4088099200097106,0.961801510634284,2036,256
8196,0.11875600035758443,0.4256012480096811,1932,256
8197,0.005892793215826221,0.3671757246612676,1938,256
8198,0.06373077241224537,0.6532512180305061,2110,256
8199,3.5808632692509796,0.0645216402800064,2088,256
8200,1.5018729302846023,0.3637292218826303,1995,256
8201,0.7801060044113921,0.6106300520820778,2079,256
8202,1.5551143837708985,0.5195599800498255,1961,256
8203,0.05986008537640342,0.4056350576088094,1959,256
8204,0.09322400033806894,0.5577970288169912,2173,256
8205,0.15205276894146275,0.5668404220310085,1924,256
8206,0.2298712152315568,0.9037993768358994,2074,256
8207,0.003017019222227367,0.9424927155219832,2036,256
8208,0.9307219641618136,0.9305424328737508,2109,256
8209,0.5570073071057259,0.4851196414712764,2048,256
8210,0.00020107648927834352,0.7793650352986503,1978,256
8211,1.1461481258785138,0.4502125113246741,2092,256
8212,2.121154031155885,0.7088779189596333,2077,256
8213,0.35471477055571854,0.4348666725321576,2131,256
8214,1.0726512993006554e-09,0.1210713002074531,2171,256
8215,1.8540577021783402,0.8602487413922212,2074,256
8216,4.2270636136492294,0.7103598688207543,2173,256
8217,1.2250332079596546,0.8623699232208638,2039,256
8218,2.0206734310377104,0.3964147496805044,2003,256
8219,0.5779515949379975,0.0923618786622382,2040,256
8220,0.019677379114992868,0.2807568420799694,2088,256
8221,0.1048010513092207,0.2149558318505812,1928,256
8222,1.950772823864003,0.6120270705342666,1979,256
8223,0.0002223599697410381,0.4711518558887434,2051,256
8224,8.506598385673026e-06,0.7663105032079763,2151,256
8225,1.9606874843441462,0.2356771990833607,2074,256
8226,0.00015771376010127966,0.1576578127596366,1998,256
8227,0.029759754335880104,0.9015964489482986,1986,256
8228,0.2300130432416978,0.874831978995708,2091,256
8229,1.0399943068136712,0.5106192474448933,1989,256
8230,3.388431594484108,0.0145986537295929,2156,256
8231,0.06466012988813702,0.5246078752261724,2092,256
8232,2.0699638900715186e-06,0.1888438584157776,1934,256
8233,0.024014033720305812,0.6673357539889506,2084,256
8234,0.0819066422587556,0.999056461491075,2085,256
8235,0.0005913776663932882,0.9882892084376668,1927,256
8236,0.10652713698736943,0.5486524896762358,2023,256
8237,0.0004643534712033509,0.8036351852552668,2037,256
8238,0.42437769476634335,0.6412453183365792,1966,256
8239,9.38433808672422e-05,0.0098152329629405,2166,256
8240,0.007631499450621041,0.9980474631750968,2072,256
8241,0.02988900007121699,0.5551990010389056,2103,256
8242,3.6358809041473243,0.7075673766654338,2088,256
8243,1.498633812865163,0.7730314266058739,1970,256
8244,0.17673855510146833,0.6358317451450534,2061,256
8245,1.6991010629150298,0.3282356791783516,1953,256
8246,0.03801709834625672,0.1174933658512213,1977,256
8247,6.513214182607533,0.7230461552897073,2134,256
8248,0.09434642266133961,0.8151401357840584,2131,256
8249,5.708455334919631,0.2062009643775338,2085,256
8250,2.0318841004609656,0.7120258670949411,2041,256
8251,0.022464549750623022,0.7566929029399693,1985,256
8252,0.015754791906203172,0.8493605470599946,1940,256
8253,3.849601071809669,0.1178463781447998,2096,256
8254,0.16479160505885446,0.4417714540868698,2143,256
8255,0.004361935177771154,0.2684216634817036,2092,256
8256,1.2238592346782988,0.5221258081090195,2081,256
8257,0.32159177449421983,0.3960975883267714,2057,256
8258,0.2794496095216906,0.3130225144925228,2079,256
8259,1.302310761387609,0.463174283362481,1949,256
8260,0.020221924430102855,0.8633841961387162,1971,256
8261,0.8550969130831817,0.3589603624511884,2017,256
8262,1.1367094808969784,0.1468814252099979,2032,256
8263,0.21903021327209568,0.370915051333214,1943,256
8264,0.04512188775484644,0.0491814570722957,2108,256
8265,0.7616221695964093,0.0418569662771696,1938,256
8266,0.06123482916976348,0.4045047708702983,2164,256
8267,2.0114958924202613,0.6171311175617352,1960,256
8268,1.2279105139290705,0.0569788213840767,1950,256
8269,2.0094246299469902,0.0954989370065126,2166,256
8270,0.02267034514927198,0.5060068524960681,2073,256
8271,0.5329556666696775,0.2200969845457221,1940,256
8272,1.9730903728622458,0.0842424210068873,2133,256
8273,1.6674831518561386,0.7343214034868303,1995,256
8274,1.4241579233355361,0.3869570081733151,2041,256
8275,0.00532598770077422,0.4263986718414947,1962,256
8276,0.14546396925736416,0.0406489264440508,2020,256
8277,7.0816655071720955,0.9383182289462412,2011,256
8278,1.8068194273882314e-05,0.5883475609308715,1957,256
8279,0.9214280483191303,0.910947988204916,1968,256
8280,3.59177289242494,0.6942420374941454,1926,256
8281,0.005356351132238434,0.4303481658623683,1964,256
8282,2.3822958228844544,0.7442704120872544,2059,256
8283,2.896541887741013,0.2661943480406437,2013,256
8284,0.37944031901517533,0.9359585448501004,1922,256
8285,0.4160347047171018,0.8960946152819721,2156,256
8286,0.00019912636907915116,0.5235976840466472,2054,256
8287,2.6827686405129586e-06,0.9029213884971372,2066,256
8288,0.08090373633532692,0.8748670839693529,1921,256
8289,0.0827156126497798,0.8731766873204819,2102,256
8290,1.8085656410526043,0.382181827662249,2054,256
8291,0.052278458588376556,0.1641255125950991,2043,256
8292,8.537682677528197e-06,0.0316278670988189,1920,256
8293,9.990197601550552,0.0470892314551331,1927,256
8294,1.755298056966457,0.0873611838738953,1934,256
8295,2.3550598347629127e-06,0.450662508572201,1963,256
8296,0.0739163237022642,0.1291186883952079,2050,256
8297,4.944678896833038,0.7335245624605425,1975,256
8298,2.5487811418760833,0.8639501739609329,2135,256
8299,0.014760331553129846,0.4482652235487091,2120,256
8300,0.274985377460822,0.3747714305372662,1933,256
8301,0.00691121363610193,0.2415856657332354,2143,256
8302,1.9802589761123692,0.0726813384538165,1943,256
8303,0.19421193459000674,0.6518834844179385,2121,256
8304,0.2302743849625253,0.0631324541438189,1935,256
8305,1.4339186998306213,0.567884627868222,2104,256
8306,0.4697736224506823,0.406648749647143,2176,256
8307,0.5264697904107313,0.0622772504348486,2096,256
8308,0.027754496749971734,0.2647820211280146,2046,256
8309,0.33857452086463324,0.9788081134876184,2047,256
8310,2.81265459259239,0.963798109353765,1920,256
8311,0.03713177225041281,0.2609869699076586,2136,256
8312,4.485980670074161,0.5367253157929665,1954,256
8313,0.023969817912567852,0.782206067200383,2149,256
8314,1.3878347508164603,0.8456718987296733,2142,256
8315,3.542447229897701,0.4820949113840532,2142,256
8316,9.81057235054495,0.289344656106229,2085,256
8317,0.31899561390072906,0.4907197205747168,1950,256
8318,8.574322759797655,0.8519681592141881,2090,256
8319,1.0155248742023428,0.6233676188394541,1981,256
8320,0.0018847213622487974,0.2059762140427929,2167,256
8321,0.021201577152070532,0.7824157499646419,2148,256
8322,0.00969586372952182,0.2728682347379206,2088,256
8323,0.27978070298879837,0.3849928241051551,1989,256
8324,0.003016636323060121,0.2284602482054086,2135,256
8325,0.9695252883533931,0.8866287104488874,2090,256
8326,0.003683873639021901,0.5813492723610176,1923,256
8327,1.966646438855118,0.0606313361918854,1977,256
8328,1.6671520885614541,0.8934610262951509,2068,256
8329,4.262748740738363,0.5718753890778874,2059,256
8330,0.003076231982810833,0.0737651250886246,2107,256
8331,0.14538091381782606,0.903142459748844,1994,256
8332,0.002748991239333127,0.0687686837331376,2052,256
8333,0.0218741504863673,0.8597249960547305,2143,256
8334,0.0001521762434531615,0.7729626280591324,2101,256
8335,0.06926445531794631,0.8346267855098786,2008,256
8336,0.7658809796942179,0.9280137273747948,1997,256
8337,0.2188078874974462,0.3804193868096273,2018,256
8338,0.06717419486084791,0.7845691718209903,2058,256
8339,0.34656868969245824,0.6108290719612137,2043,256
8340,0.11420245336402103,0.3492491371674291,1931,256
8341,9.468782447712899e-06,0.6527213024435622,2096,256
8342,2.5117792863992156e-05,0.1257992690296363,2078,256
8343,0.8880697114280373,0.523853130211428,2057,256
8344,0.3143444842305428,0.8697402583210811,1972,256
8345,0.5721476963999692,0.8602265152623595,2118,256
8346,0.6618432366210133,0.7426861047682554,1933,256
8347,2.795486418268052,0.7787031432917713,1939,256
8348,0.05593591462931422,0.1633001817892632,2017,256
8349,1.0554712974954769e-07,0.2246480641910657,2003,256
8350,0.03798444379534318,0.6060869403228244,2042,256
8351,0.11681690987167821,0.5891517811594156,2054,256
8352,0.0006949458588956683,0.2724840003011238,1952,256
8353,0.003711086455387458,0.8691298134911638,2033,256
8354,0.240320100949629,0.6875146433286603,2068,256
8355,3.789763989370586,0.7415006263116817,2037,256
8356,1.5088639763101293,0.0416342968122246,2002,256
8357,0.862553946729562,0.915679112124554,2068,256
8358,0.0002082854314937521,0.9205707208427312,2114,256
8359,0.2063836746840073,0.3997868017748182,2120,256
8360,0.25251785294236256,0.3068122928074127,2061,256
8361,0.37074224677630435,0.2670480418860959,1966,256
8362,0.002515192615081132,0.0037111658335821,2051,256
8363,0.26504656312636643,0.7698229531355463,2117,256
8364,0.0698491030931777,0.0697439226775098,2082,256
8365,0.32487021648617936,0.2151986854993105,1936,256
8366,3.016759225908424,0.9636817200595076,2010,256
8367,0.1622320431466545,0.5577946694129701,1963,256
8368,0.3987107903235285,0.628923022686539,1971,256
8369,0.11263172735684078,0.5523945638642345,2032,256
8370,1.4203719170977224e-05,0.9581966419923028,1928,256
8371,0.2705919110434321,0.3826603057105635,2121,256
8372,3.1324151562726095,0.9746427147790364,1931,256
8373,0.0474895027543843,0.9152079362395392,2030,256
8374,0.19806974245116918,0.6787142996211852,2055,256
8375,3.109828522557197,0.2862257459053776,2153,256
8376,0.02941999368514222,0.7279680941729679,2033,256
8377,3.1637349189592396,0.3159567767619164,2094,256
8378,2.017034014835621e-05,0.482256034126568,2145,256
8379,2.4953999458667417,0.8406173492453232,2030,256
8380,0.07490969404410748,0.5730229800087441,1933,256
8381,0.24584604318142506,0.5550732332976379,1944,256
8382,8.648157078619253,0.5075430030144901,2172,256
8383,0.14701017637456665,0.0318681131808683,2045,256
8384,0.06013506982236555,0.7526606107285548,1973,256
8385,0.0030989655326308083,0.8474714940187839,2058,256
8386,1.7170034924212898,0.7896707273698468,2116,256
8387,0.07093310520963465,0.6733018620467967,2154,256
8388,9.967142037633142,0.8060749503394958,2064,256
8389,0.019197628673011228,0.2964937516695946,1921,256
8390,0.06882394116323473,0.0021336566476948,1948,256
8391,1.1864035170649738,0.8891946723758175,2136,256
8392,3.7551223790910755,0.7047520397733389,2112,256
8393,0.05901895878147458,0.8837909368501238,2048,256
8394,0.003731501319330595,0.6977882353669944,1956,256
8395,0.0022930122190206316,0.8486242849307266,1945,256
8396,0.22690415610310716,0.6214617855892761,1950,256
8397,2.0648066974024015,0.4689361843691366,2087,256
8398,0.14610733386225305,0.3246087944173982,2099,256
8399,2.3589903631061304,0.4614079903900329,2145,256
8400,2.08450695503787e-05,0.1197657011316838,2168,256
8401,0.045315793356154814,0.6958701009503248,2113,256
8402,0.13784661298378187,0.4063276521795719,2135,256
8403,0.3225945569830795,0.4699259141203077,1991,256
8404,5.039522252534707,0.3158798534520715,2023,256
8405,0.44495756722717894,0.3846651537583141,2088,256
8406,0.008635205404686635,0.2654296987164858,1954,256
8407,0.00762039766558775,0.5609359435351347,2022,256
8408,0.21801483367153024,0.6303176338431302,2001,256
8409,1.212855343265637,0.238726127983316,2057,256
8410,0.8857179939075785,0.4353403585653215,2168,256
8411,0.0001261800233222625,0.5581452912581286,1973,256
8412,0.6408770600979945,0.8678691114492055,2057,256
8413,2.0207638341240686,0.0631826046137357,2115,256
8414,0.001033014472921084,0.0657773716792722,1963,256
8415,2.077036910945706,0.3283606467188821,2113,256
8416,0.0665783130258829,0.447629936152766,1969,256
8417,0.5499480681458527,0.1050739216558543,2134,256
8418,0.231733180971902,0.9865070957613342,2097,256
8419,0.4876641085557189,0.6891035067156877,2071,256
8420,0.12604963454467186,0.2716166506044078,2089,256
8421,0.5863219382100032,0.8031857950275956,2062,256
8422,0.9879429671851919,0.3937164761784386,2145,256
8423,1.7951278819557384,0.8691479380695784,2172,256
8424,3.086785557708365e-06,0.7765198406785107,2095,256
8425,0.3071453921371179,0.0442673420267449,2094,256
8426,0.0531563018989837,0.0734092897281454,2151,256
8427,0.832009355471131,0.7599217820033096,2142,256
8428,0.07847396517078258,0.2222548672992284,1962,256
8429,0.13968745442969974,0.9291287586019944,2047,256
8430,0.009540828941074372,0.0028025018097224,1968,256
8431,4.051583674493812,0.5740539879935176,1979,256
8432,2.1313446397930052e-05,0.6839612667107199,1937,256
8433,0.027982360055052294,0.3560799970401445,2025,256
8434,0.8435651943587315,0.0261533321064896,2133,256
8435,2.6409103777421583,0.6352373258196183,2092,256
8436,0.08986145476233537,0.8623057423724866,2148,256
8437,1.6872172927621794,0.9170708378601796,2173,256
8438,0.2760973878205333,0.8686394532693534,2009,256
8439,2.621758581486595,0.0280248802066783,2011,256
8440,0.00015755599072333088,0.3771012804392571,2013,256
8441,2.971945567631437,0.0524148359521194,2108,256
8442,0.0004789100923330102,0.7490419478510277,2122,256
8443,8.059355500481276e-05,0.7777079056174744,1968,256
8444,0.3994057124190057,0.0740681898051395,2096,256
8445,0.05881360040324927,0.3188501813867097,2164,256
8446,0.008499205649568643,0.0663889159477914,1949,256
8447,0.12483498462784619,0.7575307385038533,1972,256
8448,3.2322324750214485e-06,0.0866672054524156,2086,256
8449,0.829856685464049,0.1603420306390361,2172,256
8450,1.23378968732935,0.949544014846541,2088,256
8451,2.528737515736128,0.2769734385212127,2052,256
8452,9.67634087938812,0.0425966638760703,2175,256
8453,3.047611644494129,0.0281255153976249,1941,256
8454,1.2427901481358858,0.600407098084004,2118,256
8455,0.0006022328405756748,0.6918270726560278,2052,256
8456,0.028069223314438986,0.3147327056974062,2163,256
8457,0.8468706047465084,0.958614371847718,1931,256
8458,0.0002927307743562758,0.9421803710883044,1998,256
8459,0.9673888217589018,0.186369492735044,1945,256
8460,0.3867490019742584,0.0031375818352264,2148,256
8461,2.23171449202223,0.0037901032645706,1977,256
8462,0.25424294962301286,0.3101474261010729,2152,256
8463,1.2931835053666298,0.6721684066600352,1972,256
8464,3.337586916180276,0.262156140338757,1981,256
8465,0.001543990322319516,0.4710224177854165,1925,256
8466,1.7728806853702639,0.0404536332802333,2113,256
8467,0.018422570312802502,0.6591270542099334,2131,256
8468,0.2564457526129973,0.7512550620618309,1925,256
8469,0.0018862923993238528,0.5341532619585018,1955,256
8470,0.024552517485859664,0.7233205173500917,1941,256
8471,0.12662450942750336,0.1314877385779299,2171,256
8472,0.0006009665981182961,0.1047181160441469,1945,256
8473,0.021978702374449613,0.4030984501032038,1922,256
8474,0.0017446949541630318,0.4138336516014395,1923,256
8475,0.00038757688370672226,0.8629816207462601,2147,256
8476,0.42834779018910096,0.0332937271256995,2044,256
8477,1.2178370918288662e-05,0.4251199786146664,2072,256
8478,4.185178209329135,0.4074430574397237,2000,256
8479,0.2789898631972946,0.974176999186913,1968,256
8480,5.388650646749983e-07,0.8342946998498911,2129,256
8481,0.002773779871304037,0.4983181176727319,1978,256
8482,2.0881248723726418,0.8371131484049233,1976,256
8483,0.5273861357914542,0.0799364180016725,2101,256
8484,0.028065921220398735,0.8264022368564753,2143,256
8485,0.01147123746527392,0.6021667408887132,2095,256
8486,1.3932104580953137,0.0245702450424986,2137,256
8487,0.01990007873290355,0.4440544670409726,1975,256
8488,2.017944677289267,0.0095766236549024,2174,256
8489,0.2031091135877459,0.6841329333864444,1967,256
8490,0.012980895853315796,0.1227472852666229,1945,256
8491,0.19885524499332397,0.2835215101631525,1922,256
8492,8.460757052139313e-05,0.3996328265004346,1977,256
8493,0.025738800665937478,0.5208741784010642,1933,256
8494,0.0017119312270506976,0.7920973938713124,1957,256
8495,1.4372279704772903,0.7179319010780232,2038,256
8496,1.0240246296825615,0.9738934468978594,1942,256
8497,1.1565842773777106,0.8665881936257547,2059,256
8498,0.03712028137886314,0.2124531238690251,1924,256
8499,0.10032902891418109,0.6852917321480019,1971,256
8500,2.3897887347644176,0.712281506169855,1959,256
8501,0.017634621876837172,0.1714765917767704,1933,256
8502,7.682052758939473,0.5881906244812989,1984,256
8503,2.2675274523994996e-06,0.701248690386089,1940,256
8504,7.499544363487593,0.391731324981408,2023,256
8505,2.5243459721702423e-05,0.2700251687400831,2137,256
8506,0.0015832269310435566,0.0042368939242363,1921,256
8507,0.29511981496876116,0.9112330599543288,2133,256
8508,0.8997581339122928,0.4746928905048301,2059,256
8509,0.013617385357414035,0.9007199598788356,2043,256
8510,1.8773467956412488,0.0901995697701081,2101,256
8511,0.02262950563480282,0.0083145747773355,2081,256
8512,0.029249195598662292,0.8045942167676231,2095,256
8513,4.125464041913116,0.7078914755160922,1979,256
8514,0.0005852253216972737,0.5724458615676852,2048,256
8515,0.00012410409429173823,0.8956807524415251,2096,256
8516,0.0038544845556781884,0.3749874395668993,2001,256
8517,5.759791510110565e-08,0.1105251694166957,2156,256
8518,0.8225685071817486,0.9286283915302253,1997,256
8519,3.955880817023576,0.7832591971840257,2037,256
8520,0.001444244131222106,0.5875496300492015,1989,256
8521,0.249381198911721,0.4027296894851597,1935,256
8522,1.0831747790963007,0.3191422309224083,2117,256
8523,0.012915942015005732,0.3807609205077938,2018,256
8524,0.019887436455088916,0.2579754915571989,1997,256
8525,0.0007074988817120104,0.5850635111699729,2029,256
8526,0.21123668627195494,0.6589074735596435,2121,256
8527,0.04628882916403086,0.2030097681679454,2107,256
8528,1.7765958736336567,0.2651845822130024,2010,256
8529,0.48077421997444336,0.4890706728767671,2143,256
8530,0.009107237461671643,0.7560026950882949,1996,256
8531,0.15807161508539494,0.33578354273724,2138,256
8532,0.1310330166803169,0.9329945632904828,2119,256
8533,0.08152904620494883,0.4216726611200921,1926,256
8534,4.6080923363427075,0.3647418237343833,2126,256
8535,0.00021594358995978406,0.9274707839297808,1992,256
8536,0.17853826205899445,0.2713214116293094,2119,256
8537,0.7656699741662625,0.5721492354591203,1936,256
8538,0.008073175987435243,0.5218152128487212,2094,256
8539,1.6408598667237053,0.6841885979758577,2137,256
8540,0.0006524502917140656,0.6250216991888954,2006,256
8541,0.0003163627798657574,0.3186732531925639,1948,256
8542,1.008533450010301,0.2457878582291408,1938,256
8543,0.011164062372882935,0.7347144898477252,2097,256
8544,0.3468847728759741,0.6326166511571684,2053,256
8545,3.325633458238845,0.258165438925022,2017,256
8546,0.00788578805114823,0.1233541455491203,1925,256
8547,0.2849171528417066,0.6365370612894543,2127,256
8548,0.09262410937935876,0.0473107471564447,2144,256
8549,0.00011065349532223505,0.7319397443702428,1942,256
8550,0.02577684887679856,0.3530642642500793,2149,256
8551,0.9076264510191507,0.8990876056043416,2033,256
8552,0.1889489034047255,0.4779099474717676,2007,256
8553,6.287183165379591e-05,0.6533898166339778,2047,256
8554,7.193175930179517e-05,0.9633335568977804,1993,256
8555,0.7713843140581753,0.0917418901607147,2123,256
8556,3.541471662791153,0.3839870237862228,2130,256
8557,0.03496993339559176,0.643539289347857,1947,256
8558,4.578005115334313,0.3223500882581592,2045,256
8559,0.0011564261041783453,0.9518579470884748,2104,256
8560,0.010380873114716594,0.5708099189605927,1932,256
8561,1.8985214200049463,0.4131301335294726,2029,256
8562,0.006393515712657177,0.0057892082708972,2024,256
8563,0.4286740009602633,0.6601450758109123,1992,256
8564,0.04127385868002111,0.540802629664913,2047,256
8565,1.9287304323685877,0.2510792225373045,2169,256
8566,3.457906504885424,0.3234754186901775,2044,256
8567,0.0002596747971365765,0.8033851857352912,2043,256
8568,0.051429986559516964,0.2008455254350114,2029,256
8569,0.12030593794166801,0.7018318080860438,2000,256
8570,1.677541290448558,0.7969368528043478,1937,256
8571,0.07950324608094032,0.8857268994496446,1953,256
8572,0.8934041431968498,0.3618074765447739,2105,256
8573,1.808217496041365,0.3935580646964214,1923,256
8574,3.1384198491365144e-06,0.1111493845350263,2168,256
8575,0.002452160181284508,0.4315929045482933,2091,256
8576,0.6069815559517169,0.6601298570847577,2047,256
8577,0.1823691870675531,0.0505569165999174,2059,256
8578,0.1367600979506142,0.5179291101104377,2125,256
8579,0.9580517535370461,0.8748355282467908,1991,256
8580,0.018573893110893275,0.8469904130878796,2133,256
8581,8.596285328047255,0.9190776914132388,2133,256
8582,0.05199705152247517,0.1610321784815661,1969,256
8583,0.003299968905460253,0.4744068640941753,2090,256
8584,0.1154896608644721,0.8199444122603895,2091,256
8585,0.011538888167847493,0.2421712966589174,2006,256
8586,0.022508117711941437,0.2803888753919933,1983,256
8587,2.3775045552100593,0.6440356491686113,2123,256
8588,5.049419245304905,0.9395884909994546,2007,256
8589,4.962871414921208e-06,0.8696055958791267,2007,256
8590,0.09465672721326387,0.930770078132459,1953,256
8591,0.07361450008278546,0.5404777417865335,1959,256
8592,0.0004084459911769068,0.524332157156813,1950,256
8593,0.017753406496030927,0.1116097869833515,1920,256
8594,0.7217206322035989,0.3639183477337878,1995,256
8595,0.001040660501470415,0.9094845313845058,2139,256
8596,0.05206779831419261,0.9476282511116008,2159,256
8597,1.5532662395462888,0.4615929903615215,2014,256
8598,0.31545007029768074,0.7863677628766739,2133,256
8599,0.034433525258400835,0.9555540594480936,2059,256
8600,0.21653557463883058,0.8463986777186651,1985,256
8601,0.39393808825452203,0.3529214427041662,2080,256
8602,3.1467057991573166,0.8333709480862926,2032,256
8603,0.0009623311336507873,0.6741246527037067,2120,256
8604,1.213319263776359,0.995068657318356,2048,256
8605,0.06043619277836386,0.8165454182619558,2054,256
8606,0.01825378400172792,0.1381119686468451,1983,256
8607,0.07344315403662556,0.987008210217027,2134,256
8608,3.624731572659322,0.5078921353666781,1946,256
8609,0.04075662690067167,0.1478210273684944,2092,256
8610,0.19030779512314264,0.998389055672558,2060,256
8611,0.07687150377846741,0.7305442176466248,2037,256
8612,3.8326290320845526,0.4370307194107031,1958,256
8613,0.30504921126994433,0.4918939771239732,2115,256
8614,0.29579121192358676,0.6249804137105599,2152,256
8615,0.09917789172042862,0.6663679198496016,1982,256
8616,0.002402782100623132,0.3095670018222729,1920,256
8617,0.5375170647592458,0.3891305932824277,2156,256
8618,0.001593970878719326,0.0648351387999937,1934,256
8619,0.6467096002345533,0.4354952818432556,2060,256
8620,1.1206949131096378,0.5088779040258857,1963,256
8621,4.5727392320703695,0.1349845120152082,2163,256
8622,0.30405455946242405,0.8413623537207079,2120,256
8623,0.22028461379245984,0.679126026145333,2167,256
8624,0.0005913814600754374,0.8034446436185552,1975,256
8625,0.3917788558521433,0.4697058210325875,2090,256
8626,2.6982967859717744,0.5021646482974155,2158,256
8627,6.9082590847438645,0.1612856846143102,2127,256
8628,6.338727336625664,0.3245607311697361,1939,256
8629,0.0041904495958958645,0.4041519051881075,2025,256
8630,0.08029582329472133,0.1148128624709102,2041,256
8631,4.155525447262895,0.0145280188268428,1998,256
8632,1.446761544873842,0.77879471005149,2161,256
8633,0.002126073066005201,0.2267196065876355,2132,256
8634,2.226529916452028,0.4394608136379305,2136,256
8635,0.41743646817509505,0.764442990116458,2058,256
8636,0.023228878593721684,0.0325230978410406,2000,256
8637,9.639540550758401e-05,0.5116954092871789,2021,256
8638,0.5124469753585618,0.6045730863515085,1984,256
8639,2.5340324280714857,0.1804404148504064,2123,256
8640,0.1350027277480177,0.9830360049585952,2153,256
8641,4.832622434008339,0.0238974035858543,1958,256
8642,0.01092872974466791,0.6728628808055461,2131,256
8643,0.66596338210293,0.7367266870356367,2041,256
8644,2.4681116652574526,0.545990162361893,2140,256
8645,0.0007668916523434952,0.2687351396845553,2162,256
8646,0.008790194322487252,0.6562029593758986,1960,256
8647,0.27695616911355614,0.7237494065944003,2097,256
8648,0.005033751083947163,0.1345301219288485,2080,256
8649,0.000320337647034339,0.5826384768694935,1928,256
8650,0.06883578899934742,0.4350698399082634,1997,256
8651,0.5021964956301582,0.2726407597221124,2024,256
8652,0.11792355854241868,0.109276693235333,1964,256
8653,5.024566850115555,0.6308733421030708,2140,256
8654,6.762133904701368,0.9818070239585388,2166,256
8655,0.021871375780283142,0.5405224542384899,1972,256
8656,8.280365962621152e-05,0.873019231060282,2007,256
8657,2.155713634551963,0.1224876350182184,2022,256
8658,1.7021221354017206,0.9244967177728876,1963,256
8659,5.4845616560193236,0.9998160385312942,2084,256
8660,2.5648897209791777,0.0249102284840138,1996,256
8661,0.6706674910140854,0.8574240988805866,2061,256
8662,1.314512435598946,0.5088615474991265,2004,256
8663,2.307426986839135,0.6921571701481506,2136,256
8664,0.19033243717247283,0.0229386702182885,2011,256
8665,14.484878174752735,0.6794516813375285,2018,256
8666,0.09688477355841739,0.1792160337266862,2167,256
8667,2.395335798967195,0.5277396578220016,1951,256
8668,3.422778946225228,0.277887971998233,2029,256
8669,0.0003828917951023325,0.8835963099530341,2111,256
8670,5.38509945450701,0.2936068203810754,2103,256
8671,0.017071616338653988,0.4573916025312652,2036,256
8672,1.2548866110683128,0.0016489857525849,2146,256
8673,0.05433760083157952,0.6391284463140079,1993,256
8674,0.002018547347988713,0.1434233960616319,1979,256
8675,0.11165936515871944,0.5169799233571827,1954,256
8676,3.2037395527167485,0.5523279185291308,2076,256
8677,0.05051174882133532,0.93017424201056,2145,256
8678,0.30290957403723223,0.0893671617797605,2095,256
8679,2.769906681393484,0.299671222115313,1972,256
8680,3.2245210828164352,0.5677243731061081,2154,256
8681,0.0013352764440094996,0.5703713320679643,1996,256
8682,0.03569165687154441,0.5024201940262466,1942,256
8683,2.9740650403661757,0.9649488050948548,2035,256
8684,0.03953064383914024,0.7996023001814232,2025,256
8685,0.006624768800809199,0.7751904282356116,2155,256
8686,1.1976397664533678,0.6442199154647937,2148,256
8687,0.09994308213460719,0.1301286118727266,2121,256
8688,4.1671819159931,0.8000384894554684,1933,256
8689,0.5693585285178993,0.2317375053115491,2023,256
8690,0.0014068496911546187,0.3800923493334396,2004,256
8691,0.08276980910913272,0.5351223032443445,2026,256
8692,0.001082323918200005,0.206215261279309,1922,256
8693,0.005054068106665322,0.8261138625229485,2040,256
8694,10.364290745186452,0.0917685692384566,2035,256
8695,0.671750862502439,0.4257009336743004,1972,256
8696,0.00015633384436179257,0.5903979664655177,1944,256
8697,0.6522558202095312,0.2177521519221018,2000,256
8698,0.03075421064071781,0.636959615258409,2002,256
8699,0.6502464299379298,0.4634878211182149,2061,256
8700,0.809803615205251,0.8110925098397007,2110,256
8701,0.3257332059053555,0.4111688944971047,1955,256
8702,0.052368761122733525,0.5206857643891393,1972,256
8703,0.38704554426550825,0.4931243035641349,2157,256
8704,0.07196374868127482,0.8670734077859941,2011,256
8705,0.1510428088834088,0.7880179063513411,1993,256
8706,6.514471148892682e-06,0.7088050224620038,2092,256
8707,0.18709919007000955,0.0146631413077282,1998,256
8708,0.028622954948055297,0.0862062211903063,2083,256
8709,0.07125021043373969,0.3830983628835287,2007,256
8710,0.4910785985084096,0.27481502775274,1992,256
8711,6.116063088797706,0.5380826403529335,1990,256
8712,3.563361043216679e-05,0.3015725800542377,2097,256
8713,0.5431609775109075,0.1268823130840523,2090,256
8714,0.06401185512387207,0.9235556010318896,2057,256
8715,0.024865325505589054,0.4990629749048669,2117,256
8716,0.02956586108152696,0.1912483868371033,2051,256
8717,1.2219205952497638,0.9373629675360222,2019,256
8718,0.08193258008874559,0.9406917811208608,2121,256
8719,0.017825555912795686,0.9496792430875238,2109,256
8720,0.0032072307860245464,0.8890609590788467,1973,256
8721,0.05857126100578494,0.1932265841563604,2067,256
8722,5.934989098191077,0.9744067827806446,2054,256
8723,8.024961786935121e-06,0.5529618311522234,2143,256
8724,1.2026182952811661,0.7690924437065604,2083,256
8725,0.3168134301560792,0.6354984812435973,2076,256
8726,4.08921444339935,0.957475689243952,2078,256
8727,0.9243685113433376,0.7221797395673224,2022,256
8728,0.5237838252658805,0.3378719038356365,2147,256
8729,0.8562872950775633,0.7036241184983092,1958,256
8730,2.6278955988192907,0.329212628978268,2173,256
8731,0.022319017712641526,0.3188527579821401,2034,256
8732,2.914597152912119,0.3580721343119881,1950,256
8733,0.04239536797061237,0.8223668086245666,2028,256
8734,0.09702245423050922,0.5689960069493446,1942,256
8735,0.009080033907022288,0.5517927588041718,2010,256
8736,0.479123152915388,0.2627851544750755,2093,256
8737,0.15460741402471934,0.9585051944418972,2070,256
8738,0.22104012610350224,0.8347984119530982,1964,256
8739,0.12874386976653523,0.8249506869414561,1964,256
8740,0.017559454962282006,0.2622133463725721,2153,256
8741,4.428621292308431,0.8194970073049623,2017,256
8742,0.7777150149189689,0.5511531252053654,2131,256
8743,0.1491919225844679,0.9916406704310886,2004,256
8744,0.13765869426871435,0.5743849831710692,2039,256
8745,2.907871122298369e-05,0.7545287562969558,2090,256
8746,0.17135885172399004,0.3919199166803709,1946,256
8747,0.8912490460483693,0.1521200112856653,1993,256
8748,0.0003984344436420613,0.8037543245359929,1967,256
8749,0.004606126671281836,0.6086669029372977,2121,256
8750,1.9790898768284702,0.2786067413664912,2153,256
8751,3.5337648129511727,0.4838778499276418,2155,256
8752,0.7459476310208546,0.2032861836706255,2124,256
8753,0.3688386366438335,0.2705068061198681,2013,256
8754,0.06290333775557426,0.3485629010644124,2009,256
8755,0.3120144525545333,0.7649637520747895,2000,256
8756,10.140574260090986,0.4963794815094885,2055,256
8757,0.011979760265038915,0.068042782511552,2098,256
8758,1.2391260522572617e-06,0.1005182824003771,2132,256
8759,0.31396887458983264,0.1306809047826261,2112,256
8760,0.031108421779447736,0.2447389840986454,2082,256
8761,0.01778112927575538,0.3638245564170151,2163,256
8762,0.0018300383378164267,0.118602597557182,1948,256
8763,0.19820701491542772,0.6442577344301984,1987,256
8764,0.8185588463819151,0.508774420695406,1969,256
8765,0.0029077210686211017,0.4005543009638133,2041,256
8766,0.331560946559278,0.235830283099606,1988,256
8767,0.07543601390546603,0.6803672671441455,2163,256
8768,0.8262859825526876,0.0806824090597823,2079,256
8769,0.0031409249410976124,0.4757851188326476,2018,256
8770,0.05065406269990788,0.4831233168864708,2134,256
8771,0.06258301218254828,0.6938343308548364,2039,256
8772,2.059494672731959,0.983800078425818,2032,256
8773,0.7516710234204041,0.7103250581535965,2012,256
8774,0.015119313060517605,0.5376199896819757,1977,256
8775,0.007386718389566665,0.9898900629487846,2006,256
8776,0.001718147039631427,0.7646923153889319,2118,256
8777,2.839244691676686,0.5483713902631994,1954,256
8778,0.8710095332714656,0.6555104733831645,2141,256
8779,0.010905999389141132,0.6808899773385324,2161,256
8780,1.7813970056835942,0.9918654087450776,1982,256
8781,1.6735488667405474,0.1414025592964872,2037,256
8782,10.728849009124009,0.1700454531221766,1941,256
8783,6.9410351956684995,0.1141195123835988,2048,256
8784,1.036659716575389e-05,0.9355029005464186,2121,256
8785,1.5217201895069132,0.9456257038733096,2001,256
8786,0.0007613356701270279,0.9876028408924852,1967,256
8787,0.3984318645778096,0.017277396253344,2023,256
8788,0.5955884469656567,0.8018295097017298,2132,256
8789,4.349218812156892,0.4821834012134608,2003,256
8790,0.00029162620424171123,0.5759443921105714,2030,256
8791,1.5480623121839698,0.6499193792180419,2027,256
8792,0.40949850056727005,0.643433719462015,1960,256
8793,0.008131899914418875,0.9753172357893845,2074,256
8794,0.5049957866043484,0.3792750579095806,2165,256
8795,0.5006500028097979,0.712252999283174,2113,256
8796,0.010728078684263394,0.0045001870673967,2127,256
8797,7.906555909653635,0.5354628135611698,1967,256
8798,0.00013761001858834308,0.7637908776507049,1928,256
8799,0.2785436728446845,0.4815414433233027,2158,256
8800,0.8211405077152447,0.5721318309915986,2069,256
8801,0.2690311779846453,0.9468230076149072,2118,256
8802,1.7924465782942427,0.6671683626970422,1996,256
8803,4.469338130602845e-05,0.8362976089794593,1966,256
8804,1.004431722223208,0.2629254922845437,2001,256
8805,0.1758709965009787,0.0756658204242017,2156,256
8806,0.06296088922746516,0.0160600576872465,2090,256
8807,0.06837962592564432,0.5724070225757505,2083,256
8808,0.04879468550007397,0.7314604221700693,1999,256
8809,0.09204145306220061,0.2217858031129489,2125,256
8810,0.7940222930447159,0.865641830186264,2028,256
8811,1.1235241730895216,0.5465290278661251,2156,256
8812,0.1382891756415468,0.7202456162528598,1963,256
8813,0.053582309588745415,0.533281710574796,2130,256
8814,0.6102495803401412,0.5194692350186342,2073,256
8815,1.2844413877039884,0.8354230201980541,2164,256
8816,0.15609234087165869,0.7465881033152654,1978,256
8817,0.7078566293744024,0.4784072703274692,2164,256
8818,2.41293745762241e-07,0.6507480819593732,2117,256
8819,3.129959386331247,0.8752589386395047,2149,256
8820,0.6048094810253192,0.7914110557219635,1973,256
8821,0.00027394354825533313,0.070337126724616,2037,256
8822,0.053756521528885326,0.3488535784121502,2119,256
8823,0.08769940435642913,0.6373974979720912,1942,256
8824,0.569801276963509,0.5855400463360009,1979,256
8825,0.7679716765241212,0.9513937090661188,2165,256
8826,0.0579877051403018,0.5664230349018231,2105,256
8827,0.04065804804259356,0.5926276860286851,1983,256
8828,0.8897557265556283,0.8360892165573772,2165,256
8829,0.22093466983143972,0.6629694316241938,2109,256
8830,7.569987485124244,0.7308966910238426,2170,256
8831,0.08644964147063543,0.7056615065382909,1998,256
8832,0.3659328839467171,0.3855145848046482,1929,256
8833,4.598624992921545,0.1137168650034986,2004,256
8834,12.631165327495397,0.2605255175286139,2004,256
8835,2.2660571352636674,0.9332503306042444,2046,256
8836,0.0005603440409936646,0.2595165909265361,1984,256
8837,0.011360271679952207,0.2572417642160682,2045,256
8838,0.042647520916564444,0.9392758829132044,1983,256
8839,0.0071488139776632285,0.8608854284806491,2073,256
8840,2.1898941890021484,0.2441474794054595,2103,256
8841,2.506636858811316,0.5849154189252541,2099,256
8842,0.00010639317508770854,0.8637240961311082,2171,256
8843,0.6007217102793434,0.4001892443855129,1943,256
8844,0.4035554293453144,0.8682267232946786,1976,256
8845,8.604883496661932,0.3050247355704732,1984,256
8846,0.002718846235549112,0.5837764558071864,1923,256
8847,0.0037349167539986964,0.7260149190675995,2144,256
8848,0.664896995200309,0.6712235181027294,2062,256
8849,0.0699691200329533,0.4545356966723749,2143,256
8850,0.9408224017078028,0.2885891353430344,2165,256
8851,0.009909112484808207,0.1353341984433562,2109,256
8852,0.18649433699131054,0.6450792238587877,1994,256
8853,12.145459325971123,0.3551866137609003,2083,256
8854,0.05596342743942003,0.9469159589025072,1957,256
8855,0.019388323275296087,0.4698175201393294,1935,256
8856,0.08624404458563605,0.4804965093038879,2119,256
8857,2.256351837989802,0.1284535401571241,2115,256
8858,0.02081040244594601,0.2900374535313399,2135,256
8859,1.562352838017127e-05,0.8521195921275333,2033,256
8860,0.25115542512760997,0.3031513145601322,1920,256
8861,1.7038550242334058,0.4553180987226337,2171,256
8862,0.005625962763854311,0.5158126805991454,1972,256
8863,6.071725880270061,0.8252376290997067,1951,256
8864,0.0024005280876665956,0.5011638111375629,2024,256
8865,0.12387768489540855,0.687975517658962,1965,256
8866,2.5170587345171294e-09,0.4062517293212432,2081,256
8867,0.3169513919314309,0.1407972811696904,2112,256
8868,0.0011899029469308866,0.6484830076593202,2130,256
8869,5.472905773066168e-05,0.9088186600484964,2144,256
8870,0.0007593654841305574,0.8869486396135391,2124,256
8871,0.022399966546238822,0.5520836767337794,2157,256
8872,0.18541415400593528,0.1587815073288181,2096,256
8873,0.23046949312632123,0.5917361817529471,2075,256
8874,0.12776313898681868,0.0542053859799089,2130,256
8875,0.9584733651616898,0.4294111219267279,1985,256
8876,0.1804639901046365,0.7376709130980988,1948,256
8877,0.0011090105402854578,0.8453220412605424,2176,256
8878,0.08591728704842988,0.9139050158278388,1934,256
8879,0.000419206793924032,0.1277721973348994,2111,256
8880,0.24415305869913817,0.2174841646586361,2104,256
8881,0.14277800010550107,0.4437076064200231,2005,256
8882,0.040860416378276615,0.1669946319943808,1925,256
8883,4.773073185353477,0.2429345787233424,2111,256
8884,0.2585455521127807,0.5731630964249816,2009,256
8885,0.2661921649795002,0.2468763150618165,2126,256
8886,0.0012988967763980664,0.7727381926198639,1991,256
8887,0.8859539808236073,0.8308604902890361,1928,256
8888,0.0004991242544994706,0.1867543635518432,2132,256
8889,3.523171541559232,0.4835478626458392,2161,256
8890,0.6165222287161629,0.5470397133999101,2118,256
8891,5.370969674785457,0.5437451991026859,2068,256
8892,1.2139208629164466,0.9956071273076208,2047,256
8893,0.03687654211483124,0.2745473105537306,1950,256
8894,0.1824889455399727,0.1788944442418544,2016,256
8895,0.006275276089519439,0.0425572420881334,1994,256
8896,2.2746136927693697e-05,0.2236213368227055,2129,256
8897,0.23582211921304827,0.4595528385454466,2064,256
8898,0.007407734694657909,0.4860423939116195,1983,256
8899,2.347996758166982,0.3878797634222566,2047,256
8900,1.5170676008104746e-06,0.5456174590836286,1950,256
8901,0.007908734218846605,0.7027469028207459,1959,256
8902,1.2434366192679995,0.3307466763448448,2085,256
8903,3.3250137282852967,0.94564960479449,2143,256
8904,0.023795716103946988,0.5339878077287977,2161,256
8905,0.018816032459330813,0.9117188752830168,2078,256
8906,6.132025964284996,0.3988086149502908,1952,256
8907,0.0003326016927850863,0.9425364102048582,2160,256
8908,0.00010545768536802875,0.4760096702750453,2135,256
8909,0.5422108685000214,0.1811388770806142,1984,256
8910,0.0008007906003816225,0.961396577918798,2026,256
8911,2.4129299900783314,0.3666974355681416,2072,256
8912,0.0025248965226151673,0.207851397148997,2068,256
8913,1.9400706441379743,0.1832631236001122,2104,256
8914,8.004072284240682e-07,0.0705622446588366,2101,256
8915,0.08115073721983838,0.7261406739830426,1977,256
8916,1.4705406672124097,0.1486023470228263,1964,256
8917,3.05839199500602,0.7968418601994229,2073,256
8918,0.8558659635338964,0.7403174893248555,1964,256
8919,0.5530618906576854,0.367344110260466,1999,256
8920,0.473462611144065,0.3376938487745919,2024,256
8921,0.3740866382949989,0.291670327925921,1977,256
8922,0.0032090311056495358,0.8393174971419726,1950,256
8923,0.004050868783188035,0.7392589637714527,2041,256
8924,0.3061587717470777,0.2196299123667361,2143,256
8925,2.0492430264404735,0.5582405418802043,1976,256
8926,6.499659499041481e-06,0.4508361868127297,2168,256
8927,0.05237860547763001,0.8554939692851784,1958,256
8928,0.14636732744503825,0.6575212496477393,1945,256
8929,0.05599646218864144,0.9274425793564904,2090,256
8930,4.89640069984033e-06,0.5325435342592306,2055,256
8931,0.0045389077227708866,0.3150959803464342,2063,256
8932,0.00036446126433722735,0.466349333604893,2041,256
8933,3.1348945105993518,0.0043042531433223,2066,256
8934,1.1214845207346953,0.0123304373403699,2123,256
8935,0.06322648902815337,0.5012800528032237,2106,256
8936,0.017288316270649112,0.5207063945354701,2124,256
8937,0.05839839558710095,0.676406390168215,2165,256
8938,0.07347631427078129,0.1593376344610495,1955,256
8939,0.2334788903183648,0.9500889573909622,2115,256
8940,0.9418200430354654,0.1789187559412516,1934,256
8941,0.10447534289105902,0.3189870364270895,2114,256
8942,3.4939161895349416e-07,0.2695133561246166,2160,256
8943,6.16605528228702,0.1261716816583327,2100,256
8944,2.3539603228295325e-06,0.7443109857886396,2133,256
8945,0.0002723584043521975,0.814628864493778,2026,256
8946,0.10568683886266109,0.5943625705256493,2026,256
8947,0.021720418267445345,0.946085445555705,1956,256
8948,0.8726826685199526,0.0705049962203138,2139,256
8949,0.6866364444581883,0.2777171545163652,2017,256
8950,0.042983566271423315,0.5304440647283833,2020,256
8951,0.14645127750777884,0.985148584340398,2122,256
8952,0.03582249616437749,0.755748449682974,1958,256
8953,0.23689460547223012,0.4369850020555054,2008,256
8954,1.3598715587237378,0.3337537485487156,2006,256
8955,2.525816544789983,0.89015075960054,2167,256
8956,0.00011163531315040629,0.2211070679424274,2162,256
8957,0.04168093005957526,0.2902974494753659,2160,256
8958,0.07731993879046514,0.889198773263846,1967,256
8959,0.21053364754370935,0.7389487481087635,2121,256
8960,0.0032882945715598626,0.1137385254582309,2165,256
8961,0.0171035005480752,0.6953910556240057,2096,256
8962,0.08215375687890104,0.0912756847936631,1943,256
8963,0.8911083339291526,0.5037350803426772,2033,256
8964,0.0044240556155006215,0.8342773072966314,2145,256
8965,0.01109518247734886,0.68323289294628,2154,256
8966,6.753117729655461,0.2225374114895351,2132,256
8967,2.236879722295079,0.9378577942264684,2095,256
8968,2.278232832614021,0.7133819714018993,2064,256
8969,0.00028608729185162487,0.5836754605917531,1976,256
8970,0.6276596209131806,0.8565336185260091,2034,256
8971,0.552695950044274,0.0792640760864763,1953,256
8972,0.4723375014730826,0.3544259956777505,1979,256
8973,1.07956806619309,0.26686489106822,2149,256
8974,0.9845207458979184,0.8849459288070328,1951,256
8975,0.0032281479120413554,0.7989517387480952,2168,256
8976,2.3484798207022983,0.6012569715467299,2119,256
8977,0.0612660634207532,0.9087248085114312,2106,256
8978,1.1463314387770827,0.7984051468371883,2116,256
8979,0.15439027498825594,0.2403885074038042,1961,256
8980,0.003531618642699674,0.61044945468692,1976,256
8981,4.729130872925237,0.8669278506694081,2040,256
8982,0.0003672902233838668,0.4825853174100367,2164,256
8983,0.04852929381600686,0.5234083495548959,2029,256
8984,0.0005206977573928442,0.9515780496537646,2104,256
8985,2.8642610993891626,0.3871522383026045,1996,256
8986,0.00012651904497326964,0.8791583446465359,1963,256
8987,0.0011327122470402842,0.0959858079569877,2002,256
8988,0.11074051569117775,0.9228464739913328,2026,256
8989,0.962867988571702,0.0321961896744624,2044,256
8990,2.9260530050046228e-05,0.2137824944334898,1958,256
8991,7.47073817310965,0.988455206441792,2068,256
8992,0.5731629836239316,0.9184179208154348,2037,256
8993,0.003369769927864846,0.3681082283502395,2130,256
8994,3.733204084355256,0.4662752975705477,2087,256
8995,0.0017498181944534223,0.1380753915167989,2080,256
8996,0.051052313197599695,0.3772836564714804,2025,256
8997,1.310575321590138,0.8899268389465417,2109,256
8998,0.07849563688732611,0.8835632476653695,2098,256
8999,2.054654667481943,0.950173505386546,2070,256
9000,1.1055710941461514,0.4649390065861061,2053,256
9001,7.942408463256388,0.041379159319777,1985,256
9002,1.1770450684870946,0.2749420710437928,2090,256
9003,3.9145373305973155,0.7853698573746268,1997,256
9004,0.7633058636008331,0.2515538598826422,1994,256
9005,0.7917269341990676,0.4541175993974986,1947,256
9006,0.12367715802675394,0.2350931454270837,2011,256
9007,0.016989914689094242,0.5380151277862928,1938,256
9008,0.056802560339790364,0.2737095088599074,2133,256
9009,0.0004571659269257882,0.1754902360746073,1923,256
9010,2.80089961304694e-05,0.4489133862152306,2110,256
9011,4.4685415890485745,0.064886560146541,1981,256
9012,0.014687849033988181,0.2649218549225032,1978,256
9013,1.8987308094436552e-08,0.9063393350706646,2086,256
9014,0.38718199445150664,0.2114785289199502,1967,256
9015,0.03490840467679443,0.4479801410254403,1975,256
9016,0.37342879807426854,0.3425201490208067,1967,256
9017,5.495127895895294,0.2463421959105625,1933,256
9018,0.004243313182294039,0.2929615477827695,2029,256
9019,0.6682242666532182,0.5365715424525745,2008,256
9020,0.09078829060910043,0.3085188753808556,2109,256
9021,0.0026561396002421998,0.160832511583351,1989,256
9022,0.016076610806172037,0.1164411625346385,1963,256
9023,0.6334016955507237,0.1602646613828366,2141,256
9024,0.5272508547748038,0.080579794141591,1994,256
9025,0.24139847823488897,0.2805544005945356,1963,256
9026,0.013785671677660438,0.281288290076619,2093,256
9027,0.0008002574111294084,0.6967694551810358,2049,256
9028,0.8083794702712432,0.9036299019448422,2023,256
9029,0.28047838826107846,0.1720198978573824,1942,256
9030,0.005662332543623552,0.2581800706299979,2166,256
9031,2.7228599544155356,0.0400291550359236,2052,256
9032,1.6491374521501976,0.1494603384502114,1991,256
9033,0.30896780216920167,0.3733538358876532,1991,256
9034,1.6046599739491723,0.6067703837359275,1948,256
9035,1.1708479154464935,0.1972997920567145,2025,256
9036,0.015026859292186168,0.4859293374172997,1947,256
9037,3.149104253591493,0.6787642501457772,2015,256
9038,0.010796494705925494,0.2896827830669821,2019,256
9039,0.9267158790978992,0.2945806401383826,2061,256
9040,0.05600057723865952,0.2904984084203449,1982,256
9041,0.4949448455540414,0.3753970638219729,2048,256
9042,6.720423696345322,0.7255110240320545,2061,256
9043,0.01339816422941687,0.0032622739327612,1988,256
9044,3.6809522423178973,0.1801283612980951,2103,256
9045,1.356996713561221e-07,0.1671246570420238,2092,256
9046,0.285280562104018,0.091977931225969,2053,256
9047,0.05436651897901728,0.1343506101207541,2132,256
9048,1.4349944638902442e-05,0.2815020903462567,2141,256
9049,2.5202206929916846,0.1611353731456901,1944,256
9050,1.7005241781915639,0.6703803650038633,2063,256
9051,0.5043290068225428,0.7074655460744476,2024,256
9052,0.36218676762848817,0.3819634001117362,1983,256
9053,0.0014571471903171596,0.6703009951563119,1959,256
9054,0.002175890828343758,0.3720191356229667,1956,256
9055,0.02682178429519541,0.4183328055192525,2101,256
9056,0.5658887706969842,0.1953816486221034,2070,256
9057,0.00015551697982307626,0.9630979852548952,2158,256
9058,0.6311915191124432,0.1174933674169389,2125,256
9059,1.0043040828867646,0.4483682395434897,2021,256
9060,0.23774357358452586,0.216109074857932,1998,256
9061,1.3406175600917685,0.534758057819648,2093,256
9062,0.009402200492165958,0.9090135745641258,2155,256
9063,0.02122500790580158,0.5458150700326921,2167,256
9064,0.20331362419988666,0.944729353083414,2105,256
9065,0.012526906766702211,0.2653024299494539,2114,256
9066,1.1051610240429635,0.8431665544452251,1954,256
9067,0.041079956817955746,0.7631809215027606,2099,256
9068,4.003909658113128,0.312987380795528,2037,256
9069,0.4450856129418723,0.2757489856462632,1961,256
9070,1.2040658990674267,0.7779404366525254,1968,256
9071,0.5077636548224771,0.8265135942728212,2069,256
9072,0.003810193464770104,0.7597490372139195,1936,256
9073,0.00025757577742848895,0.0793524350651185,2016,256
9074,1.0417236488823534,0.6108106235918926,2130,256
9075,0.9839565800625707,0.892198820909155,2052,256
9076,0.0002232949216317172,0.4975763143687187,2146,256
9077,1.404393899861171,0.0511655898016604,2165,256
9078,5.440037104509952,0.1439852253791241,2027,256
9079,2.4843885539985653,0.9864050760110944,1935,256
9080,0.0009295127607002909,0.720391072943373,1972,256
9081,0.012201698015079762,0.0252493151304931,1968,256
9082,0.0143613497102253,0.0050091415706134,2011,256
9083,0.021841403614969467,0.7185865585029673,2072,256
9084,0.4512466893711474,0.4780042143747839,1955,256
9085,0.761776331656456,0.4674498482251866,2032,256
9086,4.0999930020694915e-05,0.5762180310125874,1973,256
9087,0.8589657108946207,0.9065616101809018,2026,256
9088,5.532771414623835,0.0163234049489836,2147,256
9089,5.608383028621459,0.3230733962640022,1988,256
9090,2.884583528124389e-07,0.4632593883058439,1996,256
9091,0.10651597994464546,0.3944490621816011,2117,256
9092,8.991444628255232,0.3244231441696151,1985,256
9093,0.08954151170431271,0.1043846687892644,2123,256
9094,0.26710077484088546,0.8537743920848809,2150,256
9095,1.802030531313062,0.3741798044588937,2043,256
9096,0.19323625316525295,0.994734291642438,2020,256
9097,1.527610031379535e-09,0.8416379603931174,1977,256
9098,0.013909548574021602,0.1257569878798373,1963,256
9099,0.19226987600930134,0.9208748039939092,1981,256
9100,0.0020805990471140317,0.9598329456084886,2025,256
9101,0.44161300640747386,0.2800263802397928,1996,256
9102,0.16647393004356065,0.533021626946391,2071,256
9103,1.0992789831666667,0.6024695129621407,2012,256
9104,0.04493319281984473,0.095743107118148,1989,256
9105,5.950018523325528e-07,0.4287563775009819,2164,256
9106,0.5912165422007738,0.4733810659082355,2007,256
9107,0.2435493038842495,0.6949425380033887,1921,256
9108,1.8273102049990074e-05,0.7581146099125435,2053,256
9109,0.06539879607601161,0.9960080662458553,1925,256
9110,0.0200230794714239,0.7663049521681214,2141,256
9111,0.11898755978819389,0.2005778323531627,2155,256
9112,0.02730645508124353,0.7880907614219353,2103,256
9113,5.6658098885283135,0.601153141241039,2108,256
9114,0.0008698875231959238,0.7459600916318455,2039,256
9115,1.567024495757557,0.6655551532528181,2047,256
9116,1.3429227628277052,0.8660297467740902,1997,256
9117,0.0590110713277095,0.909537203189668,2006,256
9118,0.009545022710979597,0.0958456152956703,1963,256
9119,4.30629510771071,0.3521309504884183,1953,256
9120,4.249077236600683,0.7026108214067863,1957,256
9121,2.8120802559326132,0.6806165571281204,2000,256
9122,0.006296702726139323,0.8040243882243654,1987,256
9123,0.4765638760743941,0.9320178385488712,2058,256
9124,4.169424947003696,0.3108111059756374,2013,256
9125,3.784669599117098e-11,0.0984663024145671,2067,256
9126,0.003231831000517842,0.7940932438353214,1977,256
9127,0.12152308185874375,0.3527953337289741,1944,256
9128,0.21373583903025065,0.9521236614782856,1971,256
9129,0.7624095701540691,0.7038004862104842,2171,256
9130,0.00030712801759190557,0.1470403740513991,1947,256
9131,0.4131709171163996,0.1542281354089463,2126,256
9132,0.009298697902946048,0.6544396367029279,2116,256
9133,0.011914521782994257,0.1437017840223408,1952,256
9134,0.13268551952742627,0.0946408624493396,2036,256
9135,0.23575872307324308,0.1471360073109079,1984,256
9136,1.3881197022369538,0.8713784744541649,2039,256
9137,0.047651186563715274,0.636807876957502,1977,256
9138,0.6070552010749248,0.1073531081214256,2121,256
9139,0.018011501078353732,0.9863044645595576,1998,256
9140,9.7791379231058,0.9361807904336702,2027,256
9141,0.0006392118494820923,0.8851020871928089,1941,256
9142,0.003383565192122028,0.8241984795981234,2132,256
9143,0.07818720942194164,0.9740500099012218,2138,256
9144,0.010700079952785173,0.893876845304906,2024,256
9145,2.350103974282436,0.6857005208932333,2088,256
9146,0.045829414249106505,0.9619599621634572,2117,256
9147,0.05384342452370674,0.6232749860121328,1984,256
9148,0.18365357497011658,0.2072049978396277,2126,256
9149,14.08091230115624,0.2302477980597802,1923,256
9150,1.315006131983641,0.8490195709281915,2149,256
9151,0.0032275990675774244,0.7703485373672223,2056,256
9152,0.15269639197291446,0.7837854273241596,2091,256
9153,0.09755291734788017,0.1543927412695123,1932,256
9154,0.3953411089566709,0.4169775741546172,1949,256
9155,0.5038005045842058,0.7386825506065814,2156,256
9156,0.584603237042945,0.4144628489524999,2099,256
9157,1.0049243012920606,0.8975406245844154,2037,256
9158,0.048315184691784946,0.0775325185442695,2099,256
9159,2.4659390685611573,0.6235622346650532,2164,256
9160,1.831566568221602,0.7648315414838749,2103,256
9161,9.303303614445394e-06,0.6819628083162481,2028,256
9162,1.5189489808147485,0.8511161542473402,1985,256
9163,0.049579492048914715,0.3524330712027551,2013,256
9164,0.05571200741979303,0.5500295644368272,2106,256
9165,0.5188358493234825,0.9709436281521968,2031,256
9166,0.03157251054162067,0.3820288063602186,1979,256
9167,0.2422714408883377,0.2089905333790492,2056,256
9168,0.01229951462840803,0.5348825615376407,2036,256
9169,1.233106783449784,0.8952840629807736,2000,256
9170,0.010131267098572372,0.6691161732507991,2008,256
9171,0.12739361381722356,0.0698546419144747,2034,256
9172,0.00023110862038651348,0.6971588237781524,2008,256
9173,0.13545985142055667,0.6697219678678791,1939,256
9174,13.90106382158815,0.4941192278710647,1954,256
9175,0.5234379396720443,0.6956255059142379,1928,256
9176,0.01828972958914509,0.385437426489967,1984,256
9177,3.2063787359152705,0.225741744306356,2158,256
9178,1.1918629188604342,0.8373281238055218,1957,256
9179,1.0882514659799605e-05,0.7683594105781669,2176,256
9180,0.1218980824154792,0.553395977617542,2165,256
9181,0.04959457880005068,0.8474068403907674,2147,256
9182,5.135003330731218e-09,0.4419179679427975,1932,256
9183,0.00014029162062672277,0.590400862308285,2057,256
9184,1.1795157164931631,0.2361503321705428,1940,256
9185,0.0030469786576327066,0.5764159400108164,1957,256
9186,0.3526105248624662,0.3555087260508274,2097,256
9187,0.05484817609891259,0.834802882350974,2158,256
9188,2.0798791489016746,0.989779054737276,1965,256
9189,0.4724973237255693,0.4332224322649354,2153,256
9190,0.4191170097457308,0.6651032111371995,2175,256
9191,0.04688060415570457,0.1295814241981936,1963,256
9192,0.0008194506053797258,0.3516294413267158,2139,256
9193,4.267568075803022,0.2070780893865849,2167,256
9194,0.05933431295867037,0.237479712389053,2041,256
9195,0.5420895554396183,0.2180137439038744,2146,256
9196,1.8586203420712621,0.5674740630993551,1975,256
9197,13.650951518038505,0.633655511699839,2174,256
9198,2.066798019625666,0.545592391610372,2148,256
9199,0.40407152728546086,0.4396492681474758,2128,256
9200,0.12544154788996018,0.6639254566066517,2105,256
9201,1.4794693947361688,0.4724501190477158,1970,256
9202,0.013678311697171928,0.7299425309027875,1935,256
9203,0.01861329200522322,0.6602568788676236,2150,256
9204,0.018960720695654503,0.2888392039425067,2089,256
9205,0.37568198926455937,0.8345889303933947,2080,256
9206,0.05414962734294006,0.7721188665753339,2140,256
9207,2.7618586792828306,0.1581823338176828,1932,256
9208,0.36517294166495673,0.899590070920897,1957,256
9209,0.1358209651387318,0.6815423272437242,1929,256
9210,0.4215421332063533,0.5642126472103947,2107,256
9211,0.2408080319997756,0.4166778465727562,2051,256
9212,0.7264121998045603,0.9966788346046423,2011,256
9213,1.9912082132153648,0.3821866234135181,1934,256
9214,4.735673972697478,0.6144470215504918,1933,256
9215,1.0858951840989737,0.6599581776145377,2122,256
9216,1.1103998761120744,0.3002160488397177,1991,256
9217,4.211022559994034,0.9234014950774002,2161,256
9218,0.0009726742002722306,0.9312820553228112,2154,256
9219,0.2760941697925878,0.4230170032621935,2017,256
9220,0.23247865116896946,0.716501246626292,2121,256
9221,0.0034653884586305717,0.7272576221910145,2015,256
9222,0.8145012937111334,0.444946209730541,2012,256
9223,0.038017714188507024,0.1159286855678561,2006,256
9224,4.466804288780841,0.7347832310868216,1928,256
9225,0.006539052553618457,0.1450241493774399,2017,256
9226,0.5337850568214059,0.9706848676115762,2142,256
9227,0.009199685543272542,0.698286164822441,2169,256
9228,1.6411108930933092,0.8376127776436405,2003,256
9229,0.2566876852679842,0.9858871507666476,2083,256
9230,9.913779991595036e-07,0.287412025054552,2025,256
9231,0.005938213557578455,0.6777249525131032,2022,256
9232,0.016281065352562116,0.2684820027681635,2096,256
9233,0.13937704397491746,0.1153834271752805,2150,256
9234,0.010163327842203695,0.5198454279809352,1956,256
9235,0.027341424530346714,0.1288616447823807,2116,256
9236,4.382653413926714,0.4402072226513596,2159,256
9237,0.13760648198820224,0.1500373039400692,2060,256
9238,0.36654754059473926,0.7248866199102361,2026,256
9239,1.377761863986863,0.5544212202627098,2159,256
9240,0.18777037297130414,0.5378787979947751,2013,256
9241,0.1468222205664302,0.9480398561338538,2069,256
9242,0.31330070243183833,0.6808953342530495,2131,256
9243,0.009212792959389786,0.0150643361576726,2051,256
9244,0.5800042021571572,0.4444364152980939,1944,256
9245,8.842873122796302,0.6913291673405417,2016,256
9246,3.241340618839183,0.7495455168524477,1969,256
9247,0.28519439158131116,0.9524849525333894,2128,256
9248,0.1185112776658627,0.733572932128769,1973,256
9249,0.011552329749207451,0.6005580973236172,2159,256
9250,0.9574972711499508,0.0897056274663321,2130,256
9251,0.07039033444157475,0.5530262313005463,2151,256
9252,0.9054804515167806,0.65640831108271,1947,256
9253,0.6024239818370275,0.6463783939608678,1974,256
9254,0.0020703008967459463,0.1618449727035126,2095,256
9255,0.07166592607618424,0.7718867667867226,2136,256
9256,2.129445309655238e-12,0.0105250284620453,2039,256
9257,0.01965082556460062,0.2837434515381146,2030,256
9258,3.0394114344347396,0.8230701508811263,1943,256
9259,0.0013384405084656452,0.7680034491821958,1968,256
9260,0.0056991795064746074,0.0841450550839387,2094,256
9261,0.008288485943868745,0.1305660627946363,1949,256
9262,0.011123525344087313,0.6648370229650254,1940,256
9263,0.08553769298734534,0.1737908850064957,2150,256
9264,0.004883518138742679,0.7476123273469386,2132,256
9265,0.0020323808643090764,0.1861043299663788,1986,256
9266,3.225733945250974,0.5995106462075693,2025,256
9267,0.0498981639123282,0.1586939302921208,2079,256
9268,0.6542727850221927,0.9270167576620808,1938,256
9269,0.006890664527736975,0.2908507848257073,2008,256
9270,0.13980760776672244,0.5356655080874011,2023,256
9271,0.12496074876609281,0.6778625432612112,1946,256
9272,0.21689460412458722,0.128515687179057,1990,256
9273,0.8781419493347021,0.9151838343958032,2033,256
9274,0.11684628147122456,0.6729816696785191,1950,256
9275,0.28399762041318993,0.6224332419684808,2015,256
9276,1.3107798909001775,0.478753796173702,2140,256
9277,0.6598768164935783,0.9112161060374768,2058,256
9278,0.013228627252455206,0.8223589563269551,1983,256
9279,0.001144257123298743,0.1637250898997223,2155,256
9280,0.001967531267906897,0.8377436472981824,1966,256
9281,1.5918287531142679,0.0050887794810811,2004,256
9282,0.29909688941855567,0.4697379506834509,2111,256
9283,1.6232525527152915,0.0741187283706064,1927,256
9284,2.964137224031261,0.5135916924649256,1997,256
9285,0.1570610231070886,0.4582604853458643,1921,256
9286,0.11290759789911099,0.0285247364784064,2049,256
9287,0.39942693519276135,0.2355935692345218,2141,256
9288,0.010719214464609024,0.2024511452994248,2123,256
9289,7.381049146150916e-05,0.5089800017083663,2128,256
9290,0.03769951135043965,0.0346856463104613,1968,256
9291,0.0023158874006079075,0.6051558100096615,2035,256
9292,2.294638136110806,0.0483017491721574,1982,256
9293,8.869455702899479e-06,0.23357696207913,2116,256
9294,1.2257701868724882,0.6935642730679863,1934,256
9295,1.1277070550660457,0.6367518873972089,1925,256
9296,2.8194091814855815,0.4062137744273947,1978,256
9297,0.12870560638205172,0.0138159444629057,2168,256
9298,1.0551923447875697,0.8449707905073789,2164,256
9299,0.12127313882069701,0.3349212093556657,2033,256
9300,0.22263014441169326,0.7360720419963855,2162,256
9301,0.19735599081858865,0.9676534033757952,2062,256
9302,0.9225146084093696,0.105644342280526,2070,256
9303,0.26276872851981303,0.6906256954661821,1993,256
9304,0.2361511214355926,0.6697081267379887,2063,256
9305,3.3488862156372377,0.9646149204338968,2022,256
9306,0.028910129149088935,0.6504674704066119,1994,256
9307,0.09758032796734585,0.8292254498938672,2127,256
9308,2.246713797403999,0.3050879936175716,2056,256
9309,1.1993500833895057,0.3384962031983494,1956,256
9310,0.5052219318274942,0.2016536438111764,2080,256
9311,0.04593781398661975,0.0977638866755276,2084,256
9312,1.0904403336239634e-05,0.5887886401781967,2127,256
9313,2.5234015525771865,0.400136077284262,2149,256
9314,0.0005396698724930056,0.930792948794308,2157,256
9315,0.003135311421932371,0.3987655946474728,2130,256
9316,1.4643627025951167,0.2626122141439365,2070,256
9317,5.060535882832479e-07,0.9465451968003686,2099,256
9318,0.13312432660546636,0.3277760170720186,2083,256
9319,0.16393530924478356,0.5228430409155111,2133,256
9320,2.591005602485648,0.8863839096678905,2159,256
9321,1.2574536894402966e-08,0.1348209745225503,2167,256
9322,0.25402793962262216,0.6613296323435189,2147,256
9323,0.2762693043410664,0.6233594699923022,2050,256
9324,1.9485141767588767,0.4448601537008654,2155,256
9325,0.13034274139780877,0.972276837959276,1926,256
9326,5.026703145477922,0.2877295266485244,2117,256
9327,0.39718504094071644,0.4144275654094915,1935,256
9328,0.6222579222014851,0.2914603693687458,1924,256
9329,0.004122272655207793,0.1656036229445663,2019,256
9330,4.09490424513126,0.2145646566599859,2046,256
9331,3.4006752268743735e-06,0.4590407464529717,1943,256
9332,0.18956110927701092,0.5921029336883927,2100,256
9333,3.1578512360089466,0.4490725429176709,2036,256
9334,0.8979487655956856,0.6924118766312513,2110,256
9335,0.3269596882314057,0.7075565455134699,2075,256
9336,3.349644161195759,0.6789587774772274,1934,256
9337,0.42029667060865333,0.2893871972476509,2025,256
9338,0.7958486139422553,0.4765744765053007,2068,256
9339,0.021769231860267635,0.0156937777488296,2125,256
9340,0.0028641644736305616,0.4972404199538661,2059,256
9341,1.7732088618584112,0.4622442767535166,1997,256
9342,3.0859519524293537,0.3057030587029387,2145,256
9343,8.48763075822922e-13,0.2686862486262232,2011,256
9344,0.1768942944283147,0.7555136715800015,2135,256
9345,0.026265495784257166,0.897101206160109,2038,256
9346,1.912040904504183,0.8023810231731312,1988,256
9347,0.9508444096604659,0.2052618439642607,2005,256
9348,0.05162331717911979,0.1474130884414373,2132,256
9349,0.07280079883941412,0.4784063506011395,1938,256
9350,0.1559130979775115,0.8980595179462909,2081,256
9351,1.1987946770002194e-05,0.9354126764630186,2111,256
9352,0.022595358137263766,0.7868817057175341,2138,256
9353,0.0001908864945720711,0.3591990360053256,2124,256
9354,0.8965640924656031,0.6434318644565401,2073,256
9355,0.7613632911113353,0.3570605957634046,1961,256
9356,0.000306847653705264,0.0018699948650158,2011,256
9357,0.006343217615332388,0.0741178872468469,2124,256
9358,0.45563231691281714,0.1881054796647703,2167,256
9359,3.11121747140761,0.7899341786047342,2109,256
9360,0.041001284034175495,0.5011841564255795,2016,256
9361,0.722759883959465,0.1729943530824541,1940,256
9362,0.0017187706556776464,0.0444916148159242,2097,256
9363,1.3449175678185563,0.1242654217659837,1994,256
9364,0.26777082300810906,0.5574591481268917,2151,256
9365,0.06598380225340941,0.3481045316227744,1933,256
9366,1.6979271802601663,0.792970269369624,1976,256
9367,0.02736786581243764,0.3104839832492139,2072,256
9368,9.524545880134287e-06,0.5290466728112565,2042,256
9369,0.040079141834248586,0.5527113733632005,2137,256
9370,3.955140053258604,0.7125160462802118,1921,256
9371,3.6431334365575396,0.9220693236263188,2172,256
9372,0.4582035275979961,0.5995666055467221,1976,256
9373,0.06531752878466364,0.4838542144879798,2051,256
9374,2.474660450755537,0.0792413450643463,1966,256
9375,1.9102997088917761,0.9614932377097892,1980,256
9376,0.2754775880120049,0.7266722067311386,2127,256
9377,0.9729186380901939,0.7979967147439874,2155,256
9378,0.01658393794904823,0.0508042936651381,2167,256
9379,0.1456416146256378,0.3414547737535396,2014,256
9380,0.2009675673189249,0.1166342650167684,2066,256
9381,0.0015954445917465143,0.3329623773176599,2140,256
9382,0.003733853066762369,0.2947193705179161,2137,256
9383,0.0001011475019438905,0.9712268726775004,2118,256
9384,1.0954466734149175e-06,0.0752668736332117,2152,256
9385,0.09078848507262231,0.6475892900628212,2025,256
9386,0.00022820126664618504,0.9687078234602274,2162,256
9387,0.21687388181220205,0.95342016331674,2120,256
9388,1.2879854118212732,0.2428750978989776,2116,256
9389,0.01518459680639146,0.5888099014227627,2033,256
9390,0.01341980020827073,0.1523350470353017,1943,256
9391,0.3013182610778305,0.6224277673404923,1955,256
9392,0.6608681967889203,0.5232370347936923,2062,256
9393,0.012240583082975869,0.7006836545709265,1987,256
9394,1.3312347755779417,0.4165769319222999,1971,256
9395,0.6440462278550355,0.62446172523609,2050,256
9396,4.088652055136105,0.5350703613473904,2032,256
9397,9.212637113744545,0.7585730703140429,2006,256
9398,5.209057588190302,0.4963009492887501,2055,256
9399,0.7603554362423902,0.6324430304548817,2156,256
9400,4.4412919238405495,0.3867934495391935,2044,256
9401,0.0029546109780357235,0.3258773753230679,1951,256
9402,4.1501513542598945,0.7126306779152234,2026,256
9403,1.104492854205363,0.2449840186087492,2126,256
9404,0.000140930679969169,0.9332299195671354,1939,256
9405,0.0010473528117126,0.0429927278528409,1956,256
9406,3.0592062344130118,0.3650160621291364,2128,256
9407,2.14661015930121,0.959617404093868,1997,256
9408,1.6684427685798624,0.0320515137315831,1993,256
9409,13.779596148843899,0.519261173117964,2087,256
9410,0.43468377844528405,0.3291435127263034,2138,256
9411,1.369838762241276e-07,0.7091046704628772,1928,256
9412,0.050126915173507106,0.7905502178696507,2153,256
9413,0.05958100751385692,0.1287808076712441,2170,256
9414,0.0011126059312937609,0.1602168732497715,1967,256
9415,0.0002630838015103555,0.6301175028708716,1998,256
9416,0.005762677027382475,0.0509565278451571,1964,256
9417,2.2243601207167116,0.5040500405986249,2117,256
9418,2.056316046589293e-05,0.6833618803352184,1949,256
9419,2.740226341043692,0.7717578498344764,2045,256
9420,2.992026807405963,0.7288840829822969,2132,256
9421,0.5983563555236964,0.2963102222940732,2065,256
9422,0.2537912959479776,0.601540477262671,2090,256
9423,0.12847769954465707,0.9309802262680684,2029,256
9424,0.14102036532538895,0.5510555097997387,1939,256
9425,0.0012180245181298947,0.2814973635480337,2113,256
9426,4.445589768254642,0.4704403977004464,1956,256
9427,0.45605978034838707,0.5909140753615341,2024,256
9428,0.5226922244493583,0.442444480127664,1934,256
9429,0.013591007996588774,0.0760659153394065,2160,256
9430,0.0006208267283290799,0.8090704281910588,1949,256
9431,0.22730798471573121,0.5699990733123678,2119,256
9432,0.5043026712515386,0.9701837578100893,2109,256
9433,0.016071695178301666,0.9172171576966816,2086,256
9434,0.26589364759553513,0.4155969059066157,2010,256
9435,0.48240182047053876,0.678681014454395,2167,256
9436,1.3448835243418233,0.6854303897460541,2006,256
9437,0.00012385388055391052,0.3012252871463243,1982,256
9438,0.2148136884871007,0.3894581134418905,2065,256
9439,0.001990136137616297,0.7667170681155081,1949,256
9440,0.0026074372655804775,0.5546410439537187,2139,256
9441,0.00020091482508439104,0.3228938621948956,2136,256
9442,3.568565947433829e-05,0.2750098952746799,2154,256
9443,0.0003149364221829156,0.4294341846127637,2120,256
9444,0.015632574329160532,0.0594607984475347,2119,256
9445,9.988033972669612e-08,0.3050848235921104,1999,256
9446,0.22584232106133056,0.6463909185798642,2098,256
9447,0.7316564069707318,0.011773972125324,2016,256
9448,0.7842596660058956,0.8498959707046781,2149,256
9449,3.7610628019851454e-06,0.006095319540156,2170,256
9450,6.87247703243486e-05,0.1023425991866595,2069,256
9451,3.797232218372782,0.5180703426798872,2124,256
9452,0.525061847853013,0.0860923586243912,2034,256
9453,0.0015116892032607083,0.5519640481810001,2029,256
9454,1.325856296892762,0.257375423053098,2174,256
9455,1.293968000771479,0.5496598221648097,2083,256
9456,1.2066439950819918,0.5902663640217801,2130,256
9457,0.10722792863328547,0.150132421973135,1937,256
9458,0.3146660105302046,0.1953360184529501,2087,256
9459,1.8573329131792573e-05,0.4392977479073234,1985,256
9460,1.8273583338652797,0.6567781121959015,2133,256
9461,0.04151108010168334,0.900022449000011,1988,256
9462,1.337868510298686,0.8226552716204532,1949,256
9463,0.0705747615768277,0.4950481520858893,2051,256
9464,0.0323961099556274,0.2347509465040571,2099,256
9465,3.9117949179275135,0.5279713953471601,2161,256
9466,0.01562422773958074,0.8001584552964861,2166,256
9467,0.5466492807379902,0.545050614869245,1946,256
9468,0.14374507726894642,0.1790306570650387,2112,256
9469,0.0007804616758937308,0.3210473420418898,2028,256
9470,0.2878052763591955,0.8269360237037414,2103,256
9471,0.01863072838195634,0.986981917682322,2097,256
9472,0.09324005232647163,0.1121746505678292,2036,256
9473,0.4052829890463075,0.7496175803014274,2129,256
9474,0.0026410580962836308,0.9134293004895112,2165,256
9475,0.0023659225562288437,0.6675249004532192,2002,256
9476,0.0004447614814009366,0.5362784384126147,2003,256
9477,0.6929956222172409,0.1328004670246724,2121,256
9478,0.7114361285650725,0.9406126161082838,2124,256
9479,0.131424500033279,0.961348429507504,1942,256
9480,0.021672541751474175,0.097995837667602,2101,256
9481,0.09072699431480434,0.9562667532571196,2034,256
9482,0.6704525574160038,0.8299775896256126,1955,256
9483,0.05174790780099421,0.3430005326515893,1937,256
9484,0.009038246284316945,0.5703358396023912,2154,256
9485,9.597482075749883e-08,0.3095329493229128,1941,256
9486,0.8319477605968205,0.7940159746806374,2141,256
9487,9.501462145725887,0.8975275998178114,2104,256
9488,0.2364208085809938,0.0314720614850828,2103,256
9489,0.31526491584492383,0.7964511039669031,2041,256
9490,0.04181785384863669,0.1517373355143125,2174,256
9491,0.021403032805497223,0.563139277090412,2163,256
9492,0.30940228200497427,0.3737475838016701,1965,256
9493,0.08488268050172877,0.6787989462637491,1959,256
9494,0.0039032964657587407,0.6714128917831866,2173,256
9495,0.30257504177361383,0.8063851209624048,2162,256
9496,0.0012792592257928014,0.7941817212568799,1957,256
9497,8.777868735613547,0.0529528472312171,1975,256
9498,0.8217887028818305,0.4428653173565752,2073,256
9499,0.0029263337089747454,0.1159839274160202,2132,256
9500,0.017620405886846196,0.5570167860702361,2080,256
9501,0.00043426425471221244,0.0136445151314215,2071,256
9502,0.24394908455903005,0.5940070445140534,2082,256
9503,0.0006148043989906558,0.5499415749359444,1964,256
9504,0.001647566712177569,0.355146040840302,2149,256
9505,0.002971732026589631,0.2750543119728433,2016,256
9506,2.171313979246776e-06,0.8749018087994241,2025,256
9507,0.09007002677416873,0.2305499625520554,2130,256
9508,4.62379396460946,0.2459267499946392,2138,256
9509,0.9131986962915832,0.2484254475407731,1939,256
9510,2.2452594275573197,0.4871699746100125,2175,256
9511,16.01449676668043,0.3656862862937992,1967,256
9512,0.7647269717968287,0.0580300261266281,2174,256
9513,0.00018680232598422677,0.0024657005295447,1926,256
9514,2.0209696202939413e-06,0.9402642552387444,2136,256
9515,0.21000665690896442,0.060689731816357,2163,256
9516,5.678996215934096,0.824190607375867,2018,256
9517,0.004675012074383904,0.2780800190557183,2136,256
9518,1.481594509829872,0.8443028087272253,1926,256
9519,0.35322796724257044,0.4044938679826919,2125,256
9520,0.01685786079137412,0.8700837920432007,2100,256
9521,1.7540455212287576,0.5576598283245061,2053,256
9522,3.7043317881838873,0.1327153648113848,2072,256
9523,3.924965279582843e-09,0.3312123193549279,1952,256
9524,0.29645404555443683,0.716780418382207,2115,256
9525,3.988128448184753,0.685012636343029,2055,256
9526,0.31718791698023413,0.5576549268854318,1935,256
9527,1.3115754828440873,0.4187267648616042,1935,256
9528,0.009682988141300156,0.0148714099394079,1928,256
9529,1.3488025971154964,0.4571712578038349,2151,256
9530,1.5096118395083985e-07,0.819556446494158,1976,256
9531,0.07302342751648215,0.3180896999574212,2120,256
9532,3.300160609417313,0.5238153110529635,2144,256
9533,0.08994710414084989,0.1756206396509417,1951,256
9534,0.02933730310019036,0.9384394014072044,2126,256
9535,0.8408798746418193,0.9850810814805429,2163,256
9536,1.3839978540567366,0.818405343349817,2110,256
9537,0.3406405312150746,0.9770514085300268,2014,256
9538,6.719209607744801,0.4648266415226115,2152,256
9539,0.18942374672976803,0.3625495505030314,2041,256
9540,2.464446813796814,0.307271849962443,2002,256
9541,0.126163725175464,0.2106830433037297,1936,256
9542,0.0002477725585911929,0.535419977978518,2009,256
9543,0.05121250138255976,0.667642748591621,1928,256
9544,0.011717724418898722,0.2924189118519751,2012,256
9545,4.06356017497218,0.3314062444982095,2011,256
9546,0.009674877953154585,0.649912352764952,1994,256
9547,1.5635260902202475,0.5287162870736267,2063,256
9548,0.017685989813865825,0.6576068762904791,1956,256
9549,0.0019264976025207324,0.388909174895336,2051,256
9550,0.35835513063187957,0.791106044047061,2000,256
9551,0.05085542013705497,0.8547107208768754,1990,256
9552,1.5123231861748243,0.1211987783390016,2020,256
9553,0.497142793192096,0.0096454497370668,2014,256
9554,3.3195539264296876,0.4642839506944798,2099,256
9555,0.004088136407538214,0.6709737258210065,2106,256
9556,1.9647102471092346,0.945647145534966,2087,256
9557,0.8838840322710066,0.9018641752430384,2147,256
9558,0.40433940598307055,0.7268846785499167,2014,256
9559,0.4050083960816989,0.3791572337824364,2071,256
9560,0.11043985332871595,0.8071397960124682,2007,256
9561,0.009191157636985657,0.6054774646489178,1995,256
9562,1.167722785405235,0.6355661249968384,2013,256
9563,0.22647281568945465,0.3942394727795238,1924,256
9564,2.2277501943608793e-06,0.0014616236600738,2046,256
9565,0.020881995052973373,0.0183425396043356,2158,256
9566,0.08225777342384594,0.8516612850137293,2062,256
9567,0.0015346736063980542,0.4094103922439293,1968,256
9568,2.0811861585394036,0.3547797726893077,1951,256
9569,0.3443759706951417,0.985888895334208,2060,256
9570,0.0012749453912884706,0.0826551113821602,2106,256
9571,1.763845081376477,0.4496361702263907,2139,256
9572,0.005930436810771867,0.819922597352,2115,256
9573,3.5444958782711242,0.4783615765720487,2102,256
9574,0.02578188205025448,0.5174821739744183,2066,256
9575,1.7129707101908935,0.4618742754608874,2144,256
9576,0.006008390246641704,0.7066572753326686,1994,256
9577,0.13057408012739197,0.9104303588457,2162,256
9578,2.8248342683133036,0.9505101528890646,2171,256
9579,2.3066393996318775,0.287384806058799,2172,256
9580,2.434587995048487,0.4913777516622852,1959,256
9581,0.00023234486782958212,0.8099353577005775,2126,256
9582,2.493778923807843e-05,0.8114423284887394,2161,256
9583,4.292520626984307,0.6572546746830565,1944,256
9584,0.1269647951362061,0.1954486808868073,1995,256
9585,1.9001266787142685,0.7718001852486528,1982,256
9586,0.17488583807146577,0.8951203883248161,2106,256
9587,0.45379018294088996,0.7969467270022588,2023,256
9588,5.886023637217324,0.6725193906414139,1940,256
9589,0.08600351139851106,0.8947724427276296,2078,256
9590,1.869011684959183,0.5352892715925919,1988,256
9591,0.07967751602157111,0.8425697140519055,1922,256
9592,0.0069358188006644035,0.6944306254734045,1921,256
9593,0.0032837231748004086,0.219660159648164,2082,256
9594,0.025751636015420472,0.7042685412711129,1954,256
9595,0.0002834823386963949,0.3004780466043026,2026,256
9596,1.201479641862094,0.7812076929611029,1976,256
9597,0.8109198259386381,0.2738251271952021,2000,256
9598,0.09464118630143255,0.0367899572272735,1965,256
9599,3.8050292569704856,0.046143013340934,1993,256
9600,0.05018480477676006,0.3746868005808191,1965,256
9601,5.976254003429335,0.1332603675000432,2080,256
9602,0.005016534295358607,0.0070036615613412,2171,256
9603,0.0012443310388014573,0.706639945348068,1952,256
9604,3.4814699706708816,0.3321158258396997,2052,256
9605,1.9325562004689003,0.6596766134339378,2023,256
9606,1.7186485598068335,0.8637215313296313,2122,256
9607,0.001800054846076923,0.6380661232733998,2009,256
9608,1.423340294195696,0.8618285012113573,1977,256
9609,0.2719818904988462,0.1128045488056095,2090,256
9610,2.0728616926087042,0.5228221827874295,2092,256
9611,0.06338967774458067,0.2288531860652186,1959,256
9612,1.3053653288318283,0.9959674631269192,1935,256
9613,7.937646849725741e-05,0.8638715860865375,2012,256
9614,2.3130681025086863,0.8186860502388559,1975,256
9615,1.1972332969257518,0.8575413709164026,1926,256
9616,0.8386403449720616,0.9298609997425632,2051,256
9617,0.910304962491319,0.1385356448428335,1967,256
9618,5.2414393863490604e-08,0.0946489364958046,1992,256
9619,0.060628475796310935,0.7138428707151847,2038,256
9620,0.02055363081949198,0.6558937117487595,1997,256
9621,0.873978466840316,0.8631985613018602,2012,256
9622,0.03768676957525486,0.4757982359934317,2119,256
9623,0.4626131106701561,0.371171351958226,2122,256
9624,0.7043444485442564,0.4732678453140359,1974,256
9625,0.0026067578405930465,0.0141099664194335,2104,256
9626,0.0026792028799455525,0.0575414585592333,2039,256
9627,0.021588942890419266,0.9531673396321154,2095,256
9628,0.40450579258441544,0.3624364800753108,2160,256
9629,0.41209621179037254,0.0474066205845293,2058,256
9630,6.901341464845016,0.3785710530622065,2117,256
9631,0.2895353131561962,0.01419373920842,2040,256
9632,0.2710487037293066,0.128738745017145,1950,256
9633,0.004211005640027326,0.565303773467256,1976,256
9634,3.68867531283977,0.4453003972819653,2049,256
9635,6.50480922248842e-06,0.5233400172705437,2023,256
9636,3.5370438294479727,0.5475962631606003,2072,256
9637,1.2998522191801665,0.2518260686662953,2024,256
9638,0.00015413574160140405,0.2772480097275632,2171,256
9639,1.3776521918644626,0.7421615197031796,1927,256
9640,1.574888969950947,0.9394586792561652,2135,256
9641,2.8765203491898137,0.6066597147333126,2141,256
9642,0.7683974846828795,0.7157428264769765,2117,256
9643,0.2623295299592415,0.822381455508813,2139,256
9644,0.07542365635685824,0.1213017530921887,1946,256
9645,0.0001771329581967543,0.3391655126497821,2176,256
9646,0.005615184110930405,0.5580039965503054,2162,256
9647,0.00041732186101455117,0.2452451471107121,2040,256
9648,0.011998648257150336,0.3416690348252593,1961,256
9649,0.5587324378609394,0.2220178674088994,2090,256
9650,0.01046825306926366,0.9025703047700042,2174,256
9651,1.7011220394301425,0.7425528068326599,2033,256
9652,2.419199714019878e-06,0.162810610931026,2091,256
9653,0.7908293267574416,0.0113078570042771,2000,256
9654,0.3289025221369854,0.5950388380244461,2138,256
9655,0.21741586165173438,0.7605509776686072,2092,256
9656,5.169748990920187e-05,0.7348276637929191,2084,256
9657,1.2665876872978485,0.5572291738671452,2068,256
9658,0.11792805683357911,0.8733262302908916,2075,256
9659,0.02175744130526206,0.9889428708892536,2139,256
9660,0.15293021601515394,0.8279399237717809,2170,256
9661,0.9221416583866682,0.6341246900852557,2032,256
9662,5.255090167352827,0.3769605256337073,1948,256
9663,2.0460545140805873e-05,0.671193093395971,2091,256
9664,5.110481873185537,0.3460764310764062,2107,256
9665,0.045362447663695175,0.5134576604691539,2023,256
9666,0.39543752971920193,0.2462443011132078,2105,256
9667,0.05593025782867313,0.9087694099955612,1935,256
9668,0.006928959371340382,0.965257555638472,2167,256
9669,1.355450790130977,0.2695913890975397,2088,256
9670,0.7739312432997592,0.3844780238949888,2122,256
9671,0.03015764001497696,0.1942964801527508,2117,256
9672,1.3444933747090764,0.546915693169932,2037,256
9673,0.17266671666151312,0.0589879623171638,2058,256
9674,0.2957105247313341,0.6006566301997295,2168,256
9675,1.824634736705058,0.8944433479682776,1968,256
9676,0.14574393346071174,0.7938080338610192,2041,256
9677,3.4661382965764975,0.9287403505119234,2070,256
9678,0.021017001150411958,0.0431050124068224,2099,256
9679,2.505940104116777e-05,0.8023628897811764,2066,256
9680,5.119110399186423,0.1647194939124301,2097,256
9681,0.006041266238513805,0.6053647692252301,2042,256
9682,0.035205488331814604,0.6427752083660949,1935,256
9683,1.8828312792014996e-05,0.356979687056607,1955,256
9684,0.6514144578932229,0.2818690924016056,1934,256
9685,2.2534963797008145,0.6883021711763616,2078,256
9686,0.9577001881805071,0.8151691126163365,2018,256
9687,0.0042539652117583706,0.083430198066409,1979,256
9688,1.450095197364354,0.9763259123732516,2107,256
9689,1.9562505174757199,0.8244143706499228,2005,256
9690,0.001297996469712222,0.5058012533931701,2029,256
9691,0.5264772184503238,0.0091477641579533,2155,256
9692,0.9829416722304357,0.0368829488360711,2162,256
9693,0.20925132125671816,0.3135794909111927,2016,256
9694,1.4066581709136845,0.9644051304420876,1962,256
9695,0.06264984086514915,0.426092912076455,2003,256
9696,1.6619803746688098,0.4792980020767806,2069,256
9697,5.768219313072378,0.4680207947814673,2098,256
9698,0.2452898176619019,0.9964354103891476,2131,256
9699,0.2331322074996034,0.4411208380919207,2099,256
9700,1.497518787986625,0.434447371653199,2037,256
9701,3.4957366788268245e-06,0.5628633186781998,1975,256
9702,0.0008427191104284819,0.1048433118889262,2132,256
9703,0.18421971679619448,0.3180660557920248,2090,256
9704,2.3044118377481557,0.4097452199190864,2128,256
9705,0.0015153579936787813,0.8690316857019091,2053,256
9706,0.003533170728230664,0.7355218466609411,2159,256
9707,0.01880358251621056,0.2956089016885675,2137,256
9708,0.36881304440477836,0.5573151931721999,1951,256
9709,0.0016188198665449541,0.3284393708416371,2166,256
9710,1.3565512493747427,0.7056160422111527,1936,256
9711,0.019719381867282563,0.3348802772666953,1928,256
9712,0.01503840778780662,0.0754250067887537,2126,256
9713,0.5956628989333881,0.7198019217336397,2099,256
9714,9.687669032393906e-05,0.8954392964750684,1950,256
9715,0.0012383887672245849,0.6537627726128862,2044,256
9716,5.022620705722823,0.3544931705167958,2042,256
9717,0.32786216384726663,0.0420261854375118,1957,256
9718,5.979437937582489,0.5765196352424555,2104,256
9719,6.025707689316359,0.5040742770581377,1985,256
9720,0.0001268424465693644,0.3022570496798846,1946,256
9721,1.3100541756625448,0.8017128615072732,2172,256
9722,0.8476789952333363,0.103122665040684,1988,256
9723,0.26642347902055935,0.8996379448976577,1955,256
9724,0.0070990478149976,0.811938757276056,1943,256
9725,0.7365844335182798,0.4036224640950101,2014,256
9726,0.2798889351248856,0.3037569777991871,2063,256
9727,0.01819547905880632,0.5598396672579082,1967,256
9728,0.033512411750841416,0.817928829949386,2059,256
9729,0.06250528161845899,0.4445127036995264,2044,256
9730,0.16305610550280336,0.6565862881461109,2125,256
9731,7.500777711672998,0.3802760703683644,1977,256
9732,0.0073945142450278075,0.4428218542046537,2128,256
9733,1.7972887233779102,0.6065291482476808,2004,256
9734,1.620592942798553,0.3341192613963776,2011,256
9735,0.019459433493209864,0.9789892795417524,1980,256
9736,0.18276528235319375,0.0868596194255069,2036,256
9737,0.057667193561822844,0.1903267538778604,2169,256
9738,0.2729876656621538,0.6030755183000643,2119,256
9739,1.3125960850439866,0.4613610268389224,2106,256
9740,0.1728968021923042,0.4605387131527448,2095,256
9741,0.009016862947849891,0.7242518276081844,2145,256
9742,0.11719871107536863,0.0804733644656096,2130,256
9743,0.03714801459291662,0.5124509406569414,2140,256
9744,2.6023287949446626e-09,0.9791838235337846,1958,256
9745,3.5374349112197367,0.4705271455433135,1955,256
9746,0.01962196733650349,0.9462608982244036,1935,256
9747,0.1528519933741324,0.5814784616470855,2154,256
9748,0.43945087038143954,0.7607721987261444,1984,256
9749,0.0016886746495338692,0.5729958436002259,1934,256
9750,0.47772072706907004,0.0555870488343622,2025,256
9751,0.44010847214698107,0.8931487110976526,2008,256
9752,0.6050905653982822,0.0683036659955007,2015,256
9753,4.706761628596994e-05,0.7226303830715024,2160,256
9754,0.09852623136795483,0.8927704823711997,1931,256
9755,0.1829101636684717,0.7269497420258181,1965,256
9756,0.00010725865481128451,0.2107467507197984,2055,256
9757,0.03203447149726501,0.766392001827463,2023,256
9758,0.21988635686612518,0.1656716811776876,1938,256
9759,2.4791579016977647,0.1635234042917021,2085,256
9760,0.002370559496987582,0.4166348029957193,2133,256
9761,8.50141927522118,0.4833572241162784,2108,256
9762,0.00043027070751080885,0.7432198965318927,2026,256
9763,0.0009995215597910637,0.9374239535089194,2078,256
9764,0.0023094696643047425,0.7112803951120117,2163,256
9765,2.0523870493488685,0.2912521409786434,2069,256
9766,0.00011863718201904045,0.314225290212886,2093,256
9767,0.1549802755145842,0.6413631137030694,2098,256
9768,0.6143738578300381,0.3182373739500543,1973,256
9769,3.7584259016817088,0.4748915185367298,2004,256
9770,4.576371722140972e-05,0.2196299025368223,2173,256
9771,0.4006453174472006,0.1227889548362539,1995,256
9772,6.514885264696815e-05,0.3636398889607436,1927,256
9773,0.0001156202376807713,0.0597693630157533,2070,256
9774,2.344031295800373,0.0820933431953097,2123,256
9775,0.2802194365473639,0.9687552587359164,2038,256
9776,0.004407229335802172,0.6474231564065809,2161,256
9777,0.9217842394073338,0.6633838427421022,1932,256
9778,4.367120700764524e-05,0.5880355024259399,2079,256
9779,0.0004515558343079973,0.1126879866555663,1980,256
9780,1.4377013243634538,0.7981791003423747,2171,256
9781,1.4906925953563445e-05,0.7305693249343531,2124,256
9782,0.011689263243906803,0.0744884760298073,2029,256
9783,0.0009519995289930983,0.2519254928930569,2092,256
9784,0.041885217187706575,0.0415393702975384,2106,256
9785,0.7615425348315107,0.8322922200126587,2008,256
9786,0.12040038225704248,0.6516326016785147,2097,256
9787,0.0007802112764701181,0.7308650664587323,2054,256
9788,1.3130162485394987,0.4881377543928334,2109,256
9789,0.00016748043868138466,0.52502560170258,2089,256
9790,0.022123726894095985,0.5539022846900473,2170,256
9791,0.28594107078800224,0.7375519308116888,2102,256
9792,4.487339718374268,0.3168117359082197,2101,256
9793,0.0007686180959564547,0.4676657973460089,2093,256
9794,0.000124138771646102,0.9218820345280836,2144,256
9795,0.08868345860260031,0.2996725230208349,1972,256
9796,1.280000662458384,0.108001531222222,2157,256
9797,0.29547296031088627,0.3622481563001137,2157,256
9798,0.0035761672310184733,0.5634416200549949,2168,256
9799,0.0030375805266294707,0.3736415778856138,2114,256
9800,0.0021997828710520334,0.5449849628796533,2009,256
9801,0.18511137966947042,0.5245961407276162,1960,256
9802,0.008796951622155736,0.152694269471977,2066,256
9803,0.005174103695626607,0.2900078861289263,2068,256
9804,2.7525811925650796,0.3134373068422728,2146,256
9805,0.15937820118272503,0.0262616203096004,2020,256
9806,1.262450291887524,0.826651022561285,1996,256
9807,0.02115186986965305,0.6222450878008933,2130,256
9808,2.953296389835167,0.0634516616145943,1963,256
9809,9.171067855547912,0.8680390021090973,1986,256
9810,0.00020995043052071387,0.4928731076703309,1983,256
9811,0.7889055475006879,0.2921336623926149,2080,256
9812,0.24439548353882334,0.4853279002166608,1981,256
9813,3.392478439106254e-07,0.1868556901064565,1972,256
9814,2.014277540484156,0.4814339195718904,1951,256
9815,0.01124679909676249,0.1111669642614636,1958,256
9816,2.238928736905677,0.4116610082070918,2116,256
9817,0.05564562400847259,0.2421898511851986,2092,256
9818,1.6319182513487756,0.1854149152279486,2063,256
9819,0.007956144810614407,0.2586254932068219,2160,256
9820,0.005176407914378723,0.8298964223931955,2175,256
9821,0.24115864986692126,0.9466382793311228,2093,256
9822,0.04352380095635588,0.7668127621280137,1936,256
9823,0.6308881210945901,0.884828433498111,2139,256
9824,0.8560880892725461,0.8260055007323509,2113,256
9825,0.002344285940283641,0.2327758713480368,2023,256
9826,4.133273546910709,0.7775024434708572,2001,256
9827,0.1638501065074729,0.4848481402805419,2141,256
9828,0.03718762848482828,0.2038123013522605,1982,256
9829,0.24432583278961564,0.1567668898819055,1930,256
9830,10.326852977946858,0.6097088474578338,2155,256
9831,1.7787395494889642,0.7539911304306782,1929,256
9832,0.278730129646565,0.8197609256168572,2059,256
9833,0.06874405980697192,0.0424922683818338,2130,256
9834,0.00013150848366430537,0.4568934910786638,2069,256
9835,1.125021167232058,0.9565391327179388,1922,256
9836,0.11669990811977261,0.9439307992704168,1952,256
9837,0.18747306165290487,0.0709871970433103,2092,256
9838,7.3373026591501,0.6033787775612593,1925,256
9839,0.0013417425537970535,0.3138020005300393,2041,256
9840,0.044262670615104784,0.6166707082250736,1968,256
9841,4.961910727053931,0.3660591805765573,1923,256
9842,0.8098025795427318,0.5733465738816952,2045,256
9843,2.166053361660424,0.0279061423712602,2155,256
9844,4.700978425727842,0.067571947047487,2084,256
9845,0.0019222304267080903,0.9287350675599187,2080,256
9846,0.9277248328668434,0.3074220114486826,1959,256
9847,2.147593558735202,0.2415320037973526,2077,256
9848,0.00021547095842625998,0.8957570146769811,2078,256
9849,0.5147304101822032,0.2869982396323154,2136,256
9850,3.6322334068884827,0.5421918610848513,2107,256
9851,0.3673997319609652,0.8269466165147481,1983,256
9852,0.00714549948741052,0.0760906061406366,2003,256
9853,0.0002289410218814606,0.3141008662256338,2018,256
9854,6.03961390526105,0.9293149616404612,2088,256
9855,1.8065866040629168e-07,0.9298820786341482,2108,256
9856,0.6279927193886145,0.2167206977629193,2047,256
9857,0.36605761064475845,0.0171371659037607,1987,256
9858,0.22194861101371857,0.1839985429347302,2118,256
9859,0.06117662877362488,0.0253729605942026,1934,256
9860,3.1692709398301826,0.4253834298365551,2098,256
9861,0.19613143932211075,0.992665019938872,1943,256
9862,4.1367409792733705,0.592266825553891,1987,256
9863,2.3839965794711604e-09,0.5288760499469041,1962,256
9864,10.31969928346752,0.6063616805703617,1990,256
9865,0.247680887278922,0.4560621356458367,2066,256
9866,1.8631804677199322,0.3081783400517781,1920,256
9867,0.1012609868815478,0.7280716667189095,2143,256
9868,0.004262491358224307,0.2877850797828952,2065,256
9869,0.24662938543093121,0.9247145378239552,2157,256
9870,0.8882002217958398,0.4287294704821495,2148,256
9871,4.060085628063722,0.754237189451653,2151,256
9872,1.8392138352297136,0.5291558466255447,2120,256
9873,0.7154243867939857,0.858640998695882,2095,256
9874,0.003277807810199744,0.8533483631340302,1928,256
9875,1.1387821077954454,0.281202956710076,2008,256
9876,1.4072342444762778,0.6107579153343698,1970,256
9877,0.03611918424254899,0.7434612601789469,2008,256
9878,0.20000412772173198,0.526539245669866,1921,256
9879,0.09081144226987009,0.1598818186941653,2043,256
9880,1.2394311980423094e-07,0.7433338257056973,2133,256
9881,0.0004085080535702199,0.9867526095129106,2126,256
9882,0.005552833171461266,0.8833890481175696,2125,256
9883,0.004388933504044942,0.7990873909797842,2055,256
9884,3.2669173444759085,0.1593574899004121,2045,256
9885,0.2204055514551858,0.5307768859213362,2093,256
9886,0.1433003722248244,0.4521640774378114,1990,256
9887,8.369958162051708,0.9784057885220478,1954,256
9888,1.5743683100015722,0.0062569263414874,1964,256
9889,4.644009290860967,0.312480674239316,2113,256
9890,1.471032965419046,0.7785863451123626,2059,256
9891,3.976486927127541,0.7738659837564149,2081,256
9892,0.21802343587310324,0.6358284623502938,1926,256
9893,0.4881566402038526,0.6300190450623548,2121,256
9894,0.5877925144024103,0.3010893711160437,2105,256
9895,0.08569853510691286,0.4762335481975112,2018,256
9896,0.038364943695780536,0.4452990479203971,2053,256
9897,3.479861588701111e-08,0.4180809784024046,2092,256
9898,1.3569902234073923,0.4145742704301731,1976,256
9899,0.27862317926063546,0.5709012013556555,2162,256
9900,0.09354586231045564,0.4734453679188161,2033,256
9901,0.937051933730166,0.9552837622165734,2016,256
9902,0.03616105616013505,0.0696272134318374,2037,256
9903,5.197039396426382,0.5152348592325501,1936,256
9904,0.0016091785354516279,0.6978674334548935,2172,256
9905,3.520529480885342,0.3136008111577761,1925,256
9906,0.030294101719849774,0.9799452096004022,2092,256
9907,0.6040367667920516,0.7211258069635544,2127,256
9908,0.27397739630863716,0.21612376361937,1998,256
9909,0.5353657795289096,0.391768790124823,2039,256
9910,0.0011623360662402179,0.526936457803381,2026,256
9911,4.02202664086145,0.8268282993881365,2152,256
9912,1.600056352915119,0.4880987187035103,2132,256
9913,0.0021492693505418977,0.7392495644421117,2153,256
9914,0.1739039961533029,0.2811216705258315,1932,256
9915,0.18981263636216963,0.6859189199389844,1930,256
9916,0.5411523064064635,0.4834357789215604,2070,256
9917,0.35136714421135795,0.9719885495305696,2167,256
9918,1.8959167379615416,0.8211444397298023,2159,256
9919,0.2183898994993284,0.9588876222510412,2003,256
9920,7.028875018599578e-07,0.7533387698956376,2031,256
9921,0.0017273148138847443,0.9368785386289472,2018,256
9922,0.00012191244627282563,0.8358304011435257,2102,256
9923,0.007218748431318021,0.0880804293180339,1937,256
9924,0.0034508353145583127,0.9052321263489772,2033,256
9925,5.616153299917483,0.0036439882978196,2034,256
9926,0.015602193132041085,0.5615823478294893,1928,256
9927,0.3160397042517165,0.0214252949152666,2017,256
9928,0.14392152960010354,0.080332091022265,2033,256
9929,1.1859945702337182e-05,0.3458311789760662,2131,256
9930,0.48982649761446734,0.9910918311116356,2113,256
9931,2.8897269389677915,0.5118750417650095,2175,256
9932,1.3502347093932692,0.7797737940162296,2140,256
9933,0.1959686140314395,0.0673984181507073,2172,256
9934,0.27103586110169414,0.6107347863501598,1932,256
9935,1.6555976867132811,0.3357849564851837,2046,256
9936,1.0485168270912113,0.892741593080978,2053,256
9937,0.2253109861763691,0.9818609071284978,1923,256
9938,0.1711127451219825,0.4997002779115717,2144,256
9939,0.28179758226473206,0.8545519400227913,1988,256
9940,0.10449640238274327,0.9036456512045564,2075,256
9941,0.558332515206945,0.9928470849217708,2003,256
9942,4.430964954526416e-08,0.1642903478799099,2026,256
9943,3.9027971854332337,0.2310475790645588,1966,256
9944,4.3638348158048464e-05,0.7576134889150131,2087,256
9945,0.5499317295751602,0.5961798613085341,1923,256
9946,0.3706568823027358,0.2039264192534784,2022,256
9947,3.6232752987574295,0.4352671836273113,2057,256
9948,0.40436644603140665,0.042643989358114,2021,256
9949,2.9654246251970826,0.9161741847014908,1946,256
9950,0.07252074061138207,0.7342757993758297,1973,256
9951,0.1613645467532689,0.5034126939433173,2055,256
9952,0.00029920893180103073,0.0757594938477316,2040,256
9953,0.002935530993184781,0.9946679763904248,2014,256
9954,0.0014329592373285203,0.350461107573586,2007,256
9955,0.002336473285411619,0.4625125168011347,1925,256
9956,0.16249642568306208,0.4225681462915098,1925,256
9957,3.2100741567615748e-06,0.6822640881419012,2051,256
9958,0.35976986558627244,0.9905932142417432,2170,256
9959,0.6939269846922315,0.0511426877192855,2167,256
9960,8.064534394873414,0.4172166852108453,2019,256
9961,0.6131378481938345,0.4994604567117794,2154,256
9962,0.1869574115915503,0.640351819513596,1982,256
9963,0.0069613382829627896,0.232272600458312,1928,256
9964,0.7653975154933994,0.306949343535383,2046,256
9965,0.278828068229783,0.6357084125751882,2051,256
9966,4.106201571185626,0.9737557099994192,2172,256
9967,0.6601670871892271,0.2343558230253806,2120,256
9968,0.00040363729232990766,0.7884017312232618,2163,256
9969,1.4528048587269835,0.8904044644138366,2005,256
9970,0.6038871919821166,0.6531224739046904,2095,256
9971,1.0835167018151093,0.7496218219215806,2096,256
9972,0.044660423678840225,0.5993907259263399,1922,256
9973,0.5795612457039018,0.4054922843311701,2035,256
9974,0.005916835434837233,0.9148374149630508,2053,256
9975,0.6217739223218897,0.6120459407869111,1979,256
9976,0.034431208820611625,0.824223370540368,1923,256
9977,3.797536626262222,0.8108763741525885,2028,256
9978,2.2230212269309297,0.9164791807283652,1930,256
9979,0.349582666774315,0.933070463021668,2099,256
9980,7.15814710379972,0.6685335829385637,2000,256
9981,2.420561970560819,0.0010158249962791,2095,256
9982,0.009425459270586413,0.8406237402244071,2152,256
9983,2.514049630092204,0.0776577332342652,2155,256
9984,0.09212215095402879,0.0056143302308702,2166,256
9985,5.882969463510806,0.0126064757828068,1952,256
9986,0.8358542873518254,0.0556748445191301,1929,256
9987,0.5330425006690301,0.5878800298919327,2001,256
9988,0.0001518527944096286,0.6742412929640553,2004,256
9989,3.557454553538144,0.2715851863583325,2088,256
9990,0.8116112509339911,0.7649193294656607,2008,256
9991,0.01824300696891851,0.6958138876660549,1978,256
9992,1.3009262004779223,0.9084792518563228,2128,256
9993,4.423654013241148,0.2463992301978197,2147,256
9994,0.048705345964832183,0.273015293343984,2154,256
9995,0.05992022099162378,0.363051505607782,1950,256
9996,0.9130007046990856,0.7208162228536404,1997,256
9997,0.13094950615897052,0.0627518863247934,2024,256
9998,0.754039998583843,0.6317601814735453,2006,256
9999,0.295293316574644,0.8610798688725104,1946,256
10000,0.1962203865755746,0.7056312361536998,2091,256
