seq,unit_dt,u_class,total_tokens,max_tokens
1,2.4711016192906675e-09,0.2988043589227197,2122,256
2,0.008528338801139105,0.0882877101757056,2041,256
3,4.158920847827878e-06,0.4457690376998205,2013,256
4,3.1189313823543682e-46,0.2514470780350635,1943,256
5,0.3927341411043241,0.3932983231454445,2133,256
6,2.5691906475034083e-27,0.6457738199975102,2022,256
7,1.5931543557452643e-11,0.9893524833166376,1958,256
8,1.5068671220017637e-16,0.9411025808622135,2154,256
9,0.0021499926891562823,0.2787045699408673,2162,256
10,16.898318618639443,0.9362985377274432,2067,256
11,2.7871938216272976,0.5193017795184875,2168,256
12,0.000487811129211774,0.7836253366981507,2001,256
13,5.3421934882702735e-05,0.862233208977925,2096,256
14,0.00020235845520912775,0.0618797993869773,1937,256
15,0.005647979505083516,0.3298567533172476,2116,256
16,0.2633938040558836,0.2135998884436925,2010,256
17,0.35329747352811464,0.083402985784483,2043,256
18,5.874221466488512e-14,0.8146147597017758,2120,256
19,4.762328991212322e-07,0.1836310697064787,2035,256
20,0.01698576631097577,0.7027798645644371,1984,256
21,1.0813615346567605e-06,0.4339137489708863,2122,256
22,0.013974580049423079,0.2362687415913205,1971,256
23,0.009240987088082393,0.5779624997775001,2049,256
24,2.751756650878247e-18,0.1855380608554302,2013,256
25,46.83492021200724,0.0087247130403245,2134,256
26,1.4179998255717907e-09,0.9101047181320596,1956,256
27,0.0004749480844142263,0.0430100130388823,2007,256
28,1.3394595727273055e-12,0.7447738482283918,2092,256
29,0.004903162413502914,0.297674382910172,2093,256
30,5.860275766874916e-13,0.4828317562496369,1958,256
31,7.883453781617139e-10,0.7096580963740967,2032,256
32,0.16592539133293802,0.8647338513764153,2120,256
33,0.0028606530587233993,0.9738019282100542,2006,256
34,9.704450408763474e-13,0.3869493913014822,2164,256
35,0.017197177200037352,0.8588481528027534,2004,256
36,0.03903277046392476,0.0477274357651491,2154,256
37,1.9424027246980024e-16,0.2227641696512501,2120,256
38,1.2089213130939622e-08,0.922909494376704,1994,256
39,6.310916509811618e-05,0.077608206488127,1944,256
40,7.719195057524233e-08,0.6607842014117937,2109,256
41,9.723352331549992e-10,0.94626476295065,2174,256
42,1.4924931186647526e-10,0.2873893487046027,2095,256
43,5.23666233747746e-08,0.8301650936273596,2110,256
44,0.0006032799656117314,0.6795681753805444,2105,256
45,3.630602055310254e-05,0.9262221300590678,2109,256
46,5.4690043317763726e-11,0.5988081895396876,2101,256
47,0.0008336732859831608,0.8259063830722823,1927,256
48,4.307489549744955,0.3597217807081038,2068,256
49,0.575673135711972,0.4046976201859547,2082,256
50,0.0032825506052240687,0.1221493130336928,2148,256
51,0.00014748350107331642,0.1883705241996316,1948,256
52,4.0026121046905944e-08,0.8428560324310125,2149,256
53,2.551333883718812e-09,0.4300925148683974,2047,256
54,0.19924806608205847,0.4252218991538431,2153,256
55,6.384781684099109e-06,0.3866409653325224,2118,256
56,0.00015185019016355098,0.2600358786500142,2078,256
57,2.176902726897082e-16,0.7674647360386645,1957,256
58,0.011706805509118281,0.4526114552891149,1921,256
59,0.07111519076894117,0.2420159438700497,1983,256
60,0.0007928782318706805,0.7011456687644163,1988,256
61,2.6441922661327306e-09,0.8111545905870655,1926,256
62,0.021413054399738344,0.6810098484793619,2077,256
63,7.333337368919975e-08,0.2296889777567037,2134,256
64,0.08884972378136555,0.7582448119630048,2107,256
65,0.9920772257382174,0.5755093391833385,2078,256
66,1.3734077957850931e-18,0.094004317145515,1979,256
67,13.75125297709554,0.2852017816005774,2147,256
68,8.566003383163713e-13,0.4472009769344036,1947,256
69,0.06459528949309233,0.3275648914670216,1969,256
70,6.402042341976597,0.4536982127654126,1998,256
71,0.00947147213462058,0.4833051222125073,2058,256
72,3.0947935508990614e-20,0.6237943585015968,2053,256
73,0.00945369650206889,0.4437522430238935,2058,256
74,1.2485120859460167e-07,0.8032822444308955,1939,256
75,1.1793660239201726,0.75474708020895,2051,256
76,2.5738210777723612e-09,0.9232340728655168,2059,256
77,1.7280056197243094,0.7195929658743644,2119,256
78,0.006985265632269705,0.1510781030209498,2042,256
79,7.248780707330933e-07,0.8841976427290739,2036,256
80,1.1905369102932965e-13,0.0147997014271644,1945,256
81,7.9109051155853e-16,0.2968391959114363,2072,256
82,0.02863856377636114,0.9537803424863444,1948,256
83,4.301604972999835e-20,0.7929185407966974,2107,256
84,3.373661617270464e-14,0.1372590461643473,2073,256
85,8.497864688374245e-17,0.0694806522818913,2009,256
86,1.1898822169678773,0.3070631326627308,1960,256
87,1.2592657297551797e-07,0.7850895722344822,2172,256
88,4.315148916589718,0.5071730125489011,2127,256
89,3.442300037743808e-07,0.6632738629918299,2108,256
90,0.15508794663600767,0.4838796273653476,2071,256
91,4.790692700588352e-09,0.0917236068959004,1968,256
92,0.08410494763947648,0.7740510788840739,2085,256
93,5.15136264754712e-05,0.8594628514975158,2099,256
94,1.6937361301446021,0.6689732042383617,1940,256
95,4.12382751241425e-11,0.1010381563176326,2176,256
96,3.2320377528731003e-06,0.3448256995755894,1952,256
97,5.006418755944439e-08,0.9381961611690418,2100,256
98,0.009956988087746784,0.319826682953482,2084,256
99,7.258343270562021e-06,0.710920460985868,2067,256
100,0.0015797370879256382,0.930895487894534,2122,256
101,4.894198670847e-07,0.079853425440837,1927,256
102,0.0006339215743748963,0.7077574989282359,2000,256
103,3.538412852802228,0.6851462899403598,1980,256
104,5.261375328988678e-10,0.6258415149535689,2075,256
105,1.990976178940232e-09,0.5472873404213064,2132,256
106,2.1962785075580205e-15,0.439265710755725,2166,256
107,4.993456340201696,0.4689336097222232,1947,256
108,3.900291714990288e-15,0.7469417868825516,2031,256
109,0.01307117529990239,0.2841090490696607,2027,256
110,1.735607483171517,0.4683119319484632,1971,256
111,8.67556252749667e-05,0.9263809269988807,1956,256
112,1.9402807352252363e-12,0.7969466528144993,1997,256
113,0.05788786105323097,0.7656801271162472,1920,256
114,0.00975350692470035,0.5227667570315797,1980,256
115,5.459545428935991e-07,0.9309568602263362,1972,256
116,8.908744826875204e-07,0.2163425744080057,2012,256
117,2.1945968020970776e-27,0.6937368546154656,1943,256
118,0.03270911648893068,0.738871710586447,2145,256
119,1.0598778812831267,0.8753349373965809,1989,256
120,1.4138160710284617,0.0915775098946063,2039,256
121,0.002057521211482432,0.1621479185801978,2003,256
122,1.0243388641485809,0.925976656564528,2135,256
123,6.28219893117203e-12,0.5182894834467653,1965,256
124,6.874772347558932e-14,0.4168896863896576,1925,256
125,1.9187226378999973e-08,0.8792649022627803,1945,256
126,3.293827108136546,0.6974542322726732,1976,256
127,0.00335272490470963,0.6008791629589544,1964,256
128,1.8653080522613138e-06,0.5891879690298839,2058,256
129,1.5242840489036156e-05,0.6549424306611741,1961,256
130,0.0008367478381456296,0.6955737017134462,2022,256
131,0.21203413339617017,0.8340027066684118,2161,256
132,9.32858545904567e-08,0.7501739640891263,1964,256
133,0.00807092887991743,0.9810913353662216,2162,256
134,13.092904317686228,0.7173496098339617,2111,256
135,0.3498735586623137,0.2967421242934582,1928,256
136,0.3275838716856157,0.5086877301736134,1954,256
137,2.955498770440723e-05,0.6844872955564539,2167,256
138,1.1324353630442916e-07,0.0452955371312119,2176,256
139,4.109124484247557e-06,0.6486277908309506,2044,256
140,6.748384658099998e-05,0.7080124234763958,2138,256
141,0.0707713556084147,0.7424118809103916,1961,256
142,9.81195456156122e-07,0.8164664318852247,2119,256
143,6.111294816816312e-09,0.116866239869839,2155,256
144,2.434033528502861e-06,0.4078424838650237,2029,256
145,9.076269211315501e-06,0.1625393144301273,1934,256
146,5.210841151949768,0.385308674522942,1960,256
147,3.01126937801536,0.7371275608561983,1998,256
148,0.006622157166256599,0.433008469716167,2093,256
149,1.452833213701253e-09,0.0212688505562196,1950,256
150,1.2744935735451001e-08,0.3121563376957031,2055,256
151,1.5766061202879305e-07,0.1744979169234397,2031,256
152,3.375709118026223e-12,0.2065086515250246,2034,256
153,2.4736128359700507,0.1462539302305251,2101,256
154,0.018152890560781166,0.1370333159261952,2065,256
155,1.8901766651091276e-13,0.901048419712665,2135,256
156,0.5244543400037617,0.2699912876581587,1922,256
157,0.002779021217161103,0.2130212208633075,2132,256
158,0.06126318923078268,0.2455539596752104,2067,256
159,0.0917797665519901,0.1921377957262909,1934,256
160,6.4926638354116555e-25,0.9688806052531994,1938,256
161,3.3497933278945258,0.8222653328045226,2128,256
162,2.937129422878667e-06,0.4894082039546031,2010,256
163,1.1174396841115117,0.3608013384715496,2122,256
164,0.00012178239053309129,0.3452494220908487,1939,256
165,5.056574991459592e-08,0.2297840798879179,1952,256
166,0.14276590513238074,0.9095859165758295,2093,256
167,1.8985775989594056,0.0674151175007949,1951,256
168,3.2985150519787816e-06,0.752864202919231,2057,256
169,0.0023514274161391406,0.6212868841364776,2041,256
170,3.5772642677548573e-29,0.5927071260652637,2134,256
171,43.767098854556366,0.6269443820857821,1986,256
172,8.185811048809407e-08,0.6339691019231869,2143,256
173,7.1936250647465345e-06,0.8027766193937405,2006,256
174,0.07036773125286636,0.5135306447231779,1928,256
175,0.23907858722258396,0.018229275946059,1975,256
176,0.0001130758717125634,0.0660094586015297,1944,256
177,1.989592987526954,0.7878239689861813,1993,256
178,2.0302881473950153e-11,0.6571022655048757,2060,256
179,8.264796466054626e-21,0.3471079206706537,2069,256
180,0.8451682260103034,0.1786339545344448,1982,256
181,14.344937464177153,0.398470716606672,2129,256
182,2.005119886500151e-06,0.3005815477756349,2059,256
183,5.753422860419828e-06,0.6229710227123294,1995,256
184,1.0446129681118028,0.5629237069950374,2031,256
185,7.503039272150444e-11,0.9593693349460614,1974,256
186,0.04919382744059347,0.7813182281225829,2125,256
187,7.369918686348142e-05,0.7358024976360716,2004,256
188,0.0003906613643656336,0.001904798953916,2146,256
189,6.914826172683858e-07,0.756514726865685,2148,256
190,1.1872247937459242,0.5228491726437432,2118,256
191,0.0009860175983955432,0.2774907859613331,2089,256
192,0.0030087674850754384,0.3360224326252711,1982,256
193,0.024119654932204193,0.1362045280566693,2000,256
194,2.197506457166029e-12,0.6269938805557629,2064,256
195,3.2586580713621574e-05,0.3832068384834401,2140,256
196,2.353729307534496,0.2468905761335211,2124,256
197,3.917410961610844,0.3217397932531903,1991,256
198,7.343803663534483,0.6603722718324614,2035,256
199,4.494324463109051e-09,0.9676372159524016,1973,256
200,0.22118776548150407,0.5326779025734272,2137,256
201,9.670876035072864e-12,0.7926158295724154,2056,256
202,3.4631646121396057e-16,0.1894869682710648,1984,256
203,0.008444742965588671,0.4231410931581526,1992,256
204,1.1701083867339956e-16,0.5515632489537349,2023,256
205,0.3811817774464654,0.3947892231196481,2075,256
206,1.0827051091274727e-14,0.2449075588191992,2030,256
207,8.2844199297623e-06,0.3374966262214551,2078,256
208,3.5511951687838673e-07,0.4998917367761365,1950,256
209,1.2041497350331991e-08,0.1197165008498296,2029,256
210,4.9038029445005516e-05,0.4730866615133927,2137,256
211,9.026229298816932e-17,0.0958159876146365,2003,256
212,0.012403178955819227,0.7928637404495829,2064,256
213,2.3498992600451015e-10,0.0643963387752746,2064,256
214,0.6428549485711131,0.5353367993926446,1959,256
215,1.4213521049567238e-09,0.0649374647916357,2165,256
216,0.0004228523493863652,0.4410578244817215,1933,256
217,0.05105705041453993,0.675185978630963,2122,256
218,6.346723787955883e-17,0.3940306180992057,2147,256
219,2.5419484195693832e-05,0.5835788238618155,1965,256
220,9.233653763768455e-14,0.6120570724487053,1929,256
221,18.30444798629388,0.6857033842907978,1959,256
222,5.615079467066555e-06,0.2976391853209051,1950,256
223,4.52813606036442,0.2981777058878337,2134,256
224,1.2549836561530673e-30,0.5098019738203173,2159,256
225,1.4418455138168287e-05,0.8408201589868554,1975,256
226,2.0090067550066984e-20,0.8646279675419833,1984,256
227,1.0667917865524885e-09,0.7753345138285948,2076,256
228,1.4105466007497168e-07,0.8692347440130228,2155,256
229,0.0016718356555578998,0.1291549348459119,2147,256
230,5.498447649167145e-06,0.2698591234287297,1929,256
231,0.0008567359471999691,0.324252858526784,2015,256
232,9.114060745288373e-10,0.6634515904280092,2163,256
233,2.118274025749735e-12,0.6707956951913281,2130,256
234,5.143272201811459e-26,0.2275820606194394,2052,256
235,3.5630838126112264e-05,0.8097735216432401,1997,256
236,0.41201389273449013,0.2437946974480981,2176,256
237,0.19822263663385348,0.2842314991065743,2123,256
238,1.664171969259796e-08,0.1897354880534058,2023,256
239,1.3901007187804814e-08,0.5509831740274939,2021,256
240,2.5054568751040565e-05,0.0672353025810964,2176,256
241,2.4126655499925302e-12,0.894173356469408,2121,256
242,2.2332598210368526,0.6811841078822463,2141,256
243,3.111209480779945e-05,0.4728189854837501,2007,256
244,2.0142756395562404e-16,0.1254332164530833,2023,256
245,0.006802633485330642,0.5487476097325857,2070,256
246,5.7189306384907853e-08,0.4888493633259825,2009,256
247,1.359564791230135,0.0094335026319342,2002,256
248,0.0023950884185263274,0.6354299454012755,2056,256
249,0.0001848156383082607,0.7117092292380367,2015,256
250,1.3623360452304117e-08,0.4981585470044207,2023,256
251,9.008286237086087e-11,0.7762099361708193,2020,256
252,3.595535018247959e-09,0.5338088821266243,2130,256
253,2.317056379257896,0.3516454087235181,2097,256
254,0.5137945384820445,0.1098460184294178,2019,256
255,0.002230275387753688,0.2022733805635893,1957,256
256,0.11297053995297474,0.7519598669572974,2138,256
257,6.243430527911437,0.1912577631638131,1961,256
258,4.688229797415984e-16,0.1197171241407879,2020,256
259,1.6017842072358574e-06,0.3593736116948574,2080,256
260,3.801591889064058e-07,0.0487890754167111,2010,256
261,0.0004265085678280474,0.8040519178395648,2165,256
262,0.0007940672394836989,0.9619799905809124,1932,256
263,1.2616765047713092e-10,0.0267857475183453,1937,256
264,1.0655718039897962e-13,0.878760474535043,1930,256
265,1.0694356001920319e-18,0.1069774432309795,2045,256
266,1.2650641698544124e-06,0.8504607264453756,2122,256
267,0.03849343874759278,0.7017321039217121,2144,256
268,1.635661270309652,0.4685289745096359,1979,256
269,5.041147879769402e-05,0.4828385975791091,2082,256
270,7.048750231255684e-11,0.3910422019181083,2154,256
271,0.019334564194706493,0.0369184309290212,2115,256
272,8.966519387822384,0.0007269112018699,1991,256
273,1.4689039788132675e-09,0.5342552535975029,2137,256
274,0.0003026690764951135,0.264349603481496,2134,256
275,0.00012887840416539358,0.1211712361323843,2156,256
276,6.958617882990508e-11,0.265073152862514,2129,256
277,19.877975688726046,0.5312942330849468,2166,256
278,3.417190922289081e-17,0.2571088221500557,1995,256
279,4.277307060514908e-17,0.2338639311805961,1948,256
280,7.728148242898734e-08,0.8116522732833773,1934,256
281,7.038275499631905e-10,0.4674351080780858,1980,256
282,1.235355085145829,0.3599801796859699,2064,256
283,9.032163048425081e-08,0.495847775008107,1935,256
284,8.680039178264282e-07,0.3116695873152623,2168,256
285,0.007278662008225123,0.7488232529189742,1920,256
286,3.672506528513835,0.4483403107664694,2053,256
287,0.000682116474436383,0.3883678312549935,1920,256
288,23.565048170622763,0.3352882503421203,1958,256
289,7.5111261159521505e-06,0.7620581241798354,1982,256
290,0.013288370040864757,0.6361993919312368,2131,256
291,5.1442651609944925e-20,0.2568093329725256,1965,256
292,0.1162803873767567,0.4396795968620776,2147,256
293,4.6777946131904563e-07,0.2378554421377189,2088,256
294,0.9422888834277479,0.8431475303433604,2163,256
295,4.799907542112324e-16,0.1603722842057502,2046,256
296,2.892673967191641e-07,0.9629166802309564,1920,256
297,0.3002431577709259,0.8130715471293872,1998,256
298,3.3744295239236153,0.5127205184542402,2001,256
299,0.011260626490097963,0.6360884398933704,2158,256
300,0.14790147385621324,0.1815051488316025,2104,256
301,3.6576821008569985e-08,0.5914204912681273,2167,256
302,0.06184474204737536,0.0154047904000858,2121,256
303,2.833649748254877e-06,0.109065336379759,1982,256
304,0.016338651489601105,0.7133027619661179,2087,256
305,1.2309013936505562e-09,0.3260694176564865,1959,256
306,1.1124215754345383,0.0519759442984594,1990,256
307,0.002738950099054564,0.2811997548722521,1921,256
308,0.00021246012142938554,0.7301908208383633,1928,256
309,2.4104428290955954e-06,0.5974583039772255,1983,256
310,0.00037497209610006156,0.469876985558634,2126,256
311,6.47489571433405e-16,0.2968069103037191,2042,256
312,1.6855141163004783e-16,0.2212959467803708,2025,256
313,6.653273183233789e-09,0.929740076945205,2075,256
314,1.9353987799399537,0.5324999378001624,2047,256
315,4.9746220140587635e-09,0.1757725159029629,2000,256
316,8.666697507590026e-50,0.8416273774688116,2009,256
317,5.24716507025831e-06,0.5923802218207218,1988,256
318,1.7812184037318434e-09,0.6882974335540213,1941,256
319,2.061116560002538e-09,0.0603840205162717,1956,256
320,9.117075616775534,0.6659987390142187,1955,256
321,0.009767256301497917,0.4487689159545803,1995,256
322,1.4335440639449802e-13,0.1382799361184655,2070,256
323,3.0011743625860407e-09,0.050842697348247,1965,256
324,5.093318449548213,0.8263747420771489,1937,256
325,3.807781631403076e-36,0.5117390807910344,2158,256
326,2.7147104098413408e-08,0.2526406542985908,2112,256
327,1.9023622930670212,0.9931734899006758,1930,256
328,9.043410639343821e-23,0.0110498989508941,2143,256
329,0.00013641347123818316,0.5911369896343593,1941,256
330,0.01779195082752202,0.5213348370889799,1984,256
331,2.8667603238407757,0.7134987406824196,2035,256
332,4.0212141085564863e-10,0.8058729223492115,2168,256
333,0.0020967189825765635,0.0134106342266006,2014,256
334,3.53182583149445,0.1076438921286248,2133,256
335,0.005452548754877508,0.263612656103408,1999,256
336,0.00039334949398138377,0.7437901848154621,1973,256
337,3.496455616814138e-21,0.610504663052717,2056,256
338,0.0038855295670473253,0.8483714669899841,2131,256
339,0.00013231571939459222,0.1000421529644106,2159,256
340,0.07558162549580145,0.3298504270022243,2147,256
341,1.531000890915107e-05,0.9873104062405176,2022,256
342,0.07038312838080965,0.4015864313034392,2042,256
343,1.4159729137711992e-07,0.7102067347926773,2157,256
344,0.18695578031092408,0.2468309863229153,2001,256
345,9.493083095829152e-13,0.5055431540308778,1928,256
346,0.003378734017557991,0.6280310879102073,2071,256
347,4.547426132350831e-12,0.5825183271572933,1930,256
348,0.6850595850735428,0.7160702504013305,2094,256
349,0.0003288708866454794,0.3767992431409718,1981,256
350,1.21001724070602,0.8266512731539329,1990,256
351,0.005824992413827219,0.6475281758598763,2161,256
352,0.0013113985196497736,0.057211698868431,1935,256
353,4.914861238035207,0.1413024977999687,2167,256
354,1.2387994218407177e-05,0.2523658948664022,2174,256
355,0.22053292908062933,0.4274473421023478,2131,256
356,0.004951278986780015,0.650655204129179,2031,256
357,7.118716798728239e-07,0.1712258186970841,2125,256
358,2.5284275702840485e-08,0.1055862326625857,2121,256
359,0.046576295778041885,0.8119979706021156,2026,256
360,6.804774799093383e-07,0.6401510625454823,2069,256
361,0.0001222661209658781,0.0183624454332894,1986,256
362,1.6442354550688358e-14,0.2959372376452905,2031,256
363,15.667096168950584,0.974940497630702,1956,256
364,0.0021685166389267163,0.1448404942947972,2068,256
365,2.0251709769728335e-05,0.1842363818324113,2149,256
366,0.013215140762272962,0.5852623278928722,2072,256
367,0.36450928975581515,0.6582354683115239,2109,256
368,1.7124253149843136,0.7410773657500342,1933,256
369,0.01578001859452333,0.2842897555164023,1935,256
370,0.04995184731977692,0.514636127605805,1997,256
371,1.9752690161014792,0.1534904826793579,2111,256
372,1.2099336762082223e-09,0.8113237839363965,2126,256
373,2.2435767577140573,0.6432448339922527,2091,256
374,0.08414917193842648,0.9691719399921358,1946,256
375,0.866349786588614,0.4988695239029193,1955,256
376,5.281751577170808,0.1218657356221906,1999,256
377,0.49203713782477465,0.9500689693338764,1971,256
378,5.648311691748785e-06,0.0575052880718968,2056,256
379,0.0006410140819603936,0.3974947120842426,2053,256
380,0.15979618033467752,0.5795039367752906,1993,256
381,1.7248733347644811e-09,0.3053031430353552,2031,256
382,3.1845954979535384e-07,0.6914027458274469,1944,256
383,0.6825621491714301,0.8496893304323934,2078,256
384,0.010106188272754797,0.93400087254331,1990,256
385,0.002597650521690919,0.2447847335481001,1954,256
386,1.4214580427565897,0.7802539887559535,2022,256
387,5.305871550075722e-09,0.8140056771665853,2030,256
388,0.2046930718160095,0.4975818613819771,2156,256
389,4.0139411616838356e-07,0.2257387785253286,2056,256
390,0.022668526112134824,0.9759044214961548,1936,256
391,3.1783709824518297e-06,0.0696609512444741,2114,256
392,0.7453020710655074,0.0941675746526161,2028,256
393,0.0019531193790421099,0.664127985319604,2011,256
394,2.4025958960573636e-06,0.3662861792902823,2025,256
395,5.262801409665081e-16,0.429270230667749,2016,256
396,2.5252979916787307e-06,0.2174724543805766,2101,256
397,9.389256898755118e-11,0.0590303488365546,1997,256
398,2.181512525180108e-08,0.733146079525961,2073,256
399,9.891646000518409e-06,0.106817761102981,1968,256
400,7.170707831362968e-10,0.1829324119678508,2030,256
401,3.001318722101998e-20,0.714885076752987,2008,256
402,9.429094899671748e-07,0.4109928548092812,2033,256
403,0.002188600391563065,0.3617281130893318,2027,256
404,5.980125204589062e-13,0.1636436764569557,1944,256
405,5.891659917295369e-15,0.0722024068003426,1985,256
406,7.08954149786521e-10,0.1868963653323877,2131,256
407,0.10644731868500935,0.2207334496608199,2085,256
408,2.617806964515797e-10,0.2045905001328622,1999,256
409,1.8424752039105038e-30,0.796871419964709,1921,256
410,4.473819647032632,0.2962734642028727,2030,256
411,2.3507535027705566e-13,0.1697742542100928,2003,256
412,2.815978613363368e-08,0.5325217641500669,2008,256
413,0.04791745627073711,0.190764026312595,2055,256
414,0.6227564934798107,0.8876529935546739,2080,256
415,3.4434779204265545e-10,0.1764133747854417,2097,256
416,0.06717334930470031,0.8855109565556276,2009,256
417,0.0005529359340210816,0.5128560250828125,1992,256
418,0.010555467261757464,0.3661384424843761,2027,256
419,0.0009679196214346259,0.0345510006275463,2060,256
420,0.016248819780580476,0.6869457591865751,2124,256
421,2.542608281900765,0.1494453383629581,2018,256
422,8.490734211424593e-24,0.160919116106711,1947,256
423,0.3106417778008229,0.4120976229912434,1963,256
424,0.018717625145535387,0.2594772026321759,2047,256
425,2.3919698567458786e-11,0.0738183312995132,1932,256
426,0.0005318037600342941,0.5730400288802404,2051,256
427,0.001314445362442826,0.5353623789039834,1948,256
428,1.7551783492796183e-05,0.3328674741208181,2104,256
429,6.9819825803023824e-06,0.7289508472267778,1961,256
430,0.00034087665161046594,0.2918993009430204,2032,256
431,4.508627142130003e-11,0.4274315599702435,2050,256
432,1.1786290528587486,0.2618022534428624,2120,256
433,2.0027547047859997,0.6204002597729609,1952,256
434,28.451304281427756,0.3944816926841121,2125,256
435,0.042489733736758385,0.648345404239495,2154,256
436,3.7420613484382644e-13,0.0360922401210016,2133,256
437,1.1892890156133612e-05,0.6882463015977431,1971,256
438,0.12989231782221444,0.6300717199907355,1920,256
439,0.04111096429694303,0.8922236675120281,1958,256
440,0.08770228825437376,0.6449854517123047,1944,256
441,1.1612113483976774e-14,0.9276491257744788,2004,256
442,0.002831837217045473,0.7241445203988066,2030,256
443,10.852811432036509,0.2818675598702921,1967,256
444,4.051228454887503e-07,0.644655228360283,1934,256
445,0.0050599707446919665,0.0914123022892392,1939,256
446,0.004571048660292766,0.1762708346974687,1954,256
447,1.4542047900989882e-14,0.5510840218368979,2085,256
448,1.3467931558023682e-10,0.3802638467523183,2149,256
449,0.053170996734429495,0.7237550150787402,2117,256
450,0.004783199359138282,0.8733130261740216,2095,256
451,10.966535481407751,0.9534427217357572,1966,256
452,1.3316542729875047e-15,0.5934003225226555,2019,256
453,0.0001471376441394841,0.748101607694981,2043,256
454,2.028187344391768e-09,0.4833956753513224,2141,256
455,0.020148275011354938,0.9172814610696376,1937,256
456,1.4128765657514174e-05,0.0983809391366575,1939,256
457,4.317354361521908e-11,0.7018398992151614,2071,256
458,0.668195786810167,0.5239939976101166,2021,256
459,2.419675763604908e-10,0.4910974935333874,2124,256
460,0.14351280470810832,0.1450867287685247,1924,256
461,7.849843263041713e-07,0.8881487740021307,2149,256
462,4.4892072708855763e-07,0.232246907789699,2145,256
463,2.879495609571768e-14,0.2425098783016775,2082,256
464,7.98270361513114e-14,0.5260339505268473,2099,256
465,8.619628672757384e-08,0.963708525360478,2082,256
466,1.8251395537932074e-05,0.5932818075676359,2046,256
467,18.51053106899523,0.3444325956022427,2080,256
468,1.04924286694844e-11,0.7136910762618475,2009,256
469,0.13816895037287968,0.843827025458361,2125,256
470,3.1538565237795684,0.5093293977198814,1942,256
471,7.26230684673813e-18,0.2711004951587763,1996,256
472,0.17063735559180793,0.9012184350133128,2123,256
473,5.973592149829225e-11,0.090902255089767,2094,256
474,3.509782850510274e-12,0.0383964253888871,1934,256
475,2.652465141908869,0.4709430264090413,2094,256
476,6.560226990939366e-07,0.7769105012405099,2037,256
477,0.0745290863502773,0.9759578546853528,2120,256
478,13.361613578079044,0.7125044179759661,2103,256
479,4.525311574014636e-11,0.461044304782888,1947,256
480,0.18497959153665283,0.7658858446613072,2066,256
481,0.22411082632151388,0.3520974846214334,2050,256
482,7.882189447573602e-10,0.7748740519522361,2035,256
483,0.000123369798273148,0.0265860014814512,1982,256
484,0.008703062241125319,0.2905868734142471,2153,256
485,25.34940310993718,0.992562570375654,2095,256
486,9.166652553218314e-09,0.8719196524334711,2034,256
487,2.37042437713651e-10,0.6636781890618496,2081,256
488,8.82273491062208e-07,0.8374012990259323,2118,256
489,0.04084506904033585,0.785409514264733,2088,256
490,3.163525024259918e-08,0.1230629506082451,2087,256
491,2.121291144777156e-13,0.8331634988223274,1968,256
492,0.001620198929253596,0.1020015377751449,1924,256
493,4.2187782505725097e-07,0.6603196367127597,2138,256
494,0.0010627518381507066,0.2859496225739448,2129,256
495,0.04797175190716296,0.4593216484015932,1922,256
496,5.926426953322485,0.9353545701015517,1993,256
497,3.63389813382587e-09,0.0133274733016142,1965,256
498,0.3551104435355187,0.9335391124388294,1947,256
499,0.512858501675636,0.4298089215232664,1961,256
500,0.0521376131404752,0.795160970398631,1960,256
501,2.814666470663848e-08,0.5821259709595584,2029,256
502,4.6660770191300715e-23,0.6210595531290217,2064,256
503,0.01671703068737587,0.4758141241802833,1984,256
504,8.375516331308972e-13,0.4971186402230532,2001,256
505,9.311018019424444e-21,0.1621776594408099,2095,256
506,2.0517782021042656e-07,0.9145850889985536,2079,256
507,1.1430445733589202e-06,0.5966115304336533,2149,256
508,5.121439795998162e-16,0.4761517568785364,2120,256
509,7.786564959725147,0.9273873721082532,2099,256
510,1.1204938668419464e-12,0.1366713569813202,2160,256
511,1.5263825961581987e-10,0.5913781935829562,2073,256
512,1.0493258579581736e-06,0.1513638933699869,2058,256
513,0.006284019159888272,0.1132947625556681,1948,256
514,0.004379083849665247,0.3631758188883986,1945,256
515,7.160778571199428e-23,0.860845189928572,2116,256
516,2.4058978721131856,0.0380097735975041,2128,256
517,0.9100065524774059,0.6624522920202955,2108,256
518,2.081762472014044e-06,0.451608403918551,2016,256
519,1.4270414791585215,0.1426145017653647,2110,256
520,1.6124049299990053e-12,0.8114545495547586,1985,256
521,4.183794294046122e-09,0.0174720367489326,2143,256
522,2.5268944587404015e-05,0.7547885360966445,2025,256
523,1.3095792702848498e-20,0.9392726301497076,2115,256
524,0.0006054655578823831,0.29954706516285,2167,256
525,0.0003415243136679401,0.033124380378147,1978,256
526,0.0009657854058545018,0.0763961525061917,2094,256
527,4.08733434554445e-08,0.7073885645260154,2024,256
528,7.893939165907926,0.3188685697679029,1968,256
529,0.0032614466058440775,0.8644272748943377,2163,256
530,2.9439132722777184,0.4472072085777189,2086,256
531,8.403157007210086e-12,0.9990236130109216,1985,256
532,0.010703996468177334,0.5115471798074909,2097,256
533,1.1755054081163372e-11,0.8824996765058619,2049,256
534,3.002734399971273e-07,0.9473099915335887,2146,256
535,0.00039355147723636643,0.1217105200679617,2158,256
536,5.372150092306339e-24,0.112185356084003,2034,256
537,13.556117733859605,0.1658285789490193,2148,256
538,6.966583913109483e-05,0.7545609411894176,2095,256
539,0.027667103834789177,0.1569165334705007,2137,256
540,3.2524502131772486e-10,0.7731938468474303,1940,256
541,8.878815351948918e-06,0.9437470804383586,2075,256
542,0.07460357337873438,0.2158039755527764,2149,256
543,0.001086007180411645,0.1328885493743109,1982,256
544,1.4107118223607134,0.7356642226888132,2006,256
545,5.806991403129806e-06,0.963002051103214,2001,256
546,8.21846339441962e-14,0.7269972310111292,1989,256
547,3.329252258280983e-10,0.2156892725134113,2049,256
548,1.4615105789490728e-05,0.3795599320603295,1988,256
549,8.266515362133009e-37,0.0475900921071779,2063,256
550,1.109079691642803e-08,0.8077158945610112,2139,256
551,1.1429836347674322e-16,0.476744485619803,1972,256
552,0.024308066574096898,0.0714022688368253,2005,256
553,1.6791295090907404e-23,0.21418445854703,1954,256
554,7.573146656208374e-26,0.2518211309001651,1928,256
555,1.0081351548711237e-21,0.0624967149699818,1923,256
556,0.009149409203150525,0.0256329492542108,2053,256
557,0.12250886033151386,0.5454748963596954,2063,256
558,0.6306857154701994,0.1449435990254729,2035,256
559,0.16071890633485164,0.7494585444758709,2103,256
560,0.00011226313819287302,0.396556832661891,2068,256
561,9.185324730215074e-08,0.5592048501769025,1951,256
562,1.5333734869548004e-08,0.5647636008757356,2029,256
563,4.277670357634453e-07,0.980770749951244,2127,256
564,9.204595213119887e-11,0.7552433652820951,2140,256
565,1.3728155057030007e-06,0.9572801611809107,1950,256
566,1.4092133966071348e-13,0.432915511858788,2153,256
567,9.642236408471959e-28,0.2429291513574013,2174,256
568,1.9907616529478371,0.7359535166519585,2058,256
569,0.593843553278601,0.3945516328786621,2003,256
570,0.0009024799331226124,0.1529236689888655,2118,256
571,3.947241751979716e-09,0.8971796950420176,2145,256
572,45.77065895408756,0.1516856951905094,2075,256
573,0.4237776956316979,0.6130646036433266,2073,256
574,0.00015845039354430625,0.0736573696441575,1950,256
575,0.0003940853839501497,0.75343193386465,2114,256
576,1.334299889611542,0.2577576022936457,2082,256
577,3.632185129464829e-08,0.3774846579865055,2172,256
578,1.481499604757951e-05,0.1069362228318806,2176,256
579,1.918406817328036e-06,0.6485151144137516,2138,256
580,1.181580377192456e-08,0.9170704163873982,2132,256
581,1.1802923635572187e-10,0.6894284158644179,1983,256
582,4.2546647160166844e-06,0.8782849548477006,1938,256
583,2.6291829298800877,0.5131853927432993,2046,256
584,2.7114448744665713e-05,0.5045949968173312,2058,256
585,0.27771176851865015,0.6444481645186299,2171,256
586,2.4411794481374454,0.646009719643839,1943,256
587,2.9282888607984954,0.3943087011658315,2110,256
588,9.797627393436114,0.7365666021563123,1995,256
589,0.005108952508946798,0.3132119156539423,2136,256
590,6.411314097508777e-19,0.0628656879279181,2111,256
591,8.777065624160282e-29,0.7485824620340311,2028,256
592,1.656701522743915e-07,0.8276197784620323,1945,256
593,0.004336980351180162,0.7135466331872828,1928,256
594,0.9094215687112405,0.0201545980209203,1950,256
595,2.4084325828014233e-15,0.3066692723902078,2125,256
596,6.348017115029143e-26,0.3593005763317,2081,256
597,0.0013709798912949465,0.5859118756387197,1947,256
598,6.419409479446751,0.9702128829060132,2061,256
599,1.4332288304524623e-05,0.1881857159138877,2014,256
600,3.666769566934741,0.6611246098799248,1930,256
601,0.0007531928936030578,0.3649261487368239,2117,256
602,2.2518825119806293e-22,0.6731516347303612,2081,256
603,9.388320807105012,0.2171684305198403,2159,256
604,8.927652283952451e-07,0.9049699646191662,1932,256
605,0.001075017142043676,0.5690823744482107,2074,256
606,0.11954483763590056,0.0510035963472788,2093,256
607,0.0002836550723435199,0.021995241234228,1927,256
608,3.53337368051289,0.7996809863326428,2073,256
609,4.895124716472951e-07,0.4386671604866421,1934,256
610,8.793314370203738,0.1182925278056894,2013,256
611,7.869908469798957e-05,0.5525431312630389,2129,256
612,0.038977784790422895,0.7539961314312633,1971,256
613,4.733994693875273e-08,0.5445232769020865,2091,256
614,0.0003049978581871877,0.0868795340223367,1991,256
615,2.8455633100571136e-07,0.0926761937689468,2105,256
616,5.4829581583788704e-08,0.4245905816836391,1969,256
617,4.827111163182099e-12,0.6336576480077699,2154,256
618,1.3698532499204995e-05,0.5799894432132727,2135,256
619,0.005145049390242666,0.7882127199864394,2088,256
620,2.939604249720576e-08,0.6567915066858555,2140,256
621,0.3893925911857664,0.9841871640803638,1936,256
622,0.000255920509842892,0.617873734144605,2035,256
623,0.6592164519811153,0.9990158186573148,2152,256
624,1.5024778034620512e-12,0.1168241781902461,2166,256
625,28.191347796614068,0.700425348170119,1981,256
626,1.887492249983783,0.7971262406192774,2139,256
627,8.060778396043583e-07,0.8433316319668172,1925,256
628,1.7280742087833412,0.8106017468055177,1962,256
629,3.6483010215091305,0.702962620779618,2155,256
630,3.452808965402572,0.5420000643995535,2098,256
631,6.748947941902794e-06,0.2954810056450491,2111,256
632,5.202574722724966e-07,0.0927938374297964,1951,256
633,1.8002191413041355e-06,0.1167112134592875,2085,256
634,2.570562783929203e-11,0.1253177677500244,2082,256
635,0.00043619384569521544,0.2965290569335558,2135,256
636,3.9391455532337836e-19,0.6260369928520644,1945,256
637,0.00014210196247655248,0.0895065675440323,2070,256
638,5.38573514225422e-09,0.5159331661004873,2133,256
639,0.03396031475544716,0.4819359256547929,2081,256
640,1.3129676844323984e-18,0.88228206200192,2068,256
641,0.3638360274163471,0.9200950131000536,2131,256
642,1.7873477307266055,0.079509541664779,2124,256
643,0.009496038474039886,0.7012877109096062,1960,256
644,2.6763313314208466e-13,0.1698093269176337,1986,256
645,3.1306478593329867,0.1522387666310929,2157,256
646,2.5509676617113075e-07,0.3991498449478758,2136,256
647,7.353784657063445e-15,0.5165928134068933,2115,256
648,4.385960969614577,0.1492151586745458,1950,256
649,39.51847875851175,0.1008486816084176,1928,256
650,9.855930013962539e-11,0.4594379999725867,2043,256
651,9.701270052570962e-12,0.5481887788230045,2104,256
652,7.195335220812057e-10,0.6675915286808811,2023,256
653,1.6019607266682707,0.0684109253464855,1952,256
654,2.7021614034687782e-05,0.7195016917203599,1993,256
655,1.3278158726478627e-07,0.5018027138604052,2049,256
656,0.000387204144499647,0.2632927563771688,2157,256
657,0.008210927121527498,0.2556487720441955,1951,256
658,0.24484349991266716,0.9960583155801664,2172,256
659,1.8876500383130422e-06,0.7851734243711884,2026,256
660,0.009346888557624668,0.1924259614249794,1947,256
661,0.003391263521092108,0.6102917794905173,2078,256
662,0.004720917110383302,0.3484354336933485,1921,256
663,3.855150589656897,0.888842081260438,2160,256
664,2.4369100845481948e-11,0.8924509545762417,2090,256
665,6.812168143975509e-08,0.6384106544595721,2150,256
666,0.004919591696812889,0.9774648735217896,2110,256
667,8.552222613639663e-17,0.3124200925000671,2007,256
668,0.011549162730108701,0.5332076305504035,2003,256
669,1.1246444867493675e-06,0.0645387904881773,1940,256
670,0.00011976654119655792,0.9915598515927732,1933,256
671,3.149769233414381e-25,0.2832492197986088,2108,256
672,9.05839802106821e-05,0.3720419776952747,2072,256
673,1.785829783787544e-08,0.377401331314159,2074,256
674,3.4360116089267425,0.8227222290640803,2020,256
675,2.5915169009955754e-06,0.5135527020675632,2131,256
676,0.4431105166400018,0.1560964087305699,2029,256
677,3.1983688060912486e-10,0.8265260382505726,1940,256
678,6.119456265979862,0.0899136407672293,2095,256
679,5.0407779504159476e-11,0.7592631448829933,1938,256
680,2.008374594431029e-07,0.7316635698087233,2018,256
681,1.1930382462132331e-31,0.4678831118424048,2000,256
682,1.7464827384920015e-30,0.2402002859516233,2061,256
683,1.4490128130173376e-12,0.5827896652780012,2124,256
684,2.9935554750946555e-06,0.2286070813682942,2119,256
685,1.912234064463445e-06,0.6894632490839082,1970,256
686,8.818958108101567e-06,0.8747530810329335,2065,256
687,0.017557297229930657,0.57065600139231,1928,256
688,11.360037563666392,0.3223934570486398,2139,256
689,0.13208822332860223,0.5727793931997468,1995,256
690,0.1781697581014631,0.973719133812166,2044,256
691,4.245377855319764e-05,0.7845804139171979,1986,256
692,2.0759424159213336e-14,0.5584905860943342,1967,256
693,7.931490135184064e-09,0.4215389192795992,2141,256
694,9.631100022738207e-24,0.1722521802634647,2090,256
695,9.838121000355256e-25,0.0749149938887011,1976,256
696,2.96457586866042e-06,0.8014566162543918,2114,256
697,6.846221125042056e-27,0.449083965720093,2092,256
698,2.7992534806753654e-05,0.0670133203061063,2176,256
699,2.2004730626032296e-13,0.0944749352781942,1922,256
700,9.865434143760415e-05,0.1093271044429111,1931,256
701,0.0802741319686185,0.3531434419309222,2050,256
702,0.02880339174194617,0.463859619320729,2005,256
703,5.685104081269917e-07,0.0159401684093163,2104,256
704,4.514678817817299,0.3080504058758558,2106,256
705,3.134508453353124,0.1984629470255486,2118,256
706,4.631878818016877e-13,0.214215320472633,1977,256
707,4.485690819726454e-12,0.3295712369289123,2031,256
708,3.3512600457902657,0.3344926889944575,2091,256
709,9.303417474373207e-11,0.5082321361800843,2099,256
710,1.6035605659093589e-15,0.6434310119871226,2083,256
711,0.0016706463433904732,0.4376867758539225,1983,256
712,1.9141877620843597,0.8579922908793695,1954,256
713,2.103983157957952e-08,0.8134973885154204,2152,256
714,0.002143113698150384,0.2591732624011422,1937,256
715,0.00010205151503413237,0.4748658857789252,2123,256
716,4.70817614993396e-07,0.0356668077236961,1931,256
717,3.078761649171954e-11,0.2787645755828218,2032,256
718,1.5610798833888283e-06,0.3329407447261877,1998,256
719,4.806458161561059e-18,0.133636166533387,2132,256
720,6.38643082327624e-09,0.2613114741300852,1984,256
721,2.2229070455996545e-17,0.6775472553353036,2144,256
722,1.2175900451193693e-07,0.5410158991577229,1956,256
723,1.1517755448891142e-33,0.0129477385599963,2029,256
724,9.377034764338124,0.0090428224664091,1978,256
725,3.894574853152566e-09,0.2450243472468035,2116,256
726,4.519092663981873,0.1010527579293305,2015,256
727,1.2948940618920386,0.870866816321556,2025,256
728,1.7642749477058446,0.1514368439848187,1948,256
729,1.270277305546809e-38,0.8287528916929715,1920,256
730,0.009321615767429391,0.3103387113924926,2009,256
731,3.10605685881079e-07,0.6623611807265513,2122,256
732,8.995889215157264,0.7056538145823869,2039,256
733,4.898751849161918e-06,0.0378660324212037,1989,256
734,0.03531658590686287,0.9700948067527762,1949,256
735,2.5378875189071393e-07,0.1401855107940199,2169,256
736,7.047119178752356e-05,0.9961269386374332,2131,256
737,0.004242783827912782,0.0779880931259751,1997,256
738,7.41838770013721e-06,0.405282971875528,1952,256
739,0.16357276596355563,0.2761447937862612,1975,256
740,4.497496312343273,0.8554299118019434,1981,256
741,2.8993612504199916e-08,0.5044812105376522,2081,256
742,4.687629327917882e-10,0.7620726403806906,2018,256
743,5.10312920966703e-11,0.0958635013751847,2156,256
744,1.7790542611118703,0.4389572161315929,2100,256
745,0.10475261311639711,0.7486451880908574,2099,256
746,14.64846063381232,0.8349273427616678,2056,256
747,1.9090112762378718e-14,0.3410425420071856,2142,256
748,0.0003698961993673999,0.6908388584654263,2092,256
749,2.031067436987226,0.975538070458651,2151,256
750,7.282125034854494e-07,0.874409342651246,2067,256
751,1.2990443126096003e-11,0.3520749508627817,1946,256
752,2.2316156966441772e-07,0.2083441483507164,2140,256
753,1.0343653172444297e-21,0.6296028099266341,1971,256
754,0.9483485234669902,0.6470399459079481,1983,256
755,2.3467531202756863e-14,0.7225446432716702,1972,256
756,7.343838114760219e-15,0.7854748812300186,1945,256
757,0.7051782791208187,0.0109315901362018,2107,256
758,2.556808999629969e-08,0.644539346364334,1957,256
759,2.321070398164169,0.8373812373655581,2081,256
760,0.2532125547725659,0.0810363133903018,2039,256
761,7.720132345054827e-08,0.5854319973723543,2107,256
762,0.562965864074756,0.188031936291232,1934,256
763,7.556379662076992e-15,0.1100376681766442,2155,256
764,1.9621581330891744e-08,0.0150141799408514,2004,256
765,0.04661463740984129,0.6745279649622168,2093,256
766,0.2510373954640084,0.920056028247832,2130,256
767,1.617297213049465e-08,0.4301070801091552,2043,256
768,1.6058536975313163e-16,0.1527100761897238,2129,256
769,0.1666901599447818,0.6864594558136068,2139,256
770,0.11716264066771295,0.9306067829727064,2111,256
771,0.633755056035912,0.0002747023819721,2089,256
772,6.057186630844313,0.9376731168758656,1932,256
773,7.1656947985786516e-12,0.4663225245278704,2171,256
774,2.2724129835624628e-08,0.656655376755098,1950,256
775,2.227996913064288e-12,0.9332898743886856,2006,256
776,0.0001912172800486323,0.9424777369494588,2075,256
777,2.357897393334838e-07,0.6794933456258507,2112,256
778,0.0008220586063664889,0.1698231430060639,1948,256
779,0.12305459097758076,0.1562386742542703,2058,256
780,0.021982313012301812,0.394446962683962,1987,256
781,6.402304782418474e-42,0.0357977209742101,2111,256
782,0.19376668900551455,0.8984852154433682,2132,256
783,8.737673796508443e-09,0.8172282705037467,2026,256
784,0.2539983086681184,0.4650948072680686,2073,256
785,4.473591441905476,0.8092533636100454,1984,256
786,6.439700549367179e-05,0.62934188366637,2006,256
787,1.9525238443823885,0.5025505440598129,1996,256
788,1.4206592254943771e-05,0.4652290351804621,1987,256
789,2.1010021600307092e-07,0.6050410911517955,2169,256
790,0.012136572160567426,0.1514457546122087,2062,256
791,3.6817521880278693e-10,0.8528070810521031,2002,256
792,5.11028844818808e-15,0.5195434416572654,2044,256
793,0.17785234251018886,0.095303796185837,2039,256
794,0.028751036250930607,0.9982420821859724,2066,256
795,1.2161266725386235e-06,0.3011739060223259,1922,256
796,0.008157153146152191,0.2431176634378844,2148,256
797,1.4214074502563925,0.4826010385175191,2160,256
798,0.9498476200229936,0.6326324310384676,1977,256
799,0.5146170179379123,0.0387462752402317,1990,256
800,0.4822928175739936,0.2676737381068724,2113,256
801,9.813396141445417e-23,0.7457177719318581,2097,256
802,1.1092122389263349e-14,0.3069316563295305,1940,256
803,0.0002067727614176678,0.2167402852359961,2174,256
804,7.287735238894372,0.3672639745978623,2026,256
805,5.100101949346542e-06,0.9873054528534492,1943,256
806,4.448885667371569e-07,0.6734536249891668,2095,256
807,2.1559381586526685e-07,0.0142358521179598,2050,256
808,2.440826819124976e-10,0.3590007484619739,1946,256
809,1.1662173886939011,0.5392119718171593,2024,256
810,4.000324410803414e-08,0.2661679111873132,2156,256
811,7.550232044551273e-07,0.0602064213377001,2066,256
812,0.21562334292055915,0.3406458548420712,1976,256
813,0.8074476950484542,0.296174736375689,1990,256
814,2.2964730275119305e-07,0.904265452408348,2159,256
815,8.701548648479604e-06,0.7183993767273815,2019,256
816,3.7664364134977992,0.9651313033050016,2065,256
817,0.03009280477023972,0.7818110330897141,1932,256
818,1.3310715699337739e-05,0.9120532162857076,2102,256
819,0.5357510290790216,0.3081752899912655,2115,256
820,2.5874682019011646e-11,0.6232337436762946,2151,256
821,0.0005529291851241344,0.6869074074200666,1983,256
822,0.4863100790447495,0.1775250180833244,2172,256
823,0.0312001264610305,0.6027286293715257,2045,256
824,0.07778315505399717,0.2965905665160733,1960,256
825,8.152770873926674e-17,0.4137168457158076,1939,256
826,0.008471025023403658,0.7436795646122694,2037,256
827,3.63087929586983,0.6951901412372148,1923,256
828,0.0032096750319573555,0.3529560829329293,2067,256
829,0.14946450822160276,0.6249712275166369,1928,256
830,42.84312854668074,0.80279797913362,1971,256
831,3.0163816328316926e-07,0.2904330002220447,2161,256
832,2.9042736377616446e-08,0.1589407196641188,2141,256
833,0.00044157212546023773,0.5023936184682382,2125,256
834,4.950233098908235e-07,0.0314073380151197,2117,256
835,2.2969220169692475e-16,0.6133056123071788,2108,256
836,0.3327565904011756,0.063958556454192,1936,256
837,0.0004280462425815566,0.090430304209091,2110,256
838,9.742613058519283e-06,0.1606820695288139,2063,256
839,2.30579795746526e-21,0.6054823238552274,2138,256
840,1.4613694168217344,0.9342223324825544,2013,256
841,0.0010581102434194072,0.5016260422361172,2041,256
842,2.532674028304033e-13,0.0695203822793841,2059,256
843,1.7616770961056252,0.9072616454767072,2175,256
844,1.661430570423725e-33,0.2155661429269492,2144,256
845,3.388767357600277e-19,0.5662383823473781,2126,256
846,0.266500429639989,0.8944073830852228,2083,256
847,6.481620020630561e-16,0.0513300451732966,2053,256
848,0.00012062531135925537,0.6671685352350964,1991,256
849,1.461225510918391e-20,0.6530995020864898,2083,256
850,0.04379880390175686,0.8481445184942457,1925,256
851,9.953735543085815e-10,0.8573783033957797,1925,256
852,3.9637915823671688,0.4267606666307063,2124,256
853,0.001000738375180673,0.0813299016810591,2051,256
854,1.423137622301716e-07,0.9723672030358496,2094,256
855,7.888826373564523e-08,0.8475510129125431,2079,256
856,1.905258502191868,0.8689222212620376,2047,256
857,4.551646975006455e-09,0.4314585811784186,1971,256
858,0.5304968117613456,0.2920175093174336,2034,256
859,9.993233247163436e-15,0.7227168867556214,2015,256
860,0.00012259675918470232,0.5647021346194657,2079,256
861,12.387419673876686,0.007734687562522,2139,256
862,8.702625483085895e-22,0.099345291239971,1981,256
863,0.7221473274223142,0.9175291659704216,2024,256
864,0.0023767281429569014,0.2979048992558312,2161,256
865,5.004406018755981e-07,0.8993499617670065,2092,256
866,0.00057731542360556,0.2061603731665831,2082,256
867,0.02787591887253527,0.5682942414248232,1928,256
868,9.30054190108266e-18,0.2762203157480533,2002,256
869,5.821601396667464e-05,0.3472643288698057,2162,256
870,0.00016674857379989959,0.3181549464018444,1964,256
871,0.00032418661992984174,0.4025603220487129,2051,256
872,5.608053634891911e-06,0.1884436303223032,1944,256
873,4.782545036197648e-41,0.5975786465396242,2017,256
874,6.229946258193447e-21,0.3520664005694053,2145,256
875,1.194646728970147e-06,0.3169051038543812,2011,256
876,1.1851828031760523e-10,0.102965313121041,1958,256
877,2.089095732089285e-05,0.4166353637329504,1992,256
878,0.0001601983296781362,0.2359219171933477,2056,256
879,0.00700372087719463,0.732495056045215,2115,256
880,7.290240363793066e-11,0.0227874169632605,2159,256
881,0.0026412905400724665,0.0493043907910893,2138,256
882,3.602966023764228e-05,0.9852701627273184,2112,256
883,2.166796225457361,0.1941510835267487,2024,256
884,1.5142066260871036e-07,0.1878212108435856,2110,256
885,0.00031781267369453256,0.4537780075433533,2020,256
886,0.0036203012873483684,0.5918781633399599,1930,256
887,6.716637336958275e-06,0.9668701752935784,2098,256
888,0.055041545098610034,0.1048995369524561,2038,256
889,0.6821712965946524,0.1070034778359155,1939,256
890,0.023348352544457388,0.963735100511476,2154,256
891,7.309612855332333,0.4482744514076872,1997,256
892,7.117763068468784e-09,0.4509565443111564,2138,256
893,0.5169521645956027,0.8192673435134947,2004,256
894,5.367689020266325e-12,0.0521367770290471,2145,256
895,4.810091798996092e-39,0.5971627326957096,2162,256
896,0.010215996755187515,0.5607839111214361,1946,256
897,4.862763099670545e-20,0.0509846695182384,2140,256
898,27.74939523651287,0.8187026442526705,2053,256
899,9.418849818267626,0.1420494604942752,1978,256
900,0.00011966523046033314,0.3626592707110793,2172,256
901,7.867944024619895e-10,0.8156819097650982,2153,256
902,4.999940605306107e-18,0.9894668729635484,2092,256
903,4.630200905256129e-05,0.3601082567569784,2129,256
904,0.00013611654119681502,0.7814922092580882,2119,256
905,1.3310879310749812e-11,0.9007517995199428,2072,256
906,2.675088513112243e-10,0.1462035666093913,2165,256
907,1.900076993180558e-36,0.7954738527373777,2136,256
908,0.034253139657906835,0.9266289881849182,2019,256
909,0.0009716811323159934,0.0237837663477158,2146,256
910,1.916208180789591e-05,0.1786954125256831,1999,256
911,3.1732964389422184e-11,0.6337794003529358,1980,256
912,0.7661676489283663,0.4398145504596489,2161,256
913,3.8754228019035197e-19,0.2512009932292325,2018,256
914,0.0007627780060493391,0.4694724740749874,2046,256
915,0.000105119156464273,0.3740009839195694,2114,256
916,6.653889842145812e-08,0.6552984703761793,2118,256
917,8.546050586007491e-07,0.562570290124645,2060,256
918,0.0057604603685037755,0.8526147240169369,2023,256
919,2.2934109567204708e-08,0.0874537736209599,2004,256
920,0.0009648681810607534,0.5909454071002214,1925,256
921,0.011339968028218421,0.063023518569953,2165,256
922,7.178480380399772e-14,0.8569991057512177,2033,256
923,0.006109038694779928,0.3378503200933916,1985,256
924,1.1639955761312888e-13,0.9759838259006332,2018,256
925,0.00020375425097401325,0.6468108048363445,2048,256
926,3.675390572433168e-11,0.5788425960552539,1961,256
927,3.438212215456136,0.3521504382113898,2071,256
928,9.771374628211907e-07,0.7632036918273923,1984,256
929,4.4353304481190285,0.9315941838246872,2014,256
930,1.5200890748224863e-11,0.4920765499911025,2162,256
931,2.596183199812503e-46,0.2391732685148248,2029,256
932,1.2817357443166209e-11,0.8643803348974757,2009,256
933,0.03845021938284029,0.2292562413250257,1948,256
934,3.878582804768228e-06,0.2911550364810524,1946,256
935,2.1864596932831618e-13,0.2842178819213278,1939,256
936,3.6127469599578735e-17,0.3416204714649116,2022,256
937,1.6187893771636346,0.7771472435284712,2071,256
938,7.01446643490416e-06,0.0799940923136924,1968,256
939,2.159749841434399,0.0573554610382518,2152,256
940,5.6986175463708026e-08,0.4720128932861144,2067,256
941,0.19262688188331317,0.3367141443262129,2109,256
942,1.6592205473630355,0.6016962784858226,2002,256
943,1.2376740616159509e-05,0.7848416225485316,2106,256
944,0.026206241613516885,0.7865581881523688,2104,256
945,9.69507512217365e-08,0.6050901063201721,2148,256
946,0.2886844825065681,0.0936197546089209,2119,256
947,0.0008329241947066533,0.0765736571786457,1949,256
948,1.1338863338602472e-11,0.7473695005955736,2093,256
949,6.266778350221113e-10,0.2796704480810613,2005,256
950,5.408576768697344e-19,0.9273987517078776,2020,256
951,6.562735780694149,0.5438859620548513,2043,256
952,1.245706424705766e-10,0.8016152864184484,1975,256
953,1.465452488813812e-08,0.7258090562766184,2148,256
954,2.583460970232191e-07,0.3890164692675251,2138,256
955,0.00013329541035182876,0.54228408635378,2060,256
956,2.1971444367499282e-15,0.0404100745758615,1967,256
957,3.630630107814494e-09,0.4073956058424313,1924,256
958,0.002818928649982424,0.2166654222032509,2137,256
959,0.029708898372667762,0.4499718981310013,1983,256
960,1.8774941870020506e-07,0.7082613292129377,2090,256
961,0.002151833718315796,0.9772771865724352,1994,256
962,1.2868913522835582e-10,0.149486352671881,2088,256
963,1.3073525280391383,0.1852909403590409,2156,256
964,0.0013895438590756674,0.2736132338197431,2082,256
965,1.147983896464358e-09,0.5328004245557081,1966,256
966,0.12180906798645066,0.6760384343751076,2082,256
967,90.49850882181431,0.6361478066996613,2046,256
968,7.1125700527934315e-06,0.4147181751666965,2067,256
969,0.1486217207747093,0.4166807358460921,2173,256
970,0.041399400726165665,0.667808032000009,2059,256
971,1.9809950362627253,0.6431324320821491,2058,256
972,0.06567249647019612,0.4292081031597936,2160,256
973,0.011968253906249301,0.8197083373300877,2041,256
974,1.274428490776899e-21,0.5044898815998574,1984,256
975,4.188828696184284e-06,0.5991939073248799,1955,256
976,4.5042588742995993e-13,0.0909811424050592,1960,256
977,8.920600483902818e-09,0.9361897580381476,2085,256
978,1.0091129253965588e-07,0.6365104400466494,2035,256
979,0.20510941765408072,0.3345855172761781,2003,256
980,7.716596120907122e-12,0.2966668230960403,2085,256
981,4.879241616486668e-10,0.983297526586548,2088,256
982,0.08622736437836011,0.9237699085491516,1923,256
983,0.0001503065181881128,0.0637205027395346,2109,256
984,2.297030543111002e-10,0.6687677735059281,1982,256
985,2.1027702684754886e-07,0.6384049277080526,2163,256
986,3.98755421797178e-15,0.6979489418464971,2173,256
987,4.546466980765419e-32,0.7525507427150846,2159,256
988,3.592063607363949e-16,0.3987260891697404,2106,256
989,2.9340469760682932e-05,0.7771841665971523,2145,256
990,0.8439704149740922,0.1758392604645374,1988,256
991,0.17393367578809177,0.378221537028603,2051,256
992,1.3874805405483268e-05,0.5869363968023499,1965,256
993,23.921550727136058,0.276552413012558,2135,256
994,2.9573634656657235e-07,0.4372516175651121,1936,256
995,0.0006401068101374978,0.8965567897311374,2058,256
996,0.2303203370957066,0.4378081830586263,2026,256
997,2.5625549355421238,0.2509907230751949,1955,256
998,2.8326212265355624,0.727323105677945,1968,256
999,0.215072201626341,0.8952231798075719,1994,256
1000,1.2167264962006564e-31,0.4856359297137155,2153,256
1001,1.1349151114956695e-09,0.7131476621429353,2174,256
1002,1.8098825553809416e-06,0.4259478115345259,2118,256
1003,1.4371650911357245,0.1946785805605437,1929,256
1004,8.11735831589671e-08,0.7448493067246149,2153,256
1005,7.348543766534391e-08,0.8032890456873324,2129,256
1006,8.191878820805354e-07,0.4769973454274226,2143,256
1007,0.8206330812599792,0.896889888316275,2176,256
1008,2.2251296960734893e-05,0.161678616504782,2098,256
1009,2.1854794212991007e-14,0.641411206313819,1975,256
1010,3.9715801218836957e-10,0.3330208563741096,2163,256
1011,1.697760891802752,0.8088873304907378,1999,256
1012,3.3343077590833304e-13,0.7102951517110924,1988,256
1013,0.000382188726705841,0.4996650243611795,1981,256
1014,4.447818056757784e-12,0.0135931218874857,2002,256
1015,0.19233120969929096,0.5555607821207398,2149,256
1016,2.939312984506821e-14,0.9511874214370992,1964,256
1017,1.6373490744135476e-07,0.4877850093463243,2145,256
1018,8.223648253867342e-10,0.9433866463985788,1944,256
1019,2.226455219036972e-17,0.0365763661848248,2050,256
1020,6.820385183684893e-06,0.7796546260463871,2068,256
1021,1.881680564863478e-05,0.3517857264920668,1951,256
1022,0.06210751692094546,0.1610798216887825,2026,256
1023,1.5930807058108763e-11,0.5727814088857415,2114,256
1024,2.657747504886243e-11,0.0212327928237668,2007,256
1025,0.0027711766364459435,0.8223034223973623,2066,256
1026,0.003039934407962437,0.4070201234899071,2134,256
1027,0.003574264039735687,0.2530537444146292,2089,256
1028,0.3144404999952636,0.1316576059225748,1941,256
1029,2.2292053772075443e-11,0.1374532721408016,2114,256
1030,7.890893716314491e-14,0.0437196901841279,1948,256
1031,1.1407784803283495e-09,0.3213248340736819,1946,256
1032,5.85616523844962,0.8270976183993898,1952,256
1033,18.8257398276701,0.3588250384455256,2009,256
1034,8.083846446104552e-07,0.4485217606284859,2148,256
1035,0.00012608107401721253,0.7139606294851094,2009,256
1036,3.600633299404552e-08,0.0574538848355689,2097,256
1037,4.76633167915909e-07,0.1193435959878558,2170,256
1038,1.870819399444567e-17,0.4154659626440082,2075,256
1039,0.0070342723906396155,0.0157112729565414,2065,256
1040,0.0006623208457046635,0.2120872913470691,2160,256
1041,2.600501816803465e-05,0.2947813973795651,2115,256
1042,0.22381277002815067,0.0683212190141503,1983,256
1043,14.218195210429123,0.646788895487214,2056,256
1044,1.0272815978089866,0.3236029988280665,2134,256
1045,8.096576901948848e-07,0.2771440892684976,1935,256
1046,9.90102740525379e-28,0.251679379783763,1946,256
1047,2.8847606703472458e-05,0.8139053180747904,2047,256
1048,2.397851731483956e-12,0.9482032508436228,1987,256
1049,2.2507368779039173e-05,0.5287510661765467,2109,256
1050,5.4008597581827136e-05,0.4415783276330647,1923,256
1051,0.45268725848227515,0.7487463495341062,2148,256
1052,1.1483955143294186e-05,0.8060817257079269,2059,256
1053,0.004095771596383533,0.307014558318738,2096,256
1054,8.819894422062596e-06,0.2705310858178201,2135,256
1055,0.022312906447733264,0.753765672275,1936,256
1056,0.6087264959153402,0.0838796420062419,1957,256
1057,3.4425608190845997e-06,0.9377740178572672,1990,256
1058,1.2380432946408828e-28,0.2382740266628382,2128,256
1059,0.1720880758619884,0.9427519465650102,2046,256
1060,0.009522806268998462,0.4293414152537166,2111,256
1061,0.6286297233905435,0.572592507062978,2081,256
1062,6.039136339898572e-06,0.5070664378750014,1968,256
1063,7.155498159696599e-16,0.2563554606885329,2067,256
1064,0.03807423084615535,0.3696394987504892,2105,256
1065,1.123644712815716,0.1281102419239509,1930,256
1066,0.0001411784531987411,0.7514699915200606,2147,256
1067,1.2961691003462241,0.3633985418162391,2113,256
1068,0.39893037650745583,0.0686903708390259,1959,256
1069,1.0654119635502385e-15,0.3858640970805624,2034,256
1070,0.3123061110459168,0.9698595369408493,2061,256
1071,4.0302573748324884e-14,0.1425491951040184,1926,256
1072,1.1188827248107252e-05,0.8970846046218788,2134,256
1073,2.731023501474637,0.5429330058892037,1983,256
1074,0.06894764061406615,0.9956892618420996,2130,256
1075,0.00017962554818040804,0.7468491528731863,2115,256
1076,10.893100854648456,0.9468095550322074,2043,256
1077,2.1067133069272053e-10,0.559425663862635,2124,256
1078,0.0030212267564514537,0.0930499093799059,1987,256
1079,1.5492735795877024e-26,0.3210619950795044,1955,256
1080,0.021626570294733142,0.019737736627117,2038,256
1081,1.5396342571137613e-12,0.106745312427217,1938,256
1082,0.0006557622759969288,0.7795504786071321,2169,256
1083,2.6944652708628896e-11,0.116873147244797,2010,256
1084,1.4902852719184545e-10,0.2050735808638095,2158,256
1085,1.0452585083814854,0.2777934808403348,2034,256
1086,4.437014112752931e-08,0.88864900340535,2158,256
1087,0.00041194674461141333,0.6035345413177307,2160,256
1088,5.473946204930393e-27,0.0316377357763182,2138,256
1089,2.90444683565075e-15,0.2636517554307269,2058,256
1090,0.04652184365347835,0.1446827899549824,2163,256
1091,0.00010064950273973098,0.5406629798147028,2145,256
1092,0.03149919725001055,0.9711451189467796,2035,256
1093,1.4945817410842825e-06,0.2129643799746166,2125,256
1094,1.5451791276098588e-16,0.2985889872025707,2027,256
1095,0.7534061349680482,0.4029549043830577,2059,256
1096,4.80336309588029e-11,0.5370193469457687,2170,256
1097,0.015444513662355493,0.9417387505369113,2137,256
1098,5.095847672432092e-29,0.1637516038016473,1925,256
1099,0.00010267275963292497,0.3290529370871585,2102,256
1100,1.8885381245461186e-11,0.2301509037147249,1932,256
1101,1.2471575384683123e-15,0.4984905053682609,2070,256
1102,6.926475064425746,0.8504262846082336,2028,256
1103,5.6084437626077927e-11,0.3958815221271698,2013,256
1104,2.191206325675781,0.8411735932564242,1958,256
1105,0.0007776862479690728,0.7717517085780716,1946,256
1106,0.6908185006277745,0.3727209508487904,1929,256
1107,0.3327278110234398,0.1323971212041118,2044,256
1108,2.874703572164458e-05,0.0566957147661717,2076,256
1109,0.0008900143083068931,0.4140484892904336,1939,256
1110,8.05009397774506,0.4680613797153038,2123,256
1111,0.00017175716697636023,0.3008595492971878,2100,256
1112,0.002140208909152328,0.5772393696931895,1924,256
1113,3.874888873858257e-07,0.6693227263039353,2065,256
1114,0.033382527289848064,0.3872287117146038,2005,256
1115,0.04171559110966255,0.5218754189353243,1944,256
1116,0.0001477015037995809,0.8589238481665017,2033,256
1117,2.941370828840791e-31,0.6160942870139096,1966,256
1118,0.02886639149513276,0.6633025901151651,1996,256
1119,0.005244063389575592,0.2924784567613107,2018,256
1120,3.9111016412054584,0.7487607470538599,2089,256
1121,0.00020892497855455646,0.1593653949595149,1926,256
1122,0.0903463536302752,0.0813126794286323,2099,256
1123,0.35358132828270883,0.1565018340199054,2006,256
1124,0.0005259991183422827,0.1332105382369524,2046,256
1125,8.642228826871107e-13,0.9160941561331536,1924,256
1126,0.013894493573056601,0.5050405981626441,2001,256
1127,0.0033532619055157485,0.6850100206089025,1984,256
1128,1.1351398217895698,0.8970123725157045,2065,256
1129,1.2054400334854643e-09,0.7368853627600622,2158,256
1130,0.00016476869398071844,0.8735770058007505,1990,256
1131,0.0001518090068834174,0.5556935318830877,1955,256
1132,0.00014377458218054089,0.9407365821623684,2035,256
1133,0.08785290639138461,0.5167990263913154,1966,256
1134,0.001323481967567756,0.681074343015536,1954,256
1135,0.38419182949659636,0.9183123421525248,2163,256
1136,3.5821340266688804,0.2137702239088863,1949,256
1137,2.2538161891231777e-05,0.6584797777682411,2068,256
1138,3.176974374991786,0.9419324381542058,1926,256
1139,0.00028526099628028447,0.403515870635466,2166,256
1140,3.6717802879661274,0.688309148240283,2097,256
1141,3.687199451349873,0.630505651471936,1937,256
1142,3.9235886544132065e-27,0.617089283626422,1939,256
1143,0.014463432094611709,0.0343512965394151,2046,256
1144,0.3113846966352516,0.457887269984781,2118,256
1145,0.38171421220789903,0.8938823695593663,2095,256
1146,2.0904418888340764e-15,0.0023799827442252,2167,256
1147,0.0022558026011577055,0.3924382050051112,2165,256
1148,0.8271277685099898,0.410310957486423,1932,256
1149,0.09240768528068101,0.1495142905209636,1970,256
1150,7.930973134708705e-26,0.6708595580402912,1975,256
1151,0.0784138276355228,0.4704198890274805,2071,256
1152,5.337358732321453,0.3524530684254678,2097,256
1153,0.007019364105760812,0.4759506078176199,1928,256
1154,1.9804415499803866e-17,0.1705772506186986,2121,256
1155,4.3483096573979184e-05,0.6501139000735185,2011,256
1156,0.24105672488242363,0.6594096999859111,2077,256
1157,0.04809345979652849,0.3564087453654931,1964,256
1158,4.405122684273887e-06,0.2933875864385905,1961,256
1159,0.00011898739016968491,0.0970865566839472,2004,256
1160,0.0010898361225300892,0.9156190877328336,1932,256
1161,3.8909815399759204e-05,0.6025916640559981,2173,256
1162,0.0009638995205393824,0.0197405700281509,2122,256
1163,1.2588830517033524e-06,0.9921455857256146,2062,256
1164,5.8507130802947966e-21,0.901308139758504,2092,256
1165,2.2859821203745927,0.711334441672595,2090,256
1166,3.217748891458809e-13,0.8008045953708847,1928,256
1167,9.304660904527136,0.3846854081136693,2001,256
1168,1.1464054620988763e-18,0.0742322500494008,2056,256
1169,3.8616790763423267e-20,0.7905552274619057,2099,256
1170,1.6031948586273177e-08,0.0154209693056424,1924,256
1171,0.00023061260915374534,0.8396338545373532,2145,256
1172,0.0011281463090044102,0.1566712469174287,2110,256
1173,0.16544866855607296,0.2245594155561834,2053,256
1174,2.426482557784937e-12,0.0346043594020971,2148,256
1175,2.190281673685793e-06,0.1153075339102565,2028,256
1176,8.294354792795253e-15,0.5827537621508537,1946,256
1177,7.047347333065591e-11,0.1480729641913305,1927,256
1178,0.0016637634435507718,0.1660007770782686,2019,256
1179,8.910596800069624e-07,0.3862127986407029,2068,256
1180,0.0661175284553131,0.8325381964566596,1974,256
1181,2.2587540247310584e-05,0.2031223835503746,2128,256
1182,3.9175005761612457e-14,0.128583742032508,2027,256
1183,1.1125446661072376,0.5572064115345648,2070,256
1184,0.024230338719716863,0.7923868925918633,1940,256
1185,1.21307572920904e-10,0.8701247615111478,2176,256
1186,1.3710194882110376,0.2950040488399879,1974,256
1187,1.79818026705913e-19,0.2927260591626776,1988,256
1188,3.3715623176856657e-20,0.3543524612388091,2164,256
1189,25.06472364819462,0.0697708564273879,2072,256
1190,0.8862892386079543,0.2084374501321048,2004,256
1191,0.002537077703445103,0.7640003678736872,2091,256
1192,0.20483158199296847,0.7768688634147758,2080,256
1193,1.1096201359198859e-12,0.8803448661967928,2058,256
1194,1.8956034595909173,0.5406123207064231,1947,256
1195,8.135937146802345e-06,0.99295520325593,2101,256
1196,4.842062366664735e-11,0.2982320467697669,2110,256
1197,0.010975540091884997,0.8667016927669622,2099,256
1198,0.6299694715875537,0.782397286780771,2120,256
1199,2.2484595113470334e-19,0.2638392034510326,1934,256
1200,0.8070552740218723,0.7938754118812484,2058,256
1201,1.209708325631323e-10,0.1076512023650002,2077,256
1202,1.6876257223660609e-18,0.2826888660659111,2071,256
1203,0.0036634120936588485,0.6076653245800393,2109,256
1204,7.1789548913238674e-06,0.3864841223850757,1930,256
1205,6.038455911602363e-11,0.8014649571352475,1925,256
1206,2.344864376849868,0.5718055048441932,2100,256
1207,6.174128322139854e-07,0.7085577985722058,2001,256
1208,1.2768529369563284,0.9377285928775548,2158,256
1209,8.611128611268919e-06,0.6752521702282075,2054,256
1210,5.616511699286443e-16,0.9038806138969953,1930,256
1211,4.013600349691335e-08,0.4271773131448571,2128,256
1212,1.3936301495044693e-13,0.5716331225142294,2017,256
1213,0.43760670635712456,0.8543964737312296,2019,256
1214,0.29124086365077595,0.4489230939546353,2146,256
1215,0.000795956217261743,0.694255126501352,2141,256
1216,2.8262612315915827e-05,0.170365190996895,1994,256
1217,15.190430737521824,0.367549525958474,1952,256
1218,2.176984374826448,0.2485424662336802,1976,256
1219,1.8525041252974854e-18,0.7433819890910035,1988,256
1220,4.269738789153984e-05,0.7568797877603958,1982,256
1221,0.00037456023929049553,0.9033142665305682,1996,256
1222,0.00011296899702777877,0.6705639386851264,1932,256
1223,1.7445320305256216e-08,0.8404622998941205,2072,256
1224,5.022027377966102e-10,0.6144066973293217,2007,256
1225,4.597784031278784e-09,0.446800532228794,2098,256
1226,0.008878224291680246,0.4549487895644143,2055,256
1227,2.6903960884466247e-12,0.6060365537217186,1942,256
1228,5.808979080678591e-13,0.9941929375582572,2061,256
1229,9.198479301513078e-13,0.2257506923573302,2136,256
1230,0.02591508727852659,0.5454870878521075,2052,256
1231,2.205171970693703e-09,0.8323051035624788,1962,256
1232,1.7328167227318656,0.5241730210140708,1979,256
1233,0.0006499405376702326,0.3675119413537503,1958,256
1234,5.74686166454179e-05,0.9258194583920548,1959,256
1235,0.0030043014228942483,0.249308269150407,2005,256
1236,0.00010055325984748704,0.7290540995719172,2054,256
1237,5.845634069404114,0.5347996992849344,2042,256
1238,3.451323614879942,0.8194748742003404,2019,256
1239,8.373451844794535e-07,0.3784507771985789,1960,256
1240,1.1798137294105291e-08,0.9955994251821202,1921,256
1241,1.1636366224354188e-14,0.8182410734632275,2135,256
1242,2.3956529394733814,0.5122708958071118,2149,256
1243,0.05013278287286321,0.498746148480168,2131,256
1244,1.583414557834525e-11,0.748060845564034,2018,256
1245,5.243588209237346e-05,0.3378988441601557,2042,256
1246,7.8818169776362e-10,0.0066526550236654,2127,256
1247,2.145362157151039e-19,0.1884896967510013,2036,256
1248,2.8284690067466325e-11,0.88081260726188,1948,256
1249,0.016346769021786802,0.6263482750886382,2094,256
1250,8.000914132099697e-06,0.896799001160476,2149,256
1251,0.7104635147305127,0.3903990760706484,2120,256
1252,0.11753915214993993,0.0757529159555451,2064,256
1253,3.2642229835579314e-26,0.7809314889451615,1982,256
1254,1.287902885489649e-06,0.4219315084318659,2129,256
1255,1.1376333832766309e-08,0.0958645334101844,2018,256
1256,0.0060352085849813926,0.4756190482028758,1978,256
1257,7.984050393453161e-13,0.737296935977899,2077,256
1258,0.10748183171740226,0.1542989059801345,2158,256
1259,0.3759164915854822,0.2245410748717192,2159,256
1260,1.968458701795135e-06,0.3207787134969521,2002,256
1261,4.549650822367554e-20,0.1335315116557619,2085,256
1262,0.111044019101372,0.6906713448037815,2042,256
1263,2.0925310129362395e-22,0.4640421765171418,2043,256
1264,0.15522830997141918,0.4046979022365559,2141,256
1265,0.17026774117785262,0.3283484087056492,2101,256
1266,1.4723275453902764e-12,0.9841223414589884,2080,256
1267,9.699147033844149e-05,0.1618662664494013,2104,256
1268,3.008354439805797e-10,0.4332436465642488,2049,256
1269,0.0002087808083038769,0.6376859418799229,2104,256
1270,1.2557572669791952e-07,0.9521564747896304,1923,256
1271,2.663466321682189e-11,0.5195497110255429,2004,256
1272,0.000308368336601661,0.4529700373140461,2143,256
1273,0.02026051169291478,0.7704010162802439,1946,256
1274,3.3563625635670627e-06,0.9439564879640924,2153,256
1275,7.331036665982571e-05,0.9285930920135106,2017,256
1276,2.5570038350416078,0.1989778375198883,1960,256
1277,0.0039057144194966412,0.8089764111428472,2001,256
1278,2.2312140590191273e-13,0.2515853900199717,2163,256
1279,0.0289273601251603,0.3655989259763292,1980,256
1280,0.008165302188411069,0.7355696733287285,2174,256
1281,0.009603957878364626,0.2603955715477474,1968,256
1282,1.9996095851404408e-09,0.6121818079058304,1993,256
1283,2.6439908355887975e-15,0.9089821997603376,2165,256
1284,0.20795120626733582,0.745159183846405,2155,256
1285,22.47885221800893,0.423916148268243,2120,256
1286,0.001097895362984205,0.1635297397909716,1963,256
1287,0.17038688303761979,0.1102847570835761,1944,256
1288,0.3389387153719327,0.62345409035084,1987,256
1289,7.612702896114068e-10,0.5378825761525414,1949,256
1290,1.0110224477257175e-30,0.5356934622614119,2113,256
1291,0.166948439354144,0.0475334578838204,1963,256
1292,4.745045246672224e-06,0.5607492015971648,2030,256
1293,0.9061936788804346,0.4606321963972702,2015,256
1294,3.986662811987129e-06,0.713503913465115,1972,256
1295,1.1687291377176303e-05,0.9508943053939988,1977,256
1296,0.38848491958161135,0.2419396179815049,1956,256
1297,0.0010660664047290986,0.2115955768745857,2083,256
1298,0.00043371803539939987,0.6968593857118804,2061,256
1299,3.92039405286032e-05,0.2167032009968384,2089,256
1300,1.8775526729083044e-10,0.4282473574482627,2011,256
1301,2.514412838796946e-34,0.403714925186085,2059,256
1302,0.00206906697521967,0.2797488628568043,2028,256
1303,0.947551116242988,0.5133322847179865,2088,256
1304,0.01829828361859344,0.9098347890092215,1983,256
1305,3.3326451384757703e-19,0.5787807219902164,2067,256
1306,1.040797946291007e-05,0.9901098842660216,2135,256
1307,3.1036668417347287e-09,0.9259035061782268,2128,256
1308,1.423345456566917e-06,0.6212459912649493,2123,256
1309,2.0028915350868977e-05,0.0956900142669675,2059,256
1310,1.2626520971166637,0.6078519466898572,1937,256
1311,0.0004668883658039044,0.0900675927855145,2088,256
1312,36.816269075381825,0.204414399244219,2112,256
1313,1.8085198748892836e-09,0.4591607007360057,2114,256
1314,0.35053999212309256,0.5298917860340563,1934,256
1315,2.4876265609160426e-13,0.1645947199459192,2168,256
1316,0.0006790162918577055,0.5104184279494836,2110,256
1317,0.0038542179216604438,0.3808524757624358,1929,256
1318,5.736620548302534e-11,0.0610352389800433,2026,256
1319,29.068496179184873,0.1402797296773388,2012,256
1320,6.777689520764381e-15,0.8897153326368282,2092,256
1321,0.04395721052486436,0.7128397457987771,1990,256
1322,2.433524797979668e-06,0.0557475691272254,2019,256
1323,8.668760009289994e-11,0.2355137354905315,2159,256
1324,1.196264877116333e-09,0.8033140959847861,2001,256
1325,8.505259356883804e-05,0.1185757249899963,2150,256
1326,3.31285661510856e-06,0.3802301782777857,1968,256
1327,5.924103685657744e-23,0.9820741346397688,2061,256
1328,1.6966638272343456e-08,0.812342144430498,2163,256
1329,6.460957392753006e-07,0.217991588035484,1934,256
1330,0.011826449192039115,0.9968053762490822,2015,256
1331,1.6142219244255758e-18,0.10653594600315,1992,256
1332,2.0434166447923426e-06,0.4395601693485665,2021,256
1333,0.004287767147652776,0.4859225972970008,1962,256
1334,5.422632701448465e-12,0.552259839641826,2073,256
1335,2.4620575271510606e-29,0.2688651537686549,2167,256
1336,1.2117912200777834e-06,0.8726246122774318,1957,256
1337,3.1835999611733443e-10,0.1611679335311432,2136,256
1338,1.687885845952002e-14,0.0701692691791793,2166,256
1339,8.188907840283304e-06,0.0967588124987403,2004,256
1340,0.00034931638212638534,0.6601350353535225,2006,256
1341,3.2532943207785435e-05,0.6353445866519141,2163,256
1342,6.239611226470106e-14,0.6272106071098965,2030,256
1343,0.0013182935828100566,0.1598439632102245,2176,256
1344,33.780239080707396,0.535302318325603,1987,256
1345,4.427085976300418,0.7375873039496721,1922,256
1346,0.0020960330708451177,0.5012898993748662,1974,256
1347,0.12207478428941222,0.3651845804492051,2176,256
1348,1.2950140454188854e-06,0.4147790039109459,2016,256
1349,8.125205879021863e-19,0.8280014738970972,2127,256
1350,3.1600418073442024e-15,0.5197897175195196,1926,256
1351,1.0347392137066012,0.127718784760404,2100,256
1352,6.349564582101871e-10,0.7437225228330316,1976,256
1353,4.512242962373238e-15,0.6896474797511186,1922,256
1354,0.05179529207068779,0.4666581208249498,2174,256
1355,0.001210419271211521,0.5285530236619916,2085,256
1356,0.00305049179456685,0.251079405065245,2147,256
1357,8.543056120489401e-12,0.3199378216972505,2051,256
1358,6.875887440781763e-07,0.9517026545076592,1997,256
1359,3.122512755199607e-05,0.8329377053632382,2047,256
1360,1.2255182694156604e-05,0.8748231391764293,1930,256
1361,2.4076633648045154,0.8368801393864302,1921,256
1362,0.37733200754224394,0.710574723082915,1930,256
1363,0.09128543653745487,0.3472919508497216,1983,256
1364,1.0226609838372148e-05,0.5498690214645967,2044,256
1365,7.591375202109929e-14,0.0111777932655214,2115,256
1366,2.3534929030274654,0.2690167826365072,1931,256
1367,0.0002446147665733453,0.9731886200007028,2050,256
1368,9.174872617565299e-05,0.6099319585358559,1995,256
1369,0.0049156646063790825,0.8094114260480177,2044,256
1370,8.246578179432777,0.2151738731245644,2076,256
1371,0.9532618703011714,0.644029783038131,2039,256
1372,0.00014638737156049544,0.5647587231850328,2095,256
1373,3.4579342786510034,0.2206136995065338,2016,256
1374,1.1236479573224666e-06,0.3290589128930783,2009,256
1375,15.470978890653283,0.5272264584794716,1979,256
1376,9.016988509297564e-22,0.9974139088594997,2005,256
1377,2.793435306214064e-26,0.3566029500460678,1973,256
1378,1.0166586833802004e-06,0.3102881912941242,2085,256
1379,8.897206917324245e-05,0.9041348970707762,2035,256
1380,3.266474073612112e-07,0.8743449139563833,2168,256
1381,6.881451386323685e-08,0.757273119721368,2049,256
1382,13.399139561395662,0.9711439115373388,2077,256
1383,3.353360820764315e-05,0.9835208646631176,2093,256
1384,3.1574248847029357e-07,0.2676739011656721,2025,256
1385,1.143583200878563e-13,0.6086479804200517,1952,256
1386,0.004073426527730885,0.6841492795992938,1982,256
1387,5.444578424556673e-09,0.9421216077758598,2088,256
1388,0.04003147704892788,0.8182796072461443,1976,256
1389,0.006676698096160634,0.695273123493473,1924,256
1390,7.168947509712849,0.2360600344657218,2099,256
1391,0.02198188219286518,0.1115044813462169,2001,256
1392,0.012549258015733228,0.939092866530904,1920,256
1393,1.4796546945644486,0.6808758330979524,2097,256
1394,1.3597161787696663e-06,0.6591524228779605,2012,256
1395,3.239578956958296e-06,0.6361923827714913,1996,256
1396,2.1284348481350494e-28,0.2182120444673535,1997,256
1397,0.005259628460510941,0.4601002717866485,2125,256
1398,7.383092106898035,0.1238485140136408,2024,256
1399,3.263770983877158e-07,0.6777322200078194,1944,256
1400,7.73532023371159e-34,0.5327817569822837,1983,256
1401,8.725808488373255e-39,0.9697706735411946,1956,256
1402,0.3175556081025789,0.5861716379389488,2060,256
1403,1.5780010950794864e-15,0.3452597089897118,2110,256
1404,6.323883046191344e-10,0.6479209691157063,2057,256
1405,3.9331112228760506e-13,0.605853126760405,1964,256
1406,0.009658508772853253,0.801189919215519,2077,256
1407,0.023326188825999458,0.7672740587480918,1929,256
1408,0.07702791180306795,0.3895779200594835,1963,256
1409,9.970829185407358e-22,0.0105499866070611,2063,256
1410,0.003122575433018799,0.4512502055863209,1990,256
1411,19.85561982392713,0.9254797929935612,2164,256
1412,0.17519630143740664,0.9023566570290532,1971,256
1413,0.20939896740798059,0.7799842989239211,2010,256
1414,0.0003667604974113344,0.781739946891621,2072,256
1415,3.3374635165793167e-09,0.5666008367255774,2066,256
1416,0.025995654879510024,0.5889468731440574,1975,256
1417,0.0001006477221020269,0.1614155191199211,2099,256
1418,4.06398358815962e-11,0.3941324073923549,2176,256
1419,0.007528561096129714,0.054977560111687,2122,256
1420,0.00014362552089754548,0.2404338830882199,2068,256
1421,1.4846054778873123,0.462533254642867,1930,256
1422,3.511603503336261e-05,0.0705227772356601,1930,256
1423,0.03300338609847984,0.3420140933296507,2035,256
1424,0.16500218116239018,0.3158496307737951,2018,256
1425,2.2806687166761022e-05,0.4121842623796066,2101,256
1426,0.2734516475815708,0.5229408124472926,2156,256
1427,4.912737246672519e-32,0.9796608358276993,2011,256
1428,5.375796331615408e-06,0.7588852924107872,2074,256
1429,0.0004103770540226164,0.4055103105032448,1968,256
1430,0.00010349480335621874,0.8012321213227402,1939,256
1431,4.936452472931111e-10,0.402662221193227,1924,256
1432,0.4092334804380866,0.0412627877987241,2159,256
1433,6.288322168775412e-14,0.4236809239406438,2167,256
1434,0.0007791023056572349,0.8020962932986508,2128,256
1435,6.345634293997987e-19,0.3983707474743375,2147,256
1436,9.149144903881319e-23,0.0920288743633355,2143,256
1437,12.893422312592113,0.3973989932058612,1953,256
1438,0.0021741169897826146,0.9205603802640632,2023,256
1439,1.125090838195949,0.193401891220358,2002,256
1440,0.11277522773427358,0.8356894141702019,2157,256
1441,1.179941467207311e-16,0.9782068249428768,1922,256
1442,3.113818101826397,0.9556080293199136,2120,256
1443,1.7514413967017794e-06,0.9539692138303286,2008,256
1444,0.07806180064474609,0.7682166694180154,2072,256
1445,5.981563293016596e-16,0.4090525437504291,2064,256
1446,8.56421919114306e-05,0.8148714113811941,2136,256
1447,1.1401308055437178e-08,0.4213988015530094,2042,256
1448,0.004734444842145839,0.3320659089616559,2055,256
1449,9.359076994758063e-14,0.3641253041997363,2101,256
1450,6.490488509636406e-10,0.8549057804674914,2030,256
1451,0.5684431013201302,0.7703818931678347,1949,256
1452,1.46607351756377e-08,0.4815053441805365,2017,256
1453,0.057033165303449526,0.6577476154461638,2168,256
1454,0.031590022921074046,0.1080916165047505,2081,256
1455,9.77482680144819,0.5050213913036588,1930,256
1456,3.2445511601358317e-11,0.1826253295526881,1935,256
1457,0.2587222276550706,0.0186838278515041,2017,256
1458,5.826382786315861e-05,0.2439270240653637,1956,256
1459,4.937010442075142e-06,0.4257881861697913,2128,256
1460,9.651959193469434,0.7312317271660775,2039,256
1461,7.652926837182018e-19,0.5158028575146403,2008,256
1462,0.001520201360951742,0.8511791894001574,2024,256
1463,0.0003735164809697477,0.4302129771775212,1958,256
1464,5.528358931265187e-10,0.902816065896872,1959,256
1465,1.1443882422485634,0.1045084281135712,2060,256
1466,0.21704845538049763,0.806898139527225,2040,256
1467,0.46453516187832083,0.0669646210680209,2120,256
1468,0.2166011445272545,0.9450385805045224,2011,256
1469,1.027479776496236e-20,0.3598412439161241,2135,256
1470,0.0011250475326223012,0.8034618366906162,2057,256
1471,9.500287994375167,0.5983944244828266,2024,256
1472,0.00011342877227048972,0.4131964532631482,2012,256
1473,3.914831150718848e-06,0.2871707204323858,1935,256
1474,3.461226970465202e-06,0.9284621187595904,2021,256
1475,3.702689224726997e-13,0.0370131539102294,1949,256
1476,0.0925369919571617,0.4798917490408232,2156,256
1477,2.793463486368273,0.0024555381416162,2156,256
1478,1.519478858810898e-11,0.2648272560408063,1961,256
1479,2.081305651125221e-10,0.1745220703031622,1929,256
1480,5.399791460994898e-11,0.7152333210919836,2087,256
1481,2.2592635779258582e-05,0.9931220515914272,2045,256
1482,3.000582041625396e-06,0.091839549926645,2174,256
1483,0.0007074711924050102,0.0490998738628439,2042,256
1484,11.158883587944155,0.3944638256156481,2057,256
1485,4.056494585023197e-10,0.2276215467323896,1950,256
1486,0.4977210796675893,0.5642895832772125,2118,256
1487,2.9429079671170046,0.0725383093621718,2034,256
1488,1.0269309710262686,0.7989844798624065,1955,256
1489,8.798977717325469e-19,0.6841110348474206,2025,256
1490,1.7747098660979115,0.3305989613370523,2088,256
1491,3.266673781489469e-07,0.4347839994027098,1976,256
1492,2.1510176912594527e-08,0.127917757927795,2117,256
1493,0.0007079691400048058,0.5096575805389585,2021,256
1494,0.021567438627980613,0.9212654020966144,2176,256
1495,2.9733046283315336e-19,0.9982631609844764,2093,256
1496,4.374696556718055e-09,0.8960016080839154,2106,256
1497,0.05214864603111554,0.4052257282663096,2033,256
1498,0.6651818083001212,0.3065392531837384,1963,256
1499,5.368319729081687e-28,0.1146173412398239,2166,256
1500,6.2317328769629e-06,0.9952904069063392,2118,256
1501,5.571144760232515e-08,0.077150727273543,2044,256
1502,0.00023008355141978916,0.7653694202672013,1986,256
1503,4.592762677375276e-13,0.3482046478986647,2134,256
1504,9.508801256361447e-13,0.4280337735016262,2161,256
1505,2.0596547176471118e-07,0.1793069258925818,2043,256
1506,1.3150230095009923e-06,0.6429568412316127,2029,256
1507,4.678649107943766e-16,0.4013167871447097,2058,256
1508,0.0037206162696461413,0.5743236076842277,1927,256
1509,9.154346390509762e-05,0.1678133831147107,1938,256
1510,3.909361873392858e-47,0.6491010346835534,2112,256
1511,0.013898520040086031,0.2610943830466958,1941,256
1512,7.884330320274624e-10,0.7992207015598777,2093,256
1513,1.6864749237437233,0.2911384923105808,2075,256
1514,0.0002486900897094002,0.0770018844269377,2000,256
1515,0.03225318132551254,0.9332268953667024,2027,256
1516,16.157742133259475,0.9483150133487884,1933,256
1517,3.56139303758774e-12,0.0915049495868258,2003,256
1518,0.015199497640954922,0.3577232597626912,2139,256
1519,0.0028890705107391845,0.8108470167869954,1962,256
1520,4.101531670335815e-07,0.3071031125317019,2085,256
1521,2.847696728385383e-11,0.5869890188732712,2048,256
1522,1.2581640719013952e-10,0.7533567797191609,2131,256
1523,0.00015648049266498616,0.9185025985183872,2127,256
1524,6.021189359491727e-10,0.0905007022430163,2098,256
1525,2.8937012908821064e-07,0.9574890546770674,2153,256
1526,1.632174444644023e-07,0.640148660535443,2040,256
1527,1.956777563240398e-05,0.1258617769989082,2129,256
1528,4.505322432770499e-17,0.5296533303941655,1960,256
1529,0.04006325280638224,0.446321756983583,1941,256
1530,4.568462258941706e-15,0.0485314157212938,2166,256
1531,1.116663102158019,0.2882949458402291,2037,256
1532,4.431959502936086e-22,0.2598546681907977,2033,256
1533,0.0013475825367403962,0.4132973375034445,2135,256
1534,1.332862662420585e-20,0.5279295783567347,2025,256
1535,2.1886987749492624e-05,0.8169569535558056,1956,256
1536,2.027890234739275,0.0423349098861832,2135,256
1537,1.121651971435475e-30,0.4127404515398661,2103,256
1538,3.578536471504062e-27,0.2912323313023014,2011,256
1539,0.13784977586522665,0.8950640435894,2159,256
1540,2.3590441624655174,0.9561556820472128,2165,256
1541,2.1505773098022986e-06,0.5700234882044026,1969,256
1542,6.762787163933139e-05,0.4515639013251635,2088,256
1543,3.07625811619807e-08,0.3587793507273492,2142,256
1544,0.0010081562639532382,0.8180578014923567,2170,256
1545,2.074806078434287e-06,0.8071538751572936,2035,256
1546,7.419680035598362e-05,0.5321731895451566,2122,256
1547,1.442116201213486e-10,0.4352002217832476,2055,256
1548,3.4481674248794643,0.9354839775352995,2079,256
1549,6.484045548240368e-06,0.8030534553971895,2157,256
1550,0.006778537613222448,0.0715651936495672,1961,256
1551,0.009179416491234396,0.6042897619749832,2095,256
1552,2.1103291049290296,0.7922123180365256,1934,256
1553,9.388371492488233e-12,0.9302496174104984,2087,256
1554,6.505979710257555,0.2130941709922287,2141,256
1555,4.776334909344657e-07,0.5261232459135728,1987,256
1556,7.909308575342428e-05,0.9244658230454456,2118,256
1557,1.2020442235486921,0.9924606095456118,1962,256
1558,1.7664907311126867e-18,0.5175697772321125,2062,256
1559,7.736713968977142e-06,0.8555686964855949,2150,256
1560,4.2429173316304403e-17,0.7714921083332035,2052,256
1561,0.021216891465965778,0.3469708107441628,2139,256
1562,4.843063851806416e-13,0.484844068729477,1934,256
1563,0.0004219347644695391,0.9583031793650943,1930,256
1564,0.00020246627012418376,0.1662378437978864,2106,256
1565,1.8645758808207975e-18,0.8469245227380219,2119,256
1566,2.5504964317890498e-05,0.6570471689387627,2024,256
1567,0.009173422261491829,0.6901892288803395,2078,256
1568,5.020654716585299e-05,0.0915600593539088,2156,256
1569,0.0782135770334676,0.2749715818571956,2044,256
1570,0.3888085498179301,0.2699306043993809,1941,256
1571,9.915617893678691,0.4338466439085471,2061,256
1572,4.938645746099902e-19,0.4056201361234167,1930,256
1573,2.902552933419876,0.2887585555558855,1947,256
1574,0.00023737104931240464,0.652755162322803,1980,256
1575,0.07825066089590851,0.9792127028137284,2068,256
1576,1.3314514112909632,0.2192512952459483,2095,256
1577,1.1004482493932793e-09,0.7919768600965365,2026,256
1578,2.4079981282952015e-23,0.0040935149164269,1998,256
1579,5.687054504778094e-23,0.7489147475723226,2046,256
1580,1.2658781712919693,0.0976121968631703,2113,256
1581,7.581307155030436e-24,0.972638100181314,1990,256
1582,1.5583916450143207,0.7012867604585176,1988,256
1583,4.0064503785778135e-18,0.6899367009458477,2124,256
1584,0.13908067286251752,0.1936651953362296,2033,256
1585,0.0037439056460413793,0.7751840307707634,2100,256
1586,1.5304350496389253e-22,0.4815414244884002,1948,256
1587,0.009249333090526442,0.2235915024835877,1981,256
1588,21.867272850812064,0.9454897849506048,1948,256
1589,5.710360192627649e-15,0.0197805042499533,2094,256
1590,1.044489001743886e-16,0.5894448819371284,2083,256
1591,7.858817418089755e-10,0.3128126774018945,1926,256
1592,8.708995999590015e-11,0.6344081699017141,1976,256
1593,0.008105831506429823,0.5220076041149969,2016,256
1594,0.2852600435471251,0.2341029874141753,1937,256
1595,4.8817568871296775,0.2553101397071718,2149,256
1596,17.80156504471812,0.4710908625223858,2171,256
1597,4.600608625310915e-12,0.1093840894807914,1926,256
1598,6.953617287455642e-05,0.88518602465227,1981,256
1599,0.44667436970204794,0.985146803638572,1964,256
1600,0.001541436147040423,0.942762096870539,2061,256
1601,5.305196055413385e-10,0.2615217296962471,2096,256
1602,0.4514158129976826,0.3729539545781134,1948,256
1603,0.3784271233023767,0.7870527317707412,2032,256
1604,0.17986631339853845,0.7132452150876055,2039,256
1605,1.113800042206476e-09,0.2105698581868816,1973,256
1606,1.170127889028685e-21,0.0254889707864988,2050,256
1607,0.0011749405883981108,0.0812376286368957,1964,256
1608,0.005967066256975289,0.3990256859594856,2109,256
1609,2.4838453157201347e-06,0.7179265881007265,1952,256
1610,0.0003180711198257499,0.3092861888252697,1931,256
1611,1.8864194806306631e-07,0.934230969094436,2099,256
1612,0.35525952573417385,0.4031497652998101,2136,256
1613,4.1112989881672604e-05,0.8262899378326611,2030,256
1614,10.666666004505535,0.3818506275229925,1992,256
1615,0.011887677637828895,0.1598485592431092,1938,256
1616,0.0004830344997494866,0.9517391720090196,2018,256
1617,0.6119458843800442,0.1338603680320196,2065,256
1618,0.006799346534989762,0.782326140124326,2145,256
1619,1.0025685534893567e-18,0.9449009232894624,2050,256
1620,4.416520210517532e-06,0.8698364758981602,2069,256
1621,2.4804040448839873e-15,0.94458958655847,2134,256
1622,0.015764755570035864,0.5547577401953466,1947,256
1623,4.1329332193840196e-07,0.4773420704607226,1971,256
1624,1.0164423733021589e-25,0.6356375249074551,2091,256
1625,3.149036445518174e-05,0.6729146763927542,1957,256
1626,0.07128921450977231,0.4850167906853996,2165,256
1627,1.2193071978409378e-10,0.9851987633848962,2035,256
1628,5.6777117888261794e-18,0.4489629414820602,2027,256
1629,3.575560345651801e-05,0.6990553360030626,1920,256
1630,2.161377671825864e-05,0.2546248970419552,2023,256
1631,2.850561736873556e-21,0.1405506566283572,2048,256
1632,1.9059755876959692,0.2757035299807852,2016,256
1633,3.644793680152189e-06,0.5554423881235454,2055,256
1634,0.2824650896872495,0.4146161470494262,1948,256
1635,0.0024938048681176976,0.466944956813767,2033,256
1636,6.459336202174285e-23,0.0934991719120703,2003,256
1637,7.434716742527794e-13,0.1177528381961465,2091,256
1638,3.4784053863882205e-07,0.7331326541587219,1934,256
1639,1.5337531756472205e-19,0.4626644760701517,2141,256
1640,0.0467338665431407,0.8475432023519861,2074,256
1641,1.2535223817007062e-05,0.307687814947979,2061,256
1642,4.589308016403568e-22,0.7771231374693169,2021,256
1643,0.004256343865990278,0.9242303363745332,2036,256
1644,6.73909026410222e-05,0.685158262272123,2065,256
1645,5.904666932716647e-23,0.1116549440421823,2134,256
1646,0.00427395354936186,0.9990700884945812,1982,256
1647,1.4734765491455526e-19,0.3651055571608177,2118,256
1648,3.5166242057608323e-11,0.4966775459793334,2066,256
1649,1.2637365130581572e-18,0.942354233253464,2067,256
1650,0.002010838796462857,0.0499817075072646,2109,256
1651,9.414166415702194,0.1512917483877852,2019,256
1652,0.0008224874655994831,0.6067568835332281,1961,256
1653,6.711001541499238e-07,0.5729541426373109,2093,256
1654,0.027554946953125565,0.4340571858788866,1930,256
1655,4.211726647249003e-18,0.9883612217480188,2070,256
1656,0.0905772493886862,0.6444017405659569,2021,256
1657,2.6547104764027037e-21,0.9224274970501224,2062,256
1658,1.3276806861605146,0.6733852512369174,1966,256
1659,0.07113806314824725,0.5816936164193104,1993,256
1660,2.9308655670998026e-12,0.4132907481378106,1956,256
1661,0.0029580132677143626,0.6213455803082731,2026,256
1662,2.0324722231340067,0.626436600692797,2154,256
1663,1.6001432099324454e-11,0.8106753454153672,1931,256
1664,7.738194755126595e-06,0.394421545196335,1938,256
1665,28.674759578597854,0.4742045771127837,2084,256
1666,6.278281891938942,0.4680563494358289,2158,256
1667,0.04505460102215749,0.6120258047763841,2072,256
1668,7.568272248970847e-10,0.1991515730538569,2068,256
1669,8.506176976499483e-05,0.5205168251771676,2097,256
1670,6.543980102781791e-05,0.8532225934120956,1928,256
1671,0.003400827310282886,0.259384100420885,2065,256
1672,0.008488345683476709,0.1329831524560824,1965,256
1673,9.076897963456636e-09,0.227456098134494,2176,256
1674,5.080346126885321e-38,0.7759807296012168,2003,256
1675,1.4645051026243297e-05,0.7818581934880928,2125,256
1676,3.7224723681511885e-22,0.7040757565543214,2157,256
1677,0.12594433628860943,0.9739596792188046,2165,256
1678,0.00026253183092705783,0.4159697464068774,2082,256
1679,2.728997950572731,0.3344743231666681,2014,256
1680,2.5273856582777484e-12,0.8880512179077806,1980,256
1681,13.635015694898359,0.0034205177584277,1982,256
1682,4.843058028526408e-05,0.223238745614029,2023,256
1683,0.1222778311172229,0.6915870047272892,2048,256
1684,2.0139481256854517e-12,0.9138602203628526,2012,256
1685,2.7270953951147767,0.4866605011914013,1946,256
1686,1.3037631372959263e-21,0.8480162226222553,2056,256
1687,3.853508630066786e-18,0.8220933390437241,2034,256
1688,8.478252546717982e-18,0.2636736182447109,1976,256
1689,5.577649205152864e-19,0.5526113991364606,1971,256
1690,5.929523341825865e-14,0.4829885476767886,2176,256
1691,5.484780392665226e-05,0.4791296962107982,1967,256
1692,6.110715388966778e-07,0.3185398497287232,2120,256
1693,3.6831041633619024,0.5556107242847113,2115,256
1694,0.3979606909922149,0.2975401702078377,1997,256
1695,0.0023905779638503993,0.768847783732576,2085,256
1696,5.816195834599598e-34,0.2555539473641464,2113,256
1697,4.0686971272024504e-26,0.0272959270786197,1921,256
1698,0.004558344336216402,0.1670561331801324,1934,256
1699,0.00018080963863807098,0.4693972840573693,2045,256
1700,3.7721099267167516e-18,0.0648995341064306,2099,256
1701,0.00032025018984714013,0.5004906697738387,2038,256
1702,4.058739946490166e-16,0.3161608512478692,2155,256
1703,3.4474122236597635e-07,0.4650894594324136,1992,256
1704,0.01693246071555105,0.085812457811121,1990,256
1705,0.4098036926719851,0.5877889977604919,1980,256
1706,6.743375747107139e-06,0.9120085345242176,2134,256
1707,3.506635019714463,0.7664846939333904,2045,256
1708,6.743423049096623e-05,0.5244071981159781,1991,256
1709,1.8536892811651654e-08,0.1495577088989454,2107,256
1710,7.679225606831989e-20,0.2361213709994883,2161,256
1711,1.206061920175542e-11,0.5786884011259937,2054,256
1712,1.4801090737812471e-07,0.5658488792478733,2066,256
1713,8.023771430189397,0.8523200421422888,2048,256
1714,6.95470639359607e-27,0.5114902465194654,2070,256
1715,2.645104091821393e-07,0.3685467153903776,2026,256
1716,3.1003376961563623e-13,0.3974538200289326,2115,256
1717,4.223728905613135e-15,0.5208727914132273,2125,256
1718,0.5741343663474778,0.9945597510725184,1953,256
1719,0.021924194176483478,0.2724837584177231,2108,256
1720,6.204456833805848e-12,0.0531986124133828,2116,256
1721,0.14315516578629153,0.4250038863377939,2123,256
1722,4.860500712315988,0.598564100911429,2135,256
1723,0.026356156942298297,0.588426533958359,2174,256
1724,2.3189505703630285e-14,0.9745434943023588,2137,256
1725,2.0697859633269237e-09,0.0939757938506932,2155,256
1726,2.956619509377456,0.533714773950766,2126,256
1727,0.8757621885467297,0.4853020916372575,2144,256
1728,0.0010968011860538948,0.515722039648643,1955,256
1729,2.2474848351893434e-07,0.4951203952351621,2077,256
1730,9.179849271974011e-06,0.4824444586118278,2036,256
1731,5.369845117153616e-20,0.3678074613372121,2009,256
1732,0.0008969812788171643,0.9220309982809272,2013,256
1733,1.7610320161175747e-11,0.382825933847879,2099,256
1734,14.30821998045277,0.3401603207203363,2030,256
1735,0.02141089608373172,0.0892695097789755,1945,256
1736,0.0008774753228534836,0.0991226265632997,2047,256
1737,4.802983258106641e-05,0.3421190316857238,2093,256
1738,2.556015413522877e-14,0.8879182135994242,2090,256
1739,0.00591320913481422,0.1526250220074383,2141,256
1740,0.0011342261497156556,0.1212338659209929,1999,256
1741,0.002006761361800183,0.7795467707808569,2065,256
1742,19.378817271660157,0.1376445130123385,2043,256
1743,5.530423604559094e-07,0.5251078601880362,2054,256
1744,2.0615333081837775e-12,0.2077200499226501,1940,256
1745,5.946848009785209e-10,0.2141503713893782,2006,256
1746,0.00023483071319662952,0.1144571897407089,2114,256
1747,0.02942369684484224,0.4373507238880991,2168,256
1748,3.2494988527637913e-06,0.9695017923771984,2041,256
1749,0.0001270143751375079,0.8531478346614317,2067,256
1750,0.0016155074828582644,0.6072697754116925,2157,256
1751,0.5508689019387016,0.0708314167698791,2073,256
1752,0.008190630115856213,0.2934532806393656,2031,256
1753,1.0826943441953137e-13,0.5083586943797489,1996,256
1754,0.16132607731417825,0.1073880703121846,1935,256
1755,0.13595357766538704,0.9409579822245056,2078,256
1756,0.008335897032111845,0.831723311465881,1923,256
1757,0.00032303113333301384,0.2649894271791061,2100,256
1758,1.9251997899914377e-08,0.0760862400107225,2140,256
1759,5.47513494459138e-09,0.146394136896634,2028,256
1760,3.544042024001207e-11,0.9576269760912292,2130,256
1761,0.058275313577657625,0.5404019066958599,2016,256
1762,0.0003396305234636193,0.5303673374346495,2080,256
1763,2.0817866212367933,0.0857559291562618,2019,256
1764,9.164311715741919e-06,0.3745084341951875,1943,256
1765,2.215719597215663e-15,0.3204237219218681,2165,256
1766,7.986263560545107e-18,0.913427311444032,2031,256
1767,0.022593741718835977,0.8176232305966967,2108,256
1768,0.059799440024511,0.6939588967153035,2050,256
1769,0.3214106923179452,0.0329065270771105,2021,256
1770,0.47213406359332877,0.4997357106091179,2051,256
1771,2.487922475506883e-14,0.9755662873662836,2082,256
1772,0.4819699801633634,0.5513550439353969,2005,256
1773,3.393027557425625e-17,0.2657749594014822,2001,256
1774,0.0017654192622968737,0.2136224584802097,2086,256
1775,1.0700430363664856e-11,0.0345924528727403,1942,256
1776,3.944811134420909e-05,0.6826427656102764,1936,256
1777,1.2932768753096424e-12,0.5234475301344458,1921,256
1778,0.007600790220488117,0.479308922106949,2167,256
1779,0.00285539245288147,0.7574058579411299,1989,256
1780,3.6917700318078945e-15,0.1064440133931033,1993,256
1781,0.0009161497312727875,0.357526687607964,1955,256
1782,1.3212618524313211e-10,0.8125220036727862,2065,256
1783,5.836753594345904e-07,0.9796491417413912,1993,256
1784,3.181974971150372e-05,0.318344167567468,2138,256
1785,0.3198119842196109,0.2126664679496933,2085,256
1786,0.16360220089440058,0.924966712156678,1945,256
1787,0.0015957290788670966,0.8544989734654292,2148,256
1788,1.1606255583952765e-12,0.414822478102625,2052,256
1789,1.1631049237072638e-05,0.2699470065496004,2147,256
1790,2.9144218589177e-13,0.1972184128835634,2053,256
1791,0.051283496677694156,0.1344009989295915,1926,256
1792,3.475819491858777,0.9561331811198271,2099,256
1793,9.20436840300533e-24,0.0621094425538439,2032,256
1794,0.1129964791331521,0.9163896862292844,1956,256
1795,6.9028975403348935e-06,0.7256796258359408,1993,256
1796,4.2744318210775297e-19,0.6193902455172592,2026,256
1797,0.2926531686992721,0.3781500970612625,2047,256
1798,2.2476817307174813e-19,0.5641025546841842,2018,256
1799,3.5224114638768e-14,0.431112809344782,1987,256
1800,4.3468256728015486e-09,0.9171235874560986,2117,256
1801,0.013146386445499245,0.9193669916576886,2022,256
1802,8.230944205472431e-26,0.3548408349862094,2112,256
1803,0.007881023699919288,0.936017355948072,2028,256
1804,2.1007487823853867e-15,0.1986700479297959,2041,256
1805,1.7465612507210684e-28,0.9883434228321945,2149,256
1806,0.19554348515523956,0.586381766528681,2001,256
1807,7.606906500573619e-13,0.4349439928479082,1943,256
1808,8.213439350969228e-08,0.4113912738362254,2131,256
1809,8.902873378683662,0.9184478124447027,2041,256
1810,2.83724278799304e-21,0.2279104237874553,2112,256
1811,2.686245962167135e-11,0.231113216965453,2008,256
1812,5.863813408875568e-10,0.1933935046595055,2134,256
1813,3.6039192719612547e-10,0.2521220926642384,2064,256
1814,0.04065454223432798,0.679113692185025,2150,256
1815,4.82207896427621e-18,0.6914518008444919,1948,256
1816,7.559938088443308e-28,0.6231467980041662,2013,256
1817,4.992964343853705e-22,0.5764120201512092,2156,256
1818,6.578333175114252,0.5979876038107091,2175,256
1819,1.2634466529452908,0.5467028146190597,2023,256
1820,0.10481598202695266,0.7729390582955543,2106,256
1821,2.544772933383398,0.352196892187639,2059,256
1822,0.25902257109212673,0.8860480261234636,2037,256
1823,0.030645761486007953,0.332924192493406,1977,256
1824,0.009066963102321333,0.67502522933706,2139,256
1825,2.5101057555306845e-08,0.5603890440497578,2119,256
1826,0.6476686867453101,0.7810038986908379,2049,256
1827,0.6470701228712885,0.4152386802725201,2175,256
1828,0.0009081103968541259,0.2511903758357647,1976,256
1829,9.081730992709732e-07,0.6432868372068364,1969,256
1830,8.487021676377319e-15,0.4625736305592904,2050,256
1831,0.0002966981140581715,0.3299622630978847,2046,256
1832,1.6468603535173643e-05,0.7879787127199481,2087,256
1833,3.7619395698798017e-07,0.6689082571161153,1994,256
1834,4.164981916536035e-08,0.5423480618333977,2080,256
1835,0.11631838722563863,0.6493406712556313,1931,256
1836,8.131133721765226e-17,0.6810532258196512,1978,256
1837,0.019392001957916228,0.2452407292348026,1964,256
1838,0.00015307467237557078,0.0928740630975852,1967,256
1839,9.437329219142507e-11,0.2802035170786922,2175,256
1840,1.1308488208598227e-05,0.8688838868449495,2104,256
1841,1.4060209737013851e-06,0.7005309606137377,1984,256
1842,1.1986764578022171e-05,0.1127618187509669,1967,256
1843,0.011469869428018356,0.2086530153156548,2008,256
1844,3.631940043366071e-16,0.5036823285188797,1938,256
1845,6.61583010948947e-17,0.686286173465935,1990,256
1846,1.6945947543517054e-27,0.4328831820235288,1928,256
1847,0.0887288537201033,0.1413558731180405,2127,256
1848,6.0805848226749325e-15,0.1266049877107206,1995,256
1849,2.5207686529408547e-07,0.5010359805090446,2080,256
1850,0.0018906496183911951,0.6870780251166048,2124,256
1851,0.0014034041244570894,0.4860975904083795,2140,256
1852,3.4244919995687047e-15,0.5190832456618527,2030,256
1853,0.06935616956516609,0.8060931763948762,2096,256
1854,8.119725954743787e-07,0.9603811495628336,2017,256
1855,1.3027539531529727e-08,0.3623958058434802,2047,256
1856,0.8349840894609107,0.6212869353122243,1985,256
1857,0.0002449577555143988,0.9533681340518342,1995,256
1858,0.00044649618974034345,0.2515682323954048,2131,256
1859,0.0014128647117644672,0.3819143978354117,2076,256
1860,4.0901277115617545e-08,0.2438427435181498,2019,256
1861,6.995018454551891e-18,0.8096298679760217,1995,256
1862,0.0009222051394228415,0.6307940657086792,2046,256
1863,0.09451111461848735,0.2822418490120421,1988,256
1864,8.541431304498778,0.1128576117180651,2055,256
1865,7.126264078575434e-23,0.7704015430697809,1967,256
1866,11.373895241487341,0.3074926946650163,1935,256
1867,1.004902360436873e-08,0.2271248647497591,2016,256
1868,0.006554132490058225,0.9316761097829916,1959,256
1869,5.4339327299363656e-15,0.6529792039356325,1930,256
1870,1.3177409371925137,0.3087872868811162,1965,256
1871,1.1805750297492355e-26,0.4496182866466617,1932,256
1872,3.087633042575317e-20,0.2661924266528674,2136,256
1873,0.011874238666011309,0.652562115222706,2100,256
1874,4.343570086221699e-07,0.358535955001108,2109,256
1875,0.0017323935885899804,0.3374917567948307,2003,256
1876,7.540428494961906e-05,0.969473842774088,2115,256
1877,4.06036441133344e-07,0.4577873179591881,2026,256
1878,1.0597170749637542e-16,0.804377518954321,2114,256
1879,0.03730153494523123,0.4626847875433949,2131,256
1880,1.126658072052718e-16,0.5219939814010786,1944,256
1881,11.379534224165086,0.203546839263268,1978,256
1882,13.49782329285566,0.6293605582349866,2174,256
1883,6.384535349095453e-08,0.5229336192079052,2126,256
1884,1.64997607736142e-12,0.2911109498851895,2149,256
1885,3.5801328093306485e-16,0.4529038051617243,2076,256
1886,1.0460557244450535,0.5813828350852154,2110,256
1887,1.1279940787463439e-05,0.0530756011374973,2155,256
1888,3.5766877330050626,0.1336554950637062,1989,256
1889,0.19188685378010323,0.3762336889591225,2100,256
1890,0.011448659150250756,0.3258808873015729,2016,256
1891,0.40117019864074527,0.4308710858349434,2138,256
1892,1.3756707600833913e-05,0.8613972702645118,2077,256
1893,0.020629670161713867,0.6641081689688891,2142,256
1894,0.0009019735021355313,0.1665050887686493,1985,256
1895,3.907407939952541e-10,0.7403188205696944,2167,256
1896,1.1946395262365837e-09,0.1243769121975986,1972,256
1897,4.058519365201818e-06,0.8773938296479111,2169,256
1898,0.03013864277466787,0.1631139727669215,2138,256
1899,5.571705034800483e-12,0.7726579238222249,2073,256
1900,2.8465672296213422,0.7950785436961435,1955,256
1901,8.705887848469348e-25,0.7770490247940506,2005,256
1902,0.0006099357168684332,0.9896336875835696,2126,256
1903,0.09838028049407439,0.0190048604890042,2149,256
1904,0.004494270319138097,0.6721586666171495,2144,256
1905,0.00025605998061846853,0.1417899416526274,2149,256
1906,9.56049818345774e-24,0.3656869179131977,1925,256
1907,0.0026886330713355912,0.3792712918640013,2074,256
1908,7.054654897091682,0.6346725371283318,2101,256
1909,2.25800445232492e-07,0.2997102896139448,2116,256
1910,0.09505788836858649,0.5930243974679038,2099,256
1911,6.478116561130707e-07,0.75182132273779,1995,256
1912,1.5340410645203546e-15,0.896869074907605,1984,256
1913,3.151292089440411e-34,0.8717002485257226,2041,256
1914,15.109298259295086,0.2530155293212726,2011,256
1915,7.9465142335144e-05,0.2554403788014572,2119,256
1916,7.729763677773933e-09,0.3165576717736104,2103,256
1917,2.2638637513588282,0.6873209021265024,2090,256
1918,1.7424305388722187e-17,0.948492377932672,2040,256
1919,7.784197712139602e-14,0.7015362728704352,1965,256
1920,9.810308708609732e-05,0.6522279817192238,2089,256
1921,0.1959697144714228,0.0913476141781394,2151,256
1922,5.418604369682819e-06,0.321847839226993,2028,256
1923,5.536217354784277e-05,0.9831615060950945,1984,256
1924,0.009092506919938535,0.4575575960625306,2108,256
1925,0.14030847874070956,0.073831671225421,1967,256
1926,0.02715901373486219,0.0633791309549633,2113,256
1927,0.0009250993650610763,0.9691947250602476,2124,256
1928,2.6173011409173314e-06,0.5555020979759714,2117,256
1929,0.0002544019958522698,0.9901527894874196,2045,256
1930,0.09028258157964145,0.5866573534960596,2106,256
1931,0.0008280265144067046,0.8859296583846247,2027,256
1932,0.002260075143399032,0.8805650581221667,2063,256
1933,0.0011122523757823705,0.3128848558144768,1974,256
1934,1.3754140420810573e-12,0.7681017930607298,1937,256
1935,8.333557802650098e-10,0.3119847198899524,2024,256
1936,1.5454211069583499,0.4801709093260996,2156,256
1937,4.224713912605078e-15,0.4525580849027265,2058,256
1938,4.2253077493082884e-14,0.5049136406536344,1999,256
1939,9.332699037744523e-09,0.257078457516514,2013,256
1940,1.3660111694444044,0.882931674193614,1998,256
1941,0.01719690721178151,0.84977379045603,1936,256
1942,0.02015560453222319,0.1243627609267661,2038,256
1943,2.211581197236094,0.5414614317913908,2062,256
1944,0.3214266062510243,0.0715760351405627,2042,256
1945,0.1602487149543728,0.4385347940877908,2086,256
1946,1.0888351757237043e-13,0.8464868398517871,2120,256
1947,3.5804762374905455e-12,0.8143175874006156,2055,256
1948,0.006664847915822109,0.6533909432322578,2077,256
1949,9.190698756213024e-06,0.4864488230143721,2108,256
1950,0.006413539627532617,0.2682370172894164,2105,256
1951,7.242492963188323e-05,0.2027627999551763,1922,256
1952,0.03310130257405699,0.5957507478800327,1995,256
1953,8.201074197915474,0.7203540550960804,2153,256
1954,1.6257111494604697e-08,0.52173848701836,2074,256
1955,1.2263275833512356e-06,0.7283611976568333,1960,256
1956,0.00013402560828904223,0.8202507650663605,2048,256
1957,1.3446658354480337e-06,0.1549227355123221,1962,256
1958,0.3793694815194702,0.8663237798904597,1943,256
1959,0.030025694369744185,0.1551056091722068,1962,256
1960,0.00039802442153446697,0.9817200772306756,1927,256
1961,0.00192122763411047,0.6649889492233397,2096,256
1962,4.5054554540792706e-13,0.1056089832821876,2049,256
1963,0.0028726852176184313,0.7743599506744406,2148,256
1964,1.1581713752326168e-12,0.492840572572278,2039,256
1965,0.0042118006179202834,0.8600319220137522,2052,256
1966,9.688662398156843e-06,0.2745348165058329,2157,256
1967,0.09715656154001819,0.7678014430506854,2011,256
1968,1.0543646257028489e-25,0.1297328807703955,2050,256
1969,2.224080778688172e-16,0.2202475997983424,2062,256
1970,0.002593191585830051,0.881678689970983,2109,256
1971,3.010962877416806e-05,0.9782896879336908,2056,256
1972,1.5070517168779223e-09,0.5901838002202703,1930,256
1973,1.1410622035538592e-15,0.7656815785304029,1943,256
1974,0.0011791711447376066,0.3994603727325181,2044,256
1975,5.392986026286122e-09,0.979648448896472,1945,256
1976,1.6611758250265338e-20,0.2223422307097764,2031,256
1977,1.820784108469938e-07,0.5862588876778415,2090,256
1978,5.106387244426371e-05,0.8188080788506232,2001,256
1979,5.3288455390023127e-08,0.9228083098928728,2134,256
1980,1.0964047368457024e-08,0.4252564749624248,1926,256
1981,4.44544822540183e-12,0.9791215671733462,2155,256
1982,1.0645530498979794e-10,0.9211128245513936,1933,256
1983,0.18993135722386723,0.0606034725770463,2062,256
1984,2.006941703843386,0.771082602353663,2017,256
1985,5.916632450986743e-05,0.060348904194187,2038,256
1986,8.102950528357928e-23,0.3900576371063566,1982,256
1987,4.795624830823133e-10,0.0975839720053259,2170,256
1988,0.0003963729121199216,0.4308475737164472,2065,256
1989,0.0001343540290110107,0.9211909072012224,2080,256
1990,1.9549509222345294e-13,0.1101080009521774,2042,256
1991,0.0007482240057794758,0.8705541020926933,2109,256
1992,0.005739858956881853,0.478180675274406,1929,256
1993,0.141232720645995,0.1407745661982098,1963,256
1994,5.129149611126568,0.6865676897821988,1977,256
1995,1.4201346348980163e-15,0.7280726660800283,1965,256
1996,0.022277611149315764,0.8644287246904888,1935,256
1997,0.013276395632213549,0.9399304474496818,2043,256
1998,0.8667675263356118,0.3577594655204352,2097,256
1999,4.323533944288014e-08,0.5121661400079575,2049,256
2000,0.007408089218303411,0.5968215659440615,2044,256
2001,3.104296324659474e-05,0.5727915429458852,2100,256
2002,7.185267081301736e-05,0.252635195147458,2061,256
2003,0.0002482545002457379,0.5776146119328547,2063,256
2004,0.3961721848431011,0.923832276837738,2068,256
2005,1.3539916119625183e-06,0.7558648653484239,2012,256
2006,0.00011268795211316214,0.1313161434540821,2096,256
2007,0.43219240125599556,0.6609875666336624,1927,256
2008,0.21944539095490184,0.3054614382318429,2121,256
2009,1.0425372894574228e-22,0.9378671046319594,2107,256
2010,0.006678615340191123,0.322734917170413,1920,256
2011,1.2122200438369335,0.3333095718983243,2077,256
2012,10.616886888562087,0.673801809018009,2101,256
2013,1.5141875473450936e-06,0.7976772009210649,1940,256
2014,0.00023531379838902903,0.358661259328805,2072,256
2015,1.039336967986276e-05,0.7200051475937206,2173,256
2016,2.188721768857026e-16,0.8268309727659146,2090,256
2017,1.953230067222685,0.11711468096979,1987,256
2018,1.6243378929430976e-07,0.4398537471467691,2082,256
2019,0.21879357760681048,0.2739448250116915,2152,256
2020,0.04266038279129583,0.9078144803868818,2163,256
2021,0.15889989033792484,0.5915186090066349,2020,256
2022,8.870308275267922,0.4588797685554099,2155,256
2023,2.102076452820652e-09,0.9251870954956414,2157,256
2024,9.713119062304066e-08,0.7526245498929677,2013,256
2025,7.033352903955667e-10,0.0007048929377738,2172,256
2026,0.0003472062754905279,0.3680514091041006,1960,256
2027,0.002799258158798875,0.0519887059636524,2013,256
2028,2.2461465582630615,0.7610326295734895,2103,256
2029,2.6556484275548127,0.64040436975372,2016,256
2030,0.5645321743427073,0.3118904876864774,2170,256
2031,0.000181238824531254,0.7911682253607495,2139,256
2032,0.013523124874809384,0.1420109451417289,2066,256
2033,1.8237470078427146e-24,0.3461363509465994,2140,256
2034,0.03308863886956985,0.3024635162336995,1937,256
2035,7.592460332951836,0.4805010310492738,1944,256
2036,5.512189495961374e-16,0.6467896146054437,1977,256
2037,0.4637321044578942,0.7632883556608547,2151,256
2038,0.24858112856304979,0.9411035575274006,2146,256
2039,4.6203686731645213e-10,0.667923168385206,2110,256
2040,3.6394549199374796e-12,0.4176031740264637,2097,256
2041,1.953507627954321e-22,0.9261290295343784,2034,256
2042,3.7792804117285294e-08,0.4557443780007495,2035,256
2043,0.34758304353030445,0.5074418142531292,2104,256
2044,9.30863073396355e-10,0.6963058145700617,1961,256
2045,0.012561957238080403,0.8042160273491991,2058,256
2046,0.044032827366718624,0.872202439789263,1925,256
2047,1.973051617231614e-05,0.3780867781315525,2044,256
2048,5.224354070282624e-09,0.726320177352432,1944,256
2049,1.200030512354862e-09,0.9354128340514636,2154,256
2050,2.349938100324038e-06,0.813704753884456,1958,256
2051,0.47243732724194054,0.187284190557723,2152,256
2052,24.175378569496154,0.2296806656451557,1977,256
2053,0.000640569221266104,0.7118874801181635,2170,256
2054,4.761476315175836e-06,0.3916174624088463,2104,256
2055,3.4850582610795635e-07,0.4900158599316015,1947,256
2056,2.2586265684741937e-21,0.4717632635337039,1931,256
2057,12.8564077674489,0.9526104502220408,2107,256
2058,0.04714946874726087,0.0630795574685726,1969,256
2059,3.1193009514815826e-05,0.2967162221327046,2147,256
2060,0.5535698647143414,0.1188705726529285,2021,256
2061,7.385254467747022e-17,0.3473338129852724,2058,256
2062,1.0618177923781113e-18,0.9813548170828392,2061,256
2063,1.9642655337891022e-14,0.5621205131864827,2024,256
2064,0.0009095382829873658,0.240251555455061,1999,256
2065,0.25644387059052465,0.3519396716412084,2020,256
2066,4.283449970880496e-18,0.5245321092652351,1927,256
2067,0.0016526843966738888,0.2173535477354757,1924,256
2068,0.00018651313305080943,0.4983859166126021,2143,256
2069,4.889344690400779e-08,0.062309099003409,2100,256
2070,0.013630535657132846,0.5506178419206911,2011,256
2071,12.047295439568096,0.6177186661250418,2028,256
2072,0.02281376892779682,0.1081524974953023,1966,256
2073,0.01980400172255525,0.0007762965066062,2037,256
2074,0.0030439007632605476,0.6147670524175652,1952,256
2075,7.073232061711329e-25,0.5639953346438845,1946,256
2076,0.13493964394613697,0.4051439453560592,1986,256
2077,2.74419524706401e-19,0.0645122688975681,1930,256
2078,2.385298846118515e-31,0.1006887663699972,2141,256
2079,8.063422890965958e-13,0.5829110959962609,1985,256
2080,0.00040441880405104306,0.0390530337862529,2026,256
2081,5.641638649797556,0.6912373959006836,2065,256
2082,1.3819161315611163e-26,0.6692729606062712,1948,256
2083,0.009942183461845182,0.6192257716989338,2166,256
2084,3.838804457112062e-07,0.567969736192789,1999,256
2085,39.42493230765073,0.0127326740944351,1964,256
2086,0.007095553985472608,0.5077165066300429,1946,256
2087,0.0009630867817484387,0.0502587951906455,2100,256
2088,0.025721639295960413,0.4308942893200163,2013,256
2089,0.00011179890122693134,0.1860881273120896,1985,256
2090,1.489906936391415e-05,0.3364706899899382,2107,256
2091,0.4211281309293779,0.4921823444179729,2065,256
2092,6.334251102581573e-09,0.5754320616875961,2157,256
2093,0.5234691304864582,0.2843613092571255,2043,256
2094,1.4242750881217624e-08,0.2947497379126806,2098,256
2095,9.123759925011624,0.8634267909434349,2070,256
2096,1.289416176149925,0.8899646401277209,2067,256
2097,2.640301564886745e-07,0.1660065481443646,1944,256
2098,0.0007741492963905005,0.3663064474546289,1983,256
2099,5.820519434102654e-07,0.5875109087481797,2062,256
2100,1.9275088653913128e-12,0.495031184744331,1950,256
2101,0.8864789810781161,0.0888354571639552,1951,256
2102,0.017672781691127317,0.3812541755336579,1985,256
2103,1.56837881772473e-07,0.9017955051159506,2087,256
2104,3.629467633902848e-05,0.883858411712407,2038,256
2105,1.892371275644503e-11,0.1288417795270265,2024,256
2106,0.003362881270656718,0.3281409748348196,2139,256
2107,5.3619369327250216e-05,0.3103057380645233,2016,256
2108,1.7458154025433167e-25,0.6313014065525666,2102,256
2109,9.125468275584512e-12,0.4875406971607523,1920,256
2110,4.814193245692413e-07,0.2266842053078642,1969,256
2111,0.78929959284137,0.5245318180189623,2092,256
2112,1.3383897015852853e-23,0.2151873707643212,2125,256
2113,7.077428212655306e-16,0.0543795310023244,2172,256
2114,0.0006046947831841421,0.5409339680183406,2085,256
2115,4.3616796333488643e-23,0.0612953388121148,2168,256
2116,5.877990427445308e-10,0.982919018002212,1977,256
2117,0.00045391898424786126,0.0603509102169936,2004,256
2118,0.0038088662406017605,0.5779679916730487,1984,256
2119,0.5643823754858944,0.9446515017224392,1991,256
2120,0.0002961253063501948,0.6108526059331109,2083,256
2121,0.0004021602587818146,0.774278677526238,2152,256
2122,4.2174921008734495e-08,0.284526279000956,2038,256
2123,6.999069581360598e-05,0.1288070875974933,1958,256
2124,0.0011303802992458662,0.1281033112897016,2103,256
2125,4.299349738770883,0.6107118553474383,2077,256
2126,0.33938241999300767,0.3507290915337998,1992,256
2127,7.260782404969727e-10,0.3102871058636673,1973,256
2128,3.4858670215423176e-06,0.6541239649854089,2034,256
2129,5.6782086571935115e-08,0.612762072929885,1986,256
2130,2.4005532188585956e-14,0.0440092658025723,1943,256
2131,7.912319110719383e-10,0.1200683861787037,2136,256
2132,9.846734014493554e-09,0.8813137397697934,1923,256
2133,0.0036788437849623193,0.0144227999020328,2039,256
2134,0.0009908152334422576,0.7426038840625627,2155,256
2135,1.3001717228840355e-16,0.9317102455347284,2140,256
2136,4.1834455658847644e-09,0.1000975613392509,2119,256
2137,0.013983445157505917,0.9315479798407612,2169,256
2138,1.3471631740184207,0.3959329930285111,2095,256
2139,4.954020511981312e-08,0.2660385395401534,2071,256
2140,4.189593461835766e-08,0.9609353233633936,2090,256
2141,3.7513094663707216e-06,0.2919978693277277,2010,256
2142,6.235356730281554e-07,0.9655640796733967,2026,256
2143,7.81859207674857,0.8167935686681717,2172,256
2144,2.2785995440254695e-07,0.4657307557047159,2170,256
2145,0.0005368609729016675,0.8703793532212833,2020,256
2146,0.00019421561793192663,0.8448311760716334,2034,256
2147,1.2205619757706073e-26,0.2212907882613679,2148,256
2148,0.020486823283919802,0.0559909787167461,2088,256
2149,0.8383318544799162,0.2330919121835456,1937,256
2150,4.016154721996989e-30,0.349977764147087,1939,256
2151,2.70248914753214,0.2450487448890064,1996,256
2152,0.0014991392423726064,0.4695644477071304,1980,256
2153,9.066793555449494e-21,0.4705243994772076,2142,256
2154,1.424428106079779e-17,0.2108820130417033,2124,256
2155,0.004611271718069402,0.2948670493903507,2064,256
2156,0.0031895222681516664,0.1508078064833525,1989,256
2157,9.273299530480563e-12,0.4025745168946167,2049,256
2158,2.2286948674170276e-14,0.2076177777597706,1960,256
2159,2.643722071018557e-05,0.0137621809940304,1972,256
2160,1.4361782194569405e-08,0.6262545709359508,2061,256
2161,0.005399288454796492,0.8725146741248878,2109,256
2162,0.0005549208036003129,0.3476602960437417,1966,256
2163,9.653475762878007e-08,0.553591014056935,2135,256
2164,0.018219906645225943,0.1201511510478569,1968,256
2165,0.08208095970971246,0.796238624748349,2140,256
2166,7.074347698629064,0.4877642316773175,2139,256
2167,2.84652878877234e-12,0.868512845304602,2029,256
2168,0.34606740989498913,0.3128754443516611,2164,256
2169,1.5583479558143045,0.1892001035972965,2003,256
2170,6.01415398046839e-21,0.9584241678364184,2026,256
2171,2.118799637804611e-06,0.2916584020917953,2076,256
2172,0.08699573781546797,0.5941147963043432,1998,256
2173,9.831597797845468e-08,0.4263422754845373,2091,256
2174,0.8527569049962853,0.0197436128589088,2096,256
2175,2.4754082533859756e-17,0.5384744948911547,1938,256
2176,1.6207046697179236e-34,0.4249356230655448,2108,256
2177,0.2354992405753937,0.7276671830926112,1959,256
2178,0.0009404721371522744,0.1925741227308007,1958,256
2179,0.7203207158360854,0.4521693798873393,2059,256
2180,11.729834387738608,0.4389882929089662,1934,256
2181,0.0011415929558014854,0.7068322951702628,1947,256
2182,0.000985535184960834,0.0512806758018624,2040,256
2183,0.08794744307870937,0.264526343260937,1985,256
2184,0.0020805368509567847,0.1437117488691291,2157,256
2185,0.11838374251278001,0.9007342727337374,1994,256
2186,2.2709870647794563e-08,0.950678410694896,2102,256
2187,6.175073132444318e-20,0.5213459734550508,1978,256
2188,0.38590481052251674,0.0720972477072424,1954,256
2189,4.5419418949616e-16,0.0698057019528425,2053,256
2190,0.08969930195252573,0.2239847894230437,2020,256
2191,31.426925955581847,0.450237473781454,2156,256
2192,0.035567576338490704,0.3985806184312889,2080,256
2193,1.0442792983430982e-07,0.2775520400540037,2137,256
2194,0.2174601585431166,0.5598769562091758,2112,256
2195,5.451612144789183e-17,0.4044299610038834,2063,256
2196,0.004379213129892509,0.7663450590123546,1959,256
2197,0.8045262683371155,0.961640061407375,2175,256
2198,0.06207300055704917,0.8420329314080431,1961,256
2199,0.0005535570964879265,0.7962971447307114,1992,256
2200,1.3604015136792582,0.4201245372009536,2054,256
2201,2.8915909836596885e-19,0.7717781236543287,2120,256
2202,4.283784649184996,0.7741126731264693,2097,256
2203,0.002857916622337488,0.5097583277682392,1921,256
2204,1.3160276685119132,0.1888607342226087,2086,256
2205,0.00033006341288938996,0.8664433806129889,1978,256
2206,0.0523081395484243,0.2582970610007313,2103,256
2207,2.1302270827107312e-18,0.9547592438521956,2087,256
2208,0.5849278298775592,0.6645052399401933,2008,256
2209,1.1408681037513656e-06,0.462971878496206,2122,256
2210,8.885822469929016e-07,0.7730971873012467,2131,256
2211,0.001516856860378056,0.037587939264673,1985,256
2212,3.745977277518588e-05,0.3890166987569183,1955,256
2213,2.1547052812374183e-12,0.931081007565692,2108,256
2214,0.24257010360387354,0.8146202440754567,2164,256
2215,2.8726202711794215e-08,0.6115181921412237,2099,256
2216,15.069776096335769,0.284751385768978,1930,256
2217,0.0003486373795657867,0.288544361664807,2172,256
2218,0.11340254962915337,0.6870032405600446,1931,256
2219,1.9401203917449074e-05,0.7048187772551977,2077,256
2220,12.899185845550779,0.3944197891246122,2016,256
2221,0.005093491686369903,0.8512070130401883,2000,256
2222,5.916313181529472,0.6185560048176518,2000,256
2223,0.0006595553050655682,0.4037909561283782,2051,256
2224,5.7655500121676075,0.5148928464260036,2096,256
2225,3.7193478103839805e-10,0.7155292265616094,1957,256
2226,3.777044883247885e-08,0.911648614526448,2104,256
2227,0.11202876966409304,0.9087576792571456,2059,256
2228,7.066439763786358,0.5199202154458111,2127,256
2229,7.6224422689711306e-06,0.8900338698670293,1974,256
2230,2.8454511043844095e-08,0.5200343348616131,2079,256
2231,8.583168539761799e-16,0.8652861595005389,2125,256
2232,2.047449820195432e-10,0.9499578064632456,2170,256
2233,1.5026981579839398e-16,0.3010616974334349,1946,256
2234,0.22804041414831897,0.7986173623623848,2122,256
2235,5.353964173506391e-09,0.5032242713582503,2166,256
2236,0.007613291843884312,0.1826351264611621,2165,256
2237,0.18412621712574906,0.3995638275272551,2041,256
2238,0.0061301210671258636,0.3198402996968735,2145,256
2239,30.411897371997746,0.6338396860655472,1979,256
2240,3.4953471539016156e-09,0.4604181807080105,2144,256
2241,0.19213366603778828,0.5644375982943775,1928,256
2242,4.594406542353212e-06,0.2061195584353143,1932,256
2243,0.8297720729043442,0.7168398544190429,2047,256
2244,4.857805102443305e-06,0.1702592752921861,2060,256
2245,1.8467506841451127,0.2878848340220327,1941,256
2246,7.867776006917763e-15,0.2720259654519893,1978,256
2247,2.5748575866648545e-13,0.9408877396684447,1995,256
2248,3.531098524553042e-05,0.7109691177349798,2025,256
2249,0.4263320004878008,0.792326532024813,2168,256
2250,6.082318426091056e-11,0.7228267042702654,1937,256
2251,4.137482081989328,0.3201770742737777,1997,256
2252,1.7697279518407014e-06,0.9519953638420238,2046,256
2253,3.981412572317798e-05,0.4962433140666119,1947,256
2254,0.00015000680351330865,0.2807617720651437,2067,256
2255,0.1261506085092364,0.7155780910190186,2066,256
2256,5.717561715821202e-08,0.8198364689354839,2059,256
2257,23.00043532745361,0.1802025324482947,1934,256
2258,0.04093885646973438,0.2098979857299866,2127,256
2259,4.99414046755964e-07,0.0153356298764165,2045,256
2260,0.00013801571382799561,0.7701023195801887,2053,256
2261,0.1925613022354991,0.0207333441674351,2022,256
2262,1.7195677072937673e-11,0.7621980643992295,1924,256
2263,3.3668537243579957,0.6723995405335971,2060,256
2264,2.0325592519330258e-13,0.2998743556907329,2088,256
2265,3.2032713659991434,0.9193058499806152,2068,256
2266,0.0919796461287537,0.3844380802538252,1942,256
2267,1.091541432873836e-15,0.6262464911827139,2036,256
2268,4.1590811839231776e-06,0.1702073343034044,2169,256
2269,0.25679640225021044,0.3567518271951987,1923,256
2270,0.02331167906310485,0.5794796490442087,2158,256
2271,0.37597549361538274,0.853463778699588,2156,256
2272,1.691921040940998e-16,0.6047657337475852,2103,256
2273,0.0949497848040979,0.7829131744912355,2004,256
2274,1.0785771706809802e-14,0.1941925297458065,1933,256
2275,1.4469277856229095,0.6478558614180584,2149,256
2276,0.2946269968744458,0.2137163227351401,2129,256
2277,0.005782121676710923,0.3075134169733565,2019,256
2278,0.0007434967602356234,0.5784780606030657,1937,256
2279,0.6555334664996096,0.7111360974065587,1976,256
2280,0.024200500031462634,0.4161709840677083,1954,256
2281,0.011143859986075826,0.7116537906157582,1990,256
2282,4.609550052268947e-05,0.8773193510581488,2079,256
2283,23.6822684709429,0.1992977492618011,2095,256
2284,0.933555593441431,0.7022888695396418,2147,256
2285,0.039886912607901004,0.0710025819435369,2129,256
2286,2.8595427937548572e-11,0.945154590105336,2101,256
2287,0.7838817605512982,0.8159371941368877,2151,256
2288,0.02181682811436596,0.6702844049267478,2134,256
2289,0.0018783242638108733,0.3805038730444877,2084,256
2290,1.4379240450166844,0.1797021752189226,1988,256
2291,5.256977468501817e-10,0.9192640905196068,1958,256
2292,1.72223898990457e-11,0.1127020235264825,2171,256
2293,3.0257218884568635,0.0564536418714548,2100,256
2294,18.430403002142146,0.8873997201896857,1999,256
2295,1.6214323958407796e-05,0.2747408444822461,2104,256
2296,5.641945630995774e-09,0.0805183416698235,2020,256
2297,6.81939640142378e-23,0.96887673625056,2122,256
2298,0.0028631596819469287,0.7797882025568765,2146,256
2299,34.88265694913635,0.6254157057784729,2098,256
2300,0.00023174832150333556,0.2825840175179489,1947,256
2301,1.1314071091290016e-06,0.9054749451287782,1954,256
2302,0.01382023421217383,0.4793727251427212,2049,256
2303,1.9536348079327366e-14,0.1926551681409257,1980,256
2304,17.328105939921045,0.978539283325276,2062,256
2305,0.05178655655530445,0.9886694348081426,1961,256
2306,2.979724501425657,0.4072393852127948,2051,256
2307,0.0023379713309335335,0.3516852009839142,2084,256
2308,0.01953664620063601,0.3604005055459327,2170,256
2309,16.91718426665741,0.3037547381560451,2070,256
2310,0.008968828439429255,0.5035690634049477,2011,256
2311,5.009789115329485,0.365304106410382,1956,256
2312,0.24153933717130255,0.2804885279080606,2171,256
2313,0.07018445224168098,0.4414905149074491,1941,256
2314,6.982061968939206e-06,0.6344744066060934,2081,256
2315,7.022222731845831,0.0397140540564971,2176,256
2316,0.0020201521857711254,0.7951537965064448,2046,256
2317,24.13758450048939,0.0609915029745379,1955,256
2318,0.0013920957753827186,0.4086114762724973,1926,256
2319,2.2623272476728285e-08,0.6533216286894936,2049,256
2320,6.513455466079806e-15,0.8064364520083537,2007,256
2321,0.018748117368190455,0.1618916477651366,2088,256
2322,32.548622941449224,0.1585675620787903,2040,256
2323,4.2024755558222016e-17,0.2551785030289657,1964,256
2324,0.00016738464531438789,0.890561648862672,2077,256
2325,1.1292972705081766e-14,0.4055897064334295,2145,256
2326,1.217723821141952e-20,0.6888341204592608,2149,256
2327,6.171821675112398e-23,0.3953127607000062,2044,256
2328,0.001727139564354174,0.0297735537907477,1935,256
2329,6.613697231751243e-22,0.1398648089257393,1997,256
2330,8.496052599804398e-11,0.3927395634638063,2062,256
2331,0.31016606232744603,0.3088818429411107,1993,256
2332,0.000137141040391486,0.0314496115483428,2172,256
2333,2.171913826413171e-21,0.4771410909268097,2114,256
2334,0.0003245688323794553,0.5684473409811059,2047,256
2335,8.113651727758962e-05,0.4224344815867942,2000,256
2336,2.43723226716247e-08,0.7159202764783283,2135,256
2337,0.006327331732212369,0.5536469407610622,2101,256
2338,0.17557712921650623,0.5278480212541431,2153,256
2339,7.519489614120205e-12,0.8317897966088313,1979,256
2340,2.3068636017288598e-07,0.7399796745740564,2140,256
2341,0.014307332501797335,0.3547844483029376,1997,256
2342,2.0204986537648977e-10,0.2710816016499807,2096,256
2343,0.10551173170860084,0.3635923398161577,2059,256
2344,0.0069776969837532345,0.6552432112985033,2016,256
2345,0.059181959812333,0.2323123667925802,1978,256
2346,0.0005654058809031611,0.890271028698923,1928,256
2347,1.6212114680513797e-06,0.0693964879113828,1961,256
2348,9.797484908972198e-06,0.6023237488319507,1962,256
2349,6.916014452856057e-09,0.7773343735738284,1999,256
2350,0.5461045294848916,0.4541088782397107,2032,256
2351,0.0083443814174472,0.785683536195108,2054,256
2352,0.0016997880453750482,0.0389613332182001,2016,256
2353,2.527460076292243e-28,0.7141890467154502,2081,256
2354,0.24655515028411226,0.0726072858654593,2176,256
2355,12.204546402879103,0.5398418973388943,1988,256
2356,6.612789532997893e-08,0.7309643303189337,2013,256
2357,9.404311956288782e-24,0.1845247159124819,1924,256
2358,0.008359805502039516,0.916923570759751,2046,256
2359,0.1729461193530569,0.4774405556123854,1947,256
2360,3.0904398297511876e-05,0.0411439933052215,1946,256
2361,1.2363877750805263e-13,0.5035572535966061,2019,256
2362,1.514631787381961e-27,0.8225760535408625,2060,256
2363,0.38532334474009344,0.1737483021802056,1950,256
2364,0.0024251968920711714,0.3210783298541716,2170,256
2365,1.4780728233572885e-10,0.4667682099983419,2061,256
2366,6.848520508258463e-17,0.3330703064194557,2038,256
2367,0.00012090084682104902,0.3146994547495387,2082,256
2368,0.0013694569241501893,0.9933145092563648,2004,256
2369,3.593246228207909e-23,0.1458310565927429,1933,256
2370,2.237433150504333e-09,0.1931424923096396,2042,256
2371,11.074402904132862,0.1175346284053184,1982,256
2372,47.38991663344881,0.6195915185158969,2072,256
2373,2.688697645490927,0.7824877497759603,1923,256
2374,7.19195567044206e-08,0.7841815795882177,2066,256
2375,1.5586632059715674e-06,0.8562276922999847,1922,256
2376,0.08877617170057156,0.5868986906199125,2012,256
2377,2.246856600916125,0.8446059795407623,2075,256
2378,0.001917369185705613,0.2748086640017491,2115,256
2379,1.256327640865292e-09,0.5199637525094585,2033,256
2380,2.5203122051953296e-06,0.1006563240191752,1966,256
2381,7.736378013737604e-09,0.777738844123732,2061,256
2382,1.3556110183302064e-06,0.8671312154317165,2132,256
2383,7.085674759829603e-09,0.9701881513169466,2119,256
2384,2.5786575488341826e-20,0.7025882215838207,1964,256
2385,0.058014348039371944,0.5757797242322465,2082,256
2386,0.17324093962534964,0.9482571750664072,2093,256
2387,4.03357322684669e-18,0.4762760587142673,2129,256
2388,0.0016131193808706322,0.481048918787184,2065,256
2389,7.899960378775823e-09,0.3421522757770765,2054,256
2390,0.0009738549553187972,0.019947036415838,2163,256
2391,0.06759575220152363,0.3078950441711108,1994,256
2392,3.3854954727652293e-07,0.4123479263116746,1926,256
2393,1.2270880984198138e-13,0.3651727758669744,2006,256
2394,0.00017928081362096748,0.138099875013673,2105,256
2395,0.17096119866200188,0.7848673867673082,2137,256
2396,8.220328860867884e-07,0.8952621431952063,2090,256
2397,0.5126951736245856,0.29698812639977,2100,256
2398,8.566395572373608e-07,0.4970100916145007,1946,256
2399,2.7778560128919748e-09,0.46875474923547,2111,256
2400,0.0038897065345009293,0.6456636215959252,2132,256
2401,5.685578704519562,0.3068378426902176,2111,256
2402,0.4021493613539046,0.4524453594899132,1949,256
2403,0.00047981799832875935,0.7838524167637879,2044,256
2404,0.03818522393695928,0.0413712453431391,1951,256
2405,0.07742969561646314,0.8371629235072174,2033,256
2406,0.0014077239087009843,0.4929556309704407,2167,256
2407,2.575248652535115,0.81941679868612,2065,256
2408,1.0049716865531272e-09,0.3972813155896219,2016,256
2409,1.8793636662680672e-05,0.0966505977319314,2066,256
2410,0.08319146558991886,0.6527801326553093,2083,256
2411,6.819495648273383e-08,0.5550712554764613,2000,256
2412,9.563962734549449,0.6361787462320223,2041,256
2413,8.515519211395148e-15,0.5028619352607194,2112,256
2414,5.518227111951771e-12,0.537788643799355,2151,256
2415,5.950236121639826e-07,0.5330623421721353,2023,256
2416,3.2888141518385963,0.1085399507415907,2005,256
2417,1.0905322726387155e-07,0.9072592030746528,1963,256
2418,6.115770568306387,0.175065803973596,1935,256
2419,0.18308549433466953,0.5531291745145132,2023,256
2420,0.11875729881330883,0.7451613372698178,1989,256
2421,0.6161112566963901,0.2370011527311891,2169,256
2422,5.7443692259410215e-11,0.3707114557602068,1991,256
2423,1.6169252416662738e-13,0.8050026582718797,2094,256
2424,0.7356922656648752,0.5657124786862479,2090,256
2425,0.9140259278404428,0.5745281491911166,2018,256
2426,5.280025623282999,0.5787806267718633,1984,256
2427,3.4007304475290634,0.6880239855780431,2172,256
2428,0.0395862804498578,0.4979978813578091,2166,256
2429,0.011030376405186003,0.183750893853866,2108,256
2430,6.661494480065548e-13,0.1398425000766847,1987,256
2431,1.8270950692818988,0.7913354876608043,2082,256
2432,0.4518527893111973,0.4892113772180779,2087,256
2433,1.3601760741675698e-09,0.8720830902839853,2166,256
2434,0.006091815586891008,0.3200250901197164,2038,256
2435,4.763052029991143e-13,0.1162948882392618,2005,256
2436,0.19213352739965528,0.6705177420989327,2065,256
2437,0.0046125256143430635,0.2174644979805953,2000,256
2438,5.892515847159783e-05,0.4349109333734315,2015,256
2439,0.16519718343164905,0.5309900880664866,2149,256
2440,2.351983979515831e-17,0.7360590100952633,2075,256
2441,9.810382496501586e-22,0.8004436506565863,2122,256
2442,2.346797977494817e-25,0.6120709063509707,2059,256
2443,3.0600715208527497e-06,0.5892411221160064,2072,256
2444,0.00031695929332129256,0.2651060976754351,2030,256
2445,0.011804762404380623,0.941587861672558,2135,256
2446,0.5605533863423193,0.3860391580237757,2071,256
2447,0.09102631241093892,0.7913194305723958,2084,256
2448,1.0604558603835045e-16,0.596981532966959,2168,256
2449,1.2043818132120014e-12,0.2336154397181119,1960,256
2450,0.15323796726428246,0.985787692946858,1956,256
2451,3.817832687685696e-11,0.3003518769539739,2047,256
2452,53.10566907293803,0.5579111430555359,1963,256
2453,0.0012187617893981084,0.1984744974603361,2116,256
2454,2.3139080220460056e-08,0.6221547438327337,1943,256
2455,0.0010894691618909033,0.2830440862703941,2171,256
2456,0.013396128203909886,0.8211476511321933,2038,256
2457,2.356503044523071,0.5626340538029231,1924,256
2458,3.4327652403477713,0.3062581077415419,1950,256
2459,0.013141940190486898,0.0439669724457454,2069,256
2460,2.863713084537884e-14,0.3953036981167644,2129,256
2461,1.5294203628107895e-10,0.943068615642074,1963,256
2462,5.290638698409901,0.5173904841181819,1956,256
2463,0.4501984643014426,0.422684667525613,2126,256
2464,0.0003813424655462933,0.2494376391177747,2143,256
2465,2.4630837640853556e-07,0.1274427674217654,1962,256
2466,0.0126466458443989,0.6309858635967306,2145,256
2467,1.231901395014561e-12,0.1055736633111288,1923,256
2468,4.476869777315721e-07,0.954805080662367,2098,256
2469,3.574185972446226e-13,0.6151414841354113,2158,256
2470,2.3752041234948713,0.7563352161136297,2055,256
2471,1.5957610316891706e-06,0.9428989843522988,1958,256
2472,6.506095250347677,0.3666543377904946,2011,256
2473,28.959867348728878,0.4175373608069526,2066,256
2474,0.07320580747665205,0.170027445783871,2111,256
2475,9.907498130499645e-10,0.9632682668944594,2101,256
2476,0.465977227404182,0.5455330270098723,2116,256
2477,8.889173706942394e-07,0.8141195001734233,1977,256
2478,3.511976194726679e-08,0.8166098672051408,2016,256
2479,9.61355672261169e-23,0.0619357057522067,1998,256
2480,0.1375783015577665,0.5506072214570786,2139,256
2481,0.948168060261722,0.0861622563264581,1957,256
2482,3.220713972276885,0.5198567553782757,1938,256
2483,0.028459348014931274,0.0543108632332274,2049,256
2484,0.029696819923578248,0.3919416676243112,2136,256
2485,0.033489627084765376,0.4802494362155325,2039,256
2486,0.009422057635578553,0.605582376144727,2106,256
2487,0.04895715564285836,0.1296678036027931,2059,256
2488,6.457004083520575e-08,0.0741192899340207,1934,256
2489,0.007151524746174107,0.7787668947445848,1960,256
2490,5.0595188565875526e-05,0.1313815186345203,1935,256
2491,0.0016258285776596495,0.2482211705746391,1941,256
2492,5.7982477253857116e-05,0.0197160615002,1990,256
2493,1.502473174289238,0.5563778244868012,2096,256
2494,0.0007217947263691634,0.8257280503663902,2044,256
2495,0.338015380146417,0.1052308659334133,1947,256
2496,8.819176078024998e-05,0.597677582785028,1954,256
2497,2.7248839308164886e-08,0.8136803298892631,2035,256
2498,0.15947922120713087,0.3691302636709791,1944,256
2499,0.00018403757119636404,0.885964439416469,2025,256
2500,0.06392489513919344,0.9108410227432602,2045,256
2501,0.029127010396179008,0.0989477127065419,2174,256
2502,0.0004262124648073828,0.8553900214494523,2143,256
2503,2.719288294178904e-10,0.4070798407293096,1991,256
2504,0.009191482268684274,0.475747972656915,2159,256
2505,4.1262729472759324e-24,0.5178317201018069,2067,256
2506,1.1147887004265883e-13,0.6410372052667639,2101,256
2507,5.061431588606283e-07,0.8184029131102267,2111,256
2508,23.96488553395857,0.6147391664511865,2078,256
2509,5.0469717737857694e-05,0.7054971483486844,1963,256
2510,3.6546092203841872e-09,0.4488648334349082,1985,256
2511,8.324402805690487e-07,0.4575113275115405,1994,256
2512,0.04781459836184206,0.8142772523418484,2108,256
2513,4.313210430713351e-07,0.461119682435387,2039,256
2514,3.811722552788974e-15,0.3467596123809423,2117,256
2515,0.0006218560975218056,0.5996583076023501,2026,256
2516,12.450445213254545,0.526813965821984,2052,256
2517,1.7856749869412523,0.1571659877560614,2166,256
2518,5.381921029371616,0.9589656650662296,2148,256
2519,13.545956984042778,0.6333347590900996,2156,256
2520,0.01238502047131611,0.9193344733056836,2079,256
2521,1.1014350400484896e-05,0.7773962283904028,2119,256
2522,2.4215993204479978e-05,0.0214152146286468,2078,256
2523,1.4312073562216548e-10,0.1354219499331618,2072,256
2524,0.7808695909906284,0.0131095210624795,2134,256
2525,0.00012110166075369754,0.2114737081662984,2088,256
2526,0.0006357970467337623,0.7140384380891772,1981,256
2527,3.4276281995387134,0.3208445930322441,2044,256
2528,0.003440870881418439,0.5193488247076034,1936,256
2529,1.0843757834286796e-05,0.8011840235890375,2022,256
2530,0.4169500303578323,0.4795520466356854,2072,256
2531,2.7392136661438624e-12,0.8930198986373028,2141,256
2532,1.2703336130996796,0.9033246823743212,1945,256
2533,1.759826757944996e-23,0.2203963940752816,1970,256
2534,8.674531842900835,0.6126236722972352,2156,256
2535,7.969261950941968,0.7573455663664984,1953,256
2536,4.1825264195749845e-05,0.042527425968961,2093,256
2537,2.3145690031273003e-06,0.3725270283087595,2027,256
2538,3.989244030777783e-09,0.4825917530814197,1993,256
2539,5.2455039246564805,0.9674008313149708,1934,256
2540,1.1157978992349772e-25,0.0287564321894678,2051,256
2541,0.020183314295254655,0.8642646617771621,1992,256
2542,3.864245872956587e-09,0.0026088376601552,1966,256
2543,5.054305282036457e-15,0.4803836850610032,2107,256
2544,2.695472985796973e-13,0.2388193147443834,1967,256
2545,0.007783925026787743,0.6158907087195968,1926,256
2546,5.069421822386153e-11,0.6433635804654176,2067,256
2547,0.21788014430377933,0.7134225304321214,1974,256
2548,1.5232000577621077e-10,0.0900741902422992,1985,256
2549,13.273474580010431,0.0550518268838341,1978,256
2550,0.00032019838089779106,0.8261750848199302,2057,256
2551,0.0002829163562954459,0.9221390278497074,2086,256
2552,0.005530349303628731,0.9948547981278312,1982,256
2553,2.7803204459333597e-10,0.5249611546007944,1987,256
2554,0.06942726790563591,0.1337421123032717,1925,256
2555,0.43308212350717823,0.4161658095839663,2012,256
2556,0.0005432932830965608,0.1863959781084091,2117,256
2557,0.01689603848646305,0.0453451555335865,2157,256
2558,9.346637303877226e-06,0.3936676075451834,2041,256
2559,0.5602519159337797,0.2589818057349543,2175,256
2560,2.2850063636461073e-11,0.5096619065750727,1933,256
2561,17.19155613439354,0.2156083667028119,2096,256
2562,5.262319903326778,0.4077154419074501,2141,256
2563,0.0012843552048067673,0.2914631040857517,2088,256
2564,5.40133142936861e-07,0.4711029866015307,2140,256
2565,8.779849566109751e-10,0.25243571472917,1939,256
2566,6.9019359169294434e-18,0.6484164154119064,2023,256
2567,2.8392779507197012e-09,0.3048566305655078,1928,256
2568,4.463525662916673e-06,0.9524385727384168,2165,256
2569,2.3334305925367706e-12,0.1675827621816583,2021,256
2570,2.4485126559037083e-12,0.5339043727292491,2091,256
2571,0.5261255045090109,0.3460790168852455,2062,256
2572,3.1217117185456718,0.5221705869175797,1984,256
2573,0.04025376690368123,0.6229922932272314,2000,256
2574,0.01702682664053905,0.1542663449632556,2157,256
2575,0.0009396866792829846,0.9483104560220617,2141,256
2576,3.393068681759698,0.8603584822617755,1952,256
2577,3.296049643313324e-58,0.5697908773650797,2134,256
2578,0.0004764268035891365,0.8657189807226537,2080,256
2579,4.210091756773519e-13,0.006858096121031,2129,256
2580,0.0008475189967847469,0.6773717772818977,1921,256
2581,0.059646512520981305,0.6605108576903904,2051,256
2582,0.008801301303147624,0.6612028162801377,1938,256
2583,7.4721940338401085e-06,0.4665540065143015,2035,256
2584,1.2919097295332384e-07,0.3029734382699416,2091,256
2585,0.19922280893601116,0.5588218338249269,2141,256
2586,0.7061016242876793,0.797295289956767,2098,256
2587,0.052498986585574475,0.136492889843889,1936,256
2588,8.356841259717413e-07,0.564038331593548,2059,256
2589,0.04864626157297065,0.7999958004886252,2175,256
2590,1.8058161616695782e-19,0.8248018818683105,2007,256
2591,1.187412570812779e-06,0.0990201860425468,2149,256
2592,2.135883795164172e-07,0.299597569642819,1944,256
2593,1.4099997319675337,0.1601396282745089,2027,256
2594,3.133519216649216e-11,0.2789024321716329,2139,256
2595,0.022065245066800045,0.871667001426186,1950,256
2596,4.79320026096207e-06,0.8224330161341216,2011,256
2597,0.12251938032037488,0.4943304406029004,2043,256
2598,5.718651451100397,0.8692876957528518,2116,256
2599,1.994801681030273e-07,0.1238968358846955,2001,256
2600,0.002946161056972928,0.9066613316039412,1933,256
2601,8.333422136325675e-08,0.8079107017011335,2169,256
2602,0.0060268105320218715,0.6017286367396112,1991,256
2603,0.0013125969547644915,0.0132138386250136,1970,256
2604,0.0022306575126135077,0.0554791316854359,1993,256
2605,0.20450757470123054,0.7696344344326074,2121,256
2606,6.850598652572682e-13,0.6056281312656886,2075,256
2607,2.789725600695695,0.1442615463876221,2127,256
2608,0.0001852528874062767,0.7861214385235578,2149,256
2609,6.429024313572128e-07,0.7834151307649626,2011,256
2610,0.002744621040386376,0.5375986324376938,2020,256
2611,0.1990129135732007,0.4288510331157538,2112,256
2612,0.0002778664231916128,0.0387403868227596,2083,256
2613,0.0017790043896818743,0.7631274603733694,2022,256
2614,19.149316712069613,0.6461641972259833,1953,256
2615,1.679659231709605e-18,0.6565650417076707,1950,256
2616,1.9189668048998572e-18,0.7496866932693454,1938,256
2617,0.00012981896944509638,0.1276557279198915,1934,256
2618,0.21024946036221007,0.9301473549392234,2117,256
2619,4.862002973069727e-19,0.2735437794881161,2125,256
2620,0.31631099718261196,0.5900914011184044,1958,256
2621,0.32463867734427326,0.8928561770790012,1987,256
2622,8.45251178414968e-14,0.0025156387515644,2121,256
2623,0.7570490882790601,0.6073789385152121,2079,256
2624,3.9157871590137847,0.4066765684669307,2013,256
2625,0.005865972458707136,0.1587170385848151,2098,256
2626,12.118267253132945,0.7022406408054066,2039,256
2627,9.183146645539329e-09,0.6359051328140569,2145,256
2628,0.01384781169992308,0.7593018616196717,1936,256
2629,1.4337698404659103e-06,0.5877782030401313,1949,256
2630,6.529366276278044e-07,0.0391498165539363,1938,256
2631,2.69275886035517e-15,0.634444888490121,1999,256
2632,0.0002611931017072186,0.4404622631344881,2034,256
2633,2.407780064382144e-15,0.7163559991622571,1924,256
2634,4.47228382019285e-26,0.3179265435506775,2064,256
2635,9.073421340665886e-17,0.7715476280948103,2041,256
2636,2.0016598359553252e-16,0.5889261678172405,2137,256
2637,2.374921158117115e-46,0.807139209971744,2085,256
2638,0.13721903615533795,0.1614154232008476,1992,256
2639,0.006396970364614302,0.7307717308339516,1967,256
2640,3.1311885225869442,0.2096984440480128,2104,256
2641,9.714530369701156e-14,0.8146900279990265,2061,256
2642,6.159567295753836,0.6759287830452324,1946,256
2643,2.8700126998609794e-17,0.3474091743778802,2102,256
2644,0.3192983405456549,0.3108864338546613,2024,256
2645,0.35256363191833057,0.3243972639876624,2139,256
2646,4.802538754552826e-07,0.2238296935696527,2146,256
2647,2.5446283007312016e-09,0.1617007362153703,1993,256
2648,6.732111288117027e-16,0.5493117126426289,1950,256
2649,0.01648145469299696,0.5395618302216846,2030,256
2650,4.441770078987794e-08,0.4553829371401249,2057,256
2651,2.40875963135253e-09,0.812498058077466,2117,256
2652,11.590080225159697,0.3700443636806062,2047,256
2653,0.00012552934391054903,0.359167098540441,2094,256
2654,4.480785527309174e-05,0.1328036114240917,2091,256
2655,0.025559496648735906,0.7883503105943536,2165,256
2656,0.06440022276075857,0.7614451128022883,1941,256
2657,9.677774390112189e-12,0.638910789558935,1970,256
2658,1.146192252663587e-11,0.5004234999469194,2132,256
2659,0.9178041919146613,0.0741712523271395,2066,256
2660,0.00027326332347401395,0.1836090557095536,1973,256
2661,2.209106293719833e-08,0.323159688386048,2045,256
2662,0.02681187633039413,0.8961445768055685,2171,256
2663,1.3395197940027548,0.2193878405424517,2115,256
2664,34.812300460570064,0.539842963382256,2176,256
2665,2.2266010841874886e-16,0.6714718338399993,2015,256
2666,1.7604432209844817e-07,0.4281062044595564,2031,256
2667,0.09318579324008983,0.55816813302617,2086,256
2668,3.2862163852342885,0.0779289427870524,1993,256
2669,0.2701469076089249,0.3499786458278801,1970,256
2670,1.9166361903856879,0.5462216646455065,2025,256
2671,0.019499237680527116,0.3788857821086095,2110,256
2672,1.2311562232839532e-07,0.6486827901010643,2020,256
2673,0.048880243346105356,0.8260592579931259,2046,256
2674,5.3892961257382874e-05,0.0812413401499944,2147,256
2675,0.0008019004244078561,0.9254522489385184,2031,256
2676,6.951340253236841e-05,0.8493179016588304,2064,256
2677,0.08307993132469478,0.8475473183881246,1929,256
2678,3.0417069327067137,0.8282391570389278,2003,256
2679,0.0036914876049384455,0.9301794410249498,1991,256
2680,0.08149257721265706,0.9429852903033644,2034,256
2681,2.3882693304614844e-22,0.3483651820612515,2172,256
2682,0.0025060210861908485,0.920311173329334,2083,256
2683,0.00619218316312208,0.963004787385368,1983,256
2684,0.0005427200918709643,0.0572920419886505,2147,256
2685,1.8194574307101604e-09,0.4858817324999596,2008,256
2686,0.0007574094205878495,0.3327003896106929,2120,256
2687,3.810979198731216e-17,0.990481177333133,1920,256
2688,0.03491363752800625,0.8069194805028435,2017,256
2689,3.3624602297824763e-12,0.8173384027552951,1924,256
2690,2.642269881644402e-14,0.3198488349671295,2090,256
2691,0.0350475098797345,0.9534729529271824,2088,256
2692,3.718196075131627e-11,0.187803444007003,2127,256
2693,1.91761507358549e-06,0.6770619380972261,2039,256
2694,1.1495765233125438e-15,0.0666278308466979,2000,256
2695,0.000366609092137799,0.706366785575161,1931,256
2696,1.0499280005338015e-09,0.8529692192700498,2133,256
2697,22.995271103182105,0.0338934375919663,2099,256
2698,3.2930589288323566e-15,0.8016020766506204,2059,256
2699,5.903138958549502e-16,0.3376707069066985,2077,256
2700,2.5635867905697443,0.7915248576708172,2144,256
2701,0.004067374651698514,0.7267766341616972,2030,256
2702,0.4801663958290439,0.3817060088123759,2034,256
2703,0.003528912827561723,0.4940285513339081,2173,256
2704,7.269563441158369e-07,0.9552782650021764,2172,256
2705,3.848234907586794,0.041110376317284,2116,256
2706,7.0034683511102145,0.4743869311628422,2051,256
2707,0.04939314190471704,0.3047372753361823,1962,256
2708,0.002437298954776872,0.5699974797369762,1996,256
2709,0.26025989577896186,0.2268677487969636,2108,256
2710,0.08316623980034016,0.1816341824768135,2161,256
2711,36.07290981985432,0.5588473633945628,2038,256
2712,1.4315788151021696e-12,0.5312746948765749,2015,256
2713,0.014386703684159032,0.2968057930553944,2000,256
2714,2.5645720286007826e-05,0.8365290612190005,2082,256
2715,5.192093302533626e-32,0.6346566304493741,2164,256
2716,4.336410744161408e-14,0.9903484709963484,2138,256
2717,1.713117470333051e-08,0.1551378132422394,2159,256
2718,38.47003142796327,0.2134242690406491,1950,256
2719,0.00028165928502011593,0.4988146723132034,1999,256
2720,3.5829745783528885e-43,0.0941458857221068,1943,256
2721,5.30227028112583e-26,0.842675089040643,2005,256
2722,5.345261517095523e-08,0.8519177338378342,2083,256
2723,0.5744362620774122,0.90549810261688,1988,256
2724,3.641445833388176e-09,0.6127624076259774,2096,256
2725,1.9502616815732202e-11,0.3926684525549664,2168,256
2726,2.421231515240388e-07,0.0898010762515224,2049,256
2727,0.44804847601939635,0.4006504811038159,1971,256
2728,0.12168435684160071,0.8347513500095824,2049,256
2729,2.1850858089814587,0.8569229921457174,2117,256
2730,2.4268951304637876e-10,0.6553628210376341,2174,256
2731,1.3250936914930012e-17,0.5525792070240451,2060,256
2732,1.736771244242879e-05,0.0545803961488126,2063,256
2733,2.881459294737018e-06,0.0697022925740424,2072,256
2734,0.00047092128246941343,0.6046794481264578,2101,256
2735,1.889424638554892e-25,0.3186225449803993,2175,256
2736,2.5000625440283977e-08,0.3790940288884974,2068,256
2737,0.0020483401276183157,0.4771674971722693,2005,256
2738,4.618940407054188e-09,0.0969607947758097,1987,256
2739,1.4028666495099484e-18,0.0686150580409228,1927,256
2740,0.2124511920276968,0.7845111881852324,1961,256
2741,0.03180674998756547,0.3204560752660536,1989,256
2742,0.027677267917228632,0.6566884357040008,1946,256
2743,1.815763575609438,0.2859145072990782,2086,256
2744,6.284723398027686,0.0837516784207343,1998,256
2745,2.3611584690455772e-05,0.1686887876097663,2076,256
2746,1.0846320601974936e-05,0.8470477894050505,1976,256
2747,0.0020464263880396395,0.2053788859347263,2168,256
2748,0.11747250817620072,0.7115900355290946,1967,256
2749,2.2992956044167767e-08,0.7620859973146784,2154,256
2750,0.07001081278779368,0.1503500947269701,2158,256
2751,3.877959214272806e-08,0.3019027797817604,2163,256
2752,0.016699563513047046,0.6482053655428359,2171,256
2753,0.0010991565326440031,0.3056811270372226,2011,256
2754,0.10847817326081304,0.3865467608834936,2102,256
2755,0.5418360400437093,0.8567573725875685,2164,256
2756,4.7704300409454466e-09,0.6077227262894175,1927,256
2757,0.0008888712823551853,0.0299877460332895,1940,256
2758,0.00013598423345945987,0.009403970267527,2046,256
2759,3.880162465676521e-08,0.1323711014921745,1947,256
2760,9.721322981929036e-08,0.2085744201196583,2101,256
2761,3.25381239683649e-06,0.5071908751312085,2112,256
2762,2.2573939061783075e-11,0.755389313453265,2020,256
2763,0.19459281944933007,0.96134761140367,2175,256
2764,0.19059419424604215,0.7374752901983866,2106,256
2765,7.629170315383403e-10,0.5234287068955562,1946,256
2766,2.017615358976465,0.6510850695870517,2012,256
2767,22.09098263930922,0.9407746212400728,2175,256
2768,4.754239835558874e-10,0.5957030887218898,2072,256
2769,1.0366776424309843e-06,0.9749980124505948,1981,256
2770,5.940923566901197e-06,0.0789159109684816,2027,256
2771,7.942550309344738e-13,0.4806020774981201,2013,256
2772,6.544570259786087e-14,0.6099683199596349,2039,256
2773,2.1639112873613424,0.0042901938000072,1986,256
2774,0.6563759544041531,0.6897441250244694,2148,256
2775,9.692547418390408e-05,0.3772593341073261,1963,256
2776,5.0580510222420295e-08,0.7735344973585488,2063,256
2777,0.012036397325443045,0.0999776934801537,2123,256
2778,2.3801954448549332e-14,0.5914311311952531,1988,256
2779,1.4553277849022953e-07,0.0836960820566262,2156,256
2780,0.0058035109594411285,0.2330876569917024,2141,256
2781,8.669318696136064e-15,0.5434760353013355,2042,256
2782,0.0001562543174361963,0.3853260943631967,2082,256
2783,0.11720581961658044,0.5464108573013594,1996,256
2784,0.0026671859917186238,0.2320280070404268,1978,256
2785,1.2670602522614467e-17,0.1151584272339668,2066,256
2786,1.7564319890407699e-12,0.8096048027626198,2012,256
2787,4.268905492596346e-13,0.1425220507415383,2119,256
2788,0.0001634299518401975,0.4011007602682152,2055,256
2789,5.027377538005357e-09,0.3258482076000789,2154,256
2790,1.222882051514056e-06,0.6965466786867999,2142,256
2791,2.988710109955869e-14,0.1099800228232718,1941,256
2792,2.9627151255849667e-11,0.5332046013742286,2136,256
2793,0.0026809632215003204,0.628564954083255,1969,256
2794,0.007171342735038392,0.1599769497831498,2050,256
2795,0.00021748276332927573,0.0022526493233759,2155,256
2796,4.3931856557851905e-16,0.5170704196363014,1977,256
2797,0.0002950408638672183,0.1009356839183779,2147,256
2798,0.0029267468931310687,0.6430644051240181,2095,256
2799,0.3344950816880467,0.7205184669811808,2023,256
2800,1.4971137767891192e-05,0.1580681172338072,1982,256
2801,3.876779634678829e-06,0.8666806694790463,1964,256
2802,4.993109222871053e-09,0.3160723072936993,1992,256
2803,0.0006447037988821789,0.0608016974258112,2049,256
2804,1.2214984861789752e-06,0.0610041670689057,1991,256
2805,1.522593250965814e-12,0.2115071257956177,1932,256
2806,4.249511369665846e-13,0.3467296050957825,2108,256
2807,6.608950765836354e-17,0.4824039874513738,1968,256
2808,0.0013527621244793682,0.2486301273885545,2064,256
2809,9.808101774913407e-09,0.3926549881406074,1939,256
2810,4.296106005957539e-28,0.1356270114212491,2060,256
2811,1.337981137429662e-09,0.9491765986049948,2034,256
2812,0.09336644006852099,0.457150015315556,2135,256
2813,2.6298193693346585e-07,0.5052232673016641,2118,256
2814,0.009948703177888145,0.0154114517792365,2123,256
2815,0.016302597682589737,0.6374197107351475,2149,256
2816,0.16229270714820052,0.6189602744482181,2164,256
2817,0.006063741178381466,0.5697036054449929,2132,256
2818,96.78506408969922,0.4687776194560371,2029,256
2819,1.354298401388466e-13,0.3311992270507246,2025,256
2820,0.0005184205355336151,0.6753847977217818,1950,256
2821,4.50120843222372,0.8453879570956558,2123,256
2822,3.8154784090747724e-07,0.1956387955652297,2176,256
2823,0.0008893632201519231,0.8597527506776076,2031,256
2824,5.507451465183312e-07,0.4105853766268398,1926,256
2825,0.006335816990939636,0.83990242153531,1977,256
2826,5.832819988440185e-08,0.2276518153495941,2033,256
2827,4.9751538324980735e-05,0.3936831764560536,2000,256
2828,0.0003244001732642389,0.5147709213581176,2056,256
2829,2.4375292230760808,0.9338879099996784,2175,256
2830,2.9854194115135357e-09,0.5829745755632886,2106,256
2831,0.0003610496825991298,0.1907644046510929,2071,256
2832,1.5867856242597214e-07,0.2829157953226795,1984,256
2833,10.464902780144769,0.6150306389789713,1990,256
2834,4.569580206697739e-06,0.2893679180199687,2130,256
2835,1.9203928648915544e-14,0.9212176634000876,2104,256
2836,9.36624774239452e-18,0.6754129950875067,2062,256
2837,1.07005411024072e-20,0.8669167300938488,2054,256
2838,6.297564754092442e-05,0.2496895700737978,1950,256
2839,5.335040014680447e-10,0.450408565357827,2017,256
2840,0.16964038565653353,0.4675428075154706,2138,256
2841,3.1463664312382503e-10,0.0219621062663137,2006,256
2842,3.486762832555021e-06,0.1385843513604862,2021,256
2843,0.6181667306997436,0.3098946963887551,2021,256
2844,6.372743154499317e-13,0.7666568761946186,2058,256
2845,8.732414681250385e-10,0.9248825233584472,2049,256
2846,1.096914336668634e-06,0.461058029189586,2149,256
2847,0.0011569148775052438,0.3492792383253637,2129,256
2848,0.06713954341422239,0.1608112819266912,2053,256
2849,0.0026551172077233045,0.4067762280503577,2128,256
2850,5.672283908152861e-19,0.6243455730511253,2119,256
2851,1.2606704385805959e-19,0.7545130602420025,2081,256
2852,8.958254814463844e-08,0.1621186137946895,2006,256
2853,0.23752168339049937,0.986563188867289,2109,256
2854,1.396060307549129e-08,0.4810074613278678,1984,256
2855,0.6874000327024782,0.7973598202842175,2025,256
2856,1.4633811667869332,0.7350738130783097,2046,256
2857,0.009765415671694377,0.0639644552095686,2057,256
2858,2.9261014956983404e-30,0.2948295746383674,1983,256
2859,0.5175607458877574,0.8788991198929594,2168,256
2860,0.0007723193296151489,0.9136952244343548,2007,256
2861,4.4129697751504295,0.4303559781804517,2154,256
2862,2.2896265121579885e-09,0.0045656403451682,2162,256
2863,1.924576832370315e-09,0.0510489665674841,1926,256
2864,1.6226641601571742e-07,0.1921893854120605,2017,256
2865,0.27799945861493575,0.807567192652459,1979,256
2866,8.363506221847496e-07,0.5559002458794071,2064,256
2867,0.06369261167394079,0.8245597561598766,2174,256
2868,0.7822947448614795,0.2159825402229592,2127,256
2869,7.718176590527736e-05,0.5005191126132756,2129,256
2870,5.3781901347724735e-05,0.8120987068014739,2094,256
2871,0.16829094969547956,0.0835713035793316,2015,256
2872,0.5800477495376267,0.2188098037582864,2090,256
2873,5.990870829859074,0.3155137382930461,2121,256
2874,0.3530585234111096,0.224437173995463,2120,256
2875,0.4649729129536148,0.0239434376902645,2110,256
2876,6.330243949178889e-28,0.7315076546588292,2041,256
2877,1.4008122119232042e-10,0.8171945637419455,2051,256
2878,0.0017708288556197202,0.7247910025357768,2066,256
2879,1.0524051874168104e-07,0.3398645957258512,2001,256
2880,12.073037378438457,0.382651105773553,1970,256
2881,0.20481471231585544,0.0894257032025909,2007,256
2882,0.031954725650266316,0.0184119638492253,2018,256
2883,2.735768153161252e-12,0.6873072504944301,1996,256
2884,0.000560958433618129,0.6010874386306646,1975,256
2885,4.234324285900452e-09,0.82131130664253,1945,256
2886,0.5087732063277818,0.7103846019402856,1996,256
2887,0.33960233539257006,0.6188226015688537,2128,256
2888,4.89425791071976,0.478377178874079,2135,256
2889,29.256699214145893,0.0322541750004088,2023,256
2890,8.335769033394891e-09,0.3298381433736304,2019,256
2891,5.523958878677374e-21,0.4601236767713381,1984,256
2892,8.359294890044006e-30,0.3380627957737978,2137,256
2893,1.3074213828462646e-07,0.6828385586848831,1953,256
2894,4.102102010916074e-25,0.3746227901583447,1971,256
2895,1.7851242807158514e-08,0.7847011720410685,2170,256
2896,1.5534001214965706e-18,0.4104055244338843,1936,256
2897,3.1819396373376196e-16,0.4800959788805423,1999,256
2898,7.980668852058433e-10,0.4992429716029973,2024,256
2899,3.7355509259046755,0.0664832334396259,1991,256
2900,1.2766563303906578e-05,0.5926007341974199,2038,256
2901,2.3801712955528955e-07,0.1374803610862369,2069,256
2902,0.00029444738665779436,0.2707471786189825,2097,256
2903,0.048858094692897536,0.5316247959555932,1992,256
2904,4.2866168032805705,0.1432649915063013,2066,256
2905,0.0001960095703133069,0.7075407312238136,2025,256
2906,0.00027380327093968484,0.6856379528536067,2128,256
2907,14.948954417619753,0.4878217673544367,2143,256
2908,6.080701825314989e-24,0.1611908242024585,1970,256
2909,0.8306536106387901,0.169966069302016,2138,256
2910,3.809312179032977,0.0558361063258915,2074,256
2911,5.479852378869375e-07,0.6292706136370328,1946,256
2912,1.3640176931082622,0.0273689911125386,1941,256
2913,5.658371842715499e-34,0.8280261212396617,2084,256
2914,5.7519409244431387e-11,0.0075570688704209,2070,256
2915,2.8962635243498735e-20,0.631014102083518,2048,256
2916,5.919179311926339e-16,0.6464463879444068,1980,256
2917,3.057508114427174e-05,0.9340130168878924,2032,256
2918,2.7787589595393066e-06,0.7482669426805812,1921,256
2919,0.02947594458733357,0.8686498146330776,2022,256
2920,1.727746672243288e-08,0.1978492703788815,2118,256
2921,0.003589172970833605,0.3167015359892756,2001,256
2922,2.377379637509167,0.3015549020938889,2101,256
2923,0.15223284906305573,0.9606883366271304,2080,256
2924,0.29499771331713853,0.2286315203749201,2096,256
2925,2.9696013403686934e-09,0.9125700785628186,1960,256
2926,4.9842237953100703e-26,0.8078023930408866,2055,256
2927,0.08245507602602757,0.0103972824405342,2097,256
2928,5.657936429532385e-08,0.5736764927869135,2044,256
2929,0.018208574372793582,0.070125308754263,2088,256
2930,1.594070182442567e-05,0.6764758538784303,1981,256
2931,3.836949370333882e-10,0.8423085298481373,2134,256
2932,3.8721360196912865e-11,0.1983381716890592,1943,256
2933,0.04971221495903526,0.3401742182156106,2030,256
2934,2.7915860665404637e-08,0.3998002872146698,2136,256
2935,0.0014923633134313228,0.5927578388092368,2007,256
2936,0.22420683910731412,0.6036857050348182,1943,256
2937,3.9101510852588645e-07,0.8611627794096507,2015,256
2938,6.538331185895475,0.7311559085761898,1978,256
2939,7.380679151054057,0.5381944083624363,1943,256
2940,1.1040489918776475e-07,0.2601733380051053,2121,256
2941,0.0009139882283230678,0.0661848643515542,2009,256
2942,1.2421537477315496e-10,0.1420428891166212,1991,256
2943,3.763057885322976,0.1713273853843411,2024,256
2944,0.019677387730417335,0.5235050314684082,1999,256
2945,1.5348355461522887,0.7154339672344516,2031,256
2946,0.012302324301975746,0.1941845962420939,2101,256
2947,0.5296262776301024,0.998188576369913,2043,256
2948,1.0529384755124706e-06,0.9975781347911384,2021,256
2949,0.22194861279036227,0.609475021305744,2005,256
2950,0.0015050237100259585,0.2340517488031297,2046,256
2951,9.368705721447271e-06,0.1374703909944882,1947,256
2952,6.960311620860827e-19,0.0056068052381946,2163,256
2953,0.003926732571606814,0.7944754663448342,2105,256
2954,3.7898683293018895,0.5629740419364639,2084,256
2955,2.2901604450548425,0.4914202928458712,2095,256
2956,2.9982033926359745e-13,0.8572452121273009,1957,256
2957,7.213800306582622,0.5007590867822792,1971,256
2958,2.591931665311256e-23,0.8318570536709534,1978,256
2959,3.899173174275964,0.7163040168995285,1968,256
2960,0.0014221084286418896,0.319629673129213,1928,256
2961,2.2501925809925464e-43,0.0546766903649117,2076,256
2962,5.786251758243375e-10,0.2301921975039147,2112,256
2963,0.014272670491711579,0.0487241802180246,1967,256
2964,8.695145109382882,0.2094174018834932,2016,256
2965,2.970370387334184e-06,0.0123350976293025,2082,256
2966,3.525942563068377e-08,0.6528954760109905,2163,256
2967,2.6860366620793146e-15,0.9700162098218992,2145,256
2968,3.9931240856992224e-11,0.0464839278892985,1988,256
2969,0.00027815473408488784,0.0743752414986443,2155,256
2970,1.9947234802944148e-09,0.2549731168379812,1943,256
2971,1.2380575139366e-22,0.9527905730391134,2065,256
2972,4.0159719761217393e-22,0.0193351571067451,2112,256
2973,0.03050664452046773,0.2203203693347004,2060,256
2974,2.2719191962832982e-07,0.6253570572008309,1985,256
2975,1.862061366511712,0.4192957141242409,2038,256
2976,2.5592819303206547,0.5631746062746309,2130,256
2977,7.582580107790977e-11,0.1826723456724518,1964,256
2978,1.5294511892792125e-18,0.5676034770632067,1929,256
2979,2.561174154254907e-05,0.1889909706424265,2107,256
2980,1.4207447111729485,0.7456032441113669,2010,256
2981,5.463288909467736e-31,0.6105427649282684,2036,256
2982,5.057907147921321e-11,0.7463905303883238,2068,256
2983,0.017474106196040475,0.6539378669398922,2109,256
2984,1.6595612759591148e-05,0.4119641143686836,1943,256
2985,1.5186143835799708,0.2866714491118726,2099,256
2986,0.00970101449676891,0.0173570532315024,2144,256
2987,0.0012353744428821802,0.6617837844707144,1956,256
2988,1.0438109030536782e-08,0.748036694645281,1980,256
2989,1.2666880225880859e-05,0.7206079157547726,1942,256
2990,1.492315582734463e-17,0.5576983857944152,2163,256
2991,4.904993314303624e-06,0.3258592969623137,1934,256
2992,3.963723489467023e-13,0.5911245928889427,2025,256
2993,0.9727170591226202,0.0503454350482019,1949,256
2994,4.000987638699865e-09,0.9068764461793286,2095,256
2995,6.418368276437326e-08,0.8898088283542512,2163,256
2996,1.8373325665942565e-15,0.5706868385956286,2163,256
2997,4.116863780966419,0.9442370812059844,1931,256
2998,0.05162082386251186,0.7490083548617011,2084,256
2999,1.6144051894428906e-09,0.3829969514141857,2139,256
3000,8.500332137673685e-12,0.7329614354483671,2096,256
3001,0.18362052318507055,0.9984357369063358,2028,256
3002,13.578021307663182,0.5598263506518392,1942,256
3003,2.227572381913295e-09,0.6773791003539478,2104,256
3004,1.4372026654692444e-07,0.6200547329385314,2068,256
3005,7.5447080836236e-30,0.7615808315961888,2052,256
3006,1.2267205526031794e-14,0.5386926437703174,1991,256
3007,5.4376124263878215e-05,0.8971481693812214,1935,256
3008,0.10031867750876035,0.270069446584372,1989,256
3009,12.231377324760306,0.2957534147074481,2042,256
3010,2.2021900750818527e-25,0.3532851150305177,2009,256
3011,0.1566188885537105,0.1431066112202071,2086,256
3012,0.2518210726717406,0.4219462930683035,2131,256
3013,2.8961011981121395e-27,0.102273973755908,1950,256
3014,1.4318471910826197e-16,0.3700989060229102,1971,256
3015,5.714452344987859,0.3829251671402696,2143,256
3016,0.004694313581990911,0.8620975454817097,1946,256
3017,3.2853162829563186e-09,0.32908632741107,1980,256
3018,1.1033861532950768e-05,0.0517304003484381,2011,256
3019,0.11030050798198417,0.1032866673557372,2163,256
3020,0.1495317937619001,0.6756432531684399,1946,256
3021,8.542151661763536e-05,0.7430270779992032,2054,256
3022,7.3023833181737466e-09,0.4934967736496913,2060,256
3023,1.8584825011257357e-08,0.5968030231912721,1925,256
3024,16.50848070954475,0.1828613999233962,2024,256
3025,0.003550371633042173,0.5763333327658539,1957,256
3026,7.089213117404329e-17,0.8099885734190417,1987,256
3027,0.043317976725236025,0.4231734837662575,2000,256
3028,2.0339075203139295e-08,0.8319063382956058,2172,256
3029,0.36646884486403425,0.4750496442908292,2012,256
3030,0.20550973869648492,0.1269758991055009,2065,256
3031,1.2642077961771137e-09,0.5646720496970121,2008,256
3032,3.7909540554719156e-06,0.2915941312648528,2043,256
3033,0.005676364064338199,0.0138642760670951,2129,256
3034,1.4572074329720513e-10,0.1180477044523167,2058,256
3035,5.022901284461564e-11,0.0816965882996572,2028,256
3036,6.733032315364345,0.6236686465300784,1931,256
3037,0.010984972825737849,0.4601124176924516,1957,256
3038,2.6232803084156013e-12,0.2221619699149403,1979,256
3039,0.06150506304095385,0.8776290194678343,2123,256
3040,1.2919610246780201e-11,0.8954575414952027,2073,256
3041,9.302401005467416,0.126110443968262,1982,256
3042,3.74323327320606e-14,0.6179588540912774,2073,256
3043,9.219566113809901e-13,0.3952258443059323,1953,256
3044,2.1339384074202506e-11,0.3366336269107632,2050,256
3045,0.0031725349072985994,0.4030470006653219,2065,256
3046,6.113088081180398e-07,0.6944049592238222,2014,256
3047,0.023536716075423385,0.4797460926412071,2090,256
3048,7.89249188569987e-08,0.5250018632000586,1936,256
3049,0.0008713122397023684,0.6825883496887916,1920,256
3050,0.02653184743742869,0.8734599377484918,2121,256
3051,1.1749307198178876e-09,0.0713826693908774,2048,256
3052,6.182484416259306,0.3000494723509516,1989,256
3053,0.015643953640267903,0.2288617474708724,1955,256
3054,4.4970575616760495,0.6201944658378709,2026,256
3055,5.383849746441606e-27,0.1279170128712643,2045,256
3056,0.026922469358218255,0.2125047164241901,2026,256
3057,8.583117327179523e-05,0.5307754458639398,2032,256
3058,0.054530401369341425,0.1214169311812,1997,256
3059,2.2604679186960138e-10,0.5083546357289696,2000,256
3060,0.02449005859115932,0.8375435121621405,2102,256
3061,6.6069366532142325e-21,0.339939423032166,2093,256
3062,0.001017388172679761,0.840852681236495,2103,256
3063,1.0730628978097698e-10,0.2701363869710959,2165,256
3064,0.047462557305473295,0.3436582725282303,1927,256
3065,7.97604347942666e-13,0.9431632433777658,2017,256
3066,0.05702867045136426,0.6893483084111323,2126,256
3067,6.370702825499627,0.4385869118622943,2050,256
3068,2.020505389222593e-22,0.4531911990118884,2135,256
3069,10.424070592721222,0.7159833710662159,2170,256
3070,0.00015804944270549634,0.2197438139228286,1992,256
3071,1.7744872874828506e-05,0.1621037092637676,2155,256
3072,1.9913997137946884e-11,0.7119056927467087,1932,256
3073,1.6018166500702008e-07,0.1142331689642289,2136,256
3074,0.0018226609742382736,0.3036354745911328,2018,256
3075,1.8954399354793915e-17,0.9775057172125422,2138,256
3076,1.6002662500768302e-13,0.0278974922591929,2080,256
3077,4.715218613306313e-12,0.6122806853348634,2090,256
3078,0.006650605215207698,0.0280725281890118,1935,256
3079,2.6412483167316058e-17,0.4081191576528961,1945,256
3080,6.10386649711086e-11,0.8636038326029135,2057,256
3081,0.034213820440474094,0.6590491766067428,2104,256
3082,0.013558645119508323,0.2048921639603614,2111,256
3083,0.00018111684597689421,0.6114620633530313,1970,256
3084,5.157289055507924e-21,0.083550031459843,2067,256
3085,0.002192104981112312,0.7112846306016543,2166,256
3086,0.0001373038766910623,0.4416819290545113,2128,256
3087,3.057956887115874e-11,0.2829199318933953,1938,256
3088,4.6482951690146214e-08,0.9505132329285388,2097,256
3089,6.5707567518341404e-06,0.8204644457823149,2018,256
3090,0.05073121932974568,0.5653821045227162,2118,256
3091,0.20835960434938502,0.5462853316656956,2150,256
3092,1.9603327909724318e-22,0.4741108690242546,2067,256
3093,1.0553145783955034e-14,0.3567622696555699,2112,256
3094,0.004945393633641313,0.0062344073081571,2049,256
3095,0.00010893045342781892,0.8084879388749766,2005,256
3096,1.8137913595504553,0.1799615066599188,1923,256
3097,1.9818649605273852e-23,0.8898034861239719,2104,256
3098,0.07626172139845572,0.4297509296305004,2084,256
3099,1.426043826890378e-06,0.4498087472373758,1981,256
3100,6.573334114112828e-13,0.5260876409749482,2074,256
3101,5.994688672556731e-13,0.0082464716687352,2148,256
3102,0.1697902281794351,0.0655746138715636,2018,256
3103,3.926021802618398e-10,0.0485943040143493,2103,256
3104,6.624721362502834e-11,0.5373623434228436,2093,256
3105,2.2748745231144776,0.6884483647974867,2082,256
3106,0.00019724838733466585,0.6203515430403771,2159,256
3107,0.0976364213179999,0.4215162701123855,2030,256
3108,0.0006204590307094824,0.5288110650312469,2025,256
3109,1.7472071055148548e-10,0.3800307144451624,1982,256
3110,4.559181926112367,0.7742567714490776,2161,256
3111,1.1336020187215223,0.9071923806555794,2065,256
3112,0.00039215304384627694,0.7835356350658781,2036,256
3113,8.666311264531435,0.343997639094669,2100,256
3114,0.00057522068103996,0.4653345452912157,1930,256
3115,0.010118434365556749,0.7586138642494937,2011,256
3116,1.4276033806104951e-09,0.3148625236934449,2119,256
3117,5.185694638077528e-11,0.1969687654227614,2120,256
3118,0.00021133347185178618,0.7991610660961022,2174,256
3119,2.578465002702364e-05,0.2586215339002996,1964,256
3120,0.0005777258800277057,0.0133259275315616,1973,256
3121,0.001109428052055285,0.3901816909652805,2029,256
3122,4.1785853097235004e-10,0.6837173580890603,1960,256
3123,0.6959351260721126,0.508607916830251,1947,256
3124,2.1122539940444675e-07,0.0729402286249528,2032,256
3125,1.7719065470995397e-19,0.9956417749588652,1927,256
3126,1.1227566710417846e-17,0.7784405393592604,2120,256
3127,2.4737932110647655e-20,0.0390582657688648,1937,256
3128,0.0019555954732685,0.6309415188915453,2004,256
3129,9.052429219113807e-23,0.0966038334555827,2117,256
3130,2.5804988399932266e-10,0.768102060053989,2048,256
3131,0.004524862417437748,0.7936432801050731,2091,256
3132,0.000309640889676442,0.2067703520000393,2035,256
3133,0.0036749253124613336,0.0501225320092316,2083,256
3134,9.655347312093992e-05,0.7618124296627063,1985,256
3135,11.66464049798545,0.4986806816868989,2087,256
3136,0.008450204303473222,0.0502537930463659,2095,256
3137,6.977673698958166e-06,0.97185405906155,2043,256
3138,0.3450768514663991,0.1608212986360869,2104,256
3139,0.004185977115710743,0.1309308507091017,2147,256
3140,5.60777331469118e-11,0.8596912573356558,1992,256
3141,1.8314578655991357e-09,0.5904027295692783,1934,256
3142,0.002434162080549189,0.7158016998940493,2117,256
3143,1.8446163271479069e-07,0.8189627645864078,1926,256
3144,7.148751104284225e-15,0.95267645747578,1949,256
3145,3.545996284593901e-09,0.8395610179671804,2088,256
3146,7.72093619199138e-15,0.8399059575617294,2077,256
3147,5.89257675615427e-09,0.4132564870505273,2046,256
3148,0.0009159667473750441,0.3122507568418373,2048,256
3149,0.10671529540879261,0.9328701384943964,2055,256
3150,0.000893098691113207,0.9971954587815584,2079,256
3151,1.2444246485682077e-07,0.1487580005685743,1935,256
3152,1.9206739006699333e-07,0.6898743583282028,1998,256
3153,5.054821117662207e-09,0.8547007864322296,2145,256
3154,8.655316121174338e-06,0.7421824893190327,2166,256
3155,2.561950500002031e-06,0.0624537424535018,1972,256
3156,5.0308621840603444e-05,0.8086891624566275,2159,256
3157,1.5207389872454977,0.9261865264092314,2039,256
3158,3.620862257874215e-29,0.3034335964423229,2045,256
3159,0.15513224743773982,0.9550547045915312,2014,256
3160,9.595726608628538e-15,0.2147168211338654,2140,256
3161,0.0005363829015705546,0.4680682457695143,1932,256
3162,0.08938925222439235,0.3762861801804618,2141,256
3163,0.00116940350334787,0.3330202009063886,2150,256
3164,0.14627996644541022,0.5484418965652388,1920,256
3165,0.1290766477489005,0.5956144311657298,1961,256
3166,1.244935698883054e-05,0.8885749059975614,2058,256
3167,0.004719482729324509,0.1299978329767148,1950,256
3168,1.3861573269963507e-08,0.2868557537433196,1995,256
3169,1.9565480774277743e-09,0.3305142146550885,1931,256
3170,2.6243039526803938e-23,0.6030148641937496,2156,256
3171,1.3201112640070827e-12,0.5177333706771587,1996,256
3172,0.006065316227228955,0.9858454978025248,1972,256
3173,0.556962158595795,0.49235703482545,2072,256
3174,1.4086776631965412,0.798525814233393,2168,256
3175,8.24721553429812,0.1733324227614971,1990,256
3176,4.7271973029613785e-24,0.6830211002521263,2166,256
3177,1.0570972386982429e-15,0.5652485140258705,2066,256
3178,1.9237975897428708e-23,0.7955132664695602,1960,256
3179,0.007697932100295011,0.2151997996051583,2034,256
3180,4.9678723513768057e-05,0.0767564526613799,2176,256
3181,0.000308972569270478,0.9934096430167362,1968,256
3182,0.0001333462386329266,0.1529772117802251,2117,256
3183,0.011673424285891241,0.7788195917285752,2173,256
3184,1.3747247150761772e-12,0.6829179701016386,2052,256
3185,3.034231194209022e-07,0.5762628048520849,2008,256
3186,5.420077753395208e-18,0.3367630809107335,2114,256
3187,0.007806398476500964,0.6259197731862266,2052,256
3188,0.0033181643619166474,0.0351385693550976,2140,256
3189,1.827566886031746e-24,0.0351853608784634,2033,256
3190,9.347678725365828e-12,0.642485236571961,1977,256
3191,0.14571560131791386,0.8882038726214984,2013,256
3192,0.5831839511956376,0.9169314289148384,1933,256
3193,2.7990457930323976e-51,0.2365596939232167,1960,256
3194,0.0026187146520418917,0.7947388049855452,2099,256
3195,7.751789620463714e-07,0.0217723313398193,1949,256
3196,0.004454705224531818,0.2038907675660173,2017,256
3197,3.3591149538810057,0.2330077176691526,2103,256
3198,4.1547724263500626e-17,0.2602858717415008,2071,256
3199,1.2978870824796291,0.1303984300870375,2141,256
3200,9.734483453351693,0.1341339656201534,2029,256
3201,0.0006043323011057876,0.966620753346654,1962,256
3202,0.00021450117144976904,0.4733933496962023,2100,256
3203,73.55102193704198,0.1869719718530956,2128,256
3204,0.0003515375442673841,0.3648626802426949,2143,256
3205,2.001784598933859e-05,0.7160933283450814,2149,256
3206,0.010699521756811534,0.0032723286734999,1971,256
3207,7.111660141692192e-05,0.8207580504731221,2114,256
3208,1.052110709557966e-11,0.339339281531929,2171,256
3209,1.2711489461277245e-23,0.1471958050588936,1996,256
3210,3.205765391816943e-23,0.4922345854349198,1957,256
3211,3.942333582766496e-06,0.5590449702098098,2062,256
3212,3.324712682211027e-05,0.3751405255497558,1941,256
3213,0.0073646078630850665,0.7589922707808076,1932,256
3214,4.004581019406573,0.4652793814497228,2170,256
3215,1.4029051717059875e-07,0.8751474264680741,1970,256
3216,6.121178973342545,0.2081683372949151,1931,256
3217,7.622357309658359e-16,0.0019845996467683,2015,256
3218,0.012275132991272338,0.2911883793885589,2034,256
3219,0.015248620643717618,0.1770016318585626,2137,256
3220,0.028115092075596357,0.8478477856855435,2171,256
3221,3.0796575055140916,0.8106048308738597,2097,256
3222,6.052208338597537e-05,0.3312806271445557,2035,256
3223,0.0012786033556038722,0.8427809741277967,2140,256
3224,2.2823169370819074e-10,0.5860662785842324,2014,256
3225,2.2448136080525087e-06,0.9655018714384612,2146,256
3226,5.324035182043279e-06,0.9643323528041412,1956,256
3227,2.4393929189143756e-13,0.2373036431642792,2150,256
3228,3.5214279313384364e-05,0.5440685209917274,2062,256
3229,0.008547066474338817,0.9514061648319808,1947,256
3230,2.1863515077208557e-05,0.6234103566174146,2114,256
3231,6.556688713803744e-09,0.2084086891364158,2106,256
3232,3.971244708825116e-09,0.377895925669652,1993,256
3233,3.6650836093730563e-09,0.6204355287185345,2141,256
3234,1.7165597961054678e-11,0.4523529492578615,2026,256
3235,1.4423124492462314e-05,0.4133891864038557,2015,256
3236,8.866413284990488e-09,0.2020564764118643,1948,256
3237,9.522944898288554e-05,0.9212039557489816,2015,256
3238,4.868636700670776e-09,0.8102686865900564,1978,256
3239,0.0003155144786009891,0.0029711298328852,2003,256
3240,0.5849751689362926,0.4278296042221304,2154,256
3241,8.147205182192428e-12,0.2071695722592843,2100,256
3242,0.0004752136998298321,0.7182848426883176,2103,256
3243,1.9836667038449937e-07,0.4499897578556904,2063,256
3244,1.2188130548242193e-09,0.7433846842941692,2089,256
3245,0.0131793979109286,0.150684341150344,2005,256
3246,1.5020765904957512e-05,0.3916966390546598,2132,256
3247,0.0010618259167779532,0.8379192346889405,2023,256
3248,1.36588614171342e-14,0.0238023158581214,2105,256
3249,0.018197355178784964,0.8635016378564494,2030,256
3250,0.00028116636063569417,0.7326209152978371,2066,256
3251,0.13313597838957728,0.9126436252022022,2047,256
3252,1.2539800517074928,0.2932134805788844,1976,256
3253,0.2712493939767977,0.2499814197285566,2064,256
3254,6.014612402887948e-09,0.2386302180123962,1933,256
3255,8.044217376949605e-07,0.6765840767297906,2053,256
3256,6.108178234541778e-09,0.4727979997756514,1974,256
3257,0.00040382188257736135,0.8959394317903916,2013,256
3258,2.926566004528426e-14,0.2114189941645811,2004,256
3259,7.63208723278687e-16,0.0829178725333629,2169,256
3260,4.85613437834183e-06,0.5238712305113026,1975,256
3261,1.4285498167720463e-14,0.8669034206371279,2068,256
3262,4.957444017867392e-05,0.4182220746213773,1936,256
3263,3.792308979111177e-11,0.9080828509947818,2002,256
3264,9.954157437898184e-16,0.4912318645839565,1936,256
3265,1.3799035046961233e-07,0.5217609470607896,2055,256
3266,0.8986568952978536,0.6134919226691375,2073,256
3267,0.0004677655874738061,0.4286726046727791,2167,256
3268,0.0012551772868129203,0.348216780498789,2176,256
3269,4.439260584608624e-16,0.2730809283512189,1952,256
3270,6.38057865802123,0.5775949639890692,2093,256
3271,0.011785361822151019,0.8229720191603711,2070,256
3272,1.2871557745612823,0.3656304338383181,2073,256
3273,1.3119240117024905e-19,0.9030825369793638,2053,256
3274,7.958447548418001e-29,0.1775097635891293,2014,256
3275,0.928653774444339,0.5641133431602883,2124,256
3276,0.0007875959706402848,0.3507722634823529,2079,256
3277,6.536959369291974e-08,0.573002437842898,2013,256
3278,1.5398609326466631e-09,0.6409273449358772,2000,256
3279,0.006150376369019738,0.6043922866720192,2107,256
3280,0.1921140799924623,0.598363933550062,2126,256
3281,0.09253370521677631,0.6319930019449694,2080,256
3282,2.2162265806590685e-09,0.2195643418191593,2115,256
3283,0.01329339640571295,0.7275757853741511,2019,256
3284,0.06812753490770085,0.7236040791594518,2056,256
3285,4.079010936880708e-30,0.5316826969513365,2126,256
3286,0.0026174620159510353,0.3967792159130676,2033,256
3287,8.81015672677515e-18,0.8649623422769477,2062,256
3288,0.7320328790121974,0.7567249194604142,2015,256
3289,4.583883594261447e-19,0.8146314145225394,2014,256
3290,5.590386304440824e-20,0.442350028569197,1973,256
3291,9.11031882794791e-16,0.9337633361756787,2088,256
3292,0.0032428576803413575,0.5450921313291054,1999,256
3293,0.4148755854512111,0.0180998779194047,2082,256
3294,0.00015754750170925166,0.1192631816832259,2050,256
3295,0.29888825365524857,0.5123316700458258,1931,256
3296,1.4286517411090768e-16,0.7599580979202201,1936,256
3297,5.699984894904476e-05,0.2436536199475463,2156,256
3298,2.6715240620701e-09,0.0018944795342207,2049,256
3299,3.29080531760279e-11,0.351562969711234,1957,256
3300,5.521373903177738e-09,0.3334558842296764,2001,256
3301,10.654753041848045,0.284688821709258,2007,256
3302,0.0006442222684816889,0.3048145037964582,1937,256
3303,3.168813526820358e-05,0.3562893052442855,1988,256
3304,9.881665704728487e-07,0.7078465091746166,1920,256
3305,3.603285177134497e-08,0.0954721708427775,2061,256
3306,6.246570876805811e-14,0.2233935090045754,2072,256
3307,0.07491424031410175,0.7994949828658823,1949,256
3308,5.374148531685764e-17,0.5852463660814541,2126,256
3309,1.6761289027739384e-13,0.6134379268133914,2095,256
3310,9.086412645815226e-05,0.6836772421562933,2090,256
3311,1.4198160367244149e-06,0.2037166466753085,1994,256
3312,1.860997806647821e-12,0.4731240724259529,2117,256
3313,8.575914787197292e-09,0.4202050176497623,2158,256
3314,5.3105958200855415e-09,0.8377022863621552,2043,256
3315,0.0028851777019750003,0.5020581877224408,1951,256
3316,0.00994866715276722,0.1574833558583106,1934,256
3317,1.1117111225981536e-07,0.5727735992725921,2120,256
3318,4.0423098001664845e-20,0.8329540609505388,1980,256
3319,1.4565462563385867,0.6515286272315821,1982,256
3320,3.5465262534160734e-07,0.8559578499563362,2166,256
3321,8.454490549739592e-19,0.5642144516783325,2019,256
3322,1.7660997351457732e-05,0.7237267165430733,2105,256
3323,0.00023557919027159522,0.1296847644279126,2062,256
3324,2.346440818973158,0.6532889485110049,1984,256
3325,5.946787680244579e-15,0.2887107437721907,2009,256
3326,1.2668763957329247e-12,0.9347521773841976,2048,256
3327,7.598149745587626e-10,0.5655152367284603,2168,256
3328,0.3730079331122631,0.7785375892987452,2099,256
3329,7.176592349608989,0.8175508989879228,2137,256
3330,0.8977600199721483,0.8599272998340476,2011,256
3331,1.1281707257624182e-11,0.4446098142567918,2006,256
3332,4.38096294531071,0.8395081429029686,1921,256
3333,2.028916123649357,0.208533131340301,2145,256
3334,6.20067847871508e-11,0.4374158645628359,1966,256
3335,0.04544379107971937,0.0534989761586971,2055,256
3336,0.0004038936576819424,0.3806077200219715,2083,256
3337,3.276199303909638e-11,0.5847743779878772,1950,256
3338,1.1891291611322284e-25,0.6583755704654356,2094,256
3339,0.05534878426245748,0.9418512737645596,1977,256
3340,2.227860733821104e-13,0.2385084168447721,1922,256
3341,2.8499260773431554e-12,0.0205516320772918,2058,256
3342,9.42122664031295e-12,0.3703401426403873,2004,256
3343,5.094909432363807e-11,0.3775612559836192,1957,256
3344,9.838094037594037e-09,0.7005602369703178,2137,256
3345,4.912911920565572,0.6424610807258545,2091,256
3346,1.5606181493199324e-14,0.0946563426981107,1969,256
3347,0.0020058719546906588,0.9284817121364112,2034,256
3348,5.585135415954297e-21,0.0297550713767901,2020,256
3349,0.0706533020004392,0.3682244908348757,2142,256
3350,0.15663719201333476,0.4785536823509945,1928,256
3351,1.3487141262142962e-08,0.2424063263078676,2003,256
3352,0.006533977579784025,0.7173863089823899,2137,256
3353,5.8757164017010776e-21,0.9277203477937012,2139,256
3354,3.344501000096582,0.0608111889539434,1933,256
3355,2.5001196920777858e-14,0.0218127197643748,1957,256
3356,0.00017498561130264897,0.8891385306258782,2143,256
3357,9.630006417333618e-06,0.1630484848070913,2111,256
3358,0.013342541880348115,0.4372395419541385,1940,256
3359,0.012004731122780218,0.2076081575912917,1970,256
3360,1.66172057756932e-06,0.1084519459019457,1985,256
3361,4.060618745872689e-17,0.4420209681766051,2039,256
3362,8.511095078137894e-14,0.2362775911283611,2004,256
3363,3.9653144204545354e-10,0.3605602337743835,2032,256
3364,8.80690850906144,0.4198290365811055,2046,256
3365,0.8405268537882655,0.630648336739227,2137,256
3366,5.046957751664835e-20,0.9982725075813272,2043,256
3367,2.116419929400197e-07,0.5055528580648363,2099,256
3368,0.010102663248956823,0.625992058156337,2136,256
3369,3.6678760320752457e-06,0.581820553441257,2077,256
3370,5.381439369832971e-05,0.4931586262755305,2123,256
3371,0.012371849002707097,0.8570715486083721,1985,256
3372,0.5784552027942288,0.4160654643663095,2126,256
3373,9.797055298110135e-07,0.4109798218512402,1958,256
3374,1.4669579510097976e-12,0.5521677130559101,2129,256
3375,5.53808276636824e-15,0.2326748047655749,2107,256
3376,2.1459431369616994e-41,0.4805048832505406,2163,256
3377,0.259453095525499,0.681843300270424,2004,256
3378,4.3099930595492655e-12,0.3018724933562567,1930,256
3379,3.333824610979491e-08,0.2054158924055831,2107,256
3380,0.0005629345965184804,0.711361283690333,1947,256
3381,0.3526378076180083,0.4174263419408386,2160,256
3382,0.15770583203402486,0.4882622086930471,1943,256
3383,4.033739125880709e-13,0.1168546540014864,1922,256
3384,1.189890805226361,0.2470369991461978,2068,256
3385,0.00017387810512903146,0.4405659952515874,2070,256
3386,0.08776823826977084,0.6522498155459078,2132,256
3387,2.9964847420714963e-15,0.7134419520002665,2135,256
3388,0.0027376513508067047,0.6555508498941902,2014,256
3389,2.3176922608848473e-45,0.7393663781602896,1940,256
3390,0.000741144082563428,0.5819181279087924,1957,256
3391,8.67689653759784,0.9065638685505908,2008,256
3392,1.727746379665928e-22,0.5323970246370585,1960,256
3393,4.510667698047878e-09,0.3867948659022779,1974,256
3394,1.3214435036286836,0.0909657172241302,2035,256
3395,0.00045943358551594,0.5210739505406452,2025,256
3396,12.129110772171446,0.5852655068024237,2069,256
3397,8.20485587220966e-08,0.0643425510703482,2001,256
3398,2.2999404383019656e-12,0.0480447780006798,1936,256
3399,1.1973495729911109e-07,0.7880804671360953,1933,256
3400,1.2585253454899402e-06,0.6041966909814261,2107,256
3401,0.03731467133410064,0.614508163221985,2110,256
3402,1.6255103610622867,0.7548775026789923,2069,256
3403,0.015172799814983288,0.5079415420950695,1953,256
3404,3.065879338999818e-07,0.014609099311155,1974,256
3405,2.4811414971994382e-05,0.5707021726994564,2055,256
3406,3.206793667069545,0.4417221561231286,2119,256
3407,2.8115947222606416e-05,0.6928014589363962,2069,256
3408,22.675070638493366,0.9644663222446256,2080,256
3409,0.03611646095275532,0.2288346865337929,2154,256
3410,0.03305267798659326,0.5129117474678349,1925,256
3411,0.00020153993495579856,0.1508628365488589,1949,256
3412,1.3366522904911548e-06,0.448743023107895,2013,256
3413,1.5334813218824311e-18,0.1579106737971672,1953,256
3414,0.00011798811825390567,0.1881890717734304,1992,256
3415,2.870304703092188e-14,0.5783068363645507,1939,256
3416,8.282622173848633e-05,0.7431080098140863,2085,256
3417,3.606001341212715e-08,0.8125979593016333,2033,256
3418,0.0003506339045891255,0.4863957188595985,2124,256
3419,0.011111461557522562,0.2829175951488274,2010,256
3420,5.579002742004612e-05,0.4457621521558906,1950,256
3421,3.029476632937107e-11,0.9864048667389476,2028,256
3422,0.006273681615789686,0.1448634089613522,2120,256
3423,4.520884625164062,0.489755153587056,1978,256
3424,3.1883042638006613e-28,0.3302650562836602,2080,256
3425,0.0058791173951989765,0.3118993731655449,2008,256
3426,1.0768812551146862,0.5390869477444521,2013,256
3427,1.0597932250998385,0.7290009176512886,1935,256
3428,5.209911464680041e-07,0.702014417551,2023,256
3429,1.7884664326105088e-07,0.5417370384492499,1970,256
3430,0.032173439486789156,0.0137433165321927,2050,256
3431,1.6637784230082164e-12,0.5283662554295823,1948,256
3432,0.6468602516067504,0.2714123206155838,2082,256
3433,8.602795441819531e-05,0.733896407717347,2081,256
3434,1.4150079091376783e-14,0.4179570281725402,2087,256
3435,0.00047900953269050674,0.0933524452489262,2172,256
3436,0.00020893246806337766,0.5943817179688023,2137,256
3437,1.483457754912596e-14,0.5156733886763453,2096,256
3438,2.6659487552812775e-07,0.4798127949572596,1948,256
3439,1.7466998661061323e-10,0.2693594223457649,2116,256
3440,5.4233831696568435e-15,0.2919488324480855,2039,256
3441,1.920808478412841e-07,0.8607670416269487,2040,256
3442,3.895081851451477e-09,0.9465112095224176,1925,256
3443,0.8940183667268146,0.7116036961868768,2123,256
3444,0.0007258707867517937,0.4351634140309287,1955,256
3445,1.6243125028965333e-08,0.7713429033504255,2161,256
3446,3.230812154194699e-16,0.1127028203502344,2033,256
3447,2.1397310578985766e-05,0.1803404463650367,2047,256
3448,0.04819210043119142,0.9859787678673004,2121,256
3449,8.040530020401607e-08,0.4987241516713205,2100,256
3450,7.690802483005766e-12,0.7318522911057853,1941,256
3451,6.93764196283674,0.7537693617814872,1974,256
3452,1.8822019909836217e-11,0.8614805757232734,2070,256
3453,1.036820704117859e-06,0.1469293718232281,2141,256
3454,6.389923758276682,0.8909130768507387,1939,256
3455,0.011404521561551598,0.5053479028283272,2112,256
3456,5.901484885870965e-20,0.8365235693465917,2169,256
3457,4.6537094786928475e-10,0.2822158541045736,2003,256
3458,0.010188000471046331,0.514159865536124,2059,256
3459,0.00655101450195743,0.198921532673138,1924,256
3460,3.1518666079017766e-05,0.5615254090425384,1923,256
3461,2.428015317330223e-34,0.2244574664828079,1955,256
3462,1.430366435861554e-07,0.3112803268619973,1957,256
3463,0.001461819149259631,0.9664306923458644,2176,256
3464,4.8478871108205785,0.3800559019875077,2163,256
3465,0.3200488804324164,0.0832416701559991,2141,256
3466,0.00492851823128774,0.1518665669817648,2025,256
3467,0.5386585399457725,0.1497787155634516,1995,256
3468,0.05048813855327903,0.7684242400639406,2128,256
3469,3.8012382395184926e-06,0.1530416929305407,1988,256
3470,0.0005467361753777273,0.3319313094070726,2107,256
3471,0.0019112994989743416,0.9144748641422444,2146,256
3472,0.002156438213007653,0.5078172667103511,2136,256
3473,1.648726478371472e-05,0.2317997856394491,2133,256
3474,7.502741181936142e-05,0.3950339358856065,2020,256
3475,1.1392713464021147,0.4949601359873475,2001,256
3476,4.006942784756976,0.8074347722076184,2153,256
3477,0.00018691047370702224,0.4289809790719441,1992,256
3478,7.38788695851792e-09,0.0344555376295837,2092,256
3479,3.5465119645763505,0.2115792056561679,2147,256
3480,0.03525073062659664,0.2226138469250657,1989,256
3481,0.9051513465130216,0.0260313877805226,2066,256
3482,3.927262826616579e-16,0.4382075727338963,2123,256
3483,8.519108581319562e-13,0.0582016406426011,1990,256
3484,2.332504311394796,0.8180535165898101,1989,256
3485,1.8945349288935922e-23,0.324716492409505,1977,256
3486,0.02827201214109509,0.0484989073706145,2074,256
3487,1.583119823963809,0.627281923955094,1957,256
3488,0.006504761113322762,0.3283937884408059,1964,256
3489,3.795398723413442e-12,0.1680234388467427,1949,256
3490,0.427952834344339,0.4147339043001299,1986,256
3491,7.566437440782605e-08,0.9211708843734236,2067,256
3492,0.01132469464317581,0.7821155805117138,2156,256
3493,6.451275030775931e-15,0.6449097073134467,2131,256
3494,0.01016246620969901,0.6777960127546901,2132,256
3495,0.002786639964015674,0.1319334945245897,2164,256
3496,21.815410517602583,0.6769322641392181,2046,256
3497,0.0017928950756058244,0.1510283328953338,2108,256
3498,0.02620817596304481,0.9692196926496464,2049,256
3499,0.6050171050327198,0.7389747345928818,1960,256
3500,2.810528953838056e-14,0.2309023683665861,2094,256
3501,1.813031344956526e-05,0.627256490275227,2068,256
3502,9.786530985425629e-08,0.3210157287836234,2005,256
3503,5.0105435381236626e-08,0.6249818960038894,1975,256
3504,0.0013650973107674118,0.6597558085290852,2130,256
3505,8.133610137679625e-18,0.5288586770187218,2125,256
3506,0.003972647372657261,0.4915681619454803,2040,256
3507,0.0031694807847406684,0.4533047197582051,2125,256
3508,6.078852093618393e-06,0.2324785063437614,1974,256
3509,0.0008414977684927979,0.4641350408767456,2077,256
3510,5.080924975091416e-10,0.5929534308257436,2052,256
3511,2.4267666283482026e-13,0.7624878479846059,2156,256
3512,9.688606524241918e-05,0.1918002678225675,1945,256
3513,3.433203208015507e-10,0.3613809634030407,2037,256
3514,9.555932019981077e-06,0.5795502179739439,1931,256
3515,7.134821643029076e-06,0.9356106237014368,2113,256
3516,1.0403289564968913e-05,0.7853640451989777,1972,256
3517,0.0029083916478502463,0.4023738621433265,2111,256
3518,0.0004147132236116335,0.7555612337582297,1970,256
3519,2.7109960288636333e-18,0.2165011295191208,1975,256
3520,7.880850195700418e-24,0.2350064141567044,2151,256
3521,0.007500174381398973,0.7153244345820285,2136,256
3522,4.539901013250039e-12,0.6883252870949909,2002,256
3523,0.0013303058612837168,0.0497566766577608,2057,256
3524,4.212683493618641,0.7619339430610574,2113,256
3525,4.5502896548983605e-05,0.6693593073227005,2106,256
3526,0.000364373139363693,0.8415497427468024,1933,256
3527,9.319599996453322e-13,0.667965779635191,2126,256
3528,9.33008888336424,0.5505313838063426,2156,256
3529,2.0151722404519483e-17,0.6556152266978889,2071,256
3530,1.9523446994579924e-06,0.2784284837466808,1998,256
3531,0.03583647116914471,0.2780238773489433,2110,256
3532,0.00019921636295633792,0.0893127470962815,1983,256
3533,3.115646567334196e-14,0.7177936589046522,1934,256
3534,4.220558902108763e-10,0.9626399026167518,2076,256
3535,0.02033753252896682,0.7597404912443531,2127,256
3536,3.044807889751954e-15,0.8471692947501936,2040,256
3537,2.6742657038788265,0.1868572837419708,1923,256
3538,7.238734766402284e-20,0.6148170488102587,2005,256
3539,5.162302182861899,0.2041163837095903,2061,256
3540,0.004690717537842702,0.2263422416346772,2116,256
3541,0.028996598341477577,0.2084940863540281,2027,256
3542,8.704592615102981e-07,0.5542258949410839,1998,256
3543,0.0003071514080457822,0.9396072280512364,2169,256
3544,11.587358632361818,0.3676820019037704,2067,256
3545,3.8125062959257786e-34,0.1827135856980772,2147,256
3546,14.307404449151385,0.0494858100806723,2106,256
3547,1.0360328013464633,0.299384663159981,2138,256
3548,0.004871126674579671,0.4956317257824781,1938,256
3549,8.724060763361099e-07,0.7351920457091201,2166,256
3550,6.348303872479109e-28,0.7575128027204042,2026,256
3551,0.0010969123592026889,0.6800619637776586,1942,256
3552,0.5133803318547769,0.9129320714752922,2019,256
3553,0.031889627509243644,0.1728979473453671,2099,256
3554,7.989212226719526e-15,0.4965769482233726,1925,256
3555,1.853492327926984,0.4209122320070746,2091,256
3556,0.00013549223464128177,0.405810173104328,2092,256
3557,0.22345152496961518,0.0455332700788954,1992,256
3558,1.1510674919047846e-11,0.8480584141113154,1982,256
3559,5.850134032399236e-06,0.9553322467815898,2057,256
3560,5.35486774894845e-06,0.7599421628691886,2138,256
3561,0.03641552323503644,0.0607852390855506,2024,256
3562,1.1317135300479138e-13,0.791715754420039,2002,256
3563,4.777584586633347e-24,0.3116328091130466,2061,256
3564,2.857444264380026e-14,0.3685978484890677,2009,256
3565,1.9714183777164404e-13,0.9349323767377096,2047,256
3566,1.1153413035101256e-13,0.6125642632854924,2088,256
3567,0.2054803371729581,0.2685210679982991,2137,256
3568,2.0418330212538485,0.2522161133304166,2099,256
3569,0.12247791906078008,0.6097573158934391,2133,256
3570,0.0002824287816335298,0.1102554632334043,1983,256
3571,2.592857212158406e-07,0.7386228913245854,2157,256
3572,0.01619960000115657,0.2444574282433377,2131,256
3573,4.838261159041463e-06,0.1633014212666725,2084,256
3574,1.355948312393981,0.8267329748544184,2091,256
3575,0.07232115452205463,0.237707505257844,1993,256
3576,0.127472226136755,0.622575977326765,1996,256
3577,4.003723729295788e-05,0.4625452567692804,2163,256
3578,0.0031085615737618507,0.4516223747510899,2066,256
3579,3.70115865498765e-05,0.5174910145297649,2034,256
3580,3.3634667710322095,0.3417924951736419,1920,256
3581,2.253146051959611e-22,0.6717582975122052,2147,256
3582,9.016396574486972e-15,0.326961229975425,1962,256
3583,6.384986293167139e-19,0.2012930112824521,2090,256
3584,0.11683491284370444,0.3864523123252135,1930,256
3585,6.708939777635884,0.1307759409882752,1933,256
3586,5.175187040704983e-10,0.5579609967581773,2046,256
3587,8.81169300746113,0.654764501690861,2056,256
3588,3.002508894360174e-16,0.4525746722638726,2049,256
3589,4.788129952428653e-10,0.3291557567763347,1989,256
3590,4.529417654437122e-05,0.1891623056421019,2067,256
3591,1.7003892475229048e-12,0.5470924527940483,2025,256
3592,5.0533168657845155e-05,0.9155180137975576,2070,256
3593,5.1187973785232874e-11,0.7806710068030203,1965,256
3594,8.321068080601417e-13,0.7212358514493565,2146,256
3595,0.44820815560803756,0.8502970752097492,1937,256
3596,8.979577160781427e-05,0.8363704231540597,1940,256
3597,0.9529671373666069,0.1655719954409502,2007,256
3598,6.899162936637901,0.9457447679674748,2151,256
3599,1.1378744740946096e-05,0.1661769585085264,1951,256
3600,2.0312924863641983e-19,0.7269338928401948,1922,256
3601,2.202219212463989,0.5410050925260843,2103,256
3602,1.1228419414964951e-20,0.6068095854231584,2098,256
3603,8.789222957998525e-16,0.0744498427818706,1945,256
3604,2.2632785683331488e-08,0.9839825774071644,2104,256
3605,0.0059698780929134995,0.6902321601411373,2130,256
3606,15.3750559085401,0.1444641424949723,2157,256
3607,7.764164672370277,0.5422667798015738,2033,256
3608,0.0006436379257900533,0.994053934639702,2118,256
3609,1.2000501692635292e-07,0.1968304292243662,2001,256
3610,1.1504054817770114e-07,0.796871955166049,2150,256
3611,2.3663077551567655e-20,0.073458322653729,1927,256
3612,0.0001446297790623286,0.6652627205293119,2176,256
3613,5.988723851500385e-06,0.0716859562548291,2137,256
3614,1.0582964221647997e-15,0.8780290354828587,2119,256
3615,0.0011919300816636857,0.4852039106014146,2102,256
3616,0.24699310033615635,0.4559074645160054,1923,256
3617,1.8651790486972162e-11,0.108523019846104,1925,256
3618,8.383240721641348e-06,0.5182220837037727,2008,256
3619,1.4571626563170074e-16,0.6810284850098441,1955,256
3620,0.07428306493015786,0.39515329473128,2161,256
3621,3.142725882912562e-09,0.49260330444038,2171,256
3622,9.919050382667277e-18,0.035846708844472,2112,256
3623,8.062657859729656e-08,0.9819046276758464,2071,256
3624,6.984233884462224e-05,0.8187124126971767,2173,256
3625,0.006993834075443561,0.6309747942690029,1989,256
3626,0.006110166844727255,0.2257922354664191,2072,256
3627,9.290012339638601e-10,0.0495081943088093,2107,256
3628,0.039144276917978275,0.0982314979733814,2087,256
3629,4.0076896843817095e-06,0.1468511261920982,2004,256
3630,3.2565419399380804e-17,0.1762296631496706,2156,256
3631,3.407101996835003,0.1758665355627864,2020,256
3632,1.1868321697032303e-07,0.5254035803918163,1939,256
3633,7.979052587392188e-08,0.8410865932521946,1937,256
3634,2.27738128555051,0.5989668321528805,2077,256
3635,1.610528518614098e-14,0.0882849594183989,1991,256
3636,12.071601981288504,0.7121290494613262,2095,256
3637,4.962136035259379e-12,0.6581816479261197,2016,256
3638,0.0030789819145474314,0.7587898056142918,2112,256
3639,0.013441783179747119,0.5392690084733794,2145,256
3640,8.225712629525616e-32,0.943532320683506,2014,256
3641,0.008137128440209434,0.9862412478980676,2159,256
3642,0.0002344981388825173,0.86438985000422,2043,256
3643,3.992928070943972e-08,0.6707195306714693,2132,256
3644,1.2124376751744376e-05,0.4970194090691123,1926,256
3645,1.0736919038265336,0.1815678081064996,2156,256
3646,1.441623749128486e-07,0.1358017666348101,2096,256
3647,1.0323359256817504,0.5152639357455937,2027,256
3648,2.0124203300942097e-10,0.9563713449999168,2033,256
3649,0.6723711107037688,0.3366142352216793,2074,256
3650,1.2972797618028265e-06,0.1185776770316697,2004,256
3651,2.177153328627262e-05,0.8897746260870101,2100,256
3652,24.2353838471155,0.2165334699702935,2109,256
3653,5.019617642610365e-10,0.1771927038894447,1922,256
3654,0.31153316693963407,0.3235248241826375,2009,256
3655,5.724965540283223,0.9284942336433338,1982,256
3656,0.003105467661801723,0.7709766828627618,2123,256
3657,3.7061342343043965e-20,0.1771996577670541,1957,256
3658,2.1525183219627722e-16,0.8415964288588704,2048,256
3659,7.65851176900308e-14,0.4011250050399678,1987,256
3660,4.444915162134177e-22,0.186884748503792,2096,256
3661,2.234076819448087,0.7578806815670736,1955,256
3662,3.124648934910653e-41,0.4449688517696215,1940,256
3663,1.1262416060396018e-17,0.2209926502335149,2155,256
3664,1.8786102202928965e-09,0.3110485855284709,2030,256
3665,0.0004761937732602039,0.2626447891982707,2060,256
3666,11.527954643110466,0.0957152721019212,1963,256
3667,0.7357626461033608,0.228578719045151,2059,256
3668,0.003210399534500792,0.4357345258044069,1944,256
3669,2.8418910591665275e-11,0.5766209667244998,2067,256
3670,11.258135393324377,0.4751154756997091,2113,256
3671,3.805387915763268,0.5329597048549063,2012,256
3672,4.4954957002669803e-42,0.5477414999493849,2033,256
3673,6.394159440189619e-33,0.1053690050862018,1949,256
3674,5.238205330942358e-09,0.5415851874742195,1963,256
3675,0.6238226269173786,0.8715430085226994,2053,256
3676,3.155462916666911e-09,0.3325749968273084,2057,256
3677,9.48313303973709e-08,0.2432233989432864,1920,256
3678,1.1511572918894193,0.2084662460199386,1958,256
3679,2.6486110397277915e-05,0.1307633647934831,1983,256
3680,0.13540640435199672,0.3162821198790695,1963,256
3681,0.72876441357074,0.2324113900367523,2042,256
3682,1.5303985708226193,0.4840407223724696,1994,256
3683,9.595421174245516e-10,0.8615141611426016,2008,256
3684,6.166524756545622e-10,0.7617401229069731,2081,256
3685,0.00094848694301983,0.7907492416515519,2075,256
3686,0.13569088609402485,0.890850107350635,2144,256
3687,1.2700224923418276e-07,0.0108650589629732,2003,256
3688,4.5382281870193056e-15,0.6261224418406611,2166,256
3689,1.5590583589642247e-33,0.2734245151548448,1978,256
3690,0.10573239442592859,0.4746632200733064,1988,256
3691,0.00016311319112368483,0.6249104202192313,2176,256
3692,0.05228004173245488,0.645663925385492,2167,256
3693,4.300342141776241e-12,0.0979610762327434,2016,256
3694,0.006388220625001607,0.9627611345170812,1993,256
3695,10.03651802369402,0.9211531517465836,1984,256
3696,0.0941986818983042,0.2029883663760009,2175,256
3697,1.5828767684078497e-18,0.9326176860810176,2068,256
3698,1.2111584138763312e-08,0.9226748318848172,1967,256
3699,0.3321987452237497,0.7200143020507498,1978,256
3700,5.48806759719463e-39,0.7399075910737641,1928,256
3701,0.06362231511841177,0.9675579814842976,2010,256
3702,0.6630935697610394,0.2372446746134551,1995,256
3703,0.8813710855498976,0.8308882437759002,1927,256
3704,1.3634041158253207e-26,0.6301279239647889,1951,256
3705,0.0014999343874847809,0.975432175888438,2115,256
3706,9.072531898738013,0.2372311231175504,2152,256
3707,1.293074092925458e-11,0.0036961251546409,1949,256
3708,0.0012850407336760115,0.1464080961201134,2090,256
3709,3.956256220125771e-05,0.4947760357042664,2050,256
3710,0.18187571069497466,0.4135622263547959,2170,256
3711,2.985268525233234e-25,0.3720224017558425,1955,256
3712,1.4605461294086563e-14,0.7163770979235384,1969,256
3713,1.879550285935932e-05,0.4643516905220296,1983,256
3714,1.1176110632531393e-19,0.226335313149672,2058,256
3715,0.011355220932749427,0.1704188776227114,2058,256
3716,0.00019874966991560627,0.6315064041274102,1966,256
3717,0.0033260856375638037,0.3726250175827433,2124,256
3718,5.539331928675089e-13,0.2750790140365369,2098,256
3719,0.05468608491873658,0.592630974519664,2167,256
3720,6.029054369830809e-09,0.4883150032850679,2047,256
3721,1.2091242201946017e-40,0.3799264528134765,2046,256
3722,3.0550302224416375e-28,0.3024722977157781,2006,256
3723,6.103396511849714,0.6580897438013437,1986,256
3724,0.331143121932771,0.8254197175681515,2052,256
3725,1.2253859922474488e-05,0.9465524904138028,2079,256
3726,0.008878828123520244,0.759730084311233,2074,256
3727,3.3966795715703386e-11,0.8018849386063623,1983,256
3728,0.005104660680338794,0.0199013972872867,1975,256
3729,1.3942791956414772e-27,0.7909129024355523,1995,256
3730,0.31224828318819187,0.0242090407546547,2084,256
3731,0.0025575904398043438,0.6577473299045324,2084,256
3732,0.6060247507407048,0.9690533498969466,1958,256
3733,3.3821289270214547e-06,0.1962622631597297,2091,256
3734,5.1447054188377,0.2075802016375025,2110,256
3735,0.004563027952665499,0.5217415890558316,2014,256
3736,1.1467799733210112e-08,0.4988181641626383,1999,256
3737,9.666275176301155e-10,0.6930285479504207,2114,256
3738,0.0002905402738685395,0.0448168425095172,2014,256
3739,8.816298753398857e-11,0.4586345853095767,1984,256
3740,4.924643494545949e-07,0.5443217870469391,2151,256
3741,0.08660257425598727,0.7123718378570998,2023,256
3742,31.921612731842227,0.5289146473047615,2030,256
3743,0.04092639177678003,0.6096911239448837,2169,256
3744,1.1738565968209551e-06,0.3507276142622385,1994,256
3745,5.753475922030643e-05,0.0316266799171131,2125,256
3746,0.010830417543704923,0.8310336519142308,2092,256
3747,1.1187956667354571e-09,0.0494354428577819,2098,256
3748,1.1486284628294465,0.7891891687195947,2105,256
3749,0.3025126689980268,0.8964741931813283,2042,256
3750,9.49412255553123e-06,0.199957515127471,2027,256
3751,0.08477406854923819,0.0970352862638205,2102,256
3752,2.0559307579301265e-45,0.5004953195361854,2035,256
3753,9.264461181672473e-07,0.2142836863301221,2163,256
3754,2.754532192402524e-07,0.8094116487801821,2047,256
3755,0.00021276568703880263,0.2096523249512857,2051,256
3756,8.729688329115818e-10,0.0510405305728125,2004,256
3757,1.7919521015243812e-13,0.5553624559375159,2005,256
3758,9.453494920302726e-11,0.1411542685381063,2144,256
3759,1.2619983141382346e-09,0.5419607607565565,2075,256
3760,1.4926318440433697e-12,0.5960504577958331,2105,256
3761,0.19670044335627507,0.6626675658564711,1999,256
3762,2.2017816796180964e-15,0.4510089747232949,2166,256
3763,8.820240679864314e-19,0.7438955455710711,1994,256
3764,1.3382748881137846e-06,0.7825212092112112,2096,256
3765,0.003620546411543776,0.6158477675964579,2055,256
3766,0.23871992484975532,0.2019423180635673,2107,256
3767,1.3435255992590212e-12,0.7718583759967558,2167,256
3768,20.023471063550026,0.6762586435681206,1953,256
3769,0.13340324301475878,0.8398352857578475,1925,256
3770,1.097530183359619,0.7508977535232515,1963,256
3771,1.9503346003563494e-05,0.5876219770315549,1944,256
3772,0.0016157464021077054,0.5146113673449546,1932,256
3773,2.7177037643393955,0.4714235233555988,1976,256
3774,0.6369304214425693,0.5280066393109,2080,256
3775,9.508997039589441e-05,0.9530233779186206,1979,256
3776,0.5481652291818504,0.4854061792509805,2077,256
3777,0.0003225437651481852,0.8548219474082374,1943,256
3778,1.2843268222742764e-08,0.2966737644763348,2121,256
3779,1.3789080524468229e-05,0.4411917647835822,2111,256
3780,0.12160473257997094,0.5379161022225329,1978,256
3781,0.5669590771054205,0.9413626237169376,1932,256
3782,0.0025380668678798117,0.7379404496114331,2075,256
3783,9.205268299167126e-06,0.7558083239139042,2014,256
3784,1.1048053572424476e-06,0.168140112720784,1987,256
3785,0.0018366843313907097,0.3897203702673821,2000,256
3786,2.8175224205080798,0.073915821580598,2079,256
3787,8.061973310062439e-19,0.3262120970965662,2120,256
3788,0.018150154214777826,0.4805073430030849,2144,256
3789,5.743712518633037e-14,0.0094008050514461,1947,256
3790,1.7108761017286716e-33,0.9172580210579632,2044,256
3791,1.517251957046255e-23,0.8567346525662819,2003,256
3792,6.101662435144177,0.3797971146734156,2007,256
3793,0.0017342338934756745,0.8637525848903898,2147,256
3794,2.9480781105308917e-10,0.0865641418483749,1925,256
3795,0.014039945850812087,0.7150563925463013,2058,256
3796,0.4423587263673502,0.8108384468092606,2099,256
3797,2.0834678913417967e-14,0.3665704499312672,1959,256
3798,1.3668343005845282e-06,0.9200113678012252,2154,256
3799,0.05702806282887707,0.7514578318308259,1951,256
3800,7.190859441887068e-18,0.5932479974441928,2011,256
3801,5.016464588442354e-07,0.6097946131158061,2016,256
3802,5.921588106031475,0.2327530084635042,1970,256
3803,0.0019542041656125495,0.5476468600063801,2015,256
3804,4.007747734463255e-09,0.8976452382731106,2122,256
3805,1.7213393071839266e-29,0.4815954653540261,2155,256
3806,0.0004951216933248662,0.5331070938425995,2077,256
3807,3.3356139175533977e-07,0.6493294189621003,1948,256
3808,0.00021048886622124628,0.3611741235792448,2058,256
3809,1.382484637810379e-16,0.8567914694934504,2134,256
3810,14.577964398983625,0.3477236290913094,2014,256
3811,0.0008336851307648055,0.3798149338647305,2148,256
3812,0.04131721590988665,0.6951368121342029,2153,256
3813,1.1699174376448447,0.3834840784657413,2093,256
3814,7.691363051702207e-09,0.9198817102176025,2068,256
3815,1.331198821187274e-13,0.2646513113286561,2137,256
3816,0.0012207004815966583,0.3310618494052227,2011,256
3817,1.2253476419237493e-05,0.0926028452510329,2111,256
3818,11.74719158042696,0.9672879499711456,2080,256
3819,0.00014377683238081944,0.3843340784050901,2098,256
3820,0.0001874121811055815,0.6300512396551933,1980,256
3821,0.01052038043868206,0.7615130562899218,2154,256
3822,0.034751349704806145,0.6113426685610922,1946,256
3823,2.1731387081472175,0.110720738553363,2043,256
3824,0.12965623273160823,0.7712495319331166,2077,256
3825,0.00025504925600892877,0.9363960695626832,1930,256
3826,6.022625997734687e-06,0.0964162728983414,2065,256
3827,2.0659327076198683e-10,0.9507506438086634,2022,256
3828,0.10253017938607055,0.4964418744603305,2107,256
3829,5.438170419978136e-05,0.6401238844330541,2020,256
3830,0.00011799510711915836,0.3645631290139425,2171,256
3831,2.8214277255378107e-06,0.821473595900662,1955,256
3832,0.0036252115920968487,0.982196396590206,2115,256
3833,3.862089993338368e-08,0.4927650203337365,2084,256
3834,0.15340884748992045,0.2250271827434879,1994,256
3835,1.1453053851958208e-09,0.9166748413408338,2000,256
3836,2.7665638917832904e-20,0.620815688537178,1920,256
3837,1.1159065163641734e-13,0.2528754056646639,2042,256
3838,7.67888955552496,0.1893643554876185,2112,256
3839,1.3941357420503075,0.9369017953995952,2007,256
3840,1.1963504449690571e-14,0.6353104557907039,2097,256
3841,3.2039425782307775e-07,0.0647237341755879,1928,256
3842,0.03630643638305342,0.5022772423816835,2054,256
3843,3.157481100547557e-20,0.4144390966083633,1971,256
3844,2.37898183389511,0.9796739736260154,2043,256
3845,6.847732396446702e-07,0.5034193280028286,2130,256
3846,0.15083012654023212,0.4861521784169406,1957,256
3847,1.1015661636572814e-18,0.3204153564222763,2173,256
3848,1.543162861579011e-06,0.7248318656728545,2088,256
3849,2.6007930300006745e-05,0.4864519525966277,1920,256
3850,11.052464497309918,0.0818781313887134,2095,256
3851,2.1429087099156854e-05,0.2721291444943262,2058,256
3852,0.25604899941250153,0.886153460961814,2049,256
3853,0.049215473888457935,0.1372093055924159,2034,256
3854,2.7034452243870575e-17,0.5311296632140846,1977,256
3855,11.614501004042145,0.2476510754748455,1982,256
3856,3.0490851073447254,0.4505493812794842,1958,256
3857,0.09712333407412192,0.1807608148388289,2086,256
3858,4.075739565130452e-06,0.0088108083213842,2038,256
3859,7.280113276423145e-13,0.7769316701861047,2010,256
3860,0.07020408398820911,0.970022877192368,1982,256
3861,2.7869942034540626e-08,0.0149082043009992,2034,256
3862,3.396969995285054,0.073082662532149,1995,256
3863,0.00016584680434606473,0.3360483592889342,2029,256
3864,0.6069734626162323,0.4175616420438809,2079,256
3865,0.5571371430814261,0.3586745696681254,2038,256
3866,1.0816033774596225e-07,0.3180131828406038,2136,256
3867,4.938263942123783e-28,0.1763902831680224,1999,256
3868,0.0031067371210856285,0.8548367799743224,2060,256
3869,0.00020057061669748232,0.0955034001686954,2148,256
3870,8.490037942515297e-06,0.6327225960081418,1961,256
3871,1.019523758916135,0.3792029639586191,2042,256
3872,1.935927903195922,0.2988333392682286,2167,256
3873,14.217197639831125,0.6119953866820171,2151,256
3874,0.164660770572315,0.5641405704040325,2063,256
3875,4.771715393258471e-13,0.8542623664579444,2006,256
3876,4.693419695545386e-06,0.0063141330747186,2112,256
3877,5.6378069574131084e-08,0.917341065793386,2130,256
3878,0.37139301932810964,0.350862015686134,1941,256
3879,0.02876535422604444,0.2004540223940539,2119,256
3880,6.935619869384799e-06,0.0499497114265867,2163,256
3881,0.0024662758201138644,0.4129225123549892,1976,256
3882,3.12424182088108e-05,0.9736433593730128,2034,256
3883,2.394382022262386e-32,0.1084244389034413,2004,256
3884,0.0011254270351988113,0.7909059367506954,1994,256
3885,5.718695270080336e-06,0.830427898835476,2140,256
3886,7.124949754739744e-09,0.7930745709989351,1927,256
3887,4.24845978637528e-25,0.990528598518396,2002,256
3888,1.2825418198570574e-11,0.0432039568264472,1992,256
3889,0.055395286532866565,0.404451402173078,2025,256
3890,1.3772479391012964,0.569924505433958,2176,256
3891,9.621152024483319e-06,0.1500665874605035,2049,256
3892,0.02694298682565462,0.8071003774938532,2165,256
3893,0.016012172177618827,0.1294240529608927,2063,256
3894,5.915651615390725,0.1637032948941493,1974,256
3895,5.052075575818331e-07,0.5135520421972243,2069,256
3896,4.74926081595852e-06,0.9385943464789508,1922,256
3897,1.7614607347181714,0.0209700065883874,2153,256
3898,1.3460046896595785,0.2945889514842541,1959,256
3899,0.0004966692442201623,0.5484778551771918,2149,256
3900,0.053138843455316456,0.2401297087149934,1976,256
3901,0.000298990254813035,0.6613343430558811,2135,256
3902,16.15199139403848,0.3273390864868447,1989,256
3903,0.0006611732310805409,0.6573549444917743,2149,256
3904,0.003162152335315219,0.4543540651229987,2017,256
3905,1.6107270959235315e-38,0.0556642881817903,2079,256
3906,0.0006804403757778878,0.6911031464858142,2024,256
3907,1.5361346748757192e-24,0.3570386267736869,1953,256
3908,9.98914868938385e-07,0.2958661436801811,1932,256
3909,1.4859688757295027e-26,0.1473254783210915,2108,256
3910,5.000584541706605e-06,0.7854861923901253,2025,256
3911,6.063085833183362e-07,0.4910376268672903,2060,256
3912,1.2605718776353836e-06,0.4857367208197949,2143,256
3913,4.8658291492145356e-05,0.7909558938331964,2175,256
3914,1.0964872989862898e-05,0.8290138236704434,1984,256
3915,2.594840536770008e-22,0.4117175216435712,2076,256
3916,1.030923131055951e-10,0.0505432805389662,2003,256
3917,1.1744844553872383e-08,0.3701319250427772,2017,256
3918,0.43363253691557285,0.3926418419123642,2034,256
3919,0.004722785060778151,0.3848029112117713,2175,256
3920,0.2638745996054868,0.8884591890163925,1976,256
3921,0.1062006015885303,0.7441981753441691,2088,256
3922,5.853424920021353,0.9109214770463993,2129,256
3923,0.5613295006004786,0.5854910233894429,2028,256
3924,0.5385792133240063,0.0464184050397581,2105,256
3925,2.0185783568349124e-10,0.4719544261990036,2102,256
3926,3.3029629213417833,0.3511731515568361,2056,256
3927,0.0012968576501963547,0.1399273364768795,1968,256
3928,5.8384394384252225,0.9401003051006236,2139,256
3929,3.5339401078541273e-06,0.7333332927118921,2154,256
3930,0.0012766475883812254,0.1431161772310695,2132,256
3931,2.2855831763798896e-05,0.2857477924697076,2015,256
3932,3.466303009826869e-12,0.3627483006458227,1923,256
3933,2.7828828402946725e-20,0.8012276113816894,2029,256
3934,0.0002796494833666837,0.8664305814609081,2050,256
3935,8.704305168763012e-10,0.4654364991884813,2135,256
3936,1.494974618084701e-07,0.4046863411789736,1930,256
3937,2.6952847882642594e-05,0.9777597791066898,1974,256
3938,5.406039971138379,0.1224222792413511,2006,256
3939,7.411761291702001e-08,0.1395376395320149,2147,256
3940,0.06095837220808886,0.575458956198688,2013,256
3941,0.00013188481200061627,0.7984995007943535,2059,256
3942,2.7426428926806403e-15,0.5934772169240883,2005,256
3943,9.828186028257327e-24,0.4158866801202421,2125,256
3944,0.21287256284435183,0.2468560014501279,1964,256
3945,2.3049394117975397,0.3026771588781813,2166,256
3946,0.024615888672895735,0.461399449156014,1994,256
3947,1.3535957556806925e-09,0.6809649315981389,2021,256
3948,0.03558040737113689,0.7227757289627759,1972,256
3949,0.0911003829507954,0.098599715886917,1980,256
3950,1.773530741108467e-34,0.8853965388596844,2111,256
3951,7.737852845910225e-07,0.1194156289808049,2067,256
3952,0.00021029579704530564,0.3962967443621289,2097,256
3953,2.767282890265192,0.3486115414482931,1955,256
3954,0.13079193087230873,0.8289772785079119,2144,256
3955,7.303317225581345,0.4957498550350908,2085,256
3956,5.282415120980111e-07,0.0443301248927361,1986,256
3957,0.05638755101955355,0.0855679776795192,2085,256
3958,2.070807069758855e-26,0.1363228614171125,2087,256
3959,1.4329471898622148,0.3472667558287705,2171,256
3960,0.0686621749211622,0.0868700364260492,1995,256
3961,1.857501892741013e-11,0.9143408509950304,2170,256
3962,1.8431055796411195,0.7593750361734235,2034,256
3963,4.5080433194788885,0.5322019208459441,2054,256
3964,0.038323876508480445,0.67486055894376,2010,256
3965,1.9774404580013554e-07,0.123699453157965,2117,256
3966,0.3083848964659398,0.2851813223210848,2012,256
3967,5.38629119433541e-06,0.3438907786367488,2020,256
3968,0.009982601954829872,0.0059838516985117,1978,256
3969,1.7977630232076651e-06,0.5659229123003251,1985,256
3970,0.010399553684984407,0.0470598428758217,1949,256
3971,0.04249911433683703,0.2581161479298365,2102,256
3972,0.14852819598027123,0.9709711372110844,2083,256
3973,2.4590554758942926,0.5946001693769747,2148,256
3974,1.0037077183878854e-10,0.1193745241549451,1926,256
3975,2.4735976530404477e-06,0.707020145240408,2001,256
3976,3.2900200235281557e-15,0.797186009484317,2159,256
3977,0.00016783064914799802,0.2174998930077211,2160,256
3978,4.0161203130329004e-14,0.3863593623360816,2008,256
3979,2.6976564487259808e-46,0.3464764663223409,2157,256
3980,1.7191964162387746e-17,0.3394472457084266,1922,256
3981,8.413728968536923e-14,0.0008030419348453,1991,256
3982,3.0369668451627885e-05,0.9291438754584388,1983,256
3983,0.00023844326105839508,0.8779616882681798,2072,256
3984,0.022842714088915313,0.7463501938633349,2143,256
3985,3.1903525979119194,0.9748085205462522,2076,256
3986,1.2429433865401627,0.4330202277897398,1928,256
3987,2.393894228292886e-11,0.1594574145352548,2131,256
3988,1.1641770495758563e-10,0.4365834179050897,2022,256
3989,1.919572365502259e-15,0.2598812838894467,2030,256
3990,7.652736583789682e-06,0.9832654658889186,1973,256
3991,0.0001299295419754742,0.6590045203126885,2163,256
3992,1.3342189216913839e-09,0.9499115779262184,1961,256
3993,0.4525641030289695,0.2036354990093767,2163,256
3994,5.627734662850665e-14,0.8379873463317107,1977,256
3995,4.103423767592121,0.7419871955821299,2059,256
3996,5.14683137458433e-15,0.4272007479157652,2080,256
3997,7.487638193212184e-05,0.6006870451402924,1995,256
3998,6.243734655394689e-09,0.3779230194953011,2087,256
3999,0.00035943648639177585,0.1882572428469955,2004,256
4000,3.8030373477953376,0.5942275466899941,2063,256
4001,0.8619927565225662,0.5622417492042956,1943,256
4002,1.1239447748417563e-15,0.5994540561451493,2011,256
4003,2.1942236658142416e-06,0.939043753714946,2167,256
4004,3.8960548886986626,0.7113493705521554,1985,256
4005,0.06346907351010703,0.4193473770848381,2151,256
4006,1.2868185622054235e-14,0.8239503543805683,1987,256
4007,0.003893188284827957,0.9074253101569556,1945,256
4008,7.529492063279782e-18,0.3463089381182551,1929,256
4009,3.3516210485344693e-19,0.0841704378712547,2082,256
4010,13.740453681616781,0.5016009423431367,2151,256
4011,7.51502085790527e-07,0.5077070232708395,2131,256
4012,3.5724877707498863,0.6407410165964925,2173,256
4013,0.004148840550413208,0.4369259195621713,2037,256
4014,0.0016713161991143788,0.7318653884191221,1992,256
4015,4.377069120336082,0.6460143903810184,2037,256
4016,1.1284796089149827e-12,0.9332184948919788,2060,256
4017,0.000257693058994537,0.3476714703517082,2037,256
4018,3.548996857630506e-05,0.8904769230119558,2161,256
4019,3.143405181449227e-08,0.7103353926258976,1968,256
4020,0.01149309949986428,0.3131675466853532,1931,256
4021,0.0287476360759913,0.9716921069341,2075,256
4022,1.3528866457505675,0.251286183450471,2096,256
4023,0.006743499322308597,0.499783991664174,2151,256
4024,0.19944360703114633,0.0055773629375091,2172,256
4025,5.6593097214948405e-08,0.2007986006974423,2128,256
4026,9.183258654038958e-10,0.0428550553114082,1983,256
4027,0.006409697892550626,0.8245106682985659,2027,256
4028,0.9750294612529536,0.9574898956455326,2044,256
4029,0.12419611437444256,0.1277480836646226,2140,256
4030,2.598835554243184e-09,0.7725911216441181,2061,256
4031,4.1640351524054306e-10,0.5712171117565183,1936,256
4032,0.0037309161778353262,0.3551714080720524,2029,256
4033,0.0004449774711005871,0.6746703520828038,1937,256
4034,2.500670721294226e-06,0.5877077929208667,2014,256
4035,7.846949013205208e-10,0.1516922591024092,2075,256
4036,0.0025106128998685,0.822252075480207,1989,256
4037,3.0357916700320554e-06,0.7635419520113339,2036,256
4038,4.063453028939254e-05,0.5534452972919227,2119,256
4039,0.20149299712176152,0.9048735119580704,2086,256
4040,1.3301191631995478e-13,0.5085821200328431,2153,256
4041,9.656110831715485e-15,0.3105292720360177,1999,256
4042,1.8064470803862291,0.8272170121274929,2034,256
4043,0.0001172570067803878,0.7387519285376258,2029,256
4044,1.0054079682690284e-08,0.2948048703942164,2140,256
4045,0.019846933891547583,0.303751829365159,2030,256
4046,1.1191991653465771e-06,0.3907565726813367,1998,256
4047,3.991359090482245e-32,0.0441519982088595,2102,256
4048,1.4615980037695988,0.2030380676636427,2150,256
4049,4.902045682460438,0.4819557342801726,1953,256
4050,5.1606516740882594e-05,0.3461036677242621,1978,256
4051,6.622753763999896e-05,0.4595600853792064,1998,256
4052,3.8714811400866517e-10,0.6759955489007338,2111,256
4053,6.952647223532714e-14,0.6802841012991191,1952,256
4054,6.212579396103492e-05,0.8824790516148058,2108,256
4055,0.3388951641469903,0.4569845969845686,2126,256
4056,0.00037836062750136055,0.4399917315526609,1927,256
4057,2.2534014580033976e-11,0.8002771060525927,2090,256
4058,3.3617046809249375e-07,0.5982777802865316,2095,256
4059,0.6331445933793988,0.3852694955927621,2147,256
4060,2.7830921937535274e-13,0.8138234806120825,2037,256
4061,2.6111229323483065,0.597007284776396,2058,256
4062,6.548572920862467e-23,0.6300658026877622,1971,256
4063,5.7074447374510673e-08,0.7057970689248844,2104,256
4064,1.0519179079781497e-19,0.7225759785003713,1926,256
4065,1.4684294081822056e-06,0.1516787688881768,2138,256
4066,1.7831464545311196e-06,0.9595380479371164,2109,256
4067,3.341549263595031e-16,0.3696237202153768,2096,256
4068,1.1978383415214686e-05,0.520945508591237,2158,256
4069,0.0912881643263314,0.4373895182114133,1981,256
4070,3.703917810657194,0.2578028285020767,2093,256
4071,1.6052211079103025,0.3577479739884317,2110,256
4072,1.4108031085002739e-15,0.4457697106996225,2174,256
4073,3.1942155811677256e-06,0.5415677069932315,2080,256
4074,0.029104346766508155,0.8028354877092444,1945,256
4075,9.071280238082e-08,0.9306471312712786,1935,256
4076,1.3095228369356746,0.6912559363366915,1934,256
4077,2.3912858043713645e-11,0.2169205621111837,1987,256
4078,4.0271143244469043e-11,0.2573677098023058,2019,256
4079,3.34486481834836,0.3533532811237768,2080,256
4080,0.39174228256242144,0.4983612458831875,2155,256
4081,4.9267588530100424e-12,0.135966609554506,2116,256
4082,0.8403032753714609,0.7330585854448433,2087,256
4083,2.8036853861621413e-14,0.934271256484288,2040,256
4084,2.414852213355953e-07,0.1027763216706704,2151,256
4085,0.001836779679930855,0.5987442708254137,2117,256
4086,0.003970243487496653,0.0303767604953848,2133,256
4087,1.2964458716314536e-14,0.5229851545898185,2140,256
4088,0.2048703217328258,0.8316348391697054,1976,256
4089,9.962629070253973e-29,0.7316236134365214,2083,256
4090,2.375258967149185e-31,0.0879168814074746,2158,256
4091,9.050994732305359e-11,0.4704754465066659,2075,256
4092,28.53209245382464,0.5134166741854927,2143,256
4093,2.9319636064692393e-08,0.1666004116037797,1944,256
4094,1.7082112922014775e-10,0.95894606082347,1940,256
4095,0.05582295952320673,0.5636139128622681,2118,256
4096,0.2801850787354119,0.9088804395481216,1937,256
4097,8.419542119244093e-06,0.0230025416257171,2139,256
4098,0.10703996490869529,0.3280045947518576,1940,256
4099,0.0003757408474625863,0.9008008136895262,1927,256
4100,4.625340675929828e-08,0.7975393099618234,1982,256
4101,0.0005867514061137858,0.5527447618083207,2141,256
4102,1.464968507270057,0.6610397768376111,2125,256
4103,3.3547988732859755e-13,0.9713307664032648,1934,256
4104,1.7416632918238615,0.5265251730688763,2129,256
4105,0.0047974623118433105,0.142821591918388,2027,256
4106,0.0015414780445220178,0.6497906782016925,2103,256
4107,3.122475110531476e-06,0.8939608039643216,2012,256
4108,0.0005529247201850426,0.9995609415548756,2110,256
4109,0.49622040953209934,0.3441366122807905,1993,256
4110,9.790590595179827e-33,0.5276623183817728,2108,256
4111,1.2901720354335573e-11,0.1857050014635354,1954,256
4112,0.001203719255963772,0.4647203840646876,2019,256
4113,2.330879242530866e-12,0.1220947083108177,2010,256
4114,0.015801051027254303,0.7628969474055509,1943,256
4115,3.2812846543545235e-10,0.6176118722277807,2142,256
4116,1.0109465215605903e-06,0.7103628384528191,2134,256
4117,0.6215348356394377,0.3115484409351033,2152,256
4118,4.642611432176905e-05,0.7223935563308641,1938,256
4119,0.008084644826616588,0.0699517986619043,1933,256
4120,2.079034825736869e-28,0.6914014710889411,1949,256
4121,8.584274067321913e-10,0.5951216014904692,2095,256
4122,1.479431673193674e-12,0.2204070176558954,2035,256
4123,2.257244913581736e-08,0.3264130072316459,2171,256
4124,2.8698846338540878e-05,0.8694687150878918,2081,256
4125,0.00041843465674453427,0.0008672265754874,2156,256
4126,2.2399329142452746,0.2667530664103682,2114,256
4127,6.613296266383363e-15,0.250602353594732,2017,256
4128,6.500547589100457e-05,0.8136610994195913,1930,256
4129,0.17699028720449683,0.1977374087216715,2156,256
4130,7.511279690868258e-07,0.2216180543116457,2103,256
4131,1.872892972181883e-08,0.5354218308053594,2140,256
4132,0.3351093012477554,0.0309213515433043,2083,256
4133,0.0009122263716338304,0.4236833268701812,1986,256
4134,1.814343940825747e-09,0.1052977043741334,2061,256
4135,5.249815904693023e-05,0.7968217654903536,2158,256
4136,1.4712377775509842e-13,0.0273360320193171,1999,256
4137,3.725589812908988e-10,0.5262267931109534,2124,256
4138,1.790505010283588e-24,0.927282840615427,2156,256
4139,0.05585111604465698,0.5324524266236157,1944,256
4140,0.00034816955793147284,0.1509585855859304,2170,256
4141,9.974359918419649e-05,0.3768139475082416,2083,256
4142,5.060395323799223e-07,0.9951406842776716,1990,256
4143,0.0012559515560667687,0.2067808070689953,2004,256
4144,9.428545606423067e-20,0.3716745621153898,2159,256
4145,2.526894449699999,0.9583212630888456,2153,256
4146,0.0002311154767819286,0.3494547910070333,2084,256
4147,32.79225635783402,0.184631021406167,2029,256
4148,13.15301232068084,0.1722160050879962,2067,256
4149,3.478499674844904e-16,0.26610953648042,2120,256
4150,2.321141033513935e-18,0.5779164575019108,1994,256
4151,0.001717686100614949,0.8497720889443038,2009,256
4152,0.0010588887558737477,0.2480690457479352,2013,256
4153,7.198493690727054e-11,0.4029312856842956,2008,256
4154,1.6310091992515228e-11,0.1726036298422699,2110,256
4155,0.00028145060361132524,0.5079900480545283,2123,256
4156,0.2688654925263993,0.6373971358428403,2145,256
4157,0.002336248072364503,0.6252086356864068,2027,256
4158,0.023754626830296673,0.45354896474007,2047,256
4159,1.850309226751675e-06,0.9677180999833492,2161,256
4160,0.00763948317964962,0.1118031751814286,1942,256
4161,2.2322839413433526e-07,0.5767029776136415,2130,256
4162,8.589704361667097,0.8873239927026312,2026,256
4163,1.8304080495326545,0.958225635154928,2029,256
4164,0.026156709104517208,0.4890953417355195,1959,256
4165,0.030879446173941456,0.9982925043346096,2058,256
4166,0.4110840528504238,0.3817797527037958,2043,256
4167,0.026514388372907118,0.5670515026265176,2155,256
4168,2.7465460046978842e-08,0.6524460601060039,1987,256
4169,0.6046340935019793,0.3670393785769895,1962,256
4170,0.0005257533058620488,0.6621845871002562,2159,256
4171,0.00027242748034573617,0.4431083752388205,1956,256
4172,11.987336577602278,0.8284621805781789,2081,256
4173,4.283074649381009e-12,0.7882093714021582,1927,256
4174,0.1361415894079285,0.4787238014039058,2010,256
4175,9.52604091842896e-11,0.5196062013430391,2170,256
4176,5.326153488602892e-07,0.2813881611723181,2110,256
4177,1.2939665098166423e-05,0.2315406737785896,1985,256
4178,1.694088388286747e-17,0.6596249868102084,1937,256
4179,0.012534157971168894,0.1236706848882905,2172,256
4180,7.3426485651445175,0.6184354025358696,1990,256
4181,9.359984969833165e-08,0.0849532821577252,2023,256
4182,0.002592450510686415,0.1701813320025107,1967,256
4183,0.21321898576331996,0.6230530702205128,2125,256
4184,4.5166010172011425e-09,0.1533702190207194,2099,256
4185,0.00014923359090663913,0.9316294056680392,2130,256
4186,1.0892171167140023,0.0237917427987657,1926,256
4187,0.49116632336009697,0.5397304207108438,2089,256
4188,1.409600156454728e-12,0.0712547821637087,2128,256
4189,1.592297141877803e-05,0.1505953873489657,1989,256
4190,5.657755795254007,0.9227974562386116,2080,256
4191,2.3381244127379853e-05,0.4419006605960998,1935,256
4192,6.524004129424164e-24,0.0490847236274336,2055,256
4193,2.9938692589329796,0.1974538114134779,1973,256
4194,3.509140456155999e-17,0.8952693173779112,1951,256
4195,1.5815530004501845e-13,0.1974190172321527,2008,256
4196,2.494184030457375e-07,0.9147872022869412,1993,256
4197,0.0075920999439206506,0.3795366740438696,2148,256
4198,1.6059810607985224e-10,0.4531980899219057,2130,256
4199,1.260737877731602e-10,0.6587978223469272,1982,256
4200,0.04288322364069989,0.4490865304681981,2038,256
4201,0.005554227011914748,0.1856317622406205,1981,256
4202,9.885046467378913e-06,0.5615080750117075,2149,256
4203,1.5317982768450924e-06,0.8872597383866515,2037,256
4204,27.385427108896124,0.6059872584979953,1970,256
4205,6.157059138432585e-15,0.9505954942975672,1978,256
4206,1.065735986090779e-12,0.552580573589979,1995,256
4207,5.805506705963376e-10,0.5267832002594881,2018,256
4208,0.7771336084568821,0.6437275933713619,1958,256
4209,0.0007084121776683937,0.4211765932594807,2010,256
4210,0.9855237054506097,0.0804646507378699,2095,256
4211,2.282469246263958e-09,0.221519290963691,2064,256
4212,3.872835964425252e-05,0.0740073036834292,1940,256
4213,1.6583858870853354e-06,0.4759082481124458,2170,256
4214,0.002909492290978805,0.4285598872681488,2058,256
4215,1.0467532164278266,0.9513780170536412,2114,256
4216,0.14357616885304725,0.4430184189018374,1950,256
4217,0.004266266082023087,0.0514236178117086,2054,256
4218,5.093236790419217e-09,0.7829590526650493,1973,256
4219,1.8973844356123264e-31,0.8735031162634037,2057,256
4220,0.046376892526029265,0.72383631157039,2165,256
4221,2.3484270579970225e-12,0.6982802872093692,2000,256
4222,0.12228906734972747,0.8846978407162289,2131,256
4223,0.001613710392078207,0.9687687211717168,2123,256
4224,0.00022984512830610267,0.3225240954098741,2030,256
4225,4.3945924275059147e-07,0.1912378186619061,2056,256
4226,0.005800053636765395,0.4124170535064716,1956,256
4227,0.8181533792716986,0.658888139667346,2112,256
4228,7.559213635380848e-07,0.9097242983472048,2140,256
4229,2.590817113191419e-44,0.3677522492540934,1978,256
4230,4.543996890038341e-11,0.7855610209350206,1926,256
4231,0.00012414069748231983,0.7859414011891841,2168,256
4232,31.408057018435233,0.1240637626024055,2014,256
4233,2.1843576499100798e-10,0.442413900112221,1971,256
4234,3.5496951171980037e-10,0.730624583059536,1957,256
4235,0.0010435343957297598,0.213019814338638,2036,256
4236,3.4375016823534987e-18,0.2534359792132332,1972,256
4237,0.10637533628077309,0.1995408861779006,2089,256
4238,0.002129733055664446,0.356285489177972,2172,256
4239,2.8981967874893337e-08,0.4176533398448169,2171,256
4240,0.10812575281261323,0.4283914655741039,2079,256
4241,0.06942708635732031,0.735582442772027,2126,256
4242,0.0006655843585649449,0.1400394188909004,2030,256
4243,1.6340440354401283e-14,0.1797889262744045,2092,256
4244,0.0014980860238742338,0.6735432490125846,2035,256
4245,0.6708004293701133,0.0615180629443371,1966,256
4246,4.6007872821770485e-07,0.3513539377544615,2095,256
4247,0.2933496032669747,0.9608349619523868,2069,256
4248,4.531782173201649,0.3926725853761884,1981,256
4249,2.870372093195428,0.2080582100050632,2141,256
4250,6.300417434215094,0.5864888757027926,1990,256
4251,1.3632847208986698,0.8698742061785241,1999,256
4252,1.2756543654036881e-12,0.6970778666032889,1926,256
4253,0.15941014958184413,0.989267222235854,2040,256
4254,0.18731099361920575,0.4498320096074087,2121,256
4255,8.748336404407658e-20,0.1354620093550265,1937,256
4256,7.231916043650339e-11,0.8166719218631635,1978,256
4257,3.867092200651834e-14,0.1156423270927433,2075,256
4258,3.5111055337050447,0.0950964354654912,2018,256
4259,0.00014453106306010498,0.2413723399690908,1998,256
4260,0.03692178514566053,0.1094065997112805,2122,256
4261,0.48038741613126507,0.6998202950734371,1985,256
4262,1.9724203108460883,0.936357922979944,2150,256
4263,1.4193540793139081,0.7903958868462873,2142,256
4264,0.14466257363250457,0.4113881838123581,1987,256
4265,2.356186442488731e-05,0.4819844765494312,2166,256
4266,0.15641320126786343,0.679905617999688,2082,256
4267,2.885340635893004e-05,0.0947971655739404,2076,256
4268,2.1083192866425075e-05,0.9199520135596664,1968,256
4269,8.947675848024365e-15,0.9951264305286264,2004,256
4270,0.552654387218071,0.4228288436117138,2089,256
4271,2.2552694696677316,0.6341826985877053,2139,256
4272,2.2142825672427792e-06,0.5978565457882451,2162,256
4273,7.825797690205956e-05,0.7894823140549934,1939,256
4274,0.03271681761820888,0.2278044614372043,2161,256
4275,5.918740610331217e-13,0.7580651038838706,1940,256
4276,0.0034306951001082464,0.2291375673140022,1946,256
4277,1.385880965929752e-05,0.8960387173967697,2116,256
4278,0.5560525433418664,0.0620891116807538,2099,256
4279,5.0776637069391036e-49,0.5216095001287101,2030,256
4280,1.9389775751419234,0.9666423007990548,1922,256
4281,2.070843188643734e-12,0.5253243176240627,2119,256
4282,1.879393602820724e-05,0.6348337548931446,2114,256
4283,1.0201567317030155e-14,0.5193218794444812,2156,256
4284,1.73267871220051e-28,0.2696258922180231,2127,256
4285,8.261997553036617e-05,0.0470261561622387,2147,256
4286,1.239493219519431e-10,0.8515160192978172,2014,256
4287,0.0007604313632793226,0.5279626848649038,1929,256
4288,0.3621244278353845,0.1353033701827215,2074,256
4289,0.6145473092036278,0.5874866586284316,2045,256
4290,16.403043467123,0.6004617454370363,2074,256
4291,0.14559724707603847,0.534044057780851,2042,256
4292,0.004800752825719909,0.6314307976612343,2074,256
4293,1.0546966523171021e-09,0.1947862980141224,1992,256
4294,0.0022995426791782543,0.3429462842483692,2110,256
4295,0.19185615321805172,0.8908524988852599,1965,256
4296,0.11596622610986305,0.3745559986176981,1973,256
4297,9.597351386474841e-15,0.0130680241563705,1937,256
4298,0.2948813353593306,0.7757441992342986,2087,256
4299,3.0110714414815936e-13,0.1404434600479124,2141,256
4300,3.1444588086017275e-15,0.2022226318275235,2043,256
4301,18.575153044045923,0.1869787818306439,2153,256
4302,0.0004627109197848835,0.3680803848700631,1972,256
4303,26.712441538032163,0.2000711575801397,2124,256
4304,1.5940066822804923e-08,0.8085817924715163,1939,256
4305,25.944715086575904,0.187785036950451,2004,256
4306,0.00041224637596657483,0.0977816875427085,2141,256
4307,3.121443919456383e-05,0.2355344986409288,2031,256
4308,3.701247421398273e-07,0.6004371908269734,1966,256
4309,1.031601651634316e-13,0.102443034206088,2159,256
4310,5.113803191388333,0.5996515771019302,2105,256
4311,6.246895907388193e-14,0.8856853008378237,2161,256
4312,4.980810083845068e-06,0.3847060709145878,2052,256
4313,4.607911829074046e-28,0.2139058641928762,2070,256
4314,0.0008661321318685454,0.0861147157847417,2149,256
4315,0.00021678698636097178,0.3542356212729839,1969,256
4316,0.027558755179226995,0.4209728032189719,2158,256
4317,0.010117519296910764,0.3277453951809767,1920,256
4318,1.1150674849021451e-14,0.9976774000600844,1968,256
4319,0.5775777032125037,0.6741781802073961,2026,256
4320,0.0031629654315797786,0.9389074023827392,1922,256
4321,0.2846688222212532,0.1615864781875871,2087,256
4322,1.568239448092568,0.4525925105407152,2016,256
4323,5.8039230979804e-14,0.5577091135198817,1993,256
4324,0.001079728955933539,0.7330728507072557,2118,256
4325,16.18490750029422,0.0139234026801901,2058,256
4326,0.23304744516567466,0.2513685811540674,2147,256
4327,1.0160414224111803e-06,0.1763265511069932,2007,256
4328,2.1130846918809835e-06,0.5871116264893746,2172,256
4329,1.4469205493589912e-22,0.7553012714190125,2174,256
4330,6.214668839595574e-13,0.7710796762281816,2080,256
4331,2.241868622123694e-06,0.4718918193476309,2006,256
4332,6.016944225453004e-11,0.0375874803221606,2030,256
4333,3.5001846973888606e-05,0.8147134745643232,1920,256
4334,1.5256816350157294e-05,0.6924229932634963,2081,256
4335,0.09392759781263448,0.3649975863180089,1958,256
4336,1.503746897931468,0.8834453422815912,2171,256
4337,0.007095505855662231,0.2707399242473335,2135,256
4338,3.1214049738047205e-42,0.1439998570369479,1969,256
4339,6.270579245761594e-11,0.5959015700854777,1969,256
4340,7.474274270474997e-08,0.0335485279077376,2146,256
4341,4.6917463631987886e-23,0.9756500324096864,2165,256
4342,0.03217095208340747,0.1242257211398547,2161,256
4343,2.413141451726093e-14,0.0661660398315245,2012,256
4344,1.3062845370632156e-06,0.815442811799187,1947,256
4345,21.23474871389345,0.5353758954488291,2147,256
4346,8.201862712620668,0.2751997197462471,2015,256
4347,7.645094286039348,0.3362253036636153,2040,256
4348,0.3319839036685915,0.4086246838324375,1960,256
4349,2.48885544509699,0.180489511446213,2113,256
4350,0.24850219047368974,0.0880278155027267,2002,256
4351,2.9417694750245466e-28,0.9274025989833063,2046,256
4352,5.112406942125367e-09,0.7275807448595977,2090,256
4353,0.0015629131800875091,0.2664526876275367,1953,256
4354,1.0434055009803497e-06,0.6170660853527232,2067,256
4355,3.377779590722376e-05,0.6854010271121898,2088,256
4356,0.006776651402282712,0.4884744911155302,1974,256
4357,0.08570505096900671,0.7198499534177355,2044,256
4358,9.038448859724316e-05,0.0671568203037337,2133,256
4359,7.956886494787751e-08,0.0201993104371812,2141,256
4360,0.001979208463705817,0.8844607059389238,2110,256
4361,9.830326374197175e-05,0.0975577580490063,1963,256
4362,0.42102495291602077,0.660789062687286,2010,256
4363,0.0014488263962348302,0.2574683283500817,1951,256
4364,5.164082432686911e-08,0.8285596504817649,2103,256
4365,2.0539066749362035e-14,0.6422821073232317,2109,256
4366,2.104375254297057e-09,0.9708373100433056,2051,256
4367,2.5721117873258917e-08,0.2173960449981365,2085,256
4368,3.7559138846106186e-05,0.6001737366210046,2064,256
4369,0.06948111384258818,0.9403157128366386,2075,256
4370,0.00044829064657872557,0.6308357923799416,2042,256
4371,3.761342598123274,0.0218726414142241,2071,256
4372,4.277829001438645e-14,0.7385375419223729,2036,256
4373,4.187557281124019,0.8681854460150029,1960,256
4374,9.304307503515101e-11,0.2912752062402894,2070,256
4375,0.16126988812852308,0.3706796026551238,1928,256
4376,0.04818890357275106,0.7287419601150288,2002,256
4377,7.188413054608219e-07,0.3347891524871109,2159,256
4378,9.646984262870241e-22,0.8086965840439118,2120,256
4379,1.224244839692278,0.9984561815510516,2002,256
4380,1.7821594049154656e-05,0.1291702547831831,2066,256
4381,4.974705845873596e-18,0.7670659641160105,1942,256
4382,1.4751035054498074e-14,0.2365968897527313,2105,256
4383,0.11772008861762485,0.7751759316464668,1987,256
4384,3.0732162344187043e-21,0.2907282125442433,1920,256
4385,7.408554587400824e-08,0.8999641476235847,1938,256
4386,2.5932994412116462e-06,0.2129811067503898,2121,256
4387,0.28823339315447666,0.9897122592800848,2072,256
4388,1.319744002162581,0.8451750535767686,1963,256
4389,9.583521472909989e-05,0.7132474091720771,1929,256
4390,0.10479792387842214,0.7042625514971351,2095,256
4391,0.0028018552933984976,0.5599256288931245,2017,256
4392,3.226445641168693e-05,0.201165193613979,2112,256
4393,5.633444104251781e-09,0.6826586890024889,2054,256
4394,0.0024807950639481983,0.3601072280893997,2165,256
4395,1.979786241858215e-39,0.5081297993169966,2044,256
4396,1.6477867822517095e-15,0.3296475637690584,1952,256
4397,1.215831797548307e-19,0.7443158724847752,1949,256
4398,1.379341368381224e-09,0.3139058845733459,1953,256
4399,8.805762066267937e-06,0.7292372871759703,2126,256
4400,0.0015793771283247888,0.2084464298434888,2171,256
4401,2.6364668122902872e-05,0.4140178295196112,2029,256
4402,1.484887864818024e-07,0.9757488023526948,2005,256
4403,3.979748825651971e-06,0.1273783731215805,2173,256
4404,0.0021568531482501216,0.9210849903926932,2076,256
4405,9.712629166892565e-10,0.5132889697322118,2164,256
4406,0.18293926147326908,0.122928073370555,2120,256
4407,0.0005814291203275159,0.8392081748790156,2107,256
4408,3.7458263701582035e-07,0.2496471359879867,1943,256
4409,6.513674839999315e-12,0.6042321216002285,2006,256
4410,1.3154371385340995,0.9173796737081936,2134,256
4411,2.3067982494978327,0.2441193560843684,2026,256
4412,0.000941520631392782,0.8118986689892418,2027,256
4413,7.3482299819767585,0.9925108698803043,2048,256
4414,5.620013649946205e-06,0.2196056479575936,2034,256
4415,0.0027080882956082163,0.6332296881060443,2108,256
4416,8.248008822592772e-06,0.8778859811443954,2128,256
4417,0.00017038647286773322,0.6828151609276399,2054,256
4418,0.0010009422947495593,0.1966388230358823,2020,256
4419,1.1020240061757027e-13,0.6253739519538296,2088,256
4420,0.00569287707790674,0.069536884151746,1938,256
4421,5.239972884835056e-11,0.2156403165921243,2050,256
4422,4.96085078972863e-12,0.3211798652449704,2104,256
4423,3.033445402765213e-26,0.7856985584965016,2057,256
4424,0.2338911004303119,0.3070509478646029,2062,256
4425,1.584956766701229e-05,0.3135471850711363,2026,256
4426,0.2958041865118787,0.4863804666947492,2065,256
4427,1.3963593271294467e-17,0.0656156442412927,2102,256
4428,1.922844678959332e-21,0.1177574497053073,1999,256
4429,0.06417730979443655,0.5104368670786967,1951,256
4430,5.327675458568541e-13,0.2786786352061215,2102,256
4431,0.00011486578889412526,0.8102623359463329,2157,256
4432,1.025532188208278e-07,0.6871568203862969,2153,256
4433,2.78356364007794e-11,0.1407761129847426,1942,256
4434,0.005858187376914846,0.7060049970683021,2131,256
4435,1.5047491394529722e-07,0.432549179609644,1957,256
4436,2.789716280239112,0.1879732078520869,2040,256
4437,4.862021986898813,0.6480757254608025,1951,256
4438,5.965617118617754,0.1165817806668756,2006,256
4439,7.989234089685642e-09,0.298341294266499,2064,256
4440,3.49792966969617e-05,0.9153115500514678,2043,256
4441,0.003705314577620304,0.0099079553329453,1950,256
4442,0.00699216671204996,0.1979081143193034,1949,256
4443,1.46162200024955e-11,0.9589608643369704,2123,256
4444,4.181030532648873e-25,0.3150503466174802,2117,256
4445,0.0010793328733628047,0.4897809833038341,1977,256
4446,0.00039417735990824633,0.7450567298190471,1998,256
4447,0.05580161522982881,0.0263769099304008,2112,256
4448,0.005368107158473355,0.5311210510872477,1975,256
4449,2.2239505737113637e-11,0.2068474824123427,2170,256
4450,3.302526259258699e-10,0.8420384372290257,1945,256
4451,5.176024713674899e-09,0.3605522110724707,2002,256
4452,2.392415119375295,0.4394542537143436,2034,256
4453,0.0009313114704108228,0.0135755976274473,2174,256
4454,0.07813151408884189,0.7104962259631059,2131,256
4455,4.5683450340513595e-08,0.4142590238021962,2002,256
4456,1.6533903091856677e-10,0.4632327235160003,2149,256
4457,7.602787042556082e-25,0.0560313317050278,2159,256
4458,0.007397174281327145,0.0150569215629858,2131,256
4459,1.3679890589991135e-08,0.9362936642488752,2175,256
4460,0.849404800147185,0.3616552616312154,2104,256
4461,1.0707767036532211e-08,0.8619449271769548,2083,256
4462,0.00024098639406386227,0.5794299723150081,2030,256
4463,3.838783937595881e-21,0.6734657339429154,1973,256
4464,6.564462202420235e-15,0.783045227055471,2073,256
4465,4.349802591918006e-20,0.5295946784359208,2032,256
4466,1.6665440042246762e-13,0.5580220467077133,1963,256
4467,1.7655940378233574e-07,0.2799479397392986,1978,256
4468,2.9238065803022764,0.3184857699612269,2108,256
4469,1.6832526096377808e-17,0.8364711280879917,1944,256
4470,0.37887626633844784,0.3569432304292779,2170,256
4471,2.3111105928460476,0.7262796776281942,1940,256
4472,1.5848055604811473,0.5206395068894701,2149,256
4473,0.012176480498981698,0.8197671627778091,2135,256
4474,8.214041914037239e-07,0.4505434769748616,2017,256
4475,1.6778828395492984,0.7639166014171538,1924,256
4476,0.01938747581198717,0.6160671391526847,2024,256
4477,5.83566528775228e-11,0.2004322856723006,1931,256
4478,1.6478806238914542e-06,0.0671262029054367,1963,256
4479,0.003887863626112513,0.8120835837630674,2030,256
4480,0.006059335886810387,0.5771185373146231,1984,256
4481,5.440379577839077e-09,0.6736942445400819,1953,256
4482,0.23394040775935632,0.1345224251223176,1962,256
4483,4.827904297602502e-06,0.0366754747402472,2030,256
4484,0.035837781966118275,0.9190947369484156,2078,256
4485,0.001568636793314951,0.8982915166776254,2111,256
4486,0.01490569763463217,0.7502791686030885,1980,256
4487,3.7507994279832447e-07,0.1739707146536874,1924,256
4488,2.337308373599322e-19,0.0252509225398208,2030,256
4489,4.522393829434393e-14,0.352065721460212,2073,256
4490,9.424223424625547e-05,0.3380722380149454,2146,256
4491,0.30905747173545917,0.4554666837912596,2075,256
4492,9.553827236899995e-05,0.7361382042414946,1945,256
4493,1.2839396852025307,0.2697015764454152,2051,256
4494,3.509464055309736e-20,0.7039462744666967,2136,256
4495,0.04553207613971639,0.5363663595247492,1920,256
4496,0.17157454571545172,0.5672254186837873,2121,256
4497,4.2531119847626964e-10,0.6538153679268252,2165,256
4498,6.848398399547289e-15,0.6287411599638206,2111,256
4499,0.04098146413779861,0.6260259640946221,2092,256
4500,3.844295235638885,0.3281615963020652,2137,256
4501,0.6018432188928271,0.3218606414731754,1958,256
4502,2.701101668178274,0.939911629929682,2133,256
4503,2.4439462470227525e-09,0.8311149959114218,2012,256
4504,0.016274374522042674,0.1608635138342621,1936,256
4505,0.00629676289628902,0.6635191250673407,2040,256
4506,0.7796018299642039,0.5971524533577849,2097,256
4507,0.06268133111274025,0.3829769471431622,1936,256
4508,2.8608791037587804,0.3393539865888415,1969,256
4509,2.7628924982138537e-09,0.412988467974004,2173,256
4510,1.622337800217859,0.4308979544976008,2111,256
4511,4.9290215951391635e-06,0.1587156769990424,2059,256
4512,0.00012837961378890303,0.9598040110202294,1959,256
4513,0.003525337791262432,0.4826632058003999,2023,256
4514,0.21758592046476224,0.4730769864724156,2140,256
4515,0.0085646733715131,0.6140311285113611,2004,256
4516,0.004107748215800508,0.2340516380445022,2009,256
4517,5.267721890172066,0.8567372804680806,2139,256
4518,0.1181917678690724,0.7100595725390284,2104,256
4519,1.0437618408337152e-10,0.023310283129983,2171,256
4520,1.7985104320304224e-08,0.5040388064334282,2015,256
4521,6.605266951072977e-28,0.6113431183640878,2092,256
4522,5.2496726754289975,0.2896061026171552,2108,256
4523,3.8777816812801493,0.4945470477903376,1996,256
4524,0.15428292636646468,0.9080903112783992,2081,256
4525,9.286039317808162e-13,0.1034792247345093,2032,256
4526,1.729945683234357e-24,0.639821608576521,2105,256
4527,1.1217495047835011e-11,0.097549491698569,1981,256
4528,2.347612882283729e-05,0.4523085679791662,2164,256
4529,0.0004685831863330145,0.7955373082825521,2157,256
4530,0.005479002656139176,0.0134816312333907,2161,256
4531,0.3621109886490836,0.2720249791442092,1942,256
4532,1.154594495845624,0.2962009086344851,1968,256
4533,0.033677814543260166,0.4680640561349143,1976,256
4534,0.0027487225180438707,0.6061260446055453,1958,256
4535,7.289521929475345,0.6587062924454633,2114,256
4536,5.399253936284706e-12,0.8305390904265892,2061,256
4537,0.03791944647826177,0.2281173361139123,2019,256
4538,1.481349177254019,0.6201975880230007,2152,256
4539,0.046345010288515544,0.6123573990576509,1951,256
4540,7.284869663084296e-08,0.1116536188789766,2061,256
4541,0.05642059348137386,0.2908350090855083,1936,256
4542,7.080199400452232e-05,0.9707471170098804,2134,256
4543,0.012798494455783087,0.265920998466176,2034,256
4544,9.011993061439476,0.8045174809201896,2007,256
4545,1.3038592089856922,0.4534146487433957,2064,256
4546,3.665331328941675e-11,0.538487384977253,1996,256
4547,0.0006867546058977222,0.1984703931481249,1958,256
4548,1.4148532432077305e-05,0.1658808795093139,1922,256
4549,9.315251378032354e-15,0.4623164419668909,2112,256
4550,0.2955096649624578,0.6098650667802544,2155,256
4551,3.782066012200952,0.8987941348223101,2015,256
4552,0.5695177618009182,0.435964389513887,1974,256
4553,8.118309326979359e-07,0.3378308142081142,1992,256
4554,8.732169396406924e-06,0.8983078473688308,2169,256
4555,6.825582416434643,0.8736073422907229,1962,256
4556,9.345616182245774,0.6806255870695322,1989,256
4557,0.0056403200227886805,0.4972214936657324,2061,256
4558,1.157501486813931e-06,0.3717064472977122,2118,256
4559,0.006664165678419204,0.6150764406675472,2155,256
4560,0.0012355616511980224,0.96524338412406,2164,256
4561,3.8133231011098525e-05,0.4054090408173996,1976,256
4562,0.004817646857380702,0.8290922351959454,2127,256
4563,1.7058792368511446e-05,0.6982148513409763,1988,256
4564,3.316399961192451e-23,0.1788154458126635,1968,256
4565,1.418412810447718e-06,0.3497693906781401,2154,256
4566,5.336947487566066,0.3409416719849267,2074,256
4567,1.7885516308740032e-09,0.6990681068943255,2068,256
4568,9.977706247113488e-06,0.4972912579421702,2097,256
4569,0.08041368982025363,0.7891941371929276,2008,256
4570,1.2831925715957386e-20,0.4997947392049067,1940,256
4571,5.3375539359767314,0.5381515334299338,1943,256
4572,2.010083739262711e-25,0.2588077849108812,1988,256
4573,1.4206152370815283e-06,0.9083312900456676,1975,256
4574,1.1870542812964018,0.5899343404788949,2080,256
4575,23.22407779160454,0.9113496059701128,2060,256
4576,0.004127985114648192,0.3899363026116379,2016,256
4577,5.796932318809473e-05,0.270468891417238,2039,256
4578,0.13851887683461583,0.3500801309962243,2033,256
4579,0.6799078337609554,0.2329650726110934,2025,256
4580,0.0003846470991967285,0.805879114408022,2162,256
4581,1.6732812688591692e-09,0.0734071812995744,2171,256
4582,1.1714175013400907e-06,0.9842216346615312,2173,256
4583,2.4363095812894354e-12,0.2985035298225031,2016,256
4584,7.213735315558803e-05,0.4346392422105837,2096,256
4585,1.743861931989537e-08,0.8719741837161,2011,256
4586,3.88245503475312e-08,0.325623185386234,2056,256
4587,4.910457037601244e-13,0.6428257850320137,2047,256
4588,1.3718229930601142e-15,0.7480240177786062,2103,256
4589,0.23347519308596637,0.8126045356997197,2125,256
4590,6.016572469100506e-14,0.0805718936704162,2152,256
4591,1.4013639774016606e-05,0.5171914779505408,2165,256
4592,2.454327595581711e-10,0.5939974653181371,1988,256
4593,4.945983702693385e-08,0.6745800609435698,1984,256
4594,8.998352443226966e-16,0.1888888596000995,2174,256
4595,0.0007352106759069705,0.7826199755766096,1946,256
4596,0.018328959029216538,0.4002999893877853,1980,256
4597,1.2404867672507018,0.2251695048666167,2044,256
4598,0.0017936897878177724,0.6240340414967975,2045,256
4599,0.0008298562557093983,0.9460093558345468,2085,256
4600,0.06899835400665522,0.1008688447419275,2144,256
4601,1.2229782983315848e-07,0.7010040425545828,2115,256
4602,3.14942322432175e-07,0.6407191759282548,2031,256
4603,8.89323511468878e-10,0.8305020710385864,2102,256
4604,5.2395144072991097e-14,0.1848498084240265,2163,256
4605,7.213687869489469,0.642654884443739,2012,256
4606,4.2592813503000295,0.4892874584968533,2001,256
4607,0.0164346176268258,0.3259210062074185,2017,256
4608,0.0038307142721549976,0.653683650211559,1982,256
4609,3.126705914087748e-15,0.1155986992747618,2044,256
4610,3.08011568760868e-05,0.7897810569191536,2063,256
4611,2.0188110307258516e-21,0.4090888290879261,2039,256
4612,3.603415449637099e-05,0.9477844824631348,2055,256
4613,2.7619899054685663e-07,0.0771097774715527,2070,256
4614,1.1542569382640142e-16,0.657473301543523,2155,256
4615,0.1180608412532742,0.1923157887119286,1998,256
4616,1.8608516944408084e-15,0.9386542290135598,2128,256
4617,0.02078521675274321,0.4772360800843482,2118,256
4618,6.9764474736045185e-06,0.0671070859269324,2024,256
4619,5.74037546077766,0.7384462434743314,2077,256
4620,0.7134578162295151,0.911394740106658,1934,256
4621,0.5431695868781821,0.2395754529068094,2050,256
4622,3.147963009204742e-23,0.0859898444340028,2010,256
4623,0.05598397485360366,0.9227675252042136,2063,256
4624,2.0052943387570722e-06,0.920267758068693,2117,256
4625,1.2203370456808165e-10,0.0111507860377797,1943,256
4626,0.018448902594167208,0.2621735303449849,2147,256
4627,1.9299672815385853e-16,0.4798662699017139,1952,256
4628,4.042282695480561e-12,0.7947759853027845,1955,256
4629,1.6912761983116402e-06,0.9508128021644892,2013,256
4630,2.62158824022498,0.7107447483052061,1950,256
4631,0.28812803535504766,0.8264657357346618,2150,256
4632,0.009817548533311474,0.7670083653109618,1945,256
4633,0.6476926728613938,0.8445976643317592,2104,256
4634,9.07341977843738e-10,0.6822732006448179,1964,256
4635,0.07390860674255798,0.7813930721181892,2112,256
4636,0.0031002740833820566,0.7550822490212031,2053,256
4637,2.293426166268075,0.0153456787564109,2109,256
4638,2.867192687602853e-07,0.2165756283298743,1974,256
4639,0.00012236982499710085,0.975795332178944,2098,256
4640,7.716284778781405e-09,0.4481877599614906,2055,256
4641,8.451273190488478e-07,0.2587189429417397,2015,256
4642,1.3832074201616918e-06,0.8562629522925149,2019,256
4643,0.0004222180676403435,0.07460201696095,1953,256
4644,2.8989006147333085,0.2209055751648315,2123,256
4645,4.790852204525016e-06,0.4302575294770476,1970,256
4646,0.11333850149319954,0.1431529200519807,2034,256
4647,0.0028540376759729666,0.1819383558040983,2149,256
4648,5.8971367127978085e-21,0.6175214164337607,2047,256
4649,30.040046330165048,0.4263052327929733,2151,256
4650,0.000607939912526594,0.6132387833673315,2024,256
4651,0.002597850704255355,0.8284440347122547,2120,256
4652,3.0097933972794843e-15,0.4619113660600278,1936,256
4653,0.2337104447420599,0.7484552319271635,1963,256
4654,4.1171185039531274e-05,0.3970772944499774,2079,256
4655,6.747704718441433e-10,0.1511517878364038,2017,256
4656,2.279561683259106e-17,0.8169367713446144,1935,256
4657,7.442740391723783e-10,0.1643792849036132,1973,256
4658,1.3130432122296826e-09,0.4451695343341634,2072,256
4659,6.798729873327079e-19,0.1613719988879366,2123,256
4660,0.22955098437030347,0.7586579478129508,1949,256
4661,1.894967557819322,0.2966723566665084,2176,256
4662,8.479263528000753e-06,0.4589288979759049,1967,256
4663,0.0026704259073450664,0.8061059068138802,2035,256
4664,2.0593677657407773e-06,0.884830970342627,2151,256
4665,0.006458384480981491,0.0496544894477611,2152,256
4666,7.0564384082425455,0.6327339177989384,1942,256
4667,5.489402576931172e-09,0.0938621500857627,1972,256
4668,1.8693494702746688e-25,0.4884096136828887,2079,256
4669,0.00012344268339683416,0.2948885983378472,2052,256
4670,0.602170867116559,0.4867157132430966,1987,256
4671,3.365816657749838e-06,0.9307884252708986,1977,256
4672,2.3029047269938156e-11,0.5626694080260412,1986,256
4673,3.1359970814481194e-08,0.9332800063689478,2151,256
4674,0.00015772495127021067,0.2688976151036814,2077,256
4675,0.002820280756133644,0.6742349037753519,2041,256
4676,7.936674552922982e-07,0.7218178287767294,1975,256
4677,5.76301994602069e-12,0.6830973809537683,2099,256
4678,0.7555391452209324,0.1304444852541713,2043,256
4679,1.0356279885604575e-18,0.6151572171645082,2013,256
4680,9.538320318415868e-19,0.5506224211523975,2004,256
4681,3.3965452422194784e-05,0.5606813126585879,2119,256
4682,2.9301591598757677e-28,0.0730720924479287,2067,256
4683,4.4579041058514243e-10,0.2863454125640619,2019,256
4684,0.0004259211657631891,0.106640938063576,2053,256
4685,0.00012057454276656047,0.6182940139646369,1966,256
4686,2.8554989457672508e-08,0.7209504661251394,2104,256
4687,1.9248977418102373,0.8366031374704408,2153,256
4688,1.5798373666818002,0.4367257904013001,2084,256
4689,4.152542451472181e-05,0.5686161553493998,1945,256
4690,3.958527643616906e-10,0.8688060468407157,2020,256
4691,2.6896550797992163,0.7627294382525394,2009,256
4692,3.262557989382726e-22,0.7872809991961984,2137,256
4693,0.0003916556470877295,0.8103548665358641,1964,256
4694,4.071472992305681,0.8606291035912551,2110,256
4695,0.012433393161993885,0.8539960177393315,2081,256
4696,0.002384929752247292,0.0380102150270165,1985,256
4697,0.00014526259448642946,0.8344414965213287,2107,256
4698,3.3906087288277483e-23,0.7371410432780136,2051,256
4699,4.927037262543562e-06,0.1412001417348456,2071,256
4700,2.730841491112704e-13,0.2354661310021332,2101,256
4701,0.0016504339752186478,0.5755764667751331,2116,256
4702,8.280042740728907e-07,0.7854807926274429,1976,256
4703,1.5594237743711968e-06,0.3953493100464341,2048,256
4704,5.079358307985296e-22,0.6182823858323131,2176,256
4705,1.5571256806674358e-06,0.8997384733509097,2156,256
4706,2.0657786652836693e-07,0.3570649918931329,2174,256
4707,0.0027585876486827285,0.4923691752766983,2119,256
4708,1.3938852475754887e-27,0.0163867327636404,2146,256
4709,0.003513977015279807,0.3235832803197359,2117,256
4710,2.7151451780895507e-08,0.2267812041890436,1968,256
4711,0.004553953310949496,0.6081705024120417,2026,256
4712,0.009387717681700184,0.6975878860773285,1939,256
4713,0.0004911856175115912,0.9781162990013906,2159,256
4714,0.00010178839986314307,0.3138253644159081,2042,256
4715,3.1647248025660593e-06,0.7558387878437152,2106,256
4716,3.255378161242982e-26,0.1362494167364758,1925,256
4717,0.11446427986984968,0.7372279518887613,1937,256
4718,2.0290710654107742e-05,0.5791882127367074,2077,256
4719,1.8553768767451908e-17,0.9709202100559547,1956,256
4720,2.7803219871681577e-09,0.5207114601721053,1920,256
4721,2.4756217556093942e-11,0.7349011652731493,2002,256
4722,0.002855942648193011,0.2306899760089259,2114,256
4723,2.935341474427288e-46,0.8987775861995299,1944,256
4724,6.335690737083859e-24,0.8104232166186313,1984,256
4725,4.647374255972046e-10,0.7412175458516712,2162,256
4726,0.01286591923660567,0.5915234600550143,1937,256
4727,1.386483018845681,0.8890533976524152,2093,256
4728,0.00035716155946514434,0.4042115709009908,2050,256
4729,0.16165444324875614,0.6757341043902663,2097,256
4730,6.095717010091574e-20,0.7290185501441293,2096,256
4731,9.569041284996517e-08,0.1572886294853898,2081,256
4732,2.385111456888304,0.6844784760352388,2161,256
4733,4.715468191718467e-06,0.6658734280195772,2012,256
4734,0.02476054334196348,0.3071253182196695,2159,256
4735,0.06463982656989291,0.6679053072232504,2173,256
4736,0.02867972932278116,0.5081796078900402,2113,256
4737,8.0189468721204e-07,0.8898931803174182,2135,256
4738,0.0035125361289927875,0.4127491728911302,2125,256
4739,2.5453831568988067e-06,0.6551935284478224,2162,256
4740,0.005136919713452394,0.0774004869792379,1986,256
4741,7.439306411060183e-07,0.2242349629351839,2150,256
4742,1.751566691823577e-12,0.9342835858294952,1988,256
4743,2.2042611954943373e-14,0.6125775085595202,1997,256
4744,0.06688549003899014,0.3513229795981112,1949,256
4745,3.0885726727706844e-09,0.4227693496877434,2038,256
4746,1.540111194600181e-11,0.7079693421938857,2030,256
4747,2.9715260303363654e-09,0.5362586430866352,1969,256
4748,1.503579223037588e-13,0.903035474681992,2105,256
4749,1.6680897154955616e-13,0.7565312902867534,1977,256
4750,4.38171270312359e-06,0.0573865885333404,2112,256
4751,0.0016061446389776916,0.7343449506082905,2065,256
4752,7.877872309743756e-08,0.6097720392664928,2025,256
4753,8.946524886614275e-05,0.729188236896947,2000,256
4754,0.34452984764798755,0.7935418869857169,2162,256
4755,7.747100170784349e-06,0.6673594786827036,1976,256
4756,1.1905431750866578e-19,0.9584620562251406,2013,256
4757,1.5685868208911895e-08,0.6483032304823001,2041,256
4758,0.1552980068890059,0.7739423445881154,2135,256
4759,0.0001140839843290863,0.3800712906643643,1924,256
4760,0.0052442436344422826,0.8096277499289574,1996,256
4761,4.791274890805198e-21,0.6282992747630751,1991,256
4762,0.0006285526350297384,0.8494444357948536,2153,256
4763,0.04322997783795992,0.3632912363245966,2143,256
4764,0.0031167762933916234,0.4483234676960675,2025,256
4765,7.0052986946245115,0.2539956564172536,2116,256
4766,3.939477715071606e-06,0.4894297618180087,1931,256
4767,3.4560927846436482e-09,0.9900090618185202,2074,256
4768,6.761210928895658e-11,0.9964359965641212,2093,256
4769,5.035772754759507e-27,0.4325924979377143,2151,256
4770,1.3649079120041302e-18,0.4111876540544724,2158,256
4771,0.08342652601227493,0.1596816007658839,2008,256
4772,0.0027482945240332895,0.6428099200463008,2139,256
4773,5.238688521508342,0.1773022816542953,2171,256
4774,7.2842153493304e-05,0.2425665479929488,1961,256
4775,3.044735839427227e-13,0.7413073310717118,2079,256
4776,8.776887611782973e-17,0.6309326490273685,1963,256
4777,3.597041633651735e-11,0.5744998852066485,2036,256
4778,0.05408420120362145,0.3356572128774215,1959,256
4779,9.711445364849216e-16,0.3264558307251528,2103,256
4780,2.6158132815737274e-08,0.496753523181685,1926,256
4781,4.7473284550003856e-07,0.4185779916487803,1992,256
4782,0.23548738849561782,0.6897198436789826,2090,256
4783,3.447200182246942e-49,0.9597133541344076,2095,256
4784,0.21801124030811606,0.1715815231453868,1940,256
4785,2.086729505253428e-07,0.2370804903578913,1999,256
4786,0.006847999095219741,0.2717086317361269,2097,256
4787,4.07531503023836e-06,0.3758876446140543,2170,256
4788,3.1071409233606335,0.6741546382375384,2012,256
4789,2.4284955322002427e-07,0.8861528153509156,1987,256
4790,1.8172092990765443,0.5367986076441854,1973,256
4791,6.780885505301384,0.5966452410455941,2096,256
4792,3.728484197053092e-06,0.895272393214968,2006,256
4793,1.2363426567185242e-18,0.3256866242344137,2060,256
4794,5.758328982015077,0.1525865207921106,1964,256
4795,0.00011333397076688651,0.0152682408896872,2012,256
4796,8.776132894519812e-18,0.4771444990634801,2070,256
4797,2.3562066476558915e-08,0.995362538424926,2123,256
4798,0.16197826846581084,0.682530252153819,2100,256
4799,0.9670792333120068,0.4520426370291773,2039,256
4800,1.5400701430019461,0.7511057026640544,2093,256
4801,3.56289772100322e-05,0.8310426745209368,1925,256
4802,7.529512452164237e-12,0.4254427958715975,2125,256
4803,0.3760652894255961,0.549695189570489,2002,256
4804,7.969452084954255e-05,0.0363040036544703,1973,256
4805,0.011641714368641021,0.8289274915118425,1962,256
4806,7.149926526944761e-23,0.9750735608835104,2106,256
4807,0.02769577445923993,0.5890743430356986,1929,256
4808,1.1893873717165794e-08,0.2172158225398578,1925,256
4809,1.5027298771870634e-05,0.6983193632162735,1995,256
4810,0.06156591721913218,0.9144809459401124,2058,256
4811,16.502650495075255,0.9206428730562524,2032,256
4812,1.8443438019168499,0.1265495860336335,2108,256
4813,0.022316844786298987,0.378349904517299,2098,256
4814,5.338244937883554e-12,0.3091563360848141,1933,256
4815,2.203607733817404e-05,0.0332838614461945,2108,256
4816,0.0033416106967603413,0.6746220376576073,1963,256
4817,0.0001273130729682847,0.7080034059245006,2098,256
4818,0.24824725555734428,0.716777895678346,2076,256
4819,2.1099847783435385e-27,0.6115598549614079,2127,256
4820,3.133417665946363,0.2099652646890463,2000,256
4821,0.09226616115176964,0.8234406751118782,2097,256
4822,0.00712830284698175,0.218309731143131,2002,256
4823,18.543280370069116,0.639082755195373,2138,256
4824,0.02762155493085393,0.0116751712173316,2011,256
4825,1.6251917787370274,0.1421560841162278,1935,256
4826,0.07225074922453957,0.553885572872521,2015,256
4827,4.15375785513474e-06,0.1554831220516458,1995,256
4828,1.5793490445249295e-17,0.5153579840656802,2024,256
4829,0.0015252797601769748,0.6341114502346868,2083,256
4830,2.6419055676665162e-12,0.54083396126138,2057,256
4831,0.005020268168701769,0.2245891905477696,2174,256
4832,0.0006685455505724775,0.1761450862907722,2129,256
4833,0.024481439795948662,0.3156293854563207,2046,256
4834,4.2974712144933e-10,0.7150331844535934,2030,256
4835,6.828631696825038e-05,0.7503633155591332,2164,256
4836,1.9296652517601384e-34,0.5196208294465028,2170,256
4837,7.35898270055324e-12,0.8459695977558336,2151,256
4838,0.8944259651236235,0.237639064743021,2031,256
4839,0.413034747830478,0.8636471585949346,2050,256
4840,6.4155071975945516e-09,0.8621979680899671,2006,256
4841,9.930862277405173e-07,0.9601882224719096,2035,256
4842,0.020251055152319113,0.006711651616428,2049,256
4843,0.0017025986023711428,0.3462518109408301,2039,256
4844,3.2865671441162305e-10,0.8321928453223187,1944,256
4845,0.0006492036376597555,0.2513617912509832,2140,256
4846,1.0635820989343212e-07,0.223999734088794,2028,256
4847,0.001044843272803948,0.4448044583072886,2138,256
4848,2.1914795935421565,0.8996074443463994,2004,256
4849,0.01190984379501235,0.9879757909419066,1949,256
4850,2.92248570106575,0.3097594188347421,1927,256
4851,1.9352274740766574e-06,0.6110727956809783,2135,256
4852,0.48786026655495035,0.5501447839980751,2030,256
4853,0.03144269644309346,0.0301212695401869,1971,256
4854,0.003041614380149162,0.286878010481394,1987,256
4855,2.0244587489109263,0.6584190196939029,2071,256
4856,2.96980077490598,0.1782419479594912,2124,256
4857,0.00013752807685812814,0.6780011362047221,2044,256
4858,0.000579379530024843,0.3110732987235435,1969,256
4859,5.520914088697781e-05,0.5383655579462295,2070,256
4860,2.470669563455221e-13,0.1899509584421688,2056,256
4861,3.347319615262706e-11,0.517774189268485,2069,256
4862,0.011922390386206485,0.7075517840775605,2056,256
4863,5.840142343169649e-06,0.5607068078466764,2119,256
4864,5.86644623566542e-06,0.5599125822869674,1941,256
4865,0.0003045786335381069,0.6107502830854112,2101,256
4866,1.1651695015532411e-06,0.967350381800004,1992,256
4867,0.5470692370838494,0.3572885507734107,2160,256
4868,7.787732160680273e-08,0.2890891457877199,2027,256
4869,1.2550920134816674e-09,0.784052361262011,1937,256
4870,4.1381042988047216e-08,0.2542827019790143,1951,256
4871,0.26955203571194847,0.88448504526807,1979,256
4872,0.025873100879365188,0.3865431608992149,2162,256
4873,0.0007183517270468031,0.9350101985103092,1979,256
4874,6.168922003567649e-10,0.4469137843355866,1933,256
4875,7.981849093190251e-05,0.6422795292957664,2131,256
4876,0.0003021548808062575,0.4030912926091698,1969,256
4877,2.575672009640859e-06,0.5848464238607786,1934,256
4878,3.8932448501865504e-08,0.5296652628918426,2033,256
4879,0.8873704904895734,0.4978846736732722,2119,256
4880,0.0023903075242186923,0.2851104922959816,1954,256
4881,4.8853563789422267e-11,0.2946818528234083,2041,256
4882,1.3896013501593303,0.3937070821902795,1969,256
4883,0.9249016435395946,0.8207215769444112,2063,256
4884,0.05559192837288338,0.4922808047230415,2162,256
4885,1.787867827203234e-19,0.7628968197238468,2010,256
4886,4.7091144725620495,0.3998867961713652,1944,256
4887,7.120375804682148e-09,0.3960350360300189,2171,256
4888,2.0995621397797052e-15,0.8613605876596052,2035,256
4889,1.1620181106789639e-05,0.3134896156362564,2094,256
4890,7.942172155963517e-07,0.6820716838356009,2138,256
4891,0.0039668842138816255,0.3449697303612163,1939,256
4892,6.231373157686358e-11,0.8092943052201967,2074,256
4893,1.348356774455701e-13,0.8754095996649239,2007,256
4894,0.00027149512259166616,0.6057336787758418,2070,256
4895,0.0005956419167895179,0.094681471896272,2151,256
4896,1.1944243087375888,0.7841948197962932,2016,256
4897,0.3335736817782704,0.915236378270476,1988,256
4898,0.14787217178897705,0.4612402041737533,2091,256
4899,0.13024694289991615,0.2626779493173811,2073,256
4900,0.029759218795099626,0.9092257626407896,2089,256
4901,4.8710773254025636e-15,0.2235868131271459,1982,256
4902,0.03155720535189695,0.1236229209077174,2024,256
4903,0.0009694080991148862,0.6960133617262263,2037,256
4904,3.293875279640393e-11,0.7542221693545774,2042,256
4905,0.24210416168800764,0.2883970727619874,1985,256
4906,5.695815340678471e-06,0.8254775926031394,2092,256
4907,1.622331832672995e-05,0.8909615131530072,1948,256
4908,1.7808577222523372e-08,0.4046110671068008,1984,256
4909,0.005964322318728949,0.4834084723370478,1991,256
4910,1.030372789773197e-08,0.3626512723004622,2037,256
4911,5.816900987515665e-08,0.6286586071625406,2129,256
4912,0.04534437233976252,0.5747076468080146,2101,256
4913,0.30669710555440993,0.6494735236790533,2151,256
4914,0.0020465228013425386,0.7313571028921649,2146,256
4915,4.6915088496709856e-08,0.7358275013118235,2035,256
4916,0.30035365788011364,0.427846586289078,2127,256
4917,5.14508702561906e-06,0.1468692467152546,2107,256
4918,0.030281702605688004,0.9104382523015876,2133,256
4919,6.809173970708946e-15,0.8231409070669082,2000,256
4920,0.00011862937961435081,0.5561088129486915,2053,256
4921,4.977208340277811e-12,0.988796400243742,1934,256
4922,9.166906052474573e-05,0.9652693549089474,2106,256
4923,1.3418402070272586,0.7921723295155367,1960,256
4924,5.562973040572273,0.3574555260796584,2055,256
4925,2.5057398711595163e-09,0.2666658454329981,2031,256
4926,4.132381324152399e-10,0.011566303361186,1987,256
4927,0.03642279135387866,0.8972015006574292,2045,256
4928,0.6049495484978017,0.3715390928057727,2124,256
4929,1.6801857647440947e-19,0.1485722649446166,2017,256
4930,0.002270273079038232,0.680507457470516,2145,256
4931,0.005118596871394062,0.5398621115654321,2131,256
4932,6.081524115946431e-06,0.5233591612828639,2127,256
4933,1.744700586760467e-08,0.8354061139116958,2153,256
4934,0.0010141215751230494,0.9436009796663422,1973,256
4935,0.8275147176676406,0.4481865799887021,2027,256
4936,0.019985946529308605,0.2186318652741581,2100,256
4937,0.19865814673061943,0.6789141174799983,1987,256
4938,0.5923967845092266,0.8333397657502977,2161,256
4939,0.00015291406499007713,0.0609837078140251,1938,256
4940,1.6397158299275426e-11,0.7968290686478763,1998,256
4941,3.7716141423016576,0.1563513114016439,2173,256
4942,5.233282235568715,0.0505018738879806,1997,256
4943,8.867144584495318e-10,0.8963301088496397,2113,256
4944,1.383600684005091e-15,0.846028231606406,2104,256
4945,1.250154876185821e-12,0.7444405024669511,2100,256
4946,0.07943811517445312,0.4464879475817733,2038,256
4947,0.0018612068205981318,0.5522485131007654,1950,256
4948,0.0003117397721320221,0.9636486387862716,1960,256
4949,1.2840040666206625,0.5598302123220752,2039,256
4950,0.0037561652979231277,0.4716402391475425,2091,256
4951,1.3806369349722621e-09,0.4035015499812512,2089,256
4952,9.346859556281564e-20,0.5793374394665354,2153,256
4953,4.7411470033906684e-05,0.2344281419807763,1925,256
4954,6.08804022216762e-14,0.0261156647812055,2127,256
4955,1.6841921181209017e-05,0.5395345326237253,2140,256
4956,4.782853899498078,0.5412817251346411,2004,256
4957,0.08470477731185162,0.3359857420565244,2068,256
4958,4.59332852979131e-06,0.3668950107666329,1997,256
4959,1.4463995145635364e-16,0.2818914284134404,2063,256
4960,5.604273505022039e-10,0.3127275706784157,1930,256
4961,8.818303103642151e-26,0.1911022849969403,2009,256
4962,8.753479667143025e-05,0.6804001855553935,1984,256
4963,1.1620648545961851e-07,0.5569723887414253,2120,256
4964,2.3006002373284167,0.2016131361997077,2156,256
4965,6.394994498247023e-12,0.2804173901904263,2015,256
4966,1.893578527342179e-05,0.96335264773221,2097,256
4967,3.0936773964382414e-05,0.0874003563815405,2055,256
4968,1.2593884758344024e-07,0.8155279788954634,2094,256
4969,0.001841625034559868,0.5644903481373654,1963,256
4970,0.06096685868844236,0.5925267840474848,2175,256
4971,0.013891562721778083,0.1023491363204018,2099,256
4972,0.3887898633468018,0.2399743934542234,2040,256
4973,1.736107761695816,0.1967417337231369,1981,256
4974,0.3310971293750152,0.8958429981570766,2089,256
4975,0.02355099252766168,0.0713660243851769,1943,256
4976,0.21904694792222895,0.212411491036106,1973,256
4977,2.892592053987081,0.4851976701662355,2002,256
4978,3.563610790406454e-76,0.2674567322836075,2161,256
4979,0.002099703032509342,0.9589222376513789,2016,256
4980,0.2654907557026409,0.3503503343032456,1947,256
4981,1.1628265040910944e-15,0.2503487693315187,2068,256
4982,8.745169643566642e-08,0.3188818942521314,2063,256
4983,0.10610104955797187,0.3194969464278625,2068,256
4984,0.002598659131091116,0.5284694164919203,1995,256
4985,2.5991877474438475e-11,0.600009947569067,2077,256
4986,0.08835985785419602,0.9809268912041212,2142,256
4987,0.0005947734304485534,0.3481213206207646,1949,256
4988,1.052112218414879e-05,0.1425245327878078,1998,256
4989,4.0954901029250395e-07,0.4731134590155448,2007,256
4990,0.058618251176847325,0.1566634372057972,1962,256
4991,0.008769285811622257,0.7433153568030387,2051,256
4992,8.494030275413973e-09,0.3341406706822555,2139,256
4993,2.56072652860103,0.9083420498070026,2131,256
4994,0.2537541008630016,0.0670375501399318,1971,256
4995,2.2045603430016645e-17,0.1654606529246515,2064,256
4996,1.219530506613943,0.4793896155452789,2068,256
4997,3.0912887991287246e-28,0.769522360899225,2092,256
4998,4.6906480626233855e-07,0.3175508417073452,1988,256
4999,1.7115286596900482e-06,0.7176172500831287,2121,256
5000,0.1898416513424155,0.4286169502278574,2020,256
5001,0.6507835305756581,0.8620307317735567,2011,256
5002,3.1300344312312106e-17,0.2466031014404949,2129,256
5003,27.911285615928815,0.6293553070278161,1978,256
5004,1.9217315245426917e-08,0.8543490670916977,1975,256
5005,4.281068787301864e-20,0.5391179302459188,1986,256
5006,0.00040927257576655945,0.5114580729441853,2075,256
5007,0.14766727616786424,0.5151860827089476,2164,256
5008,1.6709481216763207e-05,0.3243886796656018,2173,256
5009,2.2480322307768046,0.6523355296387703,2150,256
5010,0.0001328503863936013,0.5265877737321207,2062,256
5011,3.114434463443848e-10,0.174751021740084,2147,256
5012,1.1381354154518166e-26,0.5514778026216153,2092,256
5013,1.0591876728181198,0.013624356297921,1942,256
5014,2.2174162716586466e-11,0.7963156981256667,2045,256
5015,8.133021952092814e-27,0.5058345956796495,2116,256
5016,0.21712225383324282,0.27506505797278,1956,256
5017,0.005199265565997351,0.5535427144076385,2125,256
5018,6.243891605950043e-05,0.6167314080558322,1934,256
5019,3.0467094312673835,0.1609103131280519,2095,256
5020,7.0916304095678844e-15,0.9745069034509736,2029,256
5021,8.91770488971905e-16,0.8739099354885529,2170,256
5022,3.892844852109919e-06,0.7248837831194732,2163,256
5023,7.847453631069561,0.1623681600172587,1995,256
5024,6.852188578063886e-17,0.2613872484897516,2142,256
5025,6.944579271357633e-19,0.6814635698180298,1995,256
5026,29.90888668259494,0.078916115913637,2027,256
5027,2.53105871834862,0.7544425164927911,2018,256
5028,4.8672470180188437e-17,0.2695092804769252,2006,256
5029,0.062214822422469354,0.5685782083661158,2160,256
5030,0.029663278458817784,0.2385881901141965,1989,256
5031,0.36471903353806295,0.6906346310222456,2029,256
5032,0.30048346344773225,0.7264598556525076,2170,256
5033,3.6322296870024803e-14,0.8212712912390676,1931,256
5034,0.01151267578418637,0.3438583102874939,2059,256
5035,0.00024711240825359414,0.3932520631177896,2010,256
5036,0.00014842405884150502,0.7316891398243843,1940,256
5037,2.8528813264827883e-05,0.9070083229742724,2124,256
5038,0.009917145838458676,0.3716672772790803,1972,256
5039,3.655590945594239e-33,0.5621887243270771,2103,256
5040,6.675803427326794e-10,0.2826198066667795,2102,256
5041,57.81463675390586,0.0131318174584915,2070,256
5042,5.096906139345863e-09,0.0326645228542048,2052,256
5043,9.024468042787009e-08,0.6710062970570297,2037,256
5044,5.141486880035057e-08,0.8392319422910615,1991,256
5045,0.8153197219781141,0.7764743990606473,2112,256
5046,1.819344573725306,0.224964003573998,1975,256
5047,0.005887040155896112,0.2991577243714435,1996,256
5048,3.4434805700753007e-15,0.5547026984268486,2132,256
5049,6.062802635179278e-09,0.0579366478164309,1964,256
5050,8.769199516106623e-17,0.3180257632630083,1927,256
5051,1.441715532824595e-08,0.1857579418893005,2113,256
5052,1.2315323563754932e-10,0.2929383027098373,1936,256
5053,7.06284571684693e-22,0.5608503674639962,2087,256
5054,0.03033758398243461,0.4191391273572201,2088,256
5055,5.064782549599518e-09,0.2393831898105056,1970,256
5056,0.0001175979479743201,0.4204678752099542,2106,256
5057,3.268150415475896e-11,0.0064935366199811,2084,256
5058,0.0009854400678915498,0.6735465447981829,1958,256
5059,6.369982510763719e-10,0.2213802644895224,1979,256
5060,10.121855386372873,0.4920915592859354,1963,256
5061,0.0005278693000197553,0.819121136115916,2036,256
5062,4.884274477646701,0.713025762887757,2084,256
5063,0.02220004113283403,0.4004244833399494,2102,256
5064,2.654619442066638e-07,0.6789803592769958,2140,256
5065,0.010750146460030247,0.2209153384181174,2107,256
5066,1.2546390970689808e-13,0.5823430759191498,2039,256
5067,3.2411360899569535e-09,0.6724855745849723,1951,256
5068,0.0035594125183286865,0.925760054647278,2170,256
5069,1.550053338126293e-14,0.8273970179520723,1970,256
5070,0.015798192726673807,0.3916822709419691,1924,256
5071,0.00045764490655283123,0.120149771861919,2001,256
5072,0.013105803003494657,0.9593101312434524,1978,256
5073,0.0069759142504137945,0.5863147105802559,2040,256
5074,0.019159590293814224,0.0742818645896967,2064,256
5075,0.013097983045459425,0.0195416102415896,2167,256
5076,1.510513046882439e-06,0.3389820276574591,2025,256
5077,1.0638357678815527e-13,0.5661783516245656,2123,256
5078,1.9275309019877132e-05,0.9149414431302604,2126,256
5079,0.04152288681713774,0.3701357030062047,1950,256
5080,5.591546935317501e-05,0.6677040576265939,2110,256
5081,3.271829630314648e-06,0.0124014807110263,1922,256
5082,1.6696055065677388e-12,0.9346788047250768,1951,256
5083,0.05345564513709655,0.7811537082615213,1995,256
5084,0.6094718856571296,0.6338853608690607,1992,256
5085,2.6633984641368386e-07,0.3365105816403154,2066,256
5086,4.886656417079886,0.5519071167361336,2022,256
5087,5.591164242895044e-07,0.7732665904505905,2111,256
5088,8.754290168130724e-06,0.6954548939027422,1997,256
5089,0.018508157355519153,0.7515489776094034,2045,256
5090,3.250915442784756e-07,0.7412730392726925,2131,256
5091,1.7198218492981818e-12,0.5883302024918765,1928,256
5092,2.179573135044297e-20,0.9493222970401686,1935,256
5093,1.239174911280239,0.8478767904719976,1991,256
5094,0.03819837770794583,0.1867785752574626,2005,256
5095,0.05467680633879714,0.8370097661227244,2060,256
5096,2.93945796559896e-07,0.2838174536855017,2137,256
5097,0.05243699319106635,0.2952620952711263,1934,256
5098,1.612213270146095e-08,0.0717940228322281,1989,256
5099,9.032599994963807e-05,0.89722329449186,2166,256
5100,2.2392681970052385e-06,0.3506833054676938,1986,256
5101,3.4114929776273446e-17,0.688576140389346,1980,256
5102,1.5575462775628626,0.976054495300325,2090,256
5103,0.00524148187353726,0.4720211535029009,2128,256
5104,0.9582319961986164,0.1883065136893754,1998,256
5105,8.573590172996153e-07,0.2974248777539479,2127,256
5106,0.00045498664433149083,0.9911595350479964,2059,256
5107,0.00018344226687897578,0.8161790557412237,1991,256
5108,2.339977002298227e-06,0.423248300162436,1964,256
5109,3.717600816436479e-18,0.0889549107387666,2155,256
5110,3.9619584859416093e-05,0.5123507552288622,1931,256
5111,9.431078480788308e-15,0.0008368744126155,2118,256
5112,0.28554829841402646,0.0306709932230628,1923,256
5113,1.679055725119828e-16,0.723453228965407,1984,256
5114,3.1516802243788974e-15,0.128660780517264,2058,256
5115,5.608058058336126e-10,0.7671891179470551,1974,256
5116,1.0939398859464735e-06,0.8164181266866573,2175,256
5117,0.5434666676032673,0.93575017824142,1923,256
5118,0.13836101262911307,0.4600218240412957,2157,256
5119,3.9418302880639914e-10,0.8869995923204141,2112,256
5120,2.539224658963788e-07,0.1592413550570947,1985,256
5121,0.004842412636481833,0.1885742180601155,1950,256
5122,3.032337374579974,0.5715133222430607,2100,256
5123,1.0029178682759902e-21,0.1298337288937442,2114,256
5124,0.342624381185951,0.5760561924784355,2030,256
5125,2.259169010543959,0.2959860769181561,2003,256
5126,2.473348440964148e-10,0.2489580566260205,1951,256
5127,2.145268293369911e-15,0.0541838772669958,2052,256
5128,2.0923062031326564e-06,0.0931717050914351,1998,256
5129,0.04588851313180342,0.0005267762812927,2139,256
5130,8.458952364843286e-05,0.5436781529754834,2158,256
5131,1.6714391488089803e-10,0.4621780997038771,2159,256
5132,2.9922604858482797e-10,0.8341018140509047,2002,256
5133,3.0108624547857525e-06,0.6292139992457906,2126,256
5134,5.490120020422993e-06,0.8262403508806238,2117,256
5135,0.12647905269638535,0.7739367005290597,2033,256
5136,9.284527894059357e-11,0.3985657860272973,1969,256
5137,0.0004331621608982283,0.1816897922851106,1968,256
5138,7.320608063810911e-06,0.3074063792950252,1951,256
5139,1.4709057147309147e-08,0.9399025740705108,2131,256
5140,7.068001797603882e-11,0.063463022575737,1964,256
5141,2.598547883450481e-05,0.8262235173050413,2057,256
5142,0.00046387845636398835,0.7575406433742241,2017,256
5143,3.5590293148145356e-06,0.9880039354199122,2069,256
5144,3.497674031003933e-08,0.0015696301409405,1930,256
5145,0.03436283741838979,0.0650540375182155,2117,256
5146,3.0436014798863525e-05,0.4082729816662955,1975,256
5147,1.0634844304384852e-18,0.9729277901795272,2028,256
5148,5.80274724467464e-05,0.4348303047839242,2069,256
5149,0.00016348877452881415,0.4730381054563856,2064,256
5150,1.3505551395659472e-27,0.3591721893876266,2135,256
5151,0.4197074567284068,0.8448688715479054,2102,256
5152,4.424211982468207e-18,0.2631152585637852,2089,256
5153,3.0854685271863654e-42,0.194438467499443,2147,256
5154,4.2057680252529436e-08,0.5812634499485644,2037,256
5155,1.0120093601251221e-12,0.8795346275670108,2149,256
5156,0.09383969811170834,0.4914981282432855,1958,256
5157,0.00010734870050081488,0.8930439089517529,2030,256
5158,0.15501472759791607,0.2143228519553166,2004,256
5159,7.568539406148412,0.0787667660000124,2145,256
5160,0.015213121874859107,0.1323976562634377,1938,256
5161,0.0002916448720098539,0.4668062141837763,2139,256
5162,1.2355912058655167,0.0681130101206975,1981,256
5163,4.505683791356336e-29,0.6852647909011229,1969,256
5164,16.053493138832433,0.6744231974309354,1934,256
5165,1.7108302233006182e-06,0.4668578458942575,1985,256
5166,0.0009807821534338437,0.7358974839055443,1951,256
5167,7.484016055621541e-06,0.2968095614475421,1943,256
5168,1.5645302729990433,0.2048030087106419,2152,256
5169,7.218054521179096e-11,0.4375063010688438,2053,256
5170,0.008529389309419296,0.3817827601908899,1963,256
5171,4.964825799401397e-09,0.3084136611611345,2057,256
5172,0.0005287975241399929,0.1260116460119648,2004,256
5173,0.0022708118303538783,0.8436190869760605,2052,256
5174,0.24865493219712284,0.7819663243669196,2143,256
5175,2.874993029684163e-07,0.916448365455224,2008,256
5176,8.622416715083798e-10,0.0022184919617275,1957,256
5177,1.331050188914031e-05,0.0926704801753888,1929,256
5178,6.47129785609761e-32,0.6227804864332037,1962,256
5179,0.352708950622605,0.1256657677779129,2056,256
5180,2.005906142241992e-05,0.1042523075414051,2032,256
5181,0.0014192753380501207,0.9109543637537312,2054,256
5182,3.881556153992977e-09,0.3932812007590555,2018,256
5183,2.639573123477326e-09,0.6945988571910579,1952,256
5184,0.031030155806462848,0.8111588412305111,2083,256
5185,2.5118597622743095e-14,0.3956261904960919,2145,256
5186,1.574328634588273e-09,0.2986314906606128,2106,256
5187,0.9972809223518543,0.2200425078418476,2014,256
5188,18.239840855388753,0.2676648950323343,1924,256
5189,42.660858429637635,0.2334196905732012,2040,256
5190,0.0002549185754077936,0.7981215480427302,2022,256
5191,0.05510693868327426,0.4028252708279546,1925,256
5192,1.886557183383123e-16,0.1544633704959354,1939,256
5193,1.683181366247695e-17,0.3122456451578483,1936,256
5194,0.007399531740265241,0.6032942980886709,2085,256
5195,0.25863985047850885,0.0411287432174135,2016,256
5196,0.0002656981343789583,0.5415110526552633,2131,256
5197,1.3128317859230632,0.5190178026176959,2140,256
5198,2.6668801417911003e-08,0.2694705600082687,2122,256
5199,4.128232300365765e-14,0.6178134394411192,1929,256
5200,1.4594118515871637,0.9986568901005626,2019,256
5201,4.7815375084706596e-05,0.6197425407615079,2126,256
5202,4.140175827688355e-05,0.9655083716884616,2084,256
5203,7.473496131280201,0.0447533561962436,2058,256
5204,0.005189545947278352,0.6807776947647441,1964,256
5205,0.32873288014700214,0.1144483251152043,2172,256
5206,0.45314952476255166,0.9995787708369176,1928,256
5207,1.3189808235948766,0.4228062775028736,1939,256
5208,2.431307657846325,0.5086754681676914,1983,256
5209,3.0290481593365673e-25,0.6874505169513665,2085,256
5210,3.0222664151299885e-15,0.3799972778688149,1939,256
5211,5.108160063384051,0.5875492772315875,1927,256
5212,0.09812011621558227,0.5350508248741449,2006,256
5213,1.6565457347005212e-11,0.9741685785028664,1999,256
5214,8.832142922871338e-08,0.1568635964583038,2161,256
5215,3.1363242255934983e-19,0.0934265563856165,1950,256
5216,6.466832397538206e-08,0.8256202856573881,1999,256
5217,1.6605604965204387e-05,0.4360688358262702,2049,256
5218,0.0002030509239717299,0.6204703846242833,2089,256
5219,2.2444961966429076e-11,0.5045051444159895,2026,256
5220,0.1857828591945228,0.7067917825264616,1945,256
5221,20.454865267604568,0.8847383576339708,2164,256
5222,7.729516302224473e-13,0.4580250067636627,1939,256
5223,0.0002692775883307997,0.3215119860285609,2048,256
5224,2.2090810693956328e-10,0.3333821058431701,2074,256
5225,5.445966811774437e-09,0.4233461230708409,2134,256
5226,0.003716903586594882,0.005861395915139,2018,256
5227,0.0014607904773421526,0.5747348626050129,1943,256
5228,8.471465172031888e-09,0.9730820939535644,1925,256
5229,0.00021117642550120872,0.7376471398617958,1927,256
5230,1.2279261628599503e-07,0.6688401341066503,2101,256
5231,5.319558733325472e-14,0.1330514183624784,1982,256
5232,5.682628437732787e-17,0.0469080172062764,2157,256
5233,3.9511867124754495e-05,0.6535228393500919,2123,256
5234,6.230549786984678e-08,0.5832267663906284,2113,256
5235,3.362496087554399,0.2333916579798316,2147,256
5236,2.9370727543096155e-15,0.6009042589149732,2056,256
5237,1.5037157099027482e-13,0.2221069330134798,1997,256
5238,0.05718763685917955,0.3982170129364276,2059,256
5239,0.2978483678088121,0.2048795467987452,1990,256
5240,0.010597613479753016,0.7016460048951387,2038,256
5241,9.144116929406653,0.5390618234274598,2013,256
5242,0.2883616491505217,0.086958770338667,1977,256
5243,3.5382874226137004e-07,0.1828929936528206,2115,256
5244,26.530666884043296,0.1584972667028519,2067,256
5245,5.685561845371472e-10,0.0321736479377514,1949,256
5246,8.484444094488181e-26,0.7325435231859604,2018,256
5247,5.359921202304289e-06,0.3070131999894896,2170,256
5248,0.08145137044365867,0.3292564928920529,2040,256
5249,0.0015585720669568355,0.5014651280222603,2093,256
5250,1.5971605147586968e-05,0.181729559157899,2016,256
5251,39.562818879119106,0.1324859817864377,1953,256
5252,0.02802019124214697,0.0455585500323384,1929,256
5253,5.200594040786798e-12,0.2384713152832235,2039,256
5254,0.7671073282906637,0.99785970323885,1931,256
5255,3.801629814487153e-06,0.8404254263326346,2166,256
5256,0.0030546425566956442,0.6045444487441783,2151,256
5257,3.533537785404509e-28,0.2666696610304381,2079,256
5258,3.2686294475083435,0.9864619286126391,2107,256
5259,0.00014168478310159276,0.9676073121807518,1998,256
5260,0.03189766072163397,0.5245429349960131,1942,256
5261,2.1466282141718504e-09,0.1440708050669237,2136,256
5262,2.0145680919267432e-08,0.3790217241050991,2160,256
5263,6.5613634649816835e-09,0.6781131441284804,1968,256
5264,4.19000185304361e-12,0.2814261589739171,2029,256
5265,3.794653192781519e-05,0.9855750524072924,2079,256
5266,1.173792980230959e-16,0.2682151906747195,2098,256
5267,5.611316652104748e-11,0.366789099812549,2069,256
5268,8.10718173027336,0.7601390334893724,2068,256
5269,2.0480348640816276e-12,0.0294214313343227,2022,256
5270,0.032229710779780034,0.9216402686936256,1979,256
5271,1.6770099444272306e-07,0.9553744235043822,2134,256
5272,0.0006655036871699218,0.2440961921694365,2113,256
5273,2.037706518398996e-09,0.1272817892055919,1934,256
5274,2.3142713350695185e-11,0.8797145030514538,2045,256
5275,2.6926453622583344e-07,0.59239268906611,1980,256
5276,1.3316161327823388e-09,0.4161030299773116,2086,256
5277,4.178678406943068e-07,0.3223673224931979,2111,256
5278,1.1194882087714347e-06,0.4818372872567265,1961,256
5279,3.94853478787315,0.4084076788796021,1952,256
5280,3.0842249268704056,0.3122815246252596,2137,256
5281,1.362164769737814e-32,0.8901505447299636,2059,256
5282,0.1556493380617372,0.7444570456353715,2005,256
5283,0.016214958455870617,0.1816468819684484,2128,256
5284,6.396103880877167e-09,0.7411359861698478,2170,256
5285,0.019564627151801923,0.4129832256885822,1976,256
5286,8.352219079056045e-32,0.2219839263929947,2130,256
5287,1.2739717888615316e-18,0.8247632364159247,2056,256
5288,0.0001395950589357833,0.4105944804003814,2006,256
5289,1.0499776236102774e-12,0.44574651594096,2029,256
5290,6.378111181421432e-06,0.3117238318299286,1999,256
5291,3.670247126301257e-10,0.9631005275514736,2140,256
5292,2.7079137653288368,0.7607551308348978,1929,256
5293,5.833797563220269e-15,0.5896322079112241,2146,256
5294,0.016122551927083426,0.4586189539554248,2148,256
5295,0.0017921054213994936,0.2207121454965933,2105,256
5296,5.052457535695279e-10,0.232793649503036,2154,256
5297,6.425120129536851e-10,0.411818591688926,1982,256
5298,5.006457377640922e-10,0.8258042612499621,2095,256
5299,0.3892564516254889,0.4874806824642633,1948,256
5300,0.00020006679125858818,0.675062374021694,1988,256
5301,0.004217008674356335,0.4139840849641316,2147,256
5302,1.4926190013452092e-14,0.1593744466531723,2159,256
5303,3.365776715961464e-08,0.2867543653260733,1922,256
5304,1.207184041321508e-05,0.3687203243510217,2010,256
5305,2.826268007952181e-08,0.4955974624274331,2133,256
5306,7.671286527185355,0.3469837833415705,2091,256
5307,0.0029258532627682954,0.1625188216586545,1987,256
5308,0.24048861592373108,0.8869129695994457,2013,256
5309,0.07640920583488045,0.1889934446333241,2041,256
5310,0.0003052402030995278,0.8826195808938008,2151,256
5311,2.7864686318074153e-06,0.0884058979590063,2005,256
5312,0.07719077141445772,0.7015382987252907,1995,256
5313,2.1432561925626405e-14,0.859914772598236,2089,256
5314,11.055091747909827,0.6076527411236629,2136,256
5315,0.030462181738406566,0.8542142407288394,2111,256
5316,12.929279593290067,0.8886489384438111,1976,256
5317,0.018953513204035235,0.3360806744473517,2076,256
5318,0.1560216089000332,0.3004080517563853,1930,256
5319,5.56575521224535e-06,0.2492676975187215,2062,256
5320,0.00021244394936114654,0.2065574021603599,2060,256
5321,2.814040241560882e-08,0.1752768370751787,2139,256
5322,0.028579628805843613,0.2882440090902901,1945,256
5323,1.5341597775510878e-09,0.7262735957763939,2153,256
5324,1.637234731996949e-09,0.9148628331204308,1939,256
5325,7.532886145412904e-58,0.0627864145238753,2081,256
5326,1.351089194230565e-10,0.5320884514890436,1989,256
5327,0.000153889019070167,0.3104837452071403,2141,256
5328,8.335056991695752e-13,0.2420497703639695,1924,256
5329,1.7426173605251903e-07,0.2891345326521579,2165,256
5330,0.0014992575558743558,0.4959107213810737,1953,256
5331,6.9465442086506346e-06,0.2350623277914784,2008,256
5332,2.775897297790332,0.7336989699636981,1948,256
5333,1.7844669274337315e-16,0.4989555057784667,2117,256
5334,4.3845478725270514e-15,0.2361163488364162,2105,256
5335,3.315183400266261,0.3472035906032543,2071,256
5336,0.0018313423683213497,0.1489018738185045,1981,256
5337,7.352828891809193e-10,0.6435517746280828,1970,256
5338,8.369130808858053e-08,0.1597437338754969,1936,256
5339,0.3689579602547653,0.1058886701898629,2106,256
5340,15.905634589778819,0.7261741988181153,2107,256
5341,8.289309578544378e-08,0.2510284840786685,1952,256
5342,0.04413010371400557,0.4935664123331011,2030,256
5343,2.626100044237662e-07,0.0220292793039105,2145,256
5344,0.8135962574651526,0.1635092677323071,2001,256
5345,1.6951482948903607e-06,0.5138097385642275,2066,256
5346,6.684452826225033e-12,0.8067054785999193,2092,256
5347,1.434075364887227e-21,0.1705858703483849,2043,256
5348,1.7784270093214854e-20,0.1838154745638616,2127,256
5349,7.425673694353945e-26,0.7688406118279826,2166,256
5350,0.914808056269233,0.496615752344565,2132,256
5351,2.4513357144724965,0.1768053410527006,2131,256
5352,0.009477784149498266,0.5742742750829397,2116,256
5353,0.03910518982233022,0.1991936865835226,2156,256
5354,6.650412774388941e-14,0.962892456542721,1929,256
5355,3.377545273552109,0.8466222082990137,2083,256
5356,1.5949348567668532e-08,0.4784838652319305,1998,256
5357,3.867899614768834e-15,0.3630690535260729,1988,256
5358,1.7442597192913605e-09,0.6497208322783883,1995,256
5359,8.4583161990886e-07,0.6160488057899065,1982,256
5360,3.0624668688262914e-05,0.0897467436933078,1984,256
5361,0.7218885240552578,0.0817577440806162,2144,256
5362,2.5704507735818026e-11,0.9025773494316957,2164,256
5363,0.040403947482383004,0.6316335597478117,2077,256
5364,0.0855508967568397,0.5629513035920444,2150,256
5365,5.480524045966862e-07,0.8163476050554672,2066,256
5366,0.002043174868532578,0.2978159786695974,1931,256
5367,3.7286421803786673e-08,0.0716678768202269,1999,256
5368,0.012937366462036052,0.5465481851922497,2135,256
5369,3.091486503154954e-16,0.981847631051551,2050,256
5370,0.03821793865738023,0.8221944232507369,2108,256
5371,3.049631021677039e-09,0.3416839123833286,1938,256
5372,0.00021306567863183963,0.2735393973674271,2081,256
5373,0.0037114122881039225,0.0118352694171015,2167,256
5374,0.9543793037315756,0.6567212058490907,2036,256
5375,1.471100453059591e-27,0.1626469446872849,1996,256
5376,0.02768665624515766,0.1253100253528482,2131,256
5377,3.7812822494728326,0.6751552245576401,2050,256
5378,7.713915941847915e-16,0.5715056984954074,2065,256
5379,7.978750222116868,0.3875008600689386,2000,256
5380,0.046229611415769034,0.5775942676216799,2049,256
5381,1.3702015483567583e-34,0.2880113375466745,2117,256
5382,1.0918763698602555e-08,0.4396007417252178,2134,256
5383,0.05273449037293195,0.5505087489353424,2059,256
5384,3.2368452457794934,0.1942019786097971,2080,256
5385,0.0003300805170862225,0.8927892502757346,2098,256
5386,0.9418741382487326,0.916185406054848,1969,256
5387,9.051151535141681,0.981062744307276,2148,256
5388,1.7574601225333359e-06,0.6725856488600847,1955,256
5389,1.911547151382352e-06,0.9805442307182524,2121,256
5390,9.7089800018998e-12,0.5686140156365224,2138,256
5391,5.029513586053495,0.2971310522445211,2052,256
5392,3.412967299108851e-17,0.7785420303653003,2174,256
5393,0.6050678987257317,0.199612386551347,2017,256
5394,6.275611655730192e-08,0.8394601663612578,2081,256
5395,8.125077025453184e-08,0.3609740344895206,2055,256
5396,3.382570084098713e-13,0.1837044954110869,1940,256
5397,0.0003928041393663524,0.9076924272268624,1928,256
5398,0.005718353826989729,0.334149760695577,2045,256
5399,1.323454453876479,0.9358183330451356,2087,256
5400,1.8292667522972506e-11,0.6622353652157446,1932,256
5401,0.0007018675132235292,0.1779063992211501,2117,256
5402,3.422534830305964e-14,0.6261732276770492,2127,256
5403,0.0014065237459316325,0.8445970751213822,2116,256
5404,9.700089874754366e-06,0.7171093651338606,1921,256
5405,3.983670945393774e-10,0.8561238602079595,1939,256
5406,0.0350068960294726,0.8522641534772454,1953,256
5407,4.4139408031935523e-07,0.1184936413933571,1998,256
5408,0.1180287325862349,0.7713002378443563,2039,256
5409,5.805069018787613e-27,0.8366042116686768,2090,256
5410,1.437463583003198e-28,0.3384339011427001,2001,256
5411,7.508965037821752e-06,0.8541709925693115,1966,256
5412,0.01109045057389237,0.3564741691702022,2172,256
5413,0.00011138561861795518,0.92678724434392,2069,256
5414,1.4319995204457886e-10,0.7950981566124182,2029,256
5415,0.0012097880861626136,0.3237368244090541,2005,256
5416,2.941899890618186e-20,0.7100161493065329,1948,256
5417,6.023102275880663e-07,0.1757497927612977,2091,256
5418,0.0005029715624490924,0.8341816837727367,1929,256
5419,0.10422100979690613,0.8017816998947955,1990,256
5420,8.560902079421822e-08,0.0636766033468044,2072,256
5421,1.9337588053292336e-14,0.9958139051728666,1925,256
5422,4.2134594176265235e-09,0.6087744973300581,2027,256
5423,4.253579606892312e-07,0.4976915634297274,1942,256
5424,50.48426983393441,0.9802513617551194,2077,256
5425,6.093792651643678e-18,0.6510961131277928,2021,256
5426,36.20775340550754,0.8155260319116457,2156,256
5427,5.075468370427555e-11,0.5596958573173308,2094,256
5428,56.493287692045676,0.4996365606786277,2013,256
5429,3.949754933731895,0.925146200550374,2040,256
5430,0.047858903671734926,0.4808132128362045,2162,256
5431,0.014542932060876703,0.5108442922612663,2097,256
5432,0.0006634316427303014,0.3316485919550569,1938,256
5433,4.484554189457572e-18,0.6351730842392574,2000,256
5434,3.17507849506963e-36,0.6089927710937293,2124,256
5435,1.0765720172055186e-06,0.5073052201475206,2036,256
5436,8.682128543470804e-17,0.1660496090655767,1959,256
5437,9.438340128371466e-14,0.3463687059037934,2072,256
5438,2.953168970131161e-30,0.5688770418654304,2090,256
5439,0.0011319056099077167,0.4942066063878797,1984,256
5440,24.13903690650181,0.6612159196976901,2061,256
5441,6.50403668308781e-05,0.0300729261706412,2062,256
5442,0.727906166481589,0.7710297222090229,2176,256
5443,2.965144617513072e-15,0.2089339314854792,1995,256
5444,0.00012232573902823756,0.5481632033262881,1981,256
5445,2.234261260706086e-06,0.380886881398206,1963,256
5446,1.0960936022499293e-18,0.1183155039039323,1962,256
5447,0.23437409905748238,0.2126460324893881,2016,256
5448,3.596488687696059e-05,0.370972803531848,2126,256
5449,7.841910398002364,0.1314152525435602,2126,256
5450,0.01390963428599234,0.2030789962027476,2110,256
5451,10.607805890672632,0.2465224760523564,2167,256
5452,2.877440007611667e-15,0.5446439216281395,1958,256
5453,4.3531748207138384e-07,0.1974974133463242,2005,256
5454,1.3557896135780588e-17,0.5378694404533481,1925,256
5455,1.2592593738336808e-15,0.5683449356897504,2048,256
5456,0.0008897116177835529,0.0836005441788224,2175,256
5457,0.01568786387249273,0.7897700216230488,2116,256
5458,3.6522935419067096e-05,0.4824539813816219,2167,256
5459,5.269538572973292,0.0445289981018525,2170,256
5460,1.3452751250559455e-07,0.8616626697119346,2135,256
5461,5.438203552614979e-08,0.4018209250461193,1985,256
5462,1.3779047777020563e-06,0.0398398572629211,2158,256
5463,15.736530389588381,0.0348502445933796,1935,256
5464,4.041638683350695,0.3112092548328135,2041,256
5465,0.5660562538902075,0.9057732700609804,2071,256
5466,11.984179306998437,0.2326993241011146,1997,256
5467,2.785191197308948e-07,0.1625078890457791,1947,256
5468,9.603101498388863e-17,0.9976284111001446,2151,256
5469,1.5123634390444444e-09,0.5278637005001073,2002,256
5470,3.592020945840287e-07,0.3738051372348758,2156,256
5471,9.16056194465236e-09,0.2345837435759149,2062,256
5472,0.0012939079712733044,0.8793435341753509,2027,256
5473,1.451338113813403e-18,0.6703144934771296,2099,256
5474,0.12001590546854957,0.3379185408797739,2126,256
5475,0.2366166688771826,0.3935790714721461,2167,256
5476,4.573804037088877,0.2311178346401169,1956,256
5477,0.02396482413063716,0.7474334557983254,2171,256
5478,0.0005079526059631739,0.8816185136999773,1950,256
5479,3.2919079472129606e-07,0.2302813450047194,1970,256
5480,35.267551592038835,0.9690122638440044,2034,256
5481,1.984911662136463e-09,0.9234305423749932,2095,256
5482,0.01026719870107699,0.2356023540369185,1945,256
5483,7.296372364426008e-15,0.4303892466882937,2028,256
5484,9.357783621173118e-08,0.1178245447561835,1954,256
5485,2.084853366107346,0.8725195798919307,2121,256
5486,1.2568863522276945e-11,0.6145351117922485,1983,256
5487,1.2089980261515575e-17,0.7213092377304844,1988,256
5488,0.027721257603236668,0.4023110953772442,2004,256
5489,1.7880213279667064e-14,0.9063192129909452,2115,256
5490,5.5556249793170463e-05,0.2126607729773022,1924,256
5491,1.753845946582515e-11,0.130295842213946,2146,256
5492,0.24053505279545043,0.7598125794657858,2081,256
5493,1.7311548336747352e-10,0.4636639551778914,1925,256
5494,1.2378725707306366,0.8343395776163479,2087,256
5495,0.05643336295237585,0.4331158761766598,2138,256
5496,1.227650606015534e-11,0.3099707860052419,2097,256
5497,1.7165709660519424e-12,0.1394950774747516,2010,256
5498,26.39448242268559,0.7965776560949481,1948,256
5499,0.391115786636031,0.0866612862365009,2170,256
5500,0.03691192483939968,0.5669735169371755,2080,256
5501,8.236634486793466e-10,0.0231092275771137,2003,256
5502,3.602432384047269e-07,0.3478269376227969,2007,256
5503,1.277439275855848e-06,0.1049006472569717,2155,256
5504,0.0003798836082430307,0.8448402546732514,1938,256
5505,0.0007524562573702017,0.2599597265099301,1997,256
5506,5.030561671143214,0.6324021244309386,1973,256
5507,1.1358248329710643e-13,0.3364052982311556,2032,256
5508,9.546440765603276e-09,0.7087677337756432,2003,256
5509,7.435175380879314e-08,0.3107277832225413,2078,256
5510,0.7558213051280712,0.5898993258879361,2057,256
5511,1.9397676811630792e-22,0.1091050236635202,1959,256
5512,0.00046551598894780397,0.7272158168687891,2060,256
5513,0.21562265288266244,0.6291498004382299,2078,256
5514,1.6982686127885427,0.7675096989705184,2072,256
5515,7.062814260206017e-11,0.5177065576025796,2156,256
5516,0.08579366270086813,0.5969684072850573,2055,256
5517,7.381647541162776e-16,0.0651318252784484,2107,256
5518,0.0016062800900296704,0.2996204273955196,1999,256
5519,2.3432628904000737e-05,0.542556343965814,1951,256
5520,2.843672103241741e-08,0.1405214909187597,2022,256
5521,0.001713225147250455,0.3783956101538838,2051,256
5522,0.020945095279863657,0.0722392554549313,2016,256
5523,5.035498574557589,0.8746188191729755,2068,256
5524,2.6030557564687777,0.6301531167134568,2038,256
5525,2.055770848219601e-18,0.9244806306398732,2121,256
5526,1.4498924047451547,0.6656354266659472,2174,256
5527,5.68331661325724e-07,0.727338517497979,2092,256
5528,0.00011928085869422363,0.0075566620677531,1957,256
5529,9.232461809138012,0.7780135304173604,2102,256
5530,10.103985383068629,0.128749376439601,2092,256
5531,4.014911303400306e-06,0.8857771465966047,1971,256
5532,8.978355703210001e-17,0.4734763909315788,2176,256
5533,5.284099086660824e-16,0.2164537203960791,1921,256
5534,0.2285831644039408,0.2079203074811212,2100,256
5535,1.7318934310740767e-08,0.8037861916201853,1980,256
5536,7.924189063088263e-06,0.1211803924702676,2074,256
5537,1.6838100657265286e-05,0.2209833171831511,2009,256
5538,0.029899447790205574,0.1318965889668586,1944,256
5539,1.6517914272221e-21,0.5319471467032628,2151,256
5540,0.5193450780504578,0.7356347167776645,2081,256
5541,2.2196914758364297e-12,0.2142751562691831,1926,256
5542,0.15287849937636983,0.4978047524944613,2085,256
5543,4.59573519584849e-05,0.3340911207569961,2098,256
5544,2.518020147170578e-08,0.6255190346384523,2029,256
5545,3.118519757994306e-18,0.7247425305498371,1990,256
5546,6.317191738224271e-10,0.6745463225251368,1924,256
5547,3.1768917000751167e-10,0.8543367273929735,2149,256
5548,0.6110193830546119,0.0346260485434365,2097,256
5549,4.7991919455953826e-05,0.2701191347259056,1941,256
5550,1.773644782710758e-05,0.0821664542242673,2045,256
5551,6.827875769158957e-06,0.3889763182207105,2119,256
5552,3.8800898201784254e-19,0.1808878387652781,1948,256
5553,0.0038140753413860094,0.3311992328034921,2172,256
5554,8.847082669532035e-07,0.4814228891615673,2108,256
5555,0.0005005081142574789,0.4529121527500418,2164,256
5556,0.24738359088035541,0.7012174527506237,2151,256
5557,4.775712091381671e-12,0.3277814331519337,2074,256
5558,3.868826808156043,0.8694188872593165,2042,256
5559,0.036329532588169434,0.4958003889449806,2020,256
5560,2.0471058792785825e-06,0.2463381609508014,2121,256
5561,2.432148923830927,0.7717980164162471,2051,256
5562,2.3605595623225373e-18,0.1935014580666356,2145,256
5563,3.2017062087192164e-06,0.6003266142941064,2080,256
5564,0.32345315182832896,0.9404365028911456,2003,256
5565,0.02012733110649427,0.8029932515473142,2043,256
5566,4.960829047058494,0.4284322189038644,1983,256
5567,3.1590182763392746e-16,0.3793658307582652,1985,256
5568,0.0013190525722497003,0.3141858122220118,2056,256
5569,34.777524489391574,0.7355739077592016,2040,256
5570,7.448384209436589e-10,0.9243311347127378,1966,256
5571,0.0001306719212891752,0.812605617075754,1952,256
5572,0.01615839720127524,0.8784793860798409,1947,256
5573,2.9061505399097678e-12,0.3466211250755698,2048,256
5574,19.926046009304606,0.6033466750185887,2046,256
5575,1.676499052986892,0.2902850352885234,1996,256
5576,6.90059535281509e-20,0.335473069420628,2071,256
5577,0.07599434867819267,0.3714705316145378,2096,256
5578,1.2823779720699216e-05,0.9137295939741478,2170,256
5579,22.483891569911027,0.0028843082681798,2055,256
5580,1.4199117771374062e-27,0.1149490911031168,2146,256
5581,2.1721418869133253e-09,0.2337217570270338,2043,256
5582,1.0317747961932931e-16,0.6670768554201307,1922,256
5583,1.1842683172760815,0.8984925023179048,1994,256
5584,2.2697099538719088e-09,0.10111956180833,1958,256
5585,3.5708265439156586e-08,0.5044525112048072,2053,256
5586,0.007471141630024732,0.4600541463876298,2146,256
5587,0.0003798158360299475,0.0062788668556591,2066,256
5588,1.4137341733840118e-09,0.6182860209765514,2062,256
5589,0.2279527809276394,0.057912820702014,2123,256
5590,4.848625033660687e-06,0.5809818780003545,2140,256
5591,13.042578083020143,0.6484937717957182,2073,256
5592,2.248519141823436e-27,0.1895576811120343,2014,256
5593,7.135530644851817,0.4606543511416645,2071,256
5594,0.2062428196183219,0.1781594543413756,2136,256
5595,0.525466347077466,0.3801745053485468,1995,256
5596,8.19873672708141e-09,0.682893314855482,1944,256
5597,0.0028210690395302045,0.2495341985788632,2071,256
5598,5.981861972841902e-05,0.2228755425769495,1961,256
5599,0.002465892347677114,0.4773248383107951,1975,256
5600,4.0272018696103007e-13,0.1368681426631927,2014,256
5601,1.058128911523655e-06,0.8440834963053965,2093,256
5602,9.274001468391033e-15,0.0125582124715696,2144,256
5603,0.4380893256356919,0.5192869206776438,2092,256
5604,1.6555010443040485e-08,0.8915140470841146,1954,256
5605,1.1515801212092509e-07,0.5542185680624787,2094,256
5606,3.66373656504699,0.4989268684147632,1921,256
5607,0.26773236913025816,0.2775240495177028,2042,256
5608,18.023238468912993,0.455210938251205,1984,256
5609,0.3034753996643084,0.1571980896695234,1963,256
5610,0.10476475075906343,0.7522506653331379,1962,256
5611,0.0022313056042948523,0.0248218932149896,2020,256
5612,9.224125881167947e-06,0.394573901384382,2133,256
5613,6.605608756559977e-05,0.2259921580913071,2141,256
5614,0.01692799776401425,0.3709388495769993,1943,256
5615,5.805613097161033e-18,0.4619621610872658,1985,256
5616,3.3405002875904606e-06,0.527559698804507,2141,256
5617,1.486110162087418,0.9252286718329226,2162,256
5618,1.4772626967845897e-07,0.9742648740878164,1964,256
5619,11.915293640287006,0.0717461502862739,2024,256
5620,1.4892188285116742e-05,0.0939237103092749,2047,256
5621,3.695236309543009e-15,0.2120751369941652,2175,256
5622,3.6117582885781436,0.1100969450816384,2138,256
5623,0.006073055189795148,0.3447027530216988,2035,256
5624,1.4536080962820134e-05,0.5225126836306555,2029,256
5625,0.004592183992631216,0.1202849283866248,2053,256
5626,3.5926678728190966e-11,0.7718291105320781,2084,256
5627,1.9624781600450035e-05,0.0730769985861499,2130,256
5628,9.164238863351413,0.5113403028229621,2109,256
5629,0.0004946536667659562,0.2372146542757928,2036,256
5630,0.11522681861344636,0.9567711028948516,1962,256
5631,1.541539735677211e-39,0.2722184886516697,2026,256
5632,5.212779882791955e-07,0.894407959290736,1992,256
5633,1.199493646646178e-14,0.1574607732065954,1981,256
5634,9.808479425512471e-05,0.8665185564027996,2125,256
5635,2.312419623840299e-06,0.2639838942532896,1933,256
5636,2.0469001964215135e-07,0.2688772852096189,2073,256
5637,1.6985590599323425e-05,0.7024672818279382,2143,256
5638,7.286465650511234,0.1545332757237565,1951,256
5639,7.465467173200157e-06,0.104388477036157,2057,256
5640,2.6428831631599126,0.2488449876474801,2092,256
5641,7.741094577918031,0.5317970779622586,2071,256
5642,0.0006139697362802773,0.3969105567242124,2022,256
5643,4.258789956016934e-22,0.6516915037383744,2097,256
5644,2.409622367096725,0.7772991789514915,1944,256
5645,0.5822424982121255,0.8533545242914564,2040,256
5646,0.0011987124272850981,0.515481709642978,2114,256
5647,0.18774326678608205,0.5154151516409362,1995,256
5648,1.1191521552872749e-09,0.0034499301371945,1937,256
5649,0.10775277313961634,0.8205304688337899,2008,256
5650,17.253980812167168,0.625442936574461,2061,256
5651,6.152751973422021e-08,0.3300461853501458,2082,256
5652,2.376581689204528e-36,0.3573127791068746,2039,256
5653,0.07457270391146449,0.4120969590954886,2129,256
5654,1.2512235439444374e-09,0.2214809052171666,2050,256
5655,0.12780047625600835,0.4239072032782126,2152,256
5656,0.011932402626220105,0.7908318173446752,1977,256
5657,0.2384126532185392,0.944983217708652,2064,256
5658,1.1467114533127965e-06,0.8027104647650577,2066,256
5659,3.388953478406292e-09,0.7608770575080721,1956,256
5660,3.5539424220784613e-17,0.4252104919392915,1975,256
5661,4.716392795240976e-10,0.8304713067705938,2104,256
5662,8.708394963048311e-18,0.0994512519269438,1940,256
5663,0.00020171938667186667,0.2443625588308563,2072,256
5664,4.353667063313138e-20,0.9371060280442216,2132,256
5665,0.2758024573131651,0.5371469035336653,1966,256
5666,0.02918471328145375,0.7439180770709124,1945,256
5667,10.00916943499712,0.4609342169539254,1987,256
5668,0.00040946027918543557,0.6152584624008265,2008,256
5669,0.00021527144833611862,0.7993817764212634,2167,256
5670,3.363221944224632,0.490805763818381,2160,256
5671,2.425898676122991e-06,0.350523859977504,2045,256
5672,7.053021526831817e-06,0.8568495316580503,2068,256
5673,1.3719987848142247e-13,0.8441386743653558,1991,256
5674,0.0015245159365369443,0.6460733693357125,2105,256
5675,0.5697478118142951,0.5202182365677749,1970,256
5676,0.03992050606437404,0.0152193919155424,2120,256
5677,0.0666996727689621,0.4888051863662769,1933,256
5678,0.020950152496735826,0.5007977522709013,2007,256
5679,0.15627697236449137,0.2621333812821751,1981,256
5680,0.00026378128999176865,0.9033574902641588,2088,256
5681,5.3184811728636355e-06,0.5215900236456448,2014,256
5682,1.0946580026448307e-07,0.0035568854614212,2086,256
5683,0.6484566096724226,0.4179698822177319,1969,256
5684,7.411374776194321,0.788893186657172,2152,256
5685,0.021295951677016922,0.4067829566181645,2105,256
5686,4.1435480928013323e-20,0.8645057261550244,2046,256
5687,2.0541265300858187e-28,0.0798720562469259,2036,256
5688,1.5145168929617992e-10,0.8584428141973536,1951,256
5689,1.7778394568343355e-07,0.3840947507558778,2064,256
5690,2.565009806781092e-08,0.2772167785993107,1969,256
5691,0.00018103898045693072,0.791183707396259,2033,256
5692,1.1642599715182162e-07,0.3576216248964474,2130,256
5693,3.8220958699624924e-11,0.8948192439693526,2069,256
5694,1.1072060251264592e-06,0.5989540682225318,2110,256
5695,6.590977962858238e-06,0.1922710455803316,2091,256
5696,2.02296565748675e-20,0.1660561696968888,2125,256
5697,15.361036847045803,0.0989876514335801,2064,256
5698,0.0003051643534676283,0.2311344901118375,2116,256
5699,5.583500168150493,0.0221721330584302,2016,256
5700,1.098166938711239e-05,0.526341850301413,2061,256
5701,0.002788471237024354,0.6276771430764495,2109,256
5702,2.142445537029118e-06,0.0977776834374124,2096,256
5703,1.8329100923733634e-05,0.6203020929737536,2142,256
5704,1.5661119896338833,0.3735473902950097,2051,256
5705,2.497316548291015e-09,0.7335593881833068,2000,256
5706,8.091296520157273e-05,0.492688794274612,2153,256
5707,6.81477236036787e-22,0.1341239997815928,2014,256
5708,5.1109140464998375e-06,0.2991517197083687,1983,256
5709,0.0017645064726037824,0.5014050613526781,2126,256
5710,0.00014015747170876828,0.2975365805053976,2051,256
5711,6.827729684425106e-06,0.9440810018777928,2165,256
5712,9.056027694444174e-18,0.7242650885994685,2074,256
5713,0.027489514920866945,0.8716578976146865,2099,256
5714,0.8151741146917507,0.4833165851358704,2165,256
5715,1.03584341404754e-28,0.6118460426676986,2011,256
5716,7.266448039210202e-07,0.1826451533473494,2145,256
5717,0.0001350796698330102,0.3940082085328293,2170,256
5718,11.329723530147275,0.6270383067161146,2142,256
5719,9.429187078236094e-10,0.1583470437023147,2039,256
5720,4.935339117968855e-08,0.7761942381246062,1936,256
5721,1.985917667667202e-06,0.858700225096415,2118,256
5722,1.244720717396296e-07,0.4263616217330183,2028,256
5723,6.618286228853247e-10,0.9079615979699284,2119,256
5724,4.451659328282681e-09,0.2021242863518795,2100,256
5725,6.310481309773876,0.223250372081878,2074,256
5726,3.8952355044673292,0.6346841699882005,1980,256
5727,1.152251419037796,0.8827098294408359,2010,256
5728,0.0008768981894321682,0.0536524771226044,1967,256
5729,2.0706601611779258e-06,0.8819866495136449,2139,256
5730,4.026122029836063e-05,0.5511858480569038,2095,256
5731,5.616516113138312e-12,0.8776129685149328,2031,256
5732,0.0002560644430096252,0.2175895454150086,2172,256
5733,0.03985776263014212,0.3055064321300793,1994,256
5734,8.866397486909269e-07,0.604720392540011,2064,256
5735,2.6006217971251493,0.1043081492798873,2044,256
5736,2.5868046770006923e-12,0.9519859656578477,2023,256
5737,0.07215411437753592,0.5821367056367616,1993,256
5738,15.788201362405106,0.6667667810296259,1965,256
5739,4.058029873156536e-20,0.2005230385922634,2020,256
5740,3.2609779991114685e-05,0.7890128189066937,1921,256
5741,0.8940568382811159,0.7304120921890296,2075,256
5742,3.460693031882574e-05,0.8151327363757214,2031,256
5743,2.690247599274043e-15,0.8451822717351692,2086,256
5744,0.00023093249683515358,0.6471825851189528,2087,256
5745,2.886774932829484e-06,0.293603537629262,2166,256
5746,1.25288142481425e-07,0.0122494263725604,1932,256
5747,0.030714023110601948,0.0476967184732975,1925,256
5748,2.6852018301586005e-14,0.3417847314984431,2079,256
5749,1.6230839927798456e-09,0.1848313419798212,1977,256
5750,2.260117615437419e-08,0.7184936261251365,1971,256
5751,0.06191682543129433,0.2263873694530515,2148,256
5752,0.003895830874731449,0.7998570998809181,2018,256
5753,15.594692390876006,0.0712341138497332,2023,256
5754,3.2888082744189982e-15,0.2735072510631604,2132,256
5755,0.0033231349424968012,0.9343350215046768,2072,256
5756,0.016591715297849786,0.8254495710717541,2100,256
5757,1.2896066880002213e-25,0.1133787646794574,2031,256
5758,6.159949453504137e-08,0.9767140238045204,2114,256
5759,1.8559118797644393e-05,0.0576684405730508,1973,256
5760,1.3592670300588447,0.2029204433586516,1989,256
5761,2.5799634249432147e-08,0.4778862620602765,2087,256
5762,1.4345265822346012e-08,0.8619117190491045,2039,256
5763,13.21019042093226,0.9073648495374532,2134,256
5764,3.3727807553335367,0.5313759596756674,2015,256
5765,3.1194712615647244e-05,0.5216049290266671,2070,256
5766,0.4989377265385743,0.6897391451059859,2164,256
5767,1.1301403508366117e-05,0.3895263726482713,2016,256
5768,0.031978697910048814,0.737837382728257,2153,256
5769,1.639516890249247e-21,0.3215310214369338,1972,256
5770,0.0014162358528861543,0.2524559949107009,1970,256
5771,0.00020549537063548426,0.0436856995555339,1959,256
5772,3.0469399668807897,0.4278916969229399,2145,256
5773,1.0229692283252593e-08,0.96246412707189,1966,256
5774,4.855002997051651e-13,0.5713922820183481,2033,256
5775,0.0005930327187832645,0.8042740869779736,2027,256
5776,0.0010865564024223361,0.0728046390002075,2001,256
5777,0.17729867416993503,0.0834854366150797,2168,256
5778,1.918374905433184e-07,0.3266754951820438,2051,256
5779,7.693646141797538e-12,0.3943621886029899,2172,256
5780,0.3376304433206709,0.703777896826615,1997,256
5781,0.0804105672637338,0.1363584749067985,2110,256
5782,5.4034416519258744e-24,0.9428414023822116,2081,256
5783,0.00015997543543000574,0.2166894528615802,1960,256
5784,1.9615518149040182e-05,0.2722727732137213,2139,256
5785,7.004601639096563,0.8072788976973682,2079,256
5786,1.9636816106589685,0.2883557047070699,1958,256
5787,1.6448119861201842e-11,0.3247095469129298,1974,256
5788,7.5597627883786505,0.3068137586065016,2136,256
5789,0.002430883604704293,0.5228153879490289,1969,256
5790,7.092305404463399e-07,0.8359313941701679,1949,256
5791,0.015387102074291805,0.7166504483956627,2158,256
5792,4.2155902899178585e-05,0.8862974411680946,1985,256
5793,4.642271912641347e-12,0.4905310605600282,2001,256
5794,8.169616731384897,0.8528925994968923,2094,256
5795,1.6424835187469917e-05,0.4979355827534616,2056,256
5796,2.359423618447744,0.817645802736519,2104,256
5797,1.1855778980506606,0.700045041657994,2108,256
5798,5.81104614969903,0.0673992738978098,2111,256
5799,9.556899040667172e-06,0.7372590735075863,2036,256
5800,5.215447782683261,0.7013553804976584,2077,256
5801,0.0101022857817551,0.910902930798224,2104,256
5802,8.316745539955417e-05,0.1321608670371336,2101,256
5803,0.17228468851386403,0.286265796248968,1979,256
5804,5.408316659752369e-12,0.1682839984758701,1940,256
5805,1.99604223288993e-08,0.0385473414002287,1943,256
5806,2.63621736519993e-10,0.5664416147846503,2102,256
5807,3.659050095958796e-05,0.2894392148020699,2003,256
5808,0.00010125102464116611,0.526616596990413,2082,256
5809,0.8933679922708703,0.2886678663524128,2032,256
5810,3.8858653000877275e-06,0.44698386598963,2071,256
5811,11.186373652093812,0.6427494788488932,2139,256
5812,6.368168286956385e-06,0.3996063810528241,2095,256
5813,1.4299609436483448e-11,0.2579575817673053,1948,256
5814,5.589331655180136e-08,0.3176386772259482,2011,256
5815,0.015438999173901423,0.6720880122574064,2073,256
5816,1.2099621232698851e-13,0.1199823427499198,2105,256
5817,0.0009483274769085854,0.7882404153623335,1946,256
5818,14.928348188473443,0.9972265823173996,1951,256
5819,0.001350066758989114,0.4884316252520441,2127,256
5820,20.08455762320249,0.7030958437889226,2145,256
5821,0.06986233865209432,0.6018456684496231,2097,256
5822,0.38027684242957055,0.8858389523165787,1960,256
5823,4.540015410123031e-11,0.6103313971105522,2126,256
5824,0.026016274008815697,0.4548460924763701,2129,256
5825,0.03367488401914669,0.3248076336631288,2149,256
5826,5.412053951405785e-16,0.333887142426297,2134,256
5827,3.102911474394658e-12,0.4983252059283511,2102,256
5828,0.023294522624165318,0.8146690457403114,1952,256
5829,6.13598690057758e-16,0.1408579123145296,2014,256
5830,0.0656661305156957,0.2506163490342463,1934,256
5831,4.543841317628597e-25,0.5961621640799964,2113,256
5832,9.097798514637876,0.9813396457180412,2043,256
5833,5.3468526689110526e-11,0.999408427515482,1986,256
5834,0.0002643806609569228,0.4725602895240328,2091,256
5835,5.351521679531001,0.7943919127307514,1973,256
5836,1.373694109830716,0.9271555860041863,1935,256
5837,2.7424982392967324e-08,0.2659045048346735,2035,256
5838,7.247303655384854,0.8858369345153972,2100,256
5839,9.5813147254985e-18,0.2665995840616163,2017,256
5840,0.09767619203930211,0.3912518620437154,1920,256
5841,3.4322997569731057e-10,0.5594256875983932,1944,256
5842,0.005295290256531332,0.4928525544835282,2061,256
5843,0.024795400271955537,0.2966012200551676,2175,256
5844,5.923513997086188e-10,0.0387408805719501,1983,256
5845,0.0003689374715783597,0.4257821626108299,2074,256
5846,0.004229916806821815,0.969500964213206,2039,256
5847,5.223191905441195e-21,0.4118054121416162,2110,256
5848,0.13415225954099885,0.2837830835055911,1946,256
5849,2.599176640631043e-05,0.7740754201537365,2057,256
5850,1.8927645102093052e-11,0.2914984846308848,2029,256
5851,1.5459401543114884e-08,0.5450292318009523,2144,256
5852,1.6670729861665877e-12,0.8674862852677582,1946,256
5853,1.1176209390285399,0.5276774889342811,2058,256
5854,0.00018077105740568858,0.5995362507802466,2038,256
5855,6.9649473888398665,0.7441619798233458,2002,256
5856,3.2026161706010074e-05,0.419677652390538,1960,256
5857,5.066434072679027e-05,0.839608240327876,2060,256
5858,1.1650697998745132e-13,0.7969238758507899,1951,256
5859,0.31522364087420623,0.702236852622254,2058,256
5860,0.03214385136132859,0.4443084741258795,1968,256
5861,1.008637047276136e-09,0.4981166793803008,2023,256
5862,4.482797911625626e-08,0.891153703931273,1949,256
5863,4.3462835388106665e-09,0.5830234205121119,2008,256
5864,9.380368277937243e-08,0.1528023689020202,2157,256
5865,0.00032596119216712384,0.6946049934059473,2174,256
5866,1.2124556068970889,0.0961265252866599,2129,256
5867,4.341612751142355,0.5642436218787154,2066,256
5868,1.3324874855272373e-18,0.4303340818049546,2022,256
5869,0.4985371953498805,0.7698926667884192,2141,256
5870,3.7206874625555034e-10,0.8885850775786733,2004,256
5871,2.2894025435834842e-11,0.0547033140191545,1937,256
5872,1.0767019838726482e-06,0.149333538321063,1961,256
5873,9.162986069809263e-22,0.1772666376079481,2046,256
5874,0.7827170341593639,0.3355687718524688,2042,256
5875,3.846892288043328e-06,0.5662087006202166,1944,256
5876,3.5619513235993834,0.955274231524187,2169,256
5877,2.9713787523442046e-05,0.6994419417918986,2111,256
5878,7.349340417216774e-08,0.3276517448787506,2017,256
5879,4.905636579890897e-14,0.1653045059158087,2160,256
5880,0.0014436587478876988,0.1504836538098286,2081,256
5881,9.291445336349104e-17,0.0510567291410711,2094,256
5882,7.25635128743806e-27,0.8251270895902664,1980,256
5883,0.0003686103865732178,0.0126852077830732,2087,256
5884,0.39660295150710345,0.9547354256738932,1925,256
5885,1.7176383833604737e-09,0.5788509413124651,2147,256
5886,0.002444191895537646,0.7309765279719294,2009,256
5887,6.323791621843677,0.2687052329139981,2128,256
5888,1.3510739291613891,0.5567884922722081,2090,256
5889,1.0320906621544641e-25,0.360650292717469,1953,256
5890,1.9431586887897654,0.6804456024413086,1961,256
5891,0.0024259313964277666,0.8341173234173718,2094,256
5892,5.232686901516264,0.4312182297808257,2033,256
5893,1.1797936241288764e-05,0.7614322651266624,2113,256
5894,0.22238349684281059,0.1383313778178959,1985,256
5895,6.765912962652119e-07,0.3170216475432422,2089,256
5896,4.949586779113203e-05,0.8532247822922174,2040,256
5897,5.70939815315529e-13,0.4538802908335665,2065,256
5898,0.0008741531716784263,0.2520327267837929,2053,256
5899,0.8437364891173967,0.9428511326388442,2088,256
5900,1.875966641710296,0.9978080229376376,2150,256
5901,4.509592088645465,0.3454478092262406,2013,256
5902,3.9633136025049343,0.8241175139433595,2168,256
5903,0.0002924663522059689,0.8555501239008464,2013,256
5904,7.806767802026476e-06,0.695564300470616,1969,256
5905,8.968955491036805e-10,0.8893285250299388,2127,256
5906,19.390412178113106,0.0879752596438946,2052,256
5907,4.0577966532847755e-07,0.3648291369143855,2172,256
5908,0.021661516442923457,0.8546833740831261,2131,256
5909,4.3901977663265685e-05,0.7929691329340463,2001,256
5910,0.21752455935208231,0.5541341505165113,2010,256
5911,5.604730053379326e-08,0.3362735218103291,1958,256
5912,3.740907401755683e-09,0.455627441305199,1925,256
5913,17.191265046582842,0.6695554687825681,2026,256
5914,19.88349224102648,0.3017917433031023,2086,256
5915,1.6178812933174025,0.9693873462796267,1978,256
5916,3.428381734402277e-09,0.5353261750148118,1969,256
5917,0.0005890462415005138,0.3757010762174354,2050,256
5918,7.397954692224573e-10,0.698468127870815,2056,256
5919,0.19252888687250472,0.039378848868543,2038,256
5920,1.260828958409549e-10,0.4901912789140341,2153,256
5921,0.04669299919970985,0.659006407049449,2113,256
5922,2.7962939185037363e-07,0.8216222340530416,2041,256
5923,0.024072721579310827,0.3340176247453056,2150,256
5924,6.783955446589189e-11,0.9759427763518042,1982,256
5925,0.25397739195770186,0.9660290902387582,2144,256
5926,7.163100830909422e-05,0.5840338609567125,2143,256
5927,0.011002727763747186,0.3406018183874384,1921,256
5928,3.838696958527269e-06,0.8399419206202363,2085,256
5929,3.8193007696434216,0.1096289769996857,1961,256
5930,0.8185364024966099,0.6083426625016803,1956,256
5931,7.16842937413291e-09,0.255557689879216,1935,256
5932,5.718117807620689e-18,0.0253624395928968,2076,256
5933,9.368108040408393e-05,0.9821410780043116,1946,256
5934,2.49853700415285e-09,0.6827308500043637,1975,256
5935,4.450031691830524e-09,0.4254272269158274,1966,256
5936,2.81550563269974e-08,0.1133174346771087,2155,256
5937,0.0011942000490995038,0.5034343316383632,1922,256
5938,1.565714882619231e-11,0.8610874705884104,1945,256
5939,0.002671373802475381,0.8459591472954913,2135,256
5940,2.0665220942772788e-08,0.0805652398480107,2035,256
5941,8.72981544482713e-09,0.4980811617543175,2058,256
5942,0.00019256695199723088,0.7088505950783729,1953,256
5943,0.0009179480033193186,0.1218259643560474,2136,256
5944,8.379851930234916e-15,0.7489671402721839,2008,256
5945,0.352347114994602,0.8445387161183275,1997,256
5946,0.0035729398779456314,0.2046712228568857,2031,256
5947,0.029616751419511256,0.2950304783092868,1952,256
5948,2.2778542940176764e-28,0.0890096812414071,2022,256
5949,2.862548188199405e-06,0.4084594154437641,1922,256
5950,0.0013434912958015352,0.7454063597604815,2115,256
5951,9.525685471333293e-06,0.764155165051857,1930,256
5952,1.3391938765250965e-06,0.3764048393982421,1979,256
5953,2.8889536947339627e-14,0.8435926316084672,1960,256
5954,0.0044358478015023685,0.1407118109686856,2085,256
5955,7.703273021772543e-13,0.3015939235850144,2156,256
5956,1.3032812710161162e-17,0.270344191136134,1958,256
5957,0.7840164147717542,0.53148316985651,2129,256
5958,0.07419496766117178,0.5858644118797354,1940,256
5959,9.100755861229128e-08,0.6391625539441943,2121,256
5960,2.743170880183074e-09,0.6807705516988105,1981,256
5961,0.1939568291085647,0.1851106712097715,2094,256
5962,7.538746228551924e-08,0.831997835055687,2019,256
5963,0.008098443572794432,0.9205803655657084,1996,256
5964,1.7518596237001343,0.565857908504458,2002,256
5965,0.0016221226581040527,0.8751511883648119,2092,256
5966,2.618172173860507e-05,0.797399914226358,2134,256
5967,3.77287372638571e-09,0.7425233347241692,2045,256
5968,1.3197383051697e-13,0.8148463396540592,1966,256
5969,1.9203317092232043e-13,0.7898132894095387,1988,256
5970,0.5627833398725242,0.8020537635465279,1951,256
5971,0.0003401822050276999,0.2598498631644639,2007,256
5972,1.780291584842104,0.7363833202783507,2044,256
5973,3.4188684478867045e-14,0.1888765810834477,2143,256
5974,6.08462597198002e-07,0.5472428532229295,2074,256
5975,1.1773988750923857e-09,0.9144012341910076,1966,256
5976,5.5235869273420554e-12,0.0031651225657371,1948,256
5977,2.2739213599697982e-32,0.4814443047109408,2142,256
5978,0.00835426298050725,0.8681402553963322,1931,256
5979,1.770512236522226e-05,0.2554765909924409,2165,256
5980,8.334336136820948,0.2781179874164049,1975,256
5981,0.05083417379833493,0.033082177860114,2101,256
5982,0.8433678485737858,0.0080520136324687,1941,256
5983,5.336587022038032e-29,0.0190171914043013,2134,256
5984,1.1682958314825673e-08,0.5044803766063963,2115,256
5985,3.6037747219709513e-07,0.268320767624127,1942,256
5986,1.4325846824727862e-12,0.3423460505543282,1994,256
5987,4.036503561553632e-22,0.4594451997292961,2058,256
5988,0.5938927358765771,0.2113932625453224,2058,256
5989,5.460926648031493e-05,0.0113327486116238,2028,256
5990,0.0004840905461030087,0.8497338983192049,2169,256
5991,1.1345990975002828e-10,0.2586583305841777,1921,256
5992,0.40938171518486277,0.1708205973682285,1940,256
5993,1.8085519036016733,0.5464252013297889,1956,256
5994,0.004368806099228897,0.2958309891742668,2110,256
5995,3.6557075792858478,0.6635591379403751,2175,256
5996,35.66682406754394,0.364927437873255,2005,256
5997,7.296755901594884,0.4055939355745427,2091,256
5998,0.09721971690830764,0.5529186174823277,1973,256
5999,5.075018356780271e-05,0.399108405218511,2157,256
6000,34.53009697931995,0.0573237362817325,1928,256
6001,6.972533410253164,0.2566553574830107,2153,256
6002,0.4219428265193039,0.4624342893770503,2100,256
6003,2.961661111368327,0.8925408802273366,2004,256
6004,0.010557125794320691,0.9626934441010604,2131,256
6005,1.6826139215544367,0.6134899253073921,1972,256
6006,1.359662931246179e-11,0.4503416769761855,1966,256
6007,0.5283581910390345,0.1935160840966603,2176,256
6008,0.19118743407700564,0.8780931931090734,1962,256
6009,0.8865058623915142,0.2656121070949684,1984,256
6010,3.4947057886361543e-10,0.4886385678186787,2046,256
6011,0.12802372912666274,0.8152308761955365,2009,256
6012,1.2951533654275408e-16,0.9631501012840086,2150,256
6013,14.810370586297436,0.7571019115513512,1957,256
6014,2.309486582967813e-09,0.3271765104431198,2136,256
6015,13.695051774816315,0.0760871770189132,1950,256
6016,1.5593402678994908,0.5228039480612819,1999,256
6017,8.040043991428164e-09,0.0477344319773246,2175,256
6018,0.0337475245673967,0.4616789377034764,2019,256
6019,3.623489743177045,0.0419228897596324,2120,256
6020,2.274893145366634e-07,0.5461319784472711,2174,256
6021,3.580838031985629e-12,0.0287526797523169,2145,256
6022,2.242566538602202e-05,0.2833879940881937,1998,256
6023,1.640305295713299e-08,0.9532967716594714,2167,256
6024,2.762583521747636e-07,0.1603627168321418,2130,256
6025,6.48198745876855e-14,0.8455970414643758,1965,256
6026,0.007233205624769245,0.0613075307036419,2078,256
6027,0.0012659918493031525,0.8705650645386691,2163,256
6028,0.003446928063249122,0.824450681696998,2120,256
6029,0.0007846615641126726,0.4089298869226814,2090,256
6030,6.217962222154674e-25,0.1195929678142855,2142,256
6031,0.9030946173387272,0.7505040860826611,1998,256
6032,2.0661566425668028e-14,0.5232968186076826,2009,256
6033,0.26428525310057993,0.0488864639144781,2144,256
6034,0.0013465819902846153,0.6126684569488285,1934,256
6035,0.0002854173295205959,0.4179995853483801,2002,256
6036,0.00014043107422816606,0.1786601916119494,2006,256
6037,8.232904760691463e-06,0.8820652279260838,1963,256
6038,9.33754758050598e-09,0.979214294110118,1929,256
6039,1.1686283563911455,0.9703941633199245,2097,256
6040,1.2387310850470782e-07,0.5885622515142733,1977,256
6041,8.059162718953019e-12,0.284683223241274,1967,256
6042,0.0009584072114962838,0.3548185938328375,1920,256
6043,5.192579504285085e-05,0.1315436310395836,1987,256
6044,0.0025265385760118103,0.8198783648808557,1969,256
6045,3.6601293881363376e-14,0.9519055998023463,2123,256
6046,9.563841820413107e-13,0.5183508475400328,2029,256
6047,1.3600083401012174e-05,0.1432626484115574,2009,256
6048,1.889093722142378e-06,0.7271830816400943,1985,256
6049,0.008685645105227076,0.4443668347948337,2110,256
6050,1.5532214802727755e-09,0.4090334220511457,2021,256
6051,7.121315469055905e-07,0.0028399373724813,1978,256
6052,1.1496860095705736e-06,0.9751285097500756,2080,256
6053,2.6358824411743176e-13,0.4575020966412244,2123,256
6054,6.071056033849973e-11,0.1612431459786754,1990,256
6055,1.3034067091475939e-11,0.2159986017826031,2061,256
6056,0.0014944842704434276,0.6291869992775098,1929,256
6057,0.011018410947920245,0.0190061809865552,2057,256
6058,4.363676147140787e-09,0.7748525998659823,1970,256
6059,11.006621430655215,0.2652421576018069,2042,256
6060,0.002848656824524814,0.0091177909164757,1975,256
6061,9.289825480373868e-18,0.3349448152829721,1987,256
6062,2.573900156320216e-16,0.8773082925269271,2083,256
6063,3.5418595827224857e-12,0.9394741912739838,2174,256
6064,1.335127393449959e-15,0.8847565026390564,1957,256
6065,0.0016475894990337964,0.1259040551579535,2113,256
6066,0.0002475530565279071,0.2890822778091698,1978,256
6067,5.9002255992387487e-08,0.2331363567042468,2040,256
6068,4.167476225713636e-15,0.1151930100697696,1995,256
6069,0.0047436711761964165,0.5143254149460984,2141,256
6070,5.293477779185789e-07,0.8204305671690704,2123,256
6071,3.877137115312614e-09,0.5543167993581282,1962,256
6072,0.0012421611139879186,0.1336115928285915,2104,256
6073,0.14569126965427087,0.7134855057681011,2176,256
6074,18.20213157635142,0.2975730962300955,1960,256
6075,0.03541029587810768,0.1282973461444099,2093,256
6076,7.235785675295678,0.6548452610121156,1959,256
6077,7.837820288808042e-11,0.2082680317057811,2039,256
6078,2.2972244691477264e-15,0.7106071712747212,1995,256
6079,1.600203242734089,0.9121888057913712,2023,256
6080,0.011566879078050263,0.3821590817940236,2092,256
6081,0.5149997854236574,0.6435070347471199,2082,256
6082,3.400441080738752e-11,0.1890670904823703,1930,256
6083,4.4174833403810595e-17,0.7215958264349768,2028,256
6084,4.860329718722071e-19,0.0375908979336548,2048,256
6085,1.8389946986075089e-06,0.5488970371184525,2022,256
6086,3.564523250128767e-16,0.682496289145642,2069,256
6087,1.187059262428343e-17,0.621518806444982,1975,256
6088,0.7156593635470577,0.7989831088377085,2013,256
6089,4.743473592712919e-17,0.6409062668447015,1939,256
6090,2.1390668624974223e-08,0.6164541188010574,2173,256
6091,1.7583729019938933e-13,0.4115019159838186,2051,256
6092,3.125341304589914e-08,0.3468078720571024,2083,256
6093,1.4744460451779846,0.6453025894036414,2121,256
6094,0.054101235705668355,0.2361421658809982,1997,256
6095,2.3811856582777426e-06,0.721438624718854,2044,256
6096,1.1526077601141999e-08,0.4117403770333834,2093,256
6097,1.702112136858252e-06,0.4114821266328299,2144,256
6098,0.16321334880910943,0.6250500582149586,2047,256
6099,1.8107382118308107e-05,0.2171078867191008,1966,256
6100,3.642099122549704e-05,0.939273867055925,2137,256
6101,1.220075848094646,0.7932356609748432,2170,256
6102,0.00914632407519336,0.8521350364433813,2119,256
6103,1.5363441882138715,0.8227614735299866,2146,256
6104,2.8371454457578907e-06,0.2370891632724902,2030,256
6105,4.131676322214054,0.1589449415198601,2118,256
6106,0.0001242813677862468,0.5053825329734356,1983,256
6107,2.7731869690439618e-05,0.6991056481509752,2136,256
6108,1.1718011182776648e-15,0.3168931851793782,2170,256
6109,5.9129777519291676e-05,0.2293893595845525,1990,256
6110,2.3503463870781696e-05,0.860692822853794,2083,256
6111,0.0018367029508513063,0.5329351707271652,2133,256
6112,0.001456746797631933,0.9519246929917988,2127,256
6113,0.023544547340006675,0.9925968824574511,2156,256
6114,0.20086157342553976,0.2207367554609892,2036,256
6115,3.02135228592945e-05,0.98948979641526,1981,256
6116,1.0697984233348272e-24,0.6182848124903528,1971,256
6117,7.196032515088211e-05,0.4369132979953578,2016,256
6118,2.5757996120219253e-06,0.2088856944104828,1955,256
6119,0.01208711775045237,0.7685996144768671,1955,256
6120,7.304874677676729e-07,0.2499651814418494,1994,256
6121,0.08539336845377926,0.9073362967024152,2110,256
6122,1.476653123726424e-06,0.1276647316197035,2071,256
6123,14.103202182543466,0.5184880887655596,2059,256
6124,2.6331475085646593e-09,0.5695423787804094,2117,256
6125,5.88201970891641e-05,0.645674731989834,1944,256
6126,8.119849666652549e-15,0.9823873078130608,2014,256
6127,0.013820130575525617,0.1350909455361028,2122,256
6128,0.8651568619302283,0.9061285507107602,1949,256
6129,0.005706741024159189,0.7859478802729415,2091,256
6130,1.5207056098516126e-14,0.7099978221092845,2010,256
6131,2.9193437357081082,0.8367593451577373,2060,256
6132,2.1359073505772455,0.275760282494259,2061,256
6133,1.0933282274537644e-14,0.8502453607833885,1945,256
6134,0.003274275536933819,0.1667227191503506,2170,256
6135,5.332944206597119e-09,0.7161764370454802,2073,256
6136,0.20506798615184324,0.8634237741581966,2121,256
6137,4.43191078813461e-05,0.9879442913609392,2061,256
6138,1.287102463412975e-07,0.6273812529021804,1941,256
6139,9.811694028687747e-05,0.8858593476265819,2033,256
6140,2.4246018153580782e-09,0.9458307948623071,1944,256
6141,0.20702254834075257,0.9981338441675682,2127,256
6142,5.154450505948204e-07,0.6234792647679276,2005,256
6143,4.383345738306203,0.9508386820727552,2171,256
6144,0.0694077374690447,0.9063132145470524,2123,256
6145,0.8726085544444315,0.5626931378888709,2058,256
6146,1.3959829402623697e-05,0.4518607813678226,2130,256
6147,1.2458030266188687,0.1544632411172963,2074,256
6148,4.5931231337122463e-11,0.8392417604242925,2013,256
6149,2.999965022857838,0.2783278381215454,2000,256
6150,5.602242785769045,0.0458511853592306,2155,256
6151,0.00047564519224506586,0.978634318691914,2137,256
6152,0.11188658424241374,0.7582436014139458,1965,256
6153,0.0030020965630206155,0.7048160394871189,2013,256
6154,0.014770711987697515,0.5650284944391084,2034,256
6155,4.021422077722516e-06,0.8489665122632124,2060,256
6156,0.12133366439091482,0.3140701266808973,1943,256
6157,3.838919720005257e-30,0.2022860507746169,1981,256
6158,3.397716920961714e-10,0.2366997385730819,2066,256
6159,4.322163787818254,0.5307604206172463,1942,256
6160,4.362716987617896e-38,0.9364401635048076,2063,256
6161,3.888046559681066,0.843782789560272,2130,256
6162,0.3199368861147188,0.0679158679951563,2069,256
6163,0.0007068705389957821,0.5610598403647201,2172,256
6164,0.004078326350207399,0.5570238752407229,2147,256
6165,1.1425925774221927e-17,0.1877316905273909,2163,256
6166,1.3940296901405678e-11,0.3252645865941892,2151,256
6167,3.0444527029317266e-07,0.6817902016984129,2098,256
6168,3.188474999389061e-11,0.3878505141148822,2050,256
6169,6.973738620752796e-07,0.7553912176870923,2027,256
6170,0.004053629083161043,0.8483613144390073,1980,256
6171,1.2108496668582911e-16,0.3106856794750894,2052,256
6172,0.0017141713154789787,0.273007377655445,1924,256
6173,1.4633238161169468,0.3513556082957026,2066,256
6174,0.47196627926468016,0.2990536309929433,2057,256
6175,0.0010340011299845263,0.8674161884668473,1967,256
6176,8.174389689863635e-06,0.5988794843987252,1966,256
6177,0.1041026762498849,0.1128589538169115,2055,256
6178,4.995579062033316e-07,0.7534107076131433,1980,256
6179,0.0016976728048434249,0.7347376765119759,2016,256
6180,1.4568138058753062e-21,0.1962288390956272,2172,256
6181,0.2708399279199327,0.7929395195361956,2036,256
6182,1.917462472679824e-09,0.3165809046995158,2019,256
6183,3.4153574307071987e-06,0.6574623766413441,2172,256
6184,9.87161717134577e-07,0.7172208404864222,1963,256
6185,8.162107857120883e-07,0.8859569234264069,2069,256
6186,0.013480804548003825,0.3338547750463945,2027,256
6187,3.566661179954022e-05,0.8666327341154401,2134,256
6188,3.055972369336863e-05,0.359971465703649,2109,256
6189,8.198686650158276,0.7225030971797823,1995,256
6190,1.1692595527905142e-13,0.5444338816445791,2000,256
6191,0.06558687456546107,0.5423345016509757,2176,256
6192,0.0682886751576594,0.8089053167285409,2162,256
6193,0.000515060028287412,0.99853664523079,2129,256
6194,3.7737741511653355e-06,0.2916816917310979,1960,256
6195,9.002838090726961e-20,0.9747130896148368,1949,256
6196,4.1026801911458976e-31,0.1595836171065048,2070,256
6197,0.0005002806243368917,0.4621507193998734,2073,256
6198,1.1703815143061066e-06,0.1666276752348645,2111,256
6199,0.21041213588958896,0.3777034874873685,2146,256
6200,3.5648954299836366e-07,0.841235917032921,2145,256
6201,2.8613223978152567e-08,0.2833244133245902,2110,256
6202,2.1690764033195792e-07,0.2380539147573812,2172,256
6203,15.59957909663127,0.536289270906465,2095,256
6204,3.465006876002132,0.4228048478757249,2049,256
6205,0.05852300601018853,0.6025604615750382,1930,256
6206,0.07783035322161774,0.5391429742448768,2042,256
6207,14.071319758194512,0.7210654360015178,2173,256
6208,11.156336283663508,0.2544212523447059,1993,256
6209,0.45347654106479635,0.3886868258236329,2124,256
6210,1.2979176959174433e-20,0.0049880892985815,1986,256
6211,0.009422381332615682,0.3174247230714576,2120,256
6212,1.544801211619136e-16,0.0356653266246397,2001,256
6213,0.002242872481266396,0.2357340035357269,2128,256
6214,0.11984508173375914,0.6431079632226955,2053,256
6215,9.99918300249241e-07,0.5167660273632162,2066,256
6216,7.3523876026002155e-09,0.9159027416818998,1926,256
6217,6.1048165978305196e-06,0.6868261166673225,2121,256
6218,0.0003349360286088236,0.6075870745502259,2155,256
6219,0.0021717645215576717,0.3817892253672604,1953,256
6220,0.013052753314019085,0.8931019393447305,2067,256
6221,0.0032008942817459956,0.1996217701017452,1927,256
6222,0.0004666289868827901,0.1600541489188851,1961,256
6223,0.29580615324009235,0.3043590981609038,2137,256
6224,5.26833943766144e-11,0.0454061061124045,2044,256
6225,0.024861594122912303,0.7202725617855756,1998,256
6226,0.14490289470776777,0.5010099240121386,2111,256
6227,7.785137874737866e-06,0.3104057930929187,2148,256
6228,4.4364914040236547e-13,0.0398764477993718,2137,256
6229,0.0022941452710158964,0.1880289619560133,2007,256
6230,0.056329391768757606,0.1852797726025619,1930,256
6231,12.814985389309067,0.3079078006929895,2126,256
6232,4.059787133816058e-06,0.8251598890031488,2018,256
6233,0.015835458937783164,0.9743019871331092,2102,256
6234,1.9721993874589745e-06,0.3724818370251211,1932,256
6235,2.883230873574666,0.5035551324462983,1983,256
6236,1.201871940075718e-06,0.8904665116896704,2004,256
6237,6.80789180232866e-40,0.6715068010031545,2121,256
6238,0.003915655333626234,0.8921631114877926,2095,256
6239,0.6401389030523559,0.5074266104664436,1994,256
6240,0.48310694898902884,0.1358536011812009,2043,256
6241,9.644721735697377,0.1686857940727143,1998,256
6242,3.2206942895975517e-08,0.623108858057153,2031,256
6243,3.5834626072971065e-13,0.4128536124014027,2041,256
6244,1.1332642448243077e-45,0.3898052505626274,1954,256
6245,0.05405840758518176,0.8398582508482628,2146,256
6246,0.020827105487311762,0.6828151677071732,2162,256
6247,0.008542648514273509,0.882331361338784,2108,256
6248,9.574825704637331e-10,0.5898979807634043,1955,256
6249,0.0011257141068046618,0.7892905113993434,1933,256
6250,2.7342121786076127e-05,0.6494852234303423,2136,256
6251,6.722048066310087e-13,0.0060227558893233,2165,256
6252,3.1819085494283103e-18,0.6019619604427949,2144,256
6253,1.4447525608158132e-06,0.9839216856550232,2168,256
6254,0.44844410322233436,0.3493880975363927,2138,256
6255,0.8341140755236779,0.2172556794736815,2061,256
6256,1.795226337940485,0.2935785790497498,2007,256
6257,2.2686257924599064e-09,0.9487113933808468,2171,256
6258,0.017409391532570147,0.4682522269426112,2091,256
6259,0.005924282731356753,0.4560946583455489,2023,256
6260,20.487002582065156,0.4360304653605303,1941,256
6261,12.101242005952614,0.402390012254599,1989,256
6262,1.1421762983004281e-23,0.9086284272125426,2160,256
6263,5.3777335907360157e-14,0.8981570662568,2012,256
6264,0.030334878057660566,0.3582186850848603,2131,256
6265,0.006500689444427489,0.7051119334772655,1950,256
6266,7.966448150196286e-06,0.820767888516806,1991,256
6267,1.138763730039134e-06,0.3970249119721479,2129,256
6268,0.0003180650801245629,0.948245480299876,1989,256
6269,7.74535309620379e-08,0.845850618452797,2054,256
6270,7.820667946867223e-10,0.7589225767648757,2162,256
6271,4.623494547349724,0.7619740824571373,2014,256
6272,5.580634296089421,0.3510284661977754,2130,256
6273,3.363877763584246e-05,0.5765120788317074,2029,256
6274,2.2664735288290124e-18,0.9034659247409634,2144,256
6275,2.718395626466018e-15,0.8237301663443052,2023,256
6276,6.9776001197062145,0.0702507068838586,1946,256
6277,6.244385812699048e-09,0.5868412908683445,2099,256
6278,20.119488504984133,0.0653446569176127,2037,256
6279,1.9470137056274529e-13,0.1119607815685926,1945,256
6280,0.0012443210745106425,0.2716222689417907,1989,256
6281,0.04822763978773004,0.9168370966625072,2068,256
6282,0.009525594487808741,0.176488542428955,1998,256
6283,0.00013700392473589706,0.4946883779224266,2092,256
6284,0.0017314333327453327,0.4039174239591192,2121,256
6285,9.084921058735841e-12,0.3632036528864238,2157,256
6286,8.074205386295407e-10,0.1809667983061809,2151,256
6287,0.12039477630163352,0.8638659441315456,2068,256
6288,9.954935029862929e-05,0.6522264973873072,2084,256
6289,9.747172782161907e-12,0.8153960861527584,2039,256
6290,0.0011504160340709208,0.5194416605718586,2159,256
6291,3.4953473679770966,0.7922194361329259,2079,256
6292,2.6516538931653715e-12,0.7127549481269274,2112,256
6293,0.07788573032337671,0.4905838440522145,2084,256
6294,0.027140737775381975,0.1862351477807808,2152,256
6295,11.99074030229201,0.7575225880534537,2003,256
6296,3.6746468616836286e-10,0.2546502095671269,2023,256
6297,15.850025378004542,0.0064818837173591,1985,256
6298,9.427118030890716e-16,0.5791632859087559,2048,256
6299,4.417366416775428,0.3317838492468091,1971,256
6300,29.366353271479248,0.9225025654743352,1984,256
6301,4.751228512887149e-05,0.1241460240972482,2033,256
6302,0.017405446182339114,0.4094140808876361,2064,256
6303,2.451216397446413e-13,0.5416595997871024,2134,256
6304,0.20365467407634347,0.0860105157619095,2021,256
6305,3.314231411079452e-08,0.6549332455094312,1992,256
6306,7.519427158545571e-07,0.1122889485041748,2151,256
6307,3.320386062418241e-12,0.3502084763568311,1981,256
6308,1.0354317909406862e-22,0.9970484388863076,2118,256
6309,0.06704942707616424,0.6054150022160514,2149,256
6310,1.2407766443104633e-18,0.2441761138862508,1951,256
6311,2.0683258140400954e-29,0.2134101593053308,1923,256
6312,5.898988068346332,0.4886501829511324,2011,256
6313,2.445024494327942e-06,0.5455066710623286,2019,256
6314,4.699170598686618,0.061629818714993,2096,256
6315,1.9922890172403338,0.3217140509268754,1964,256
6316,7.324973230708656,0.1647255409392451,2121,256
6317,2.8869177478083364e-08,0.0473492012349086,2030,256
6318,0.00022612840026620045,0.6172566505894242,1980,256
6319,0.0026685483641519466,0.8307438538082632,1993,256
6320,0.0013968899707300338,0.8424065411109668,1979,256
6321,5.88530636309071e-06,0.1143172772884421,2006,256
6322,0.36830263364199106,0.8495006828989836,1947,256
6323,0.0065529939835597744,0.6971789617530797,2032,256
6324,0.008971582510395048,0.5381310945238835,1947,256
6325,0.3716253605767428,0.0023829265726792,2011,256
6326,0.0003524994991790292,0.2224836019884114,2078,256
6327,2.7017085416109297e-05,0.412504188058833,1995,256
6328,6.257433719429828e-10,0.1534654329862103,2098,256
6329,1.8419018958622964e-11,0.2915870141224292,1954,256
6330,1.3875330321141074e-06,0.4613180065378134,2104,256
6331,3.9270983589494187e-10,0.4541209327803308,1960,256
6332,2.0536539454144654e-15,0.2774434876062628,2073,256
6333,1.906789353001907,0.9856340278924988,1948,256
6334,0.021374470590938867,0.5938696806547212,2053,256
6335,6.631333483273603e-06,0.974631963314051,2163,256
6336,0.009581558419405514,0.3964334976573551,2163,256
6337,0.0017393408975819634,0.7208133805111401,2171,256
6338,7.053606416003285e-09,0.5293507007703652,1996,256
6339,9.017346111589882e-13,0.4564433818132732,1922,256
6340,1.526850675922627e-05,0.0545719022213222,2026,256
6341,2.1171526118960352e-24,0.8039904968027328,2175,256
6342,7.4882372248110045e-06,0.828880876070399,2102,256
6343,0.9125193361556951,0.938622526438749,2096,256
6344,3.6085360429094066e-10,0.2674234104826649,2149,256
6345,0.010303714422375923,0.1727427215979361,2133,256
6346,33.867828706780244,0.9104026101481516,2015,256
6347,1.332963322859084,0.5347180419743012,1988,256
6348,3.0500377162257098e-15,0.3203052159937083,2069,256
6349,4.503645812993125e-08,0.8226775681931501,2010,256
6350,2.6354141979963745e-06,0.57703314023061,2008,256
6351,1.1590658498560013e-10,0.1174839685222567,2052,256
6352,0.46739856789025824,0.3283854817881175,1978,256
6353,37.63927104064355,0.641471026958312,1940,256
6354,0.00019875444849738774,0.8145983373601052,2176,256
6355,6.4357660410663305e-06,0.9789349877000604,2154,256
6356,6.937436662630312e-06,0.4175538240366095,2136,256
6357,9.784501253497804e-07,0.7279849768831053,2116,256
6358,0.0008841573057547449,0.6805929273737988,1994,256
6359,3.1672121671543962,0.6565305667274646,2176,256
6360,0.9807980290181334,0.5103422075575509,2086,256
6361,0.0002054868083721312,0.9618573583174782,2039,256
6362,1.2949641151400257,0.0792901377056569,2106,256
6363,2.2040177187839357e-15,0.0991389781731636,2170,256
6364,2.6989932009516293,0.9516917460157256,2057,256
6365,5.68458614580714e-13,0.8670521804469927,1986,256
6366,1.3577006287090802e-11,0.6467654608739702,2003,256
6367,7.2355018870187e-10,0.4077337056837528,2031,256
6368,0.09145010413643141,0.369948691540525,2118,256
6369,7.529278815497794e-06,0.8173732439804525,2033,256
6370,1.839994862590715e-17,0.32840076965839,2164,256
6371,0.0006478238962298129,0.0421394809883863,2002,256
6372,0.4804617139938814,0.919065956673224,1937,256
6373,5.436754266313886e-10,0.1701622360428676,1982,256
6374,3.922079313713739e-13,0.1691523223052468,1984,256
6375,0.15476257811559396,0.7178564778554825,2122,256
6376,0.04684452994439825,0.4298429762611138,1925,256
6377,2.5184593137845058e-05,0.1664659901298075,2065,256
6378,3.753910977411362e-09,0.0773821886437184,1964,256
6379,0.6772871841277677,0.0102142896480715,2134,256
6380,8.952910830041453,0.6037227866854242,1960,256
6381,0.006807825300869868,0.3200926141095881,2159,256
6382,0.01798077640366868,0.4351945292456904,2086,256
6383,0.00218188796295485,0.5434704548642877,2133,256
6384,5.654799012548073e-24,0.163605069222406,2170,256
6385,0.0658821020472671,0.3904932912537409,1989,256
6386,6.31999782221247e-17,0.2048761447361259,2058,256
6387,0.0021751576831653997,0.1744769080264739,1979,256
6388,1.0285037624407656e-05,0.6265045619407024,2148,256
6389,0.007776263430713386,0.1083009430418249,2102,256
6390,0.0005319111251097816,0.3887452005652494,1996,256
6391,0.8745369906493132,0.4764968615000181,2108,256
6392,0.025588805478380765,0.8360402945310687,2020,256
6393,0.1454434799198939,0.3684720626647926,2153,256
6394,10.513471280056462,0.8080548665995275,1951,256
6395,1.5075751173599178e-07,0.5672120883570332,2146,256
6396,0.0006531400018425971,0.7417317032282185,1935,256
6397,0.011293725532503221,0.3173646274194525,2084,256
6398,0.7840121330086532,0.6960227726338866,2120,256
6399,1.4087622851432118e-08,0.736551974194506,1930,256
6400,0.0009108598180949761,0.7147881552442789,2019,256
6401,8.421539628675015e-05,0.5143441610601862,2117,256
6402,5.149575417628665e-12,0.4661345422751356,2148,256
6403,1.655119348055408,0.4847584294675725,2038,256
6404,0.026167722024518145,0.0865112532520825,1959,256
6405,6.665253465923978e-06,0.5859663249233299,2089,256
6406,6.493079974916425,0.7804516362678715,1938,256
6407,2.656533987570003e-17,0.5552161700524465,2072,256
6408,0.0004180483408177251,0.9455052276563388,2103,256
6409,0.5970132339497767,0.249586925049826,1932,256
6410,1.4512321837532235e-08,0.1691590486716636,2021,256
6411,9.667229797380092e-05,0.824565327624964,2030,256
6412,0.0001066897801653752,0.1657884410836878,2086,256
6413,0.0007620969438760464,0.3085385814538575,1952,256
6414,6.754424491423044e-11,0.8978639973827218,2003,256
6415,0.0009640820810193285,0.1828768251790251,2058,256
6416,0.3165786256273702,0.7473145774762731,2019,256
6417,0.20143585950797818,0.4027635226555328,2089,256
6418,2.1290973150809268e-07,0.0071682737866546,1924,256
6419,0.023797819338123163,0.0501944888858085,2098,256
6420,3.0351794498625977e-06,0.81287157167436,1945,256
6421,2.7604437741808736,0.2373663130099614,2094,256
6422,0.7089960116676313,0.144600244340088,2136,256
6423,0.08285912240002741,0.2847506902503689,1966,256
6424,9.453648165194285e-08,0.227148547809183,2053,256
6425,1.0183809725648701e-05,0.4880553640230129,2000,256
6426,8.194111679975392e-06,0.0647762055642778,2136,256
6427,3.024620644799825,0.4439288246446097,1960,256
6428,0.5593515790343446,0.4816261710394018,2164,256
6429,0.009033456894431946,0.6828876759760765,1987,256
6430,0.9549241941955057,0.8927530234209542,2141,256
6431,7.1333924572811425,0.5331554397784946,2105,256
6432,0.00211518617305449,0.4114967871868473,2099,256
6433,0.10610257880711005,0.9661476681871938,2050,256
6434,1.5603327014778448e-17,0.966956205185,1969,256
6435,1.616607558888654,0.959302470286638,2018,256
6436,0.06458378148893992,0.7366324398579901,2103,256
6437,0.016448816878582774,0.4689809421260899,2165,256
6438,3.644772514899589e-10,0.063962086069741,2027,256
6439,0.3388190896343909,0.0739631751744833,1927,256
6440,7.108445533065878,0.5467414389452439,1964,256
6441,6.0686804853888765e-05,0.0567820308203761,1922,256
6442,20.572423461066386,0.694457154331726,2136,256
6443,0.664977028498726,0.4464207480291856,1961,256
6444,5.586132825090294e-07,0.6971230166502062,2091,256
6445,5.572240371832948e-12,0.2227759979808438,1998,256
6446,0.0004699163314553048,0.3808052158186672,1945,256
6447,1.056419931227858,0.6702766960824089,1976,256
6448,19.171867617196913,0.4235922141666387,1973,256
6449,17.21601928459132,0.4700352379344241,1985,256
6450,0.01772870284385919,0.4530856419351381,2042,256
6451,0.08421712279364693,0.7684843707093605,1937,256
6452,0.048653579955883285,0.5689294913874018,2000,256
6453,3.156409023601351e-05,0.1204155622292378,2023,256
6454,1.4285800494527914e-25,0.7106409404129829,2024,256
6455,3.4561470237007805e-15,0.3260632639989085,1989,256
6456,9.485363165741909e-12,0.7012288937874543,2054,256
6457,0.16358444177749437,0.7117717839543048,2042,256
6458,1.4113993706838759,0.600163526605019,2040,256
6459,1.8243496813916326e-16,0.147767766158026,1945,256
6460,3.403881842358224e-09,0.0204800975045087,2069,256
6461,8.422722748435798e-08,0.431366646979706,2116,256
6462,0.0001039968897617319,0.8010005148440753,1986,256
6463,6.672018809392082e-09,0.1387869680941084,2155,256
6464,1.1487714141387713e-09,0.9010781439420128,2074,256
6465,1.2904208789779063e-22,0.5725441563008848,2140,256
6466,0.00015761679563825668,0.0363383233581129,2173,256
6467,1.6797240676783468e-16,0.417792240250106,2148,256
6468,0.03324630162414054,0.804575589615588,2005,256
6469,0.00026253722261646576,0.8423429582186152,1938,256
6470,1.2266703577973825e-17,0.4773728182944533,2121,256
6471,1.3049554211227687e-11,0.7477944648141568,2088,256
6472,3.7124976746868313e-06,0.7698287126354244,2034,256
6473,5.944585241397064e-05,0.1451933609022629,2092,256
6474,0.08930821354232418,0.9221468396315426,2093,256
6475,0.16873913431835594,0.196858085654948,2046,256
6476,1.8640392821462243e-16,0.5015945296839573,2152,256
6477,9.841031504711568e-07,0.900902412605844,2093,256
6478,1.2332679248398652e-18,0.906706254206411,2152,256
6479,2.2956488020055173e-10,0.2549516223997735,2028,256
6480,0.007477362053825198,0.6781052476122422,2068,256
6481,0.02691130231994571,0.0894970633552392,2012,256
6482,1.3088257770071997e-11,0.0991622856443811,2055,256
6483,0.4333457396194737,0.6514886809358162,2066,256
6484,1.8021888268997154e-05,0.6559481009048801,2046,256
6485,1.5867217158617047e-14,0.5826433872588062,2148,256
6486,5.559380732515242e-12,0.8899395898112703,2086,256
6487,7.401504637515214e-14,0.2131664325814422,1991,256
6488,0.002610096222191323,0.0923464712428256,2024,256
6489,6.148861684543274e-05,0.5137846351178658,2123,256
6490,6.114710528749908e-06,0.3509018315125612,2035,256
6491,6.5644394544673625e-18,0.5307404213925605,1924,256
6492,2.458343578806187,0.388756585459686,1923,256
6493,4.021870332740801e-12,0.7524368423071998,1941,256
6494,0.10404552717717869,0.4316613061652159,2046,256
6495,1.7691235467758881e-10,0.9034520562480592,2144,256
6496,1.9949140680393384e-17,0.8906100966695752,2134,256
6497,0.000151148718482981,0.3415666373178924,2171,256
6498,0.011535139811986521,0.8810187070321441,2140,256
6499,0.07403034114829557,0.5073874281270613,2155,256
6500,0.003362675015180169,0.2321841911401396,2087,256
6501,6.232478777835838e-15,0.7987360694798896,2008,256
6502,3.3378725083169286e-21,0.9438884024999128,2029,256
6503,1.5051916933865537,0.216764642147605,2034,256
6504,7.578118245672061e-29,0.9734594738473712,2068,256
6505,2.4529710567635927e-06,0.2534270052759032,2161,256
6506,1.0161406318290813e-14,0.0593677114003692,1928,256
6507,2.8164066335445335,0.0540932941480584,2089,256
6508,0.021389748408890706,0.9655383293406838,1985,256
6509,0.00031614182040643396,0.4619115118002822,2021,256
6510,4.93995141572593e-08,0.1023562940488628,2022,256
6511,5.86427858074005e-07,0.2445386136994172,2120,256
6512,0.7296724823632178,0.2445788470113351,2059,256
6513,7.434627023376656e-06,0.0303277805955802,2175,256
6514,1.412780028702796e-07,0.12420802145049,2150,256
6515,7.998284785275328e-11,0.9306228202653138,2096,256
6516,0.0016411280526554724,0.4957375913034045,2095,256
6517,7.139343521025423e-14,0.0732945630357241,2001,256
6518,9.576347342486147e-11,0.6131384293999088,2001,256
6519,0.03812174151731904,0.9636932234548315,2056,256
6520,5.0360750662458706e-09,0.8028844420074205,1950,256
6521,1.9935896783805616e-06,0.4684422569083519,1961,256
6522,3.660033155588994e-07,0.120748626627005,1979,256
6523,0.006650168210476783,0.51262859408503,1940,256
6524,9.016715885705049e-05,0.4579225103955073,2073,256
6525,3.4972807667692927e-16,0.2836430980026345,2137,256
6526,6.939808623096357e-10,0.3150910075644711,2142,256
6527,2.409185260966338e-18,0.7138585806715774,1970,256
6528,1.206670235465758,0.0887464643687129,2073,256
6529,4.4331878050741115e-08,0.7173007449709995,2115,256
6530,0.00020705849659347037,0.346135127649086,2172,256
6531,0.004070242356686509,0.831265824636307,2085,256
6532,0.6667898183054445,0.8951969427012665,2019,256
6533,1.8098004009076074e-09,0.4222870369520777,2091,256
6534,6.467631002898269e-06,0.4260471903663018,1939,256
6535,8.864340007882224e-07,0.6705693786978955,2153,256
6536,0.04016456008530912,0.7460745183104988,1957,256
6537,1.8288326259155963e-12,0.4154580971666251,2003,256
6538,3.656965014256539e-12,0.614458831179374,2057,256
6539,2.72493236880107e-12,0.873625311095472,1937,256
6540,1.1541821395134188e-05,0.6100612207983532,1928,256
6541,0.2103193741434148,0.9587183995959104,2136,256
6542,0.013760356304458498,0.8237673268225245,2158,256
6543,2.9198016231325052,0.1230317928090209,2048,256
6544,6.504411648856876e-06,0.0079658492692081,2080,256
6545,3.9646189418408233,0.598775860160075,2130,256
6546,0.27371187202542013,0.2482596294904587,2078,256
6547,1.4978169717985068e-09,0.2841930456314336,1956,256
6548,5.767139602467269,0.1683715569356986,1981,256
6549,4.1816778742035105e-05,0.6979800963564159,2114,256
6550,0.7709458557896876,0.1590632695223625,2149,256
6551,0.0034072650502191427,0.7068732834962907,2138,256
6552,8.111227434583649e-09,0.807084384287755,1943,256
6553,2.1176065451444064e-37,0.0581337112899965,2121,256
6554,0.018198703159001243,0.8415890446935752,2058,256
6555,0.010960101953688501,0.3235004356370944,2090,256
6556,0.0005201633428518029,0.8320894955230079,2021,256
6557,1.662818696728687e-05,0.3181188122566156,2010,256
6558,2.1634527725314446e-16,0.6895693792270322,2018,256
6559,7.841863190003437e-09,0.8802007069367909,2137,256
6560,2.4826414404454298e-06,0.1487716922104628,1925,256
6561,3.306828414414476e-31,0.7437562681553487,2071,256
6562,2.9708653619992297e-15,0.2856607283258184,2151,256
6563,9.289404524261432e-15,0.2235590756001226,1984,256
6564,4.23697448145865,0.5096093809974392,2007,256
6565,0.1798252050533387,0.2529537919145606,1971,256
6566,1.4373713857862167e-06,0.9189990907739124,2129,256
6567,0.00015315718464593383,0.3136033565375802,2088,256
6568,1.277611972165721e-17,0.0649412697270025,1977,256
6569,1.237053865748995,0.8312073727440739,2115,256
6570,0.003096281507691162,0.4778656923158083,2084,256
6571,0.001617513210647194,0.4586204577065818,1961,256
6572,8.858146587310156e-24,0.5325834875825353,1928,256
6573,8.816921245899478e-26,0.6188957649927137,1954,256
6574,0.00016072751673776466,0.342872304598489,2108,256
6575,0.014778542078397313,0.1159247754364104,1982,256
6576,0.006799671394578071,0.7589209850364381,1937,256
6577,6.664015758710297e-09,0.1373558464824467,1930,256
6578,0.13412315976064115,0.6761022175240503,2105,256
6579,7.57169174357208e-11,0.7283179088659639,2174,256
6580,9.544274788723302e-14,0.6367188965103634,2084,256
6581,3.5040549416399135e-08,0.4390911263659974,1942,256
6582,3.271318202315601e-12,0.586628828034344,2085,256
6583,1.9102697785904265e-08,0.0117669809616415,2169,256
6584,0.734855913539508,0.2344055340411492,2077,256
6585,2.2090747777894206,0.1007257224452846,1952,256
6586,5.813813040998083e-10,0.8881297431183737,2097,256
6587,0.1512983711551859,0.3686152390416648,2121,256
6588,5.678458794610767e-06,0.1073893890606758,2088,256
6589,2.5735838587606943,0.1497511047182351,1980,256
6590,0.0008321552884755466,0.6771353560307408,2141,256
6591,7.283452830027198e-19,0.7872132552580919,2100,256
6592,5.243710784490569e-08,0.7386363670352966,2040,256
6593,4.120266260566633e-05,0.5500370968178513,2108,256
6594,0.0011908703937261946,0.7914707096388768,2123,256
6595,0.5650659811820478,0.1860351027057166,2066,256
6596,3.1692788662364847e-21,0.9836281544025792,2074,256
6597,3.851172011518054e-09,0.7633533018262084,2128,256
6598,0.00010292940479468181,0.6194372397291664,1949,256
6599,0.00018470738157622108,0.5953412233735145,2155,256
6600,0.0025331256724237822,0.2607481570796085,2035,256
6601,0.04044849453598159,0.8255901917887574,1934,256
6602,9.793778587875171e-08,0.5705247300799501,2097,256
6603,3.6134778983218853e-16,0.8196960918903395,1966,256
6604,0.014774398535445066,0.5108636978260753,2084,256
6605,0.00281719072798073,0.5663618198225987,1955,256
6606,0.008326071822557478,0.0998746554795559,2103,256
6607,0.008427690185386518,0.9471362008163292,1943,256
6608,0.08445060070402868,0.2471760604695316,1970,256
6609,1.317464475224664,0.3640558545507411,2127,256
6610,1.505496072831331e-09,0.5054935365668893,1972,256
6611,0.0005221399824286831,0.1348908622041662,2054,256
6612,0.0019485498667826582,0.6797182567636587,2050,256
6613,2.233831278344805,0.3805940442521905,2124,256
6614,7.936856075692504,0.7025721800245462,2016,256
6615,2.6604991276781715e-06,0.4195403554646111,2119,256
6616,5.308124668157013e-29,0.4032638320749154,2071,256
6617,7.672123425240509e-09,0.7602313178253507,1953,256
6618,0.027819527149773347,0.782456742734746,2084,256
6619,6.465949248056861e-08,0.6209859902102506,2041,256
6620,0.09692272977742045,0.3366282977248829,2080,256
6621,0.0014035074742158205,0.4683002596672858,2073,256
6622,0.00032231921872231,0.059626489663196,1973,256
6623,0.0013995194731196792,0.1963682321412846,1922,256
6624,0.00035120932833758266,0.0968345106708734,2052,256
6625,0.18057086282620075,0.73931996558003,1945,256
6626,7.161915889249948e-10,0.7438116404087666,2038,256
6627,0.09601677984102365,0.2039304990681617,2123,256
6628,5.030248161551959e-07,0.4297734163300957,1970,256
6629,4.3107847657408724e-13,0.689708765934267,2127,256
6630,5.046900347487798e-09,0.646336099285163,2115,256
6631,0.000951296335638185,0.1198228923389838,2148,256
6632,1.490814447073389e-07,0.6738825888249529,2172,256
6633,0.021714177638774368,0.9489032459203512,1964,256
6634,8.954147804700876e-06,0.0947819375814373,2151,256
6635,2.0449297902550752e-05,0.411202932981075,2148,256
6636,1.4495713565021417e-09,0.9611673731587532,2166,256
6637,2.4630898037408935,0.5366146299018234,1983,256
6638,0.015517809512554204,0.7790482566969955,2118,256
6639,0.015560897619806694,0.3537721356816052,2009,256
6640,3.4278354365961114e-25,0.9865576518398804,2048,256
6641,3.006625514148423e-06,0.8193506520307163,2138,256
6642,5.886393293765218e-09,0.4217107617474385,1996,256
6643,1.5047823378621594e-06,0.575888892774765,2121,256
6644,6.035266160441286e-38,0.1650279724908901,2172,256
6645,4.1634009212799446e-12,0.2143695132197748,2153,256
6646,0.02910419916958129,0.1394288254831169,2057,256
6647,1.381862604536357e-10,0.7170625157413144,1927,256
6648,0.028220836032706424,0.3486437453096205,2149,256
6649,3.30457621854445e-06,0.1475569718269046,1972,256
6650,4.477498318700618,0.8157734586222006,2099,256
6651,0.006929321680113252,0.5408960391663834,1986,256
6652,1.19024320189965e-21,0.8780835298997783,1975,256
6653,3.002663068389339e-10,0.9387215581515116,1939,256
6654,0.0004068282682653943,0.4171218704408624,2081,256
6655,0.07956814198439847,0.9157283905288311,1976,256
6656,1.541459899861057e-05,0.7681624703453861,2036,256
6657,6.66805018742425e-05,0.1624928433029865,1927,256
6658,0.0006075121032196027,0.106985484536498,1977,256
6659,2.837877618040354,0.3306397893961599,2049,256
6660,0.1606391947545173,0.2172637818905771,1941,256
6661,7.180116167593056e-09,0.3299722668540411,2149,256
6662,6.332776769236866,0.3836608525835107,2096,256
6663,0.0023013994133373713,0.384596825989317,2137,256
6664,4.256614120188793e-06,0.8434349419880943,2111,256
6665,2.4160377342854824e-06,0.7470835411446877,2091,256
6666,1.4015747279699912e-09,0.2768606550160672,1951,256
6667,2.5668100150142786e-06,0.273150052831113,2046,256
6668,0.06008459015893059,0.2304526818711514,1971,256
6669,0.001144255158269785,0.3408771199806777,1996,256
6670,1.5395232273483075e-09,0.7657189185341302,1933,256
6671,1.07768811622365e-12,0.9212656898967856,2165,256
6672,3.3130249598435583e-11,0.1634030013361282,2083,256
6673,0.0013633036235438615,0.1832293055366857,2073,256
6674,0.2247818275889806,0.5146124372102472,2176,256
6675,3.3041413047613125e-05,0.979756477011275,2118,256
6676,6.849700078099765e-09,0.7982146914652963,2040,256
6677,0.0007342989914087124,0.9468325710914056,2159,256
6678,0.00011918764537719833,0.0005717248986495,2066,256
6679,6.613135512820657e-05,0.0528036616680537,2039,256
6680,1.0376261638935716e-08,0.9020976414443378,2095,256
6681,0.08232793126882468,0.0104346960872838,1944,256
6682,0.0033932575053172245,0.6339395599409723,2076,256
6683,0.013481879013015749,0.2869570817938462,2010,256
6684,7.199242729731083e-11,0.6440980129063945,2108,256
6685,1.160675035609664e-08,0.9195419204530756,2057,256
6686,1.3175599943722411e-10,0.8839995147468398,1979,256
6687,11.308948162065747,0.9469563078927166,2000,256
6688,3.262651816349467e-05,0.8923240211679905,2176,256
6689,9.371042725594906e-20,0.0256334700011744,2085,256
6690,2.9258280463533777,0.2393721728758234,2087,256
6691,1.2313062994613227e-08,0.4433889687446047,1965,256
6692,1.328603477541391e-05,0.5452673994247411,2108,256
6693,3.164346508360916e-10,0.5079665122800526,1922,256
6694,2.0270345467067602e-05,0.6498158216474959,2083,256
6695,6.558085982002487e-08,0.6049909432853445,2005,256
6696,7.01621750419813e-14,0.9084772642440844,1952,256
6697,0.003470378671149432,0.2892413082779071,2155,256
6698,0.002359029836417118,0.9364140048964076,1958,256
6699,3.996089795305265e-06,0.7168536000350807,2129,256
6700,0.8558009063826598,0.5337391898657473,2009,256
6701,0.15020137175412876,0.0800863434584812,1950,256
6702,3.9071925169355744e-07,0.2941151630886275,2031,256
6703,1.298437469921632e-06,0.6953927144693662,2156,256
6704,0.4759465443178332,0.1590602267731425,1979,256
6705,5.580469054074551e-06,0.4162890443928032,2134,256
6706,0.12102222691432063,0.2573081116152051,2105,256
6707,1.127559025532094e-29,0.7199047971152592,2090,256
6708,4.0070073919504203e-13,0.7372376580659007,2159,256
6709,10.962250964220553,0.2078414521960714,2097,256
6710,1.822018882216229e-06,0.5710348733399192,2010,256
6711,1.3004757823390305,0.7983676735472631,2129,256
6712,4.0168336811301185e-07,0.4375852537314157,1971,256
6713,6.22573076677219e-11,0.5395895789615938,1964,256
6714,0.5216223174640867,0.7832840171374016,2014,256
6715,1.4290025905967396e-15,0.9929629374250571,2161,256
6716,0.00047345416063277206,0.2756885920300798,2087,256
6717,2.467240333475494e-07,0.0473044208286349,2012,256
6718,0.0006795661061096422,0.2622651998228166,2013,256
6719,4.8445583427301743e-08,0.7952149333809465,2176,256
6720,3.2721578219388417e-09,0.2426002037518722,2080,256
6721,0.025570519570880936,0.7803461298934754,1970,256
6722,0.20967325516133398,0.7971541473307767,2005,256
6723,0.7116846172825148,0.9778044835247258,1952,256
6724,6.89980122064067e-11,0.7830599997819323,2018,256
6725,6.576839758557208e-09,0.4076024840979882,2134,256
6726,1.1553873117036344e-15,0.9613363635107988,2033,256
6727,0.0036942542499878235,0.1218800958192212,2167,256
6728,0.00012690575253832283,0.5575710492492103,2094,256
6729,0.00623467850413201,0.6306662861477376,2080,256
6730,1.382071118408438e-16,0.7186651836980747,2115,256
6731,1.2857439380147337,0.7909814411399554,2027,256
6732,3.587532127257981e-07,0.0156373329960788,2108,256
6733,5.00537259103928e-11,0.0945038415110087,1975,256
6734,8.124911355973529e-06,0.3430412184853981,2044,256
6735,1.559698243386248e-27,0.6033787950189355,2154,256
6736,7.510545941385772e-29,0.6457650415614271,2076,256
6737,1.5678901535857983e-08,0.2108326144731914,2137,256
6738,1.0500249329710999e-07,0.6661700926366902,2017,256
6739,0.16622293994097953,0.1606634912600517,1976,256
6740,0.05846193014643428,0.9092306974162084,1998,256
6741,3.8651723074864395e-23,0.3627820527302801,2140,256
6742,1.6478491820151103e-05,0.8396359067610392,2053,256
6743,4.043339300569018e-11,0.7215200958024248,2175,256
6744,1.8311894422578465e-06,0.2897547999143871,2122,256
6745,0.5663709448522063,0.4952993513434192,1989,256
6746,5.1274517595662805e-14,0.3469373905050563,2136,256
6747,5.915074427146777e-07,0.4811263228319905,1938,256
6748,0.6377989165272276,0.3478293223913924,2133,256
6749,0.6739839998599587,0.6294336923302163,1932,256
6750,0.005983213987229499,0.3768332674832682,2113,256
6751,0.015514194441772725,0.129133931122937,2026,256
6752,3.8493998718704056e-05,0.5716441521526069,1943,256
6753,0.00011940208946269137,0.1778786780316008,2028,256
6754,1.3650707141414928,0.4932971331527114,2003,256
6755,7.915736969158236,0.3874537094148926,1971,256
6756,0.03193993555816077,0.955683095135435,2005,256
6757,2.493762136901264e-10,0.3143434208841015,2134,256
6758,0.005766595952758627,0.2438262089740849,1982,256
6759,0.6642904301317185,0.8543040773087773,2114,256
6760,4.040707717992907e-12,0.23628906615942,2113,256
6761,0.017825430654316066,0.0675801173050577,2151,256
6762,10.676301343057538,0.6775078114507893,2043,256
6763,1.863351258086533,0.5197017222438168,2026,256
6764,0.00013544756648239557,0.2420138962042133,2153,256
6765,8.864843316397845e-14,0.8419845928017857,2176,256
6766,3.5526376038513194,0.8539781601320483,1960,256
6767,7.840667227454642e-07,0.9429730129680792,2175,256
6768,3.6006641871490183e-13,0.7071997760886717,1939,256
6769,1.4862893553535422e-05,0.9086511950613332,2107,256
6770,0.8521604773385596,0.1284575469206786,2056,256
6771,1.1004911677062306e-06,0.5458563178528046,2134,256
6772,1.2290068207143172e-09,0.1650799973821703,1932,256
6773,3.4165961917585424e-06,0.7647643188999611,1938,256
6774,0.20570055873662488,0.2308370484443024,2097,256
6775,2.4262138756223453e-48,0.7674674864835828,1932,256
6776,2.0063953127909515e-27,0.9329963452992402,2093,256
6777,2.4607835327637716e-27,0.9669621182310112,1955,256
6778,23.40490511739017,0.3842402031010412,2068,256
6779,1.0036735490185337e-17,0.1492816615936141,2022,256
6780,1.1004358203066911e-15,0.8522986368781159,1927,256
6781,0.008260804098521925,0.4133077936615433,1948,256
6782,1.6557508718707186e-16,0.7906593362692028,2085,256
6783,3.6555282233704576e-14,0.1747533192469281,2093,256
6784,5.405252104295134,0.1810702850516686,2059,256
6785,1.2092630672661028e-06,0.8722470398789475,2151,256
6786,2.526679098766637e-07,0.1333184235825839,2100,256
6787,3.447872086135459e-12,0.5924564278447021,2176,256
6788,3.543150591389079,0.9085924195925548,1944,256
6789,0.23219140908996086,0.0796022321731674,2094,256
6790,5.414377099643006e-07,0.2846403791619132,2085,256
6791,2.2155593106459112e-13,0.0428231705875157,1949,256
6792,0.2620429962187992,0.2943262745000662,2019,256
6793,1.5650647855345288,0.2228964239884685,1982,256
6794,1.47697569845376e-06,0.8269087944431539,2087,256
6795,4.142458846812953e-05,0.8142982330668818,2074,256
6796,1.715810601333909,0.4027360575577356,2070,256
6797,3.7710438135628754,0.7706017455674927,2016,256
6798,11.973560457010008,0.2098113231308481,2046,256
6799,0.023299734225868167,0.5229237917943411,1974,256
6800,6.36551611339492,0.5185930896513056,2123,256
6801,6.915732120417902e-07,0.1832277587171366,2066,256
6802,1.8077246583607323e-27,0.7899134240444063,1976,256
6803,0.15162302855289214,0.5871458460019638,1928,256
6804,1.6029140948650804e-17,0.1074593375018742,2065,256
6805,1.9353784041712273e-08,0.0019363897223081,2072,256
6806,7.814911604238044e-10,0.5356222551968681,1988,256
6807,6.201816410485398e-17,0.2303529521682649,2011,256
6808,0.03049207033178291,0.2174322665305413,2001,256
6809,3.652866217808805e-17,0.7789988973911678,2036,256
6810,2.3066716416650212e-05,0.5641004110520129,2126,256
6811,0.15083756177866775,0.62755513713159,2093,256
6812,0.18187527219839045,0.4993933635556796,2045,256
6813,0.8288537142569553,0.6707363403560062,1923,256
6814,1.9293584353692598e-28,0.5704454858517989,2014,256
6815,1.2613340527643436e-05,0.3651350721979107,2078,256
6816,0.0014862174185510837,0.6478268197394729,1948,256
6817,0.046150294090785096,0.7027048490421401,1938,256
6818,0.05538103812808687,0.9763940061587232,2151,256
6819,17.59573902346145,0.8481614310609445,2133,256
6820,3.929606667113045e-06,0.8632707562831798,2137,256
6821,12.247495353973022,0.9970836965729956,1955,256
6822,0.17469522931946657,0.7655665142709298,2039,256
6823,0.00798246839297158,0.6169790772304486,2060,256
6824,0.07819119327582069,0.2414291537690422,2154,256
6825,0.09312388839385043,0.0689660429772138,1935,256
6826,0.0002621863936974577,0.669328257912673,1945,256
6827,8.276424141095074e-18,0.2126084039277922,1928,256
6828,6.990156357733019e-06,0.1397954123582947,2104,256
6829,1.667884155848989e-13,0.1645642184200411,2084,256
6830,2.43953695929982,0.0232567008473157,2106,256
6831,1.4410501229837262e-07,0.9995096738104856,1925,256
6832,6.048920721076655e-05,0.9147587974389896,2124,256
6833,0.36587156223786194,0.0548952665411228,2037,256
6834,1.1692084644836708e-10,0.8420147039770944,1960,256
6835,4.6229535769681424e-07,0.8986759659800683,2090,256
6836,0.0021437146487339733,0.3754486833642978,2038,256
6837,0.020800638057658638,0.4730993340119459,2075,256
6838,1.159719463312882e-05,0.0919273145007057,1991,256
6839,1.7976737068025384,0.0441323894402666,1987,256
6840,0.0008521870331498194,0.1221859004149564,2079,256
6841,6.566359443390198e-10,0.7701163456382121,1920,256
6842,0.00015077854333009067,0.0314259228862394,2056,256
6843,0.15232771484814897,0.5674406727011291,2020,256
6844,8.236098299687775e-10,0.291963520216453,2172,256
6845,4.8389820174023607e-17,0.0961170140983442,1920,256
6846,0.019065192925545874,0.5514535326249407,2055,256
6847,1.7348955601631284e-10,0.4847310987745932,2026,256
6848,2.291555494097747e-13,0.8299687798585657,2143,256
6849,2.4303634211241874,0.1324916148923073,2161,256
6850,0.012919761705824682,0.0256251388987883,2115,256
6851,0.00023133967977424376,0.7944684381830579,2046,256
6852,8.80453044748348e-17,0.3210350855573678,2001,256
6853,2.7558276669579088e-08,0.2496051043154179,2056,256
6854,2.7823966997981088e-11,0.4006326718012758,2054,256
6855,0.01873290045254086,0.3884972911166382,1991,256
6856,4.1670669911090624e-24,0.1563281784457358,1964,256
6857,0.00023744891271207903,0.6291272374558372,2036,256
6858,0.0027141313743594144,0.2050767022631178,2130,256
6859,0.22157999820864338,0.5113439140581392,1943,256
6860,0.12738959775686434,0.785299378366357,2092,256
6861,0.6603898966072832,0.0194217162398865,1982,256
6862,0.0023841673006480706,0.5202493432473474,2083,256
6863,0.09600957511836299,0.6929145766542604,2124,256
6864,3.23351371492628e-12,0.937572297466952,2157,256
6865,5.563116476943833,0.2341875104158652,2122,256
6866,2.4434818521260693e-11,0.5172212614824738,2114,256
6867,27.47183445252182,0.7369636314131526,2128,256
6868,1.5649319557474979,0.0849424313353891,2040,256
6869,0.046334765426600845,0.1964690268299034,2085,256
6870,0.017653018972851285,0.7082581148928597,2174,256
6871,6.55944000261124e-12,0.9186364235324836,2113,256
6872,3.3182040173502887e-12,0.8605233419316702,1950,256
6873,1.8356919115485914e-05,0.9608565714865138,2056,256
6874,0.5376853223393433,0.8814872209622451,2150,256
6875,0.13242797323938862,0.0262214739968945,2107,256
6876,1.0977996083078854e-07,0.7458568673213606,1944,256
6877,0.7692011390520342,0.5865075498006354,2040,256
6878,2.096907362963799e-25,0.8538311754557278,2174,256
6879,2.0137765603340065e-06,0.7254890466000953,2091,256
6880,0.004352072082641269,0.2972956960905868,1966,256
6881,3.543121625562788e-23,0.3031992931827941,1975,256
6882,0.007538347014526306,0.3958089571702162,2064,256
6883,2.5162374783442886e-08,0.612680982164969,2113,256
6884,1.130117211398591e-10,0.4823936205360911,1984,256
6885,0.0021378979899884616,0.3035489071754039,2123,256
6886,0.00793985550234765,0.262797401692865,1924,256
6887,0.0015627000935594733,0.2876952301207316,1996,256
6888,2.605599042845103e-11,0.0077931649585817,1981,256
6889,0.00022876225048589833,0.0708002203541557,2014,256
6890,0.012847128240931354,0.5124860738559387,1934,256
6891,2.6515879814679784e-15,0.6973550712828738,2026,256
6892,9.842563108527234,0.6839676680970967,1962,256
6893,0.3878467472698679,0.1474929596031962,2012,256
6894,3.4896079986017187e-06,0.568417167981227,1928,256
6895,1.2297325243333512e-21,0.9495481091630265,2116,256
6896,2.6785504838585265e-05,0.2356699604596425,2026,256
6897,1.0517317255382453e-10,0.2683716033443704,2095,256
6898,3.0979252150748935,0.9101586834053408,2020,256
6899,2.598700696037561e-07,0.3035448037652146,2111,256
6900,0.11113333682585658,0.3541136716791014,2081,256
6901,0.28804304463675456,0.531473563311521,1968,256
6902,0.00014591932849073756,0.6202176976040312,2018,256
6903,0.0032603461497830973,0.6796630188426346,1952,256
6904,0.9734334480654566,0.6005017237777769,1958,256
6905,0.0005318142012197131,0.3471496330693868,2082,256
6906,7.121568383278663e-23,0.5531592361136848,1967,256
6907,2.812374272617329e-05,0.94920214213567,2079,256
6908,0.3565603794274437,0.475024515552792,2158,256
6909,3.3550742552563534e-05,0.4757615776184275,1971,256
6910,0.00188137364887825,0.7747408918829177,2077,256
6911,0.0020299311728458405,0.5135277829866556,2125,256
6912,4.715351569941991e-15,0.6887423067301367,1929,256
6913,3.3219212841882966,0.3493950410234862,2021,256
6914,0.0006468991220049432,0.6039838399057947,1950,256
6915,7.704792692154788e-05,0.1674499708528838,1990,256
6916,2.603466027380883e-07,0.5078892046660702,1928,256
6917,5.28832213540943e-10,0.1985406174934005,1984,256
6918,0.01039479599533515,0.3054814183003095,1924,256
6919,5.322390373670716e-05,0.6603701623347881,2130,256
6920,3.7689035237724e-08,0.2575756420861893,2081,256
6921,2.0831675162753004e-34,0.1585544154352636,1931,256
6922,1.7452859950544513,0.3808085424982982,2089,256
6923,0.005193574724567291,0.9129080381544904,2135,256
6924,2.6318744022524337e-05,0.0734004541534201,2131,256
6925,1.2827975638660111e-06,0.5930424593367448,2008,256
6926,0.0217158479034048,0.446882567305504,1924,256
6927,44.59452278809285,0.6960826344993675,2058,256
6928,2.0055875048237594e-21,0.4372479724669653,1948,256
6929,0.47433917628268596,0.7772187229477905,2056,256
6930,5.96302051414168e-36,0.4619660496394445,2137,256
6931,8.128267525164296e-15,0.7972501320303726,1995,256
6932,6.124518537172011e-26,0.8671637857562464,2120,256
6933,1.8331522825200055,0.7374793593569314,2022,256
6934,6.550903438279046e-11,0.9202089894561756,1958,256
6935,0.00885284076260238,0.9281115947178484,1959,256
6936,2.1481211584526602e-20,0.6561553250568152,2098,256
6937,0.0003110613016015437,0.2126109231287628,1954,256
6938,0.04829090725336216,0.6642774800640193,2110,256
6939,11.024996794797358,0.6927938463889033,1947,256
6940,2.2339898296011205,0.7376860675553446,1943,256
6941,4.4103083188731776e-08,0.4149072072870368,2097,256
6942,0.24073067871574452,0.5395359766277998,2175,256
6943,5.973472772083275e-05,0.8344808811088712,1930,256
6944,6.435098943033455e-13,0.2229557744430385,1994,256
6945,8.345896926904242e-07,0.4189087542664462,2135,256
6946,1.1597524620453334e-10,0.8984953330702473,1951,256
6947,6.587430404879724e-11,0.3700560590012488,1956,256
6948,8.372742417051713e-13,0.5953753002559913,2000,256
6949,6.007337977227877e-19,0.5283011867228903,1945,256
6950,0.00013715067406448896,0.2740831875466271,2136,256
6951,1.032807233831592e-07,0.0282185445450985,2107,256
6952,0.789358559115538,0.365338917021338,1996,256
6953,4.0248196420479613e-10,0.3901785451601141,1947,256
6954,0.0023130389255791835,0.6860517863981105,2136,256
6955,1.9740763674028686e-16,0.182942269568774,1926,256
6956,0.3013701389759354,0.8869169835096467,1966,256
6957,1.2617314168404104e-11,0.3726433423458991,2008,256
6958,2.1838503476671443e-11,0.4492237696880995,1988,256
6959,6.009681658512075e-10,0.7638564681513108,2114,256
6960,3.6597190234909706e-09,0.7195878238438757,1961,256
6961,2.566152013182015,0.937689294190688,2103,256
6962,0.001711326738982335,0.7164090874289587,2086,256
6963,0.9960646389127069,0.8267365609994343,2073,256
6964,0.29931939572835053,0.4406467821289583,2125,256
6965,6.656769210708658e-27,0.113669236089699,1957,256
6966,2.3843815515316635e-12,0.9610934301771562,2135,256
6967,2.680945313888945e-09,0.7449132546354413,2082,256
6968,2.5867148822803902e-40,0.7368588757267824,1958,256
6969,0.0007091553469724198,0.8392262596984069,2046,256
6970,2.3660296279325842e-09,0.483172103747153,2092,256
6971,8.267570195900987e-19,0.4864283359042886,2006,256
6972,0.953746483975815,0.914966523431597,2050,256
6973,9.44207488255782e-28,0.5727296856782533,2069,256
6974,0.0003526741648232998,0.9832493702106678,2009,256
6975,0.05737549337004226,0.7194062615789537,2074,256
6976,4.981624616782536e-06,0.1791303991745267,1972,256
6977,1.8560846477394755e-09,0.9246228303056891,2122,256
6978,0.8800457569831889,0.0883168081466566,2090,256
6979,6.819918997724276e-07,0.3396168105578936,1999,256
6980,0.09513358755884847,0.7800065395443265,1980,256
6981,2.5420301047472473,0.5922839486903948,1946,256
6982,11.500176146800783,0.7350730230218905,2112,256
6983,12.384198051556943,0.1121460057030837,2057,256
6984,0.1921525745408706,0.8586148833637952,1962,256
6985,0.0001901250347839463,0.4853479003386124,2044,256
6986,2.2817986251745576e-07,0.68306139258086,1985,256
6987,0.033422954781248355,0.5894049651504494,2084,256
6988,0.10170272191874011,0.785936451745585,2002,256
6989,0.0025317169865054353,0.202016224115847,1920,256
6990,4.127332821682242,0.1593435324951826,2146,256
6991,1.1848880726440227e-06,0.2726593203912362,2014,256
6992,0.00011194151296169868,0.8899679418422357,1948,256
6993,2.9540299580128345e-07,0.761402004090707,2023,256
6994,4.340118583235494e-36,0.4861964576575907,2008,256
6995,1.149750349249333e-06,0.6326409468137706,1990,256
6996,0.09690565081042925,0.1676117753411904,2061,256
6997,2.1304743152733773e-09,0.3176924376088862,1973,256
6998,7.442465829267732e-13,0.2807700833193143,2001,256
6999,0.13096450925049183,0.260136318027843,1922,256
7000,0.0004964374347266131,0.7359343780979583,2117,256
7001,0.00012826519938394378,0.795244336504506,2164,256
7002,4.8970587472209525e-12,0.9397878001073507,1940,256
7003,2.158265942650531e-05,0.6449582592119688,2032,256
7004,6.879085997132738e-13,0.1964567210060404,2089,256
7005,0.012525766488859677,0.8608447866339285,1993,256
7006,3.8173673857022337,0.2049570095263532,2098,256
7007,1.082775100789174e-08,0.2909255767242928,2131,256
7008,4.296659672091219e-15,0.4703856325994037,2009,256
7009,6.427186097749549e-08,0.1682968582104596,1968,256
7010,6.765529556424183e-13,0.150566696423843,2006,256
7011,1.0423314545892077,0.0451212427107272,1956,256
7012,8.977792783049077e-05,0.0544700010005043,1945,256
7013,0.9114562768469155,0.927860423647872,2129,256
7014,3.406288935611662e-16,0.2741109153587863,1966,256
7015,3.566034813278364e-09,0.7128304757743384,2015,256
7016,0.32289924473751375,0.7540486872603087,2160,256
7017,3.173673451385738e-51,0.1998824102757579,1952,256
7018,0.007133594590542237,0.4155189000557145,1977,256
7019,0.002045214144220306,0.8252619691492747,2054,256
7020,1.7840341731320698e-16,0.2150446916293961,1962,256
7021,3.141951365891335e-10,0.5718199885810006,2119,256
7022,0.03123806370508503,0.6010635545712079,2112,256
7023,2.970413178219257e-08,0.0197795395379135,2022,256
7024,0.830124959818819,0.049578936875818,1944,256
7025,0.0001451380975831292,0.1857031423746563,2030,256
7026,0.0001872516541271952,0.2054467196044415,2044,256
7027,1.5234005971447033,0.2241411248594593,1931,256
7028,0.09843590680875375,0.5945191870045315,2017,256
7029,1.4331251592470533e-25,0.4394355686527925,2148,256
7030,0.08997722381872361,0.6550030135886791,2059,256
7031,0.00018913476785608444,0.0627336680355603,1980,256
7032,0.22827791224721766,0.7614159672928725,2175,256
7033,0.09112367682652214,0.6080040384829403,2042,256
7034,1.8408373824565755e-07,0.4905658901843508,2047,256
7035,0.0005787433511956468,0.8466432867657157,2031,256
7036,9.170769093815757,0.6646403123148497,2171,256
7037,0.26298424329788966,0.9281638160683946,1920,256
7038,5.0575866948164e-16,0.7764575024341998,1961,256
7039,0.0029803896115968773,0.9982603688995172,2051,256
7040,3.3588115012056444e-18,0.1955923328235178,1933,256
7041,0.0003216938462140701,0.0027771298732259,2091,256
7042,3.721040448293393e-12,0.0950455078138278,2073,256
7043,0.0004890080311039752,0.533130622529983,2001,256
7044,1.148586541942137e-10,0.5659264529131846,2041,256
7045,0.007536452746530591,0.1804338351977487,1943,256
7046,0.0001295527129533577,0.7037960499240911,2103,256
7047,0.00015308208895715953,0.5463540466895757,2080,256
7048,1.3399141424384273e-10,0.6716369088256784,2030,256
7049,0.11839051387866757,0.9677216638576756,2116,256
7050,1.3654862526766706e-12,0.48065048420972,2097,256
7051,0.04880969886584653,0.5808856597897226,2145,256
7052,2.11108541559487e-09,0.7247648583360816,2039,256
7053,0.0080454147212091,0.4742539220720886,2017,256
7054,0.17267758981362452,0.8459799590421171,1992,256
7055,0.0034642625487699918,0.0433506323548769,2043,256
7056,2.466097971560833e-10,0.9466588446956444,2167,256
7057,0.0007726527940983536,0.566715160045885,2025,256
7058,1.5951644979865073e-10,0.878119023215918,2009,256
7059,9.787521360246354e-12,0.816306962058936,1974,256
7060,0.39314846507092505,0.3303668312334468,2027,256
7061,0.006465933488923761,0.5155951042973429,1954,256
7062,0.14321782639576755,0.9858431555249488,2082,256
7063,0.002079846259884771,0.5517097637277542,2090,256
7064,2.352303761965795e-14,0.6526645332459533,1994,256
7065,4.7881801483593765e-08,0.1531734703955062,2112,256
7066,21.560898640904686,0.4572988246856038,1953,256
7067,0.00026869687239781525,0.3822679890621893,1929,256
7068,0.0024987524196537748,0.7057689167436656,2074,256
7069,0.16975931668163668,0.438206842742242,2103,256
7070,1.7042842808300215e-23,0.3627187414374516,2110,256
7071,0.038628454920184935,0.5595184169809555,2073,256
7072,3.0866914809713046e-06,0.7898570437760654,1934,256
7073,0.5934166171913507,0.2334978825371535,2016,256
7074,0.0007059146709797787,0.6683449473197617,1947,256
7075,1.0057282897663891e-14,0.3963526968381502,2024,256
7076,0.2276184434899535,0.3026454305051403,2147,256
7077,1.7408747225261398e-26,0.0041442066031094,1968,256
7078,1.8476525865902516e-12,0.3183429076333055,2143,256
7079,1.1953882860065384e-10,0.3969946401398879,1934,256
7080,0.0002413410777473919,0.9189522742929468,2004,256
7081,0.19181229511484002,0.0771538857019367,2107,256
7082,0.014153668168400408,0.4274352707482594,2120,256
7083,9.088154576815818e-08,0.0301352852034819,1943,256
7084,1.1820880640140699e-11,0.7053347926583985,1936,256
7085,7.635516480372978e-06,0.2546614394567453,2173,256
7086,3.698489115364648e-06,0.6848479845978348,2174,256
7087,2.538380661869771e-06,0.2878957261615341,1934,256
7088,0.42475310168968516,0.1940488722076039,2170,256
7089,0.00012635647780387762,0.7535138080857348,2161,256
7090,0.05772434844150432,0.0806353348811625,1920,256
7091,4.769948005592239e-08,0.0442487136299694,2051,256
7092,3.432092946133804e-11,0.2309280593477544,1938,256
7093,5.95707010432364e-10,0.990660239817584,1951,256
7094,11.402487343542761,0.6565571234544569,1959,256
7095,7.28565496401011e-20,0.7595482161655708,1945,256
7096,2.488324452756353e-19,0.0924532423874576,2024,256
7097,0.000458784805073299,0.2474755922730189,2074,256
7098,1.0394762395096089e-17,0.7848917835802394,1929,256
7099,0.013750775407989073,0.6675346323677399,1987,256
7100,1.4132739428287312e-15,0.767506785422426,2151,256
7101,0.0005099266953518742,0.7952648629092428,2138,256
7102,2.213325070152323e-05,0.6342203172005922,2100,256
7103,6.337616868446792,0.6500820253336664,2002,256
7104,0.005530511904552224,0.345418045828235,1981,256
7105,5.837319930534049e-08,0.5795406067049409,2022,256
7106,6.631279011105908e-32,0.0083216617059527,1960,256
7107,0.07751584855118653,0.6683020560204259,2140,256
7108,0.7774787583367518,0.8528874789880749,2077,256
7109,2.5234057483748854e-09,0.3151673939893252,2070,256
7110,7.6484421293094e-08,0.8137292653600349,2012,256
7111,0.41261812325373,0.7447829068183881,2157,256
7112,0.026423457093806103,0.6304833466027338,2107,256
7113,4.412478450052228e-12,0.3604718079843437,1964,256
7114,1.3390657034852656e-29,0.9281007981117476,2014,256
7115,22.816272034102113,0.7080856541700574,2119,256
7116,0.0012589084376952067,0.9674288027997175,1932,256
7117,0.12233565093452511,0.7646652424672917,2054,256
7118,0.009061686892766985,0.775215829269385,1995,256
7119,1.5402959786321863e-05,0.8838260812982964,1931,256
7120,0.002219295007939242,0.4621836942021228,1977,256
7121,4.2752244273592423e-10,0.7060574065737039,2127,256
7122,2.262830456697754e-31,0.7029936546273292,2002,256
7123,0.03502405754412964,0.7329277755240986,1951,256
7124,8.711431002639947e-13,0.7451488875713397,2001,256
7125,0.00195907032677225,0.7065024587428569,2010,256
7126,1.5123574259952745e-12,0.609829874292581,2062,256
7127,1.984032443084452e-05,0.5894448826882168,1981,256
7128,15.244936276088064,0.8390508604315239,2017,256
7129,3.440289741376234e-16,0.6797602574269079,1974,256
7130,3.1204589976824875,0.0726819940442932,2067,256
7131,2.1151908410117432e-08,0.4834307148712412,1951,256
7132,0.023958241467421447,0.614336573225256,2134,256
7133,0.0005088002841463085,0.4067340031306877,1976,256
7134,0.0014808153919929617,0.4723684032653252,2032,256
7135,1.2329378492002384e-16,0.3371759438347391,2161,256
7136,0.00015227368762990324,0.1349258653043605,2112,256
7137,1.2639129813955847e-08,0.7677774975712042,1929,256
7138,0.0002120743331038461,0.4920803724533692,1988,256
7139,4.3327116875535345e-07,0.3090871775491211,1940,256
7140,7.431668310263998,0.2995307557675216,2011,256
7141,3.353727049737422e-06,0.470705073109292,2174,256
7142,0.4673734223470649,0.4437485118282446,2138,256
7143,4.540590089427613e-11,0.5367674942488448,1959,256
7144,5.553700995802084,0.3671771088424251,2127,256
7145,1.3789740579821187e-09,0.5816463586382957,2023,256
7146,1.2271712763064927e-08,0.0076203228632957,1947,256
7147,0.6087808833840236,0.9411867671164516,1992,256
7148,6.645257679030718e-07,0.1389279931028016,1983,256
7149,0.0014924128300801904,0.9749974305999024,1924,256
7150,1.2736488467825432e-05,0.0891443281272473,2080,256
7151,0.00364127949449588,0.1908005315317328,1976,256
7152,0.00013055799645151847,0.5034146268620653,2152,256
7153,0.00010795873781832283,0.7402896753368842,2146,256
7154,1.4532197228438632,0.4562915608457055,2142,256
7155,6.972569454458393e-08,0.5951927257816066,2099,256
7156,0.0005387330837892461,0.3884682059513735,2174,256
7157,6.742945488560102e-05,0.0928177647769958,1939,256
7158,0.21141014602117508,0.1906774902978874,1973,256
7159,6.625737199133354e-10,0.0088573244932329,2107,256
7160,0.01703802465788854,0.3353840829650656,2147,256
7161,7.84556074210484e-07,0.1312468582376765,1931,256
7162,8.047013269306267e-07,0.7289797801848751,2028,256
7163,0.05912090773647706,0.9545441474518496,2093,256
7164,8.227052139886422e-09,0.9375935382842088,2090,256
7165,3.0107393118894115e-11,0.3728389197602078,1961,256
7166,7.355497739970711e-07,0.1635476443227056,2033,256
7167,1.3012219764431053e-10,0.8248933830469638,1952,256
7168,0.002619519094933979,0.4453385169059282,2076,256
7169,0.8871245942408982,0.0016879566225669,1954,256
7170,1.1067841251324357,0.6178417856214845,2137,256
7171,6.583686171466038e-06,0.5682776650093886,2131,256
7172,9.347732119175264e-11,0.5484244666558277,2130,256
7173,22.48601601569172,0.3237674203419717,2049,256
7174,2.368764358510557e-11,0.5188436211468131,2008,256
7175,4.905865213023391e-08,0.043624599916196,1924,256
7176,0.00016516076588351183,0.0826307963582041,2120,256
7177,6.993802398121373,0.3986875266798881,2113,256
7178,2.4268250959927517e-17,0.5135818446516713,1951,256
7179,1.943770755359912e-05,0.6875984372070368,2019,256
7180,0.005464454358423342,0.842839463417568,1967,256
7181,2.030393939200317e-06,0.0222392094616273,2110,256
7182,8.449178492040886,0.2472147636500021,2034,256
7183,1.2919889932983717e-07,0.9238760300790348,1928,256
7184,5.981421257846518e-15,0.3014728141601348,2070,256
7185,9.395241261444801e-07,0.5512823306306854,2116,256
7186,5.155021501274245e-09,0.3549394901503846,2161,256
7187,1.1275608098098798e-06,0.8765350424523933,2092,256
7188,0.001130135374570807,0.8112544045531774,2107,256
7189,0.00041230408847139926,0.5568906987307016,2053,256
7190,0.00012121368243588372,0.1502020657575977,2116,256
7191,0.0049219919540443415,0.3923577805510463,2073,256
7192,0.01487124485770211,0.8734273081108375,2050,256
7193,0.010983013164736648,0.7398071277453662,1979,256
7194,9.996528940370221e-09,0.6347298656014078,2130,256
7195,5.084936688006697,0.5575513284249013,2076,256
7196,9.584531699369856e-18,0.230696062581887,2081,256
7197,1.4486908248691163e-11,0.5790279779575767,2078,256
7198,0.16043727662202947,0.5006791181743839,2124,256
7199,5.565810157684419e-05,0.9748329044331926,1964,256
7200,4.849632641693223,0.6421779660395228,2086,256
7201,2.010947608698725,0.6264090143612984,1936,256
7202,3.3085624086649265e-15,0.162030911602284,2018,256
7203,4.149492884261949e-19,0.2304471673533458,2135,256
7204,0.0013993228995830451,0.8259500378111986,2032,256
7205,3.052943849323856e-13,0.0642381768201981,2070,256
7206,9.154192282038743e-07,0.6665675279752842,2151,256
7207,3.3274468498276667e-12,0.2040087723654213,2091,256
7208,1.0833558185637959e-07,0.0166617642663189,2069,256
7209,0.00018590917763983695,0.0001431146188761,2110,256
7210,20.61058562137863,0.8020826299661953,1999,256
7211,1.156650669764583e-16,0.3723995239273311,1989,256
7212,1.241050668162489e-12,0.5120687425186299,2022,256
7213,3.836847620506247e-12,0.4825592322219517,1983,256
7214,0.00010843853947174697,0.848694596225949,1941,256
7215,1.6548834744916383e-05,0.6915446342623935,1976,256
7216,0.004874847366532026,0.5129441114581458,1947,256
7217,5.565263570019512e-10,0.2601059877973056,2077,256
7218,1.2091147773264589e-15,0.2331088449750338,1938,256
7219,4.438353516246367e-08,0.1825789917094425,1923,256
7220,8.960836304953593e-14,0.7608110302319102,2098,256
7221,3.182603762445718e-11,0.4219031733098871,1927,256
7222,5.920527615613427e-13,0.3938474254478765,1951,256
7223,3.75394695080664,0.977749868276075,2160,256
7224,0.00020996969512815535,0.2602407888620967,2151,256
7225,4.43782451656676e-05,0.185179678149323,2148,256
7226,0.03810708083074317,0.2521414456939567,1946,256
7227,9.843934123091776,0.391893679972616,2003,256
7228,0.6076631318144826,0.6202692790763907,1955,256
7229,7.240254046484494e-10,0.4267585269950562,2060,256
7230,1.0723376608550156e-05,0.4264081324470694,1963,256
7231,8.75704544198341,0.5144708935423683,1921,256
7232,2.254869841291099e-09,0.1780650257271091,2173,256
7233,9.200224675500904e-05,0.0370398466853647,2052,256
7234,3.637815582705354e-15,0.3782081608628861,2006,256
7235,5.68949844862044e-12,0.4078946051225353,1955,256
7236,1.7328699785256057e-11,0.7481637153368784,1978,256
7237,16.572007265670372,0.5809345478430017,2157,256
7238,5.5404119486276044e-05,0.3783200082281474,2106,256
7239,2.679340973616657,0.28164692144905,2069,256
7240,0.9542513452329215,0.8819410540993934,1962,256
7241,3.41188220588775e-16,0.1437850370604401,2025,256
7242,0.014633783703566659,0.9232084943518074,1932,256
7243,7.370781001182095e-06,0.602081383800807,2100,256
7244,0.6693336005319113,0.1544480952241447,2099,256
7245,4.916357999472265e-19,0.5325335635242554,2118,256
7246,1.2754922055076542e-22,0.7880389981208341,1931,256
7247,7.043969864294986e-16,0.8604555774769622,1968,256
7248,4.0559319997346916e-07,0.7509540153714533,1992,256
7249,5.402203990692718e-09,0.9932499308470476,2134,256
7250,0.1610874752097972,0.6987220062638602,2110,256
7251,0.13466272749238095,0.1620232663301669,1998,256
7252,0.00037907426386114395,0.9894809341071282,2075,256
7253,6.723858347864512,0.4739445090562884,2094,256
7254,6.700971914844242e-05,0.1361958576402633,2044,256
7255,3.2021758714779174e-32,0.3131901640952712,1977,256
7256,3.9297336809047124e-05,0.7810426957142663,2078,256
7257,1.6349563357286853e-17,0.1374068607607614,1929,256
7258,0.2481450643807819,0.8566364967962483,1966,256
7259,8.034618742498105e-05,0.2069307956002803,2057,256
7260,0.13031171040541212,0.7280310330843937,2107,256
7261,3.896954721812613e-16,0.1863036408952527,2133,256
7262,1.1420047945032353e-17,0.9841623696020018,1933,256
7263,0.008899700309135434,0.7616137226814247,2141,256
7264,0.6918830322879785,0.9522894920010556,1923,256
7265,1.024002268665538e-08,0.3311692489151133,1988,256
7266,0.0010356430498877182,0.9002149869227053,2002,256
7267,4.423086237504786e-06,0.253977005621683,2078,256
7268,0.001504483016315867,0.2123387593944197,2000,256
7269,7.602673558419472e-05,0.5829396836349278,2014,256
7270,1.6405906354593086e-05,0.5375893990113749,2044,256
7271,2.042268759588622e-10,0.6824716929854645,2170,256
7272,6.165365667471817,0.5760975486236359,2108,256
7273,8.703573107605767e-08,0.1673611356960871,1978,256
7274,0.0828304988765073,0.3652248818024215,2031,256
7275,4.795555347476369e-07,0.221928757860926,2123,256
7276,1.2145658086833254e-08,0.5962717160420521,2094,256
7277,3.6460977497949547,0.7013975879491849,2086,256
7278,6.434153911984174e-12,0.5343692594118444,1975,256
7279,1.4378526626673192e-07,0.534262715639251,1950,256
7280,0.9032169935665156,0.5538389781022003,1920,256
7281,2.871080994508986e-07,0.0545192726277747,2161,256
7282,0.00014458720420471946,0.2326974752159355,2017,256
7283,5.078097304505228,0.885114830992778,2117,256
7284,4.895148205582862e-10,0.9876952698176822,1947,256
7285,12.304844613225915,0.8870108564652168,1993,256
7286,5.626984609278859e-16,0.4641923024289294,2173,256
7287,3.6700786862682766,0.5010452998344553,1960,256
7288,3.7219226299002916e-11,0.002190872352664,1946,256
7289,0.008226648027851498,0.0413899721990148,1947,256
7290,5.180161877202489e-18,0.9945841414116507,1959,256
7291,5.2369030763328515e-12,0.5960997300449686,2106,256
7292,0.7462481484198138,0.0922837843393113,1975,256
7293,3.850896541830086e-06,0.5270455148315358,2059,256
7294,0.0002996558665247618,0.0717664704796362,2012,256
7295,0.00010260770582363718,0.4149706970570467,2142,256
7296,9.598909548336455e-06,0.9874455163871824,2163,256
7297,0.040805021059110845,0.022017997233712,2132,256
7298,0.00012141282616655243,0.5096356080317247,2128,256
7299,4.457744300456212e-16,0.5080164638033754,2045,256
7300,3.2565796403590846e-15,0.251115082835471,2023,256
7301,0.02122886274534414,0.7368508953646157,2164,256
7302,0.06073903206947434,0.9843029529616414,2079,256
7303,3.892762347924241e-16,0.7461932447727952,1943,256
7304,2.128569269114783e-08,0.7055218312683189,1975,256
7305,0.14522375915027472,0.6992528849914924,2037,256
7306,4.406911690335087e-07,0.3143012654575045,1931,256
7307,0.0016245532496533223,0.9674771085475208,2041,256
7308,0.022916042982280563,0.1946701102566845,1991,256
7309,4.687362230144022e-08,0.3810730256364892,2091,256
7310,1.861570955085037e-07,0.3608215142686972,1958,256
7311,0.037552567548652674,0.6528196972391778,2001,256
7312,6.278642917444888e-23,0.5184206513574198,2101,256
7313,0.00031469920447775167,0.8033114542764386,1992,256
7314,1.1379285846449205e-13,0.4464301831320033,2039,256
7315,8.553866260588143e-30,0.9858889556885352,2070,256
7316,8.745300044239577e-37,0.8836725627643991,2019,256
7317,5.002627257496795e-12,0.2894063425539476,2094,256
7318,7.381987054109111e-07,0.5990233381301764,1978,256
7319,2.8037763990856594e-10,0.7724562698384266,2067,256
7320,0.09087806071160812,0.8475623849199465,1953,256
7321,1.4118232271771633e-08,0.45505300515545,2011,256
7322,2.8568398614387354e-25,0.3468184766474196,1956,256
7323,9.655337671872015,0.3268822126259271,1949,256
7324,0.002574253055402646,0.7408833513383232,2060,256
7325,0.6859196228789775,0.6027907738781625,2157,256
7326,2.9079625022897697,0.1105016868412468,2062,256
7327,0.5283600464133157,0.4703834151754279,2103,256
7328,1.1700386908402364e-05,0.0237214404118716,2141,256
7329,9.408385504839282,0.0951727459493304,2057,256
7330,9.399292178356876e-05,0.9495752046879932,1946,256
7331,3.4381759084935937e-22,0.6334062024217885,1968,256
7332,1.5419593369780998e-13,0.8263525287113328,2159,256
7333,9.795401015588274,0.174598388378839,2108,256
7334,1.2771843676092773e-07,0.2005943586932699,1961,256
7335,6.620348556468236e-08,0.0726088301380862,1928,256
7336,1.5841925750511292,0.0131457657688506,1978,256
7337,2.822384021446835e-09,0.6458053945984049,2158,256
7338,0.009898651285875708,0.578064159787292,2011,256
7339,0.41371814248514455,0.6321568510458369,2170,256
7340,0.0002580311169269709,0.6542432604628192,1996,256
7341,0.003030825438753639,0.571390540928059,2082,256
7342,0.23240654046141948,0.3214628766160661,1981,256
7343,1.794617412121944e-20,0.538840734015408,1955,256
7344,1.178919084047666e-10,0.4937451813679678,1928,256
7345,4.0672127684474064e-05,0.0031888156383177,2067,256
7346,1.5203527469194313e-08,0.5016477138143267,1934,256
7347,3.187983176374206e-06,0.8634164958101471,2063,256
7348,0.011359389134576816,0.2377092817350846,1940,256
7349,5.259077919200983e-10,0.2005193940610183,2166,256
7350,3.705989551088645e-09,0.6756209061013141,2133,256
7351,6.318650995045534,0.0399543537964238,2166,256
7352,1.2595828689045762e-05,0.0902542654936295,1981,256
7353,1.9316227765101946e-11,0.9618215769384836,2160,256
7354,0.17691621822095438,0.1522370596319835,2174,256
7355,2.5709722739452815e-17,0.9723927092474568,2020,256
7356,24.795493326249332,0.788786218069029,1992,256
7357,0.12632545937596032,0.3419960375960201,2156,256
7358,0.184823416645234,0.4274314491291473,1922,256
7359,37.902679428004525,0.9469606203656772,1951,256
7360,1.7929788489872496e-05,0.6987324153921292,2014,256
7361,1.5276922304991302e-13,0.4412511997566454,1937,256
7362,4.2805895590530703e-19,0.822671361863267,2115,256
7363,1.8338974103067886e-17,0.1381220577951135,2074,256
7364,2.0791232025671693e-06,0.8608666824973278,2144,256
7365,0.0003400519970808673,0.850929227918779,1934,256
7366,5.490207844228405e-06,0.7175454131961634,2112,256
7367,5.284167174417585e-14,0.9683835777674874,1925,256
7368,1.0713045637524955e-06,0.2089836443518516,1974,256
7369,4.1704373405201785e-08,0.0544747476447121,1965,256
7370,0.7135513463988045,0.0581061852227884,2088,256
7371,0.00017338984953129408,0.9588936564325904,1994,256
7372,4.220680372558461e-14,0.2020499121175712,2163,256
7373,0.00010460167051290866,0.1731515911032366,1972,256
7374,1.792960764362403e-05,0.2314998913694084,2071,256
7375,0.001067356051103844,0.5544654804015845,2039,256
7376,9.59385549302262e-06,0.49898061903795,2029,256
7377,2.2958501396097126e-17,0.106307178881804,1980,256
7378,0.8003112214579775,0.5568964914728269,2031,256
7379,6.461920346407022,0.2138953481623783,2160,256
7380,0.06887367463571598,0.4731430825342583,2108,256
7381,3.9835653240042135e-08,0.1797050689322554,1965,256
7382,0.12205531633442503,0.8380048409832561,2073,256
7383,3.392879779315871e-17,0.3359845142077944,2150,256
7384,2.1457159718870114,0.3149165209067246,2175,256
7385,5.057175845023163e-20,0.7614661597804508,2027,256
7386,0.04363736260672817,0.4048840625156761,1928,256
7387,0.0012466972237771404,0.3497621670249714,2099,256
7388,5.065476943240588e-30,0.3487328829914046,2086,256
7389,3.2115732306502774e-11,0.7240069064971593,2004,256
7390,0.00015081122633124,0.9583633081721212,1965,256
7391,1.3841289753626133e-42,0.995397048680916,2117,256
7392,0.7077274575185633,0.3467311203897186,2148,256
7393,10.721066642805491,0.1212081814800262,2077,256
7394,2.776820636150999e-07,0.2470159691155412,2167,256
7395,0.00016436067437505564,0.9369253447328352,1972,256
7396,0.0794466401424742,0.7384159854271816,2016,256
7397,2.845018668781302,0.1751220267739808,1947,256
7398,0.023379085235006133,0.4731260649811875,1935,256
7399,2.542021565469673e-06,0.7518738452163446,2102,256
7400,0.0006259109053217639,0.6008023372451111,2035,256
7401,5.492132158605656e-10,0.4540416135232312,2058,256
7402,0.5156011972005503,0.253636789081536,2087,256
7403,0.015360621948096431,0.5845562464485391,2015,256
7404,5.8088425970722817e-05,0.3674371291370782,2130,256
7405,1.1186250920473182e-06,0.284599267847338,1967,256
7406,1.4451835235828842e-06,0.7664045735439716,1941,256
7407,8.1088327636995e-18,0.2335142551428256,2170,256
7408,2.2457246183947137,0.6617244485953586,2122,256
7409,8.902272179463432e-08,0.0839726523934867,2019,256
7410,0.00026496523151682067,0.8358687530262503,2019,256
7411,4.078914863470022e-11,0.4467849290935459,1965,256
7412,0.021394109774989314,0.6918229614816798,2164,256
7413,6.432082321356919e-09,0.2497115110363322,2129,256
7414,4.732113730198959e-05,0.8964795108599087,1994,256
7415,0.16480618178666914,0.3790695383387996,2108,256
7416,7.55665763530826e-08,0.5613435639804878,2075,256
7417,0.04322587789660924,0.6824989296469613,1943,256
7418,0.09755393615202379,0.1008256716485835,2143,256
7419,0.17806353015876164,0.8682736412438269,2067,256
7420,0.009421537597863969,0.6586514608596198,2059,256
7421,0.0008457040160137042,0.1869697380972406,2021,256
7422,3.2202893909639482e-06,0.1096727189566721,2101,256
7423,0.2314238884871926,0.0252292136838263,2004,256
7424,0.4674393395933016,0.4126200282264578,2155,256
7425,3.4775874058709144,0.8797371717262078,2159,256
7426,2.674969946527146e-06,0.584695379170918,1940,256
7427,0.06845563590142961,0.8795604831382025,1956,256
7428,1.5990786393443732e-05,0.4241922045310283,1950,256
7429,5.06045431437864e-05,0.6314303850605669,2131,256
7430,0.0015577223021091267,0.5703310881722936,2087,256
7431,5.988356868580665e-29,0.5739334943656881,1921,256
7432,4.769270960489286e-09,0.7812778114486485,1929,256
7433,0.0003743886088809455,0.2629524104457291,2015,256
7434,2.4078588120919558e-05,0.3864293838941568,1977,256
7435,5.684065785297656e-13,0.0011872476104833,2090,256
7436,2.2153275779707083e-21,0.284429950590263,1945,256
7437,4.8015848181825495e-05,0.5169363831517346,2147,256
7438,0.18644943074401787,0.0290282733155625,2100,256
7439,1.4555614788225705e-05,0.82252194148447,2120,256
7440,3.466618402757852e-11,0.4831157295527791,2121,256
7441,0.007936998109295669,0.7537152903867214,2131,256
7442,0.010524631161973906,0.7384896835877214,2171,256
7443,8.555176358043682e-12,0.7308760887399562,2168,256
7444,0.14560969073854255,0.0468271769169896,2095,256
7445,2.6197502835918066e-05,0.2458121661926602,2152,256
7446,6.145590623784127e-15,0.4595533361679343,1983,256
7447,0.00016283139155589199,0.3089581536391695,2103,256
7448,1.2184140176718004,0.8256383076226773,2048,256
7449,1.6166158529122554e-08,0.8615911601633834,2027,256
7450,1.104771501230168e-10,0.9316228878933734,1980,256
7451,3.062350327100886e-06,0.7096932550206301,2068,256
7452,1.727456475848738,0.4375153761471783,2161,256
7453,0.9534227835200417,0.1783794984758315,2154,256
7454,6.374836578680983,0.1016892776250039,2054,256
7455,0.00017059385994264465,0.1021962301484091,2139,256
7456,1.743484217220738e-11,0.0468583687696191,2061,256
7457,0.0028213709651556678,0.6288333646730964,2114,256
7458,0.017349316936231117,0.7734836910152355,2059,256
7459,1.0456689417480137e-07,0.9381102494654058,2034,256
7460,0.00023358427700869705,0.992460824646154,2137,256
7461,6.126554498581935,0.3800759612102939,2023,256
7462,0.0017002254750536673,0.3571844440726713,1987,256
7463,0.0036793748404210366,0.378693839147068,2096,256
7464,3.362668817242928e-06,0.5019584707376559,2115,256
7465,5.058940098236109,0.3950616694233156,2067,256
7466,6.887726761724258e-10,0.508754658531718,1987,256
7467,3.240620031955825e-19,0.5030319463305286,2167,256
7468,5.484384400684329e-07,0.0646576788796118,1956,256
7469,0.09194271579969718,0.7021069204711309,2006,256
7470,2.3560070216707657e-06,0.0602711946785313,2171,256
7471,0.071008577030664,0.6702116406374812,2072,256
7472,5.5044622768772474e-27,0.0729171680189573,2093,256
7473,1.4873808033432475e-09,0.981810767730298,2007,256
7474,9.43764010449316e-28,0.5530268004483211,2165,256
7475,0.8424311458141609,0.1305693301253502,2028,256
7476,8.383740432270239e-06,0.5310823230925497,2010,256
7477,2.486642356411924e-08,0.4314910368650636,2108,256
7478,1.135144252920488e-17,0.858080005042465,2084,256
7479,3.4003932720680415e-05,0.5331558530390446,2166,256
7480,1.8814472104311912,0.9494623194886316,2043,256
7481,0.6178307280526965,0.1181742650466722,1948,256
7482,0.07592682032030891,0.8204980866621748,2112,256
7483,2.2278484910906576e-10,0.3182078033189591,1935,256
7484,9.098160274956966e-08,0.958323943397238,2079,256
7485,45.78747824983898,0.2675549445543447,2002,256
7486,7.905325427072241e-07,0.5329706020453995,2053,256
7487,5.801669268203328e-18,0.3753394570657822,1987,256
7488,30.7316627001682,0.9832477496419616,2054,256
7489,1.4945017089182204e-09,0.2295225587953909,1964,256
7490,0.00038641440796692816,0.0794396727336196,2171,256
7491,6.5220728802799774,0.7234224551066085,2083,256
7492,1.45211020203129e-05,0.9165567431615864,2074,256
7493,0.48478859691337073,0.0385528882820499,1927,256
7494,1.5908755956776484,0.6860162676070775,1976,256
7495,14.474944939376115,0.7374836667439525,2140,256
7496,2.021064161753752e-08,0.8843431836886484,2101,256
7497,0.0015956152893052064,0.9424048404983816,1995,256
7498,0.8380432098578858,0.3128810484574438,2101,256
7499,2.3085749637878316e-08,0.810954063446223,2090,256
7500,3.576986416069709,0.7631929188108264,2089,256
7501,1.337169628389372e-22,0.2317318620408456,2013,256
7502,0.0024760212957810395,0.4301520868592601,2098,256
7503,3.1104996595737134e-05,0.3184165230972298,1965,256
7504,3.570998473109291e-11,0.5049329706100282,2097,256
7505,2.008137347082459,0.7832299669236593,2162,256
7506,0.001202153518065906,0.7300185059445776,2135,256
7507,0.005170134353261537,0.036940582969148,2099,256
7508,7.49985394068432e-16,0.5799143482016555,2099,256
7509,2.288649811378227e-13,0.6810769794642711,2036,256
7510,0.017417810750934102,0.0309205611886046,2061,256
7511,6.126680373199914e-11,0.4533722171895019,2111,256
7512,7.456819453876914e-24,0.5724789834759554,2010,256
7513,0.14595488346699637,0.888961575806992,2125,256
7514,2.124023994735329e-16,0.713764510839594,2005,256
7515,0.8578482963804758,0.2521345335038147,1948,256
7516,6.227327151723791e-07,0.3572680512719268,1947,256
7517,0.20568312594459587,0.7788644508756855,2141,256
7518,2.594514433579753,0.1015043474286786,2010,256
7519,0.08127797055682431,0.2899203819407839,1983,256
7520,1.0692669300018044e-06,0.951603844776478,2110,256
7521,0.10679860034078865,0.2270794320409148,2056,256
7522,6.654066575662907,0.9528708835702302,1947,256
7523,0.01236820708780557,0.7012944340665515,2103,256
7524,0.00017931213362702318,0.527575234571927,2059,256
7525,0.00013676693792729483,0.1353886527270682,1923,256
7526,0.12409459815381109,0.1743468813664946,2055,256
7527,1.1017748949926782,0.5292276095296514,2145,256
7528,0.12274149635053304,0.0221663292161097,2019,256
7529,2.2266271353057165e-06,0.3786332896526365,1975,256
7530,1.2976396991866881e-05,0.9288722538248476,2158,256
7531,1.428788272948131e-07,0.6542113508211034,1943,256
7532,0.015108108588556528,0.3725086547701207,2125,256
7533,0.39699568010095476,0.0581316527536508,2155,256
7534,0.000846830764969982,0.4290030306043781,2097,256
7535,8.674034716819031e-05,0.8491185121451513,2013,256
7536,0.0558246150331378,0.1982999599424995,2055,256
7537,9.96782030858778e-07,0.723017759116229,2032,256
7538,1.3814232116330424e-13,0.1268092180144456,1955,256
7539,9.29870568051689e-08,0.2398300706875891,2131,256
7540,0.19362305004931069,0.7721006821702361,1988,256
7541,18.66565167970658,0.878937519694085,2011,256
7542,0.20752604802819702,0.1358184788051634,1968,256
7543,3.156225197441809e-07,0.8570571781685514,1974,256
7544,2.7630255888746835,0.6487971607797591,2015,256
7545,2.630288106368923e-06,0.1819799568244667,1986,256
7546,0.008432298730080742,0.8155325172856153,1945,256
7547,1.0586012666255287e-10,0.6095578719593232,2080,256
7548,3.5694385575736386e-05,0.8063981793126878,1958,256
7549,0.12520597593146954,0.121409538020989,1953,256
7550,0.011611684826358182,0.1068381179955706,2126,256
7551,0.19917891096038032,0.7095063321534875,1955,256
7552,0.031515828429011246,0.1853883089130443,2079,256
7553,2.596436876215494e-05,0.6816871566917854,2007,256
7554,4.403029127280895e-18,0.8402567547010793,2066,256
7555,0.12985565227832518,0.6830016087554858,1954,256
7556,0.023574330124452016,0.9012493773040584,2016,256
7557,0.023757831264553678,0.6698579951627684,2039,256
7558,0.0016813532867344099,0.6476856437668345,2076,256
7559,4.246003900115686e-13,0.8042607824154586,2174,256
7560,9.563125227138993e-21,0.4093125674711251,2009,256
7561,4.3752069214972804e-07,0.8052208446769762,2176,256
7562,0.04810484151256249,0.119928227876367,1957,256
7563,0.08763087369982102,0.5478349638403818,2049,256
7564,0.0635315928195462,0.1274938467838687,1976,256
7565,3.936947411255682e-09,0.9962898348751528,2086,256
7566,0.012664274229172545,0.9372036111206754,2168,256
7567,0.0024617893965983143,0.2163227019871223,2148,256
7568,3.4247557852358423e-12,0.936342919355708,1997,256
7569,0.0005646706413606254,0.2981693184767262,2146,256
7570,0.0360742795021558,0.4235221195056128,2095,256
7571,6.344521794249207e-07,0.7239189008936601,2150,256
7572,8.2166585175801e-06,0.0537974167256639,2099,256
7573,5.481582006725468,0.8928693519496509,2079,256
7574,0.03112544246672119,0.8874162105310678,2120,256
7575,0.08048852873775314,0.4458346762587403,2038,256
7576,1.1159763001325046e-10,0.8535928970524391,2107,256
7577,0.0032453753940743174,0.9136623950066448,1964,256
7578,2.4811773819657817e-09,0.4912414750210814,2137,256
7579,3.376742626356055e-08,0.9802300365547454,2174,256
7580,0.6121577000034566,0.5216698194527044,2116,256
7581,3.462764646531473,0.4210580372508784,2163,256
7582,5.5688227131029065e-12,0.2307408671068398,2157,256
7583,3.3710495846880115,0.88404380935745,2092,256
7584,2.2285449908264527e-10,0.3336083700509291,1979,256
7585,1.5576047947681553,0.1187142670521715,1933,256
7586,1.0878561081107597e-37,0.2992732506723934,2052,256
7587,0.1255320423928219,0.0266831649823527,2065,256
7588,9.039189830154417,0.4991976842100412,2052,256
7589,8.909620173346074e-06,0.6816542325660746,2144,256
7590,3.9674652202221217,0.1735748294191724,2019,256
7591,8.063352342987194e-08,0.7903894299197387,2091,256
7592,0.0015622871608878403,0.7713700634211431,2071,256
7593,4.680568313896209e-09,0.0519288276356312,1994,256
7594,0.011835582273182129,0.7872127913113816,2075,256
7595,1.3482982463478606e-06,0.6589354298133716,1949,256
7596,2.773277975887508e-11,0.5036957473623721,2146,256
7597,0.15531364762317168,0.8601504574174464,2064,256
7598,0.0036880896943197873,0.7854091523990524,2127,256
7599,2.347929965435634e-12,0.981060858930686,2069,256
7600,4.572637757568839e-07,0.3508402864632061,2155,256
7601,3.2104980494629332e-15,0.9737805033703978,1953,256
7602,0.7482626183423425,0.3075302077422326,1982,256
7603,0.04193793657886389,0.1157616368794386,1935,256
7604,1.7691643218262528e-05,0.5574594047284482,2097,256
7605,6.352349462746316e-13,0.4463288040554629,1947,256
7606,0.18788292884503338,0.6051930207636164,2111,256
7607,0.03634604193076233,0.3221766923544757,2100,256
7608,4.91443605770112,0.701704586475128,2036,256
7609,0.006185576550069173,0.8442253902841402,2125,256
7610,0.04543610435910501,0.5274371537596027,2020,256
7611,4.18772129264968e-06,0.767708344796389,1991,256
7612,5.0458590922961907e-05,0.470858209458299,1984,256
7613,8.894079746418756e-25,0.4736100698112937,2062,256
7614,0.08774643769464158,0.4097709829122865,1970,256
7615,0.6324523048628327,0.0956090904707237,2003,256
7616,0.01708986436678606,0.6927906892745809,2117,256
7617,0.0012185253537713532,0.2755594938622899,2123,256
7618,7.789762898054124e-07,0.707915354180264,2052,256
7619,3.4041252950643327e-06,0.211729005944131,2009,256
7620,0.0005908376110286925,0.6608685383084721,1930,256
7621,4.85398513953704,0.3729867049634162,1973,256
7622,6.039712050618848e-07,0.5119729507362666,2087,256
7623,9.125054292041231e-14,0.7736754855593725,1921,256
7624,0.26681191209109,0.5102511504345216,2065,256
7625,0.09617066486602735,0.8358869590647655,2076,256
7626,9.759025741983025e-20,0.4152801715196851,2060,256
7627,4.2655559042852885e-24,0.4600044640184232,2089,256
7628,0.16327342439982698,0.8441018056828717,2051,256
7629,2.893942038338629e-08,0.8086365415484853,2082,256
7630,2.128660589175981e-17,0.0128335244092715,2175,256
7631,2.178139365523964e-09,0.7539214236488301,1950,256
7632,3.5983391363024078,0.2588596570546938,1956,256
7633,0.10948466851109583,0.4931708893486357,1971,256
7634,8.065434706180866e-39,0.0455067934622006,2117,256
7635,0.000324916980594392,0.9174762657531336,2020,256
7636,0.09775072721337538,0.7981001559825103,2094,256
7637,0.0033715457780172926,0.2527079986265639,2053,256
7638,4.754017972438408e-05,0.4453025367152584,2094,256
7639,2.9708939786101418e-05,0.2955022185408749,2054,256
7640,0.0156744572452943,0.7898566597157737,2117,256
7641,0.008896171179586779,0.1091793567004293,2024,256
7642,0.0841325916994842,0.3977403068756716,2116,256
7643,0.3510207028699692,0.0420007262235456,2078,256
7644,0.00015897657420781567,0.7151253541590091,2078,256
7645,8.16605132538939,0.3292490776410718,2140,256
7646,1.8223882905587405,0.4380605788298292,2083,256
7647,5.602925109179063e-07,0.2274554855571796,2125,256
7648,7.413795862733812e-25,0.5911932315603765,1933,256
7649,0.4949619667482411,0.8396427272076615,2139,256
7650,0.011711766516117437,0.1200745332605331,2053,256
7651,5.910116188788737e-13,0.9796541042062326,1969,256
7652,6.347942857331889e-17,0.0011059947756399,2140,256
7653,2.242857361953291,0.5506025941348582,1935,256
7654,0.2091843161520345,0.5547717468792941,2141,256
7655,8.91328427773086e-05,0.5323996829091691,2048,256
7656,1.6615181286462137,0.7899269646597012,1990,256
7657,0.0002343569439660188,0.2609320650242126,2096,256
7658,0.004551459087388793,0.6454329855636763,1930,256
7659,0.054952986424347795,0.3155909421796509,2085,256
7660,4.932022831438935e-05,0.2934576861977033,2098,256
7661,1.000004109501343e-20,0.932345716849268,2071,256
7662,2.252410020116272e-09,0.7408562533212718,2175,256
7663,2.1251627690228445,0.7727521846068817,2173,256
7664,7.496357851775872e-13,0.5055067982621544,2134,256
7665,4.405816309179425,0.7531618403832685,2128,256
7666,3.544674451112412e-14,0.7061555096983945,2060,256
7667,2.1840481166036066e-05,0.0458254357903845,2146,256
7668,2.888397375690536e-14,0.8209755921187645,2007,256
7669,0.21402845545392876,0.4347196658145711,2038,256
7670,4.7739295808334475e-12,0.9659769724366633,2153,256
7671,6.918293361322378e-09,0.5837249660209272,1988,256
7672,3.337981922727259e-23,0.0263876768965207,1996,256
7673,0.00010298530703042022,0.5394679709610665,2160,256
7674,7.761485283903743e-07,0.92353768875692,1995,256
7675,9.195506567247461e-09,0.9655911849348722,2151,256
7676,9.954890216546501e-10,0.2849706969027092,2099,256
7677,6.5175218232412306e-15,0.2285151775214411,2143,256
7678,9.072969273477167e-12,0.6353795166050306,2171,256
7679,0.0012434678781494467,0.5919045060874594,1945,256
7680,1.0336166965505596e-12,0.8254919221308904,2068,256
7681,1.5975644140862524e-07,0.1008696513902139,2139,256
7682,1.3072132872317686e-05,0.2409597437899492,1943,256
7683,5.303383252387467e-11,0.8846731766639826,1957,256
7684,2.2420463487969435e-06,0.2598138691004863,2135,256
7685,1.2640477103565604,0.6384014622860653,2039,256
7686,0.00043763637838443076,0.4659802004224631,2005,256
7687,8.831774684730115e-16,0.1021660598492352,2105,256
7688,2.263093099373789e-07,0.4009748084410265,2038,256
7689,1.9920946721886297e-06,0.9232833583529702,2088,256
7690,3.803418365878071e-21,0.3883526628316803,2101,256
7691,2.9702278843350733e-07,0.333754212016331,1948,256
7692,3.932454558190835e-10,0.6608866492055068,2057,256
7693,2.747840870698298e-10,0.0013718407918096,2146,256
7694,10.341756212229482,0.6748825846994659,2090,256
7695,1.1854789339256923e-10,0.4293798781457214,2082,256
7696,0.0002889947114175353,0.3954815759256535,2068,256
7697,0.878694546526521,0.7047067990135302,2168,256
7698,4.894433544029023e-21,0.4690973162491971,2085,256
7699,7.160639535551711e-08,0.991822167497977,2055,256
7700,1.789792165589528e-07,0.0704972128579991,2109,256
7701,5.3931557907912515e-12,0.2669571902893048,2147,256
7702,2.1038707530424634e-13,0.5773332955218919,1972,256
7703,2.5220920831959155e-06,0.3380203621897902,2101,256
7704,3.7855892732834877,0.5309016253685855,2116,256
7705,5.830326793069694e-11,0.4439643805153508,2171,256
7706,1.704431107031034e-16,0.3310384916467485,2007,256
7707,1.1606348965065376e-19,0.6966138316696622,2057,256
7708,0.003045121313500746,0.5454542240430634,1929,256
7709,3.41448818110566e-08,0.3993338761144747,2081,256
7710,1.9161508179312607e-05,0.8618520643495867,1981,256
7711,0.003612867775925302,0.1793117608726993,2162,256
7712,5.541294480403839e-06,0.1845365355466512,2031,256
7713,3.893915000123597e-32,0.8317490612981984,2016,256
7714,9.53448542939131e-30,0.0411498804818896,2038,256
7715,7.83212484737663e-07,0.2880166540018494,2017,256
7716,8.8273341800315e-11,0.091261186527092,1953,256
7717,1.249914113375743,0.112452430654109,1937,256
7718,1.0898579879362867e-05,0.0326430915825368,2071,256
7719,2.0820633982088457,0.8132208363585615,1984,256
7720,1.0259726914858551,0.9938532349413371,1987,256
7721,0.015424148795929928,0.5670437733138054,2006,256
7722,0.12089851239753664,0.7575740879323879,2001,256
7723,9.361754023687543e-14,0.8305250697112831,2011,256
7724,13.766220352713855,0.9380549959354296,2040,256
7725,0.00043334209390861024,0.9310787395911064,2121,256
7726,8.283414365672907e-07,0.255714105141026,2078,256
7727,0.7351776534697321,0.2492658915092076,1936,256
7728,0.0009634306610505421,0.048618586004027,2042,256
7729,6.764889605322484e-06,0.9200922499048207,1953,256
7730,0.0016287235042623867,0.361606976325172,2077,256
7731,11.108517834523624,0.884552033518454,2013,256
7732,1.6384973494277316e-06,0.987609496700168,1981,256
7733,5.7426842628736425e-06,0.9427530291043782,2092,256
7734,4.841755571617857,0.4963084051704124,2131,256
7735,1.0212435253195844e-27,0.6368714593644162,2044,256
7736,0.17877541442673645,0.4604391097155609,2045,256
7737,7.440359388409843e-05,0.6199585680216032,2013,256
7738,1.9342661657073728,0.3733270531283333,1922,256
7739,6.008873072364232e-14,0.9448614993032576,2132,256
7740,2.9749929580050068e-37,0.9307635458295568,2136,256
7741,7.743767822145855e-15,0.2056801495503881,2022,256
7742,8.075057353486706e-06,0.4884460794745162,2040,256
7743,0.4633884038310636,0.195990387365525,2105,256
7744,0.13784601546725828,0.2366600163196445,1922,256
7745,4.3739071790099084e-15,0.2202752661542596,2043,256
7746,4.390342218589031e-21,0.528140232875037,2169,256
7747,6.015117837909644e-13,0.257449519662842,1956,256
7748,0.7077012926878926,0.6440251504641235,2056,256
7749,8.830719889146748,0.0301488425446112,2044,256
7750,0.000869817195373663,0.0527224760449589,2088,256
7751,0.34625285262288763,0.9995778305711636,2164,256
7752,0.004245876729880052,0.9444421937695704,2005,256
7753,1.1502114457432975,0.5466216849970646,2135,256
7754,0.06216805339865329,0.1043134961160169,2032,256
7755,1.1635297752466165e-07,0.3011207134977801,1923,256
7756,2.561091242165098e-07,0.5492907573065569,1931,256
7757,0.0036594861022180326,0.4170623751745262,2027,256
7758,0.00013995067904380232,0.0769984455929108,2111,256
7759,0.12199857792875643,0.7264756721024225,2173,256
7760,0.002148000996798479,0.0475641224052288,1995,256
7761,4.191989312419661e-32,0.2498329691557005,2122,256
7762,0.04610789907226206,0.9783595911891438,1990,256
7763,0.0007049760845156392,0.7277185860818508,1950,256
7764,0.0272921121555602,0.58488607228745,1930,256
7765,5.26500002488485,0.5402452127515558,2151,256
7766,3.5950666073782156e-08,0.2163314686993649,2054,256
7767,1.378460204046916e-08,0.577169543005285,2148,256
7768,0.004364012710202057,0.6464300052928369,1939,256
7769,0.1089138740279108,0.7493134741981997,1973,256
7770,23.939769719816876,0.834439773613452,2055,256
7771,2.3883265471959523,0.9220470007892332,2157,256
7772,9.440647494905331e-18,0.2735190496987213,2135,256
7773,27.810073634640244,0.5695531908904481,2136,256
7774,0.9004029618034332,0.5607612424609537,2129,256
7775,4.1011818708227936e-08,0.9691298678639394,1939,256
7776,7.20441913423316e-08,0.0526192340086536,2165,256
7777,1.3558436812349613e-18,0.318029462034877,2110,256
7778,2.7564338726045604e-11,0.976416906375002,2170,256
7779,2.713243168759545e-08,0.995627009771516,1974,256
7780,0.377905074580026,0.6975325206177005,2152,256
7781,17.7023047351385,0.7392832388341833,1991,256
7782,0.07824667975810172,0.6954473359112483,1968,256
7783,3.648699262955784e-17,0.7111437229358328,1989,256
7784,1.882488851463437,0.8329807075793574,2066,256
7785,7.559273840652766e-12,0.9182222955098216,2135,256
7786,18.558452192793894,0.8178461866948707,1968,256
7787,0.00011243323480792306,0.5158848378094286,1971,256
7788,0.00018033077134758284,0.0119075190221047,1993,256
7789,0.009971820191148497,0.007895392855026,1978,256
7790,0.8231258324956556,0.9857236999035884,2118,256
7791,4.802982120746459e-06,0.7530001662252234,1987,256
7792,1.8117732839298456e-22,0.0058068986594113,2128,256
7793,4.794574068391318e-08,0.0260238645205543,2026,256
7794,5.283144478793939e-25,0.6634838371748331,1982,256
7795,3.0548946886217493e-06,0.410951962848213,2029,256
7796,4.927427578975936e-10,0.1767432691597164,2103,256
7797,3.503131141440935e-14,0.4727972373706639,2058,256
7798,1.3664776582496192,0.903190383699316,1975,256
7799,7.862800751459998e-07,0.771434836555787,1985,256
7800,0.02531022038570537,0.5570191520675326,2160,256
7801,0.050519655565368554,0.3522087109077909,1954,256
7802,3.99560788045662e-21,0.3817686110592537,2030,256
7803,1.4200808428799334,0.6274580635878779,2165,256
7804,2.319677476828963e-18,0.0129130694811798,2015,256
7805,3.221252219486e-23,0.7358879519329841,1929,256
7806,0.16789122290852015,0.0024729439182359,2139,256
7807,16.019659124723947,0.9612386118174984,2167,256
7808,8.434712712319442e-06,0.8126627026118682,1980,256
7809,3.037603548915112e-07,0.9774273292498764,1950,256
7810,2.2273038048955733,0.3149270376511383,1988,256
7811,8.605645290912545e-06,0.7836881562126292,2030,256
7812,4.3035277176021395e-07,0.7949666430579079,2146,256
7813,0.02572506140557861,0.8600100382554384,2101,256
7814,1.711616287681347e-21,0.7269057500433668,2102,256
7815,0.13805471698437072,0.1976783747846812,1932,256
7816,1.1048733231220434e-12,0.0847160996174571,1954,256
7817,3.347838624170453e-09,0.5920898394429092,2081,256
7818,6.170780957029451,0.047847823814749,1991,256
7819,0.013933333253076925,0.6272392529485521,1994,256
7820,0.014554278590714243,0.9065102561544696,2130,256
7821,7.0058671790746025,0.9426977008811924,2042,256
7822,1.9596843540513291,0.2027416505571586,2094,256
7823,0.004539196616708932,0.3482803034592435,2050,256
7824,1.8080885196676592e-05,0.7378785590066097,2052,256
7825,1.4073261126307987e-05,0.930327419804379,2102,256
7826,7.170062619048413e-05,0.302976438348205,2029,256
7827,2.8423655544687376,0.7906081039106668,2143,256
7828,4.1992394206257507e-19,0.5929282991330929,2015,256
7829,0.8475574045159225,0.4611426823141096,2085,256
7830,0.00020191064732222,0.0348279405644128,2159,256
7831,6.968112187213072e-06,0.6636931998770886,2120,256
7832,0.0062404386499639915,0.152502456716227,1984,256
7833,0.2583442943157489,0.3554020638971904,2153,256
7834,29.418733227606285,0.7848140754495231,1954,256
7835,0.0038769404379478856,0.3935513999003193,2069,256
7836,2.168460405472683e-05,0.8045842586034558,1935,256
7837,9.895963402477757e-11,0.4994914246780734,2118,256
7838,0.4403761492694966,0.9033707118755874,2056,256
7839,1.6693556538711384e-05,0.3900369478984795,2110,256
7840,0.00021623173069563678,0.8024919896178545,1963,256
7841,3.738609465674203e-14,0.193294187507224,1925,256
7842,1.1397301249207497e-11,0.9273825608167308,2163,256
7843,4.590042248804663e-06,0.4858531180598768,2038,256
7844,0.0012136431230483917,0.781091561661257,1934,256
7845,15.51749600201917,0.5326020363946948,2028,256
7846,0.0016191507447143793,0.5507613139201802,1949,256
7847,7.065991496786061e-10,0.3167091349009182,2161,256
7848,1.1424639444161162e-08,0.5447078162894464,2040,256
7849,0.7022783052188039,0.4462085583763192,2124,256
7850,2.5134796935789444e-08,0.257940624304485,2054,256
7851,1.8353866133932736e-07,0.5396167486038925,2083,256
7852,2.064686889572261e-05,0.7973081042086797,2095,256
7853,5.311152917231901e-10,0.2895483425293715,2126,256
7854,2.285434146510308e-09,0.5722266446245059,2033,256
7855,2.3463087135493908e-05,0.9129649884184492,2135,256
7856,0.0002598099600602233,0.1961381197117297,2168,256
7857,0.011460317802034192,0.9007729735377736,1979,256
7858,0.9341611751590676,0.2482931938555082,2127,256
7859,4.2817020474093064e-15,0.6926926421807647,2021,256
7860,6.922561066741297e-11,0.7146453585917653,1990,256
7861,3.3383420522133486e-10,0.8315374917828912,1966,256
7862,0.0488680003011807,0.4644174100139147,2038,256
7863,1.574996636379388e-06,0.7794860177626599,1949,256
7864,1.5627899760645455e-25,0.747036863808223,2161,256
7865,5.247385774503408e-28,0.5087080998645525,2058,256
7866,0.10897894417068647,0.8510611388052152,1990,256
7867,1.6240544851502652e-09,0.9452932393511562,2099,256
7868,0.24590353026325856,0.9682879761926692,1928,256
7869,0.18632445896833846,0.1231786109611374,1934,256
7870,2.875910426323474e-10,0.8300148057090979,2015,256
7871,0.9487330486984313,0.9610411269546482,2014,256
7872,7.241066515072699e-06,0.450122484798382,1964,256
7873,4.8328617581686293e-08,0.4706451728672862,2024,256
7874,2.7473124158425106,0.5946142415262831,2079,256
7875,1.2735861059146931e-05,0.2700667494677039,2133,256
7876,0.0021625138268421347,0.4410683534871931,2085,256
7877,0.06491191881059737,0.8829025675414017,2159,256
7878,1.0949555029177368e-07,0.8830251527945895,2136,256
7879,1.626878845186251,0.7176476583433351,2159,256
7880,0.0018057604230845533,0.4008609655024896,2026,256
7881,0.0034528397909579693,0.1133715953908637,2072,256
7882,4.665759889737202e-05,0.5057417919576077,2042,256
7883,0.05844928840133966,0.1264498953228662,2136,256
7884,0.013939240719640218,0.2870287844024819,2124,256
7885,2.918480158038394,0.691864243776213,2004,256
7886,0.1674088839145578,0.3662199735622909,2074,256
7887,9.484630410836459e-11,0.0561513461483107,2164,256
7888,4.885468502877316e-20,0.4005323814355813,2092,256
7889,7.288502765950492e-14,0.8942544885602162,2126,256
7890,10.18651180599293,0.5183877382207641,2153,256
7891,2.3319026826226352,0.2250844221142114,2132,256
7892,0.0027779435323291753,0.5082842464305901,2094,256
7893,7.877467566334437e-21,0.0793333181037154,1957,256
7894,2.4958336987654958e-29,0.5349364169548927,2168,256
7895,1.0067883935834157,0.4738089421604624,1954,256
7896,2.0546372030297664e-05,0.3529129231545953,2085,256
7897,0.1469448470253018,0.5698148668986336,1925,256
7898,4.369787849126756e-06,0.9832404402096926,2039,256
7899,4.6836692140440176e-14,0.6000649449571737,2093,256
7900,1.931767290134431e-15,0.1467582568542695,1968,256
7901,5.771836671188657e-14,0.3739561575684003,2173,256
7902,1.5614165229219943e-08,0.9673123260020842,1961,256
7903,8.538637383527876e-09,0.2144211861965623,2060,256
7904,1.641137913860789e-13,0.1155581247443457,2018,256
7905,7.339714680617361e-05,0.7461300691866428,2101,256
7906,2.788028608520516e-07,0.2232423467443665,2042,256
7907,1.9470715026596635e-21,0.2567291923659719,1961,256
7908,5.1426898447393165e-06,0.3812363421538894,1976,256
7909,0.050304748728243406,0.0526350583050017,2117,256
7910,1.346744484174873e-09,0.7532964188241955,2018,256
7911,1.0036405756112763e-12,0.8841136344815156,1977,256
7912,3.17741472672637e-18,0.5603196781037366,1959,256
7913,7.373752425438979e-15,0.116955410307355,1933,256
7914,3.682515014170698,0.5810193268512093,2125,256
7915,3.959070643114182e-08,0.3502423148579956,2052,256
7916,0.0005297233606645508,0.6305720824118822,2073,256
7917,0.0004291990145459821,0.9641694375208152,2023,256
7918,61.16146282776019,0.5684042877195982,1935,256
7919,0.00011900968831844021,0.0430956188313519,2020,256
7920,2.437628004650362e-07,0.9647801013026928,2051,256
7921,1.0734719508676538e-06,0.1441299328437354,2153,256
7922,1.6931759772124667e-09,0.1813401652686478,2011,256
7923,0.003851336348603312,0.7069504138646481,1960,256
7924,9.205147112411193e-05,0.1373933338501648,2153,256
7925,8.4532815210503,0.1443534268310051,2165,256
7926,0.0010184331778823274,0.5726577472281471,2165,256
7927,1.5591733424905585,0.8148630587955952,2153,256
7928,0.0642997598196329,0.2465341478633246,2109,256
7929,5.115102896527418e-23,0.9928951899601716,2092,256
7930,4.115348750107656e-09,0.1736369917666284,2092,256
7931,2.0117076614270794e-20,0.8589320760719524,1984,256
7932,2.800292011567029e-07,0.1694864747197473,1941,256
7933,1.7250870466065855e-23,0.4306467318389551,2122,256
7934,6.938673919991839e-15,0.2363737948046635,2103,256
7935,0.0014759502265521075,0.2424014011740887,2153,256
7936,0.0008372629493459523,0.8594064602395832,2172,256
7937,1.315803250016713,0.079523592721678,2108,256
7938,2.5910564507079204e-12,0.6480763267710358,2069,256
7939,8.000902367434318e-10,0.3741003927390975,1995,256
7940,26.20273708287793,0.5443165950615316,2049,256
7941,0.033555372234062,0.7125184615350754,2113,256
7942,3.453801469993384,0.6790158187640983,1986,256
7943,5.706496019691963e-08,0.5820270988737921,1975,256
7944,8.51724714558597e-05,0.3247201204764613,2081,256
7945,0.08657095092395006,0.8583166751702509,1965,256
7946,0.0003363829219721807,0.9276777574380568,2085,256
7947,5.117645083431677,0.3146899651325121,1980,256
7948,8.449082413845112e-06,0.2062814337645838,1926,256
7949,0.3419798967322682,0.719718914401563,1983,256
7950,0.10712980011595771,0.0087510279906892,2073,256
7951,0.09486786203346438,0.7137528147194073,2022,256
7952,6.824134989123144e-30,0.397641200299172,2109,256
7953,0.6516017958123745,0.8535669668424637,2047,256
7954,3.7164875964295215e-11,0.1135213732677793,2038,256
7955,0.00028740392343312075,0.9600342996416468,2095,256
7956,0.013552602436112258,0.024753633551965,2083,256
7957,23.01258117597182,0.0510685882992701,1949,256
7958,0.01176160403698924,0.7360589335118771,2083,256
7959,3.409261643804915e-22,0.6091858797971494,2140,256
7960,8.455535391999137,0.0921643815073677,2007,256
7961,8.224373642889308e-25,0.0615213687963662,2090,256
7962,9.915017925952807e-30,0.7939581780623517,2121,256
7963,2.1888810407736714,0.2488707748565053,1971,256
7964,3.0184347906322845e-11,0.8164656314531992,1998,256
7965,0.0009223568584875696,0.0858488601085214,2033,256
7966,0.18004176842790753,0.6425096891708553,1960,256
7967,0.04245386027608524,0.456172486195474,2092,256
7968,0.11005096884202004,0.5603927381122183,2135,256
7969,0.9393402039394135,0.2045650602840001,2087,256
7970,1.5331743752940086,0.4080358670412587,1991,256
7971,4.114275817655822e-06,0.1778172000799726,1950,256
7972,1.686779402570401,0.237401067919009,2057,256
7973,3.394672293380536,0.2841613260414569,2044,256
7974,5.2100260214752545e-08,0.552463597193371,1939,256
7975,1.6116253507313038e-10,0.6620487850586051,1983,256
7976,1.1225737066869923e-20,0.4099431020920627,2095,256
7977,0.00024571480776910775,0.7388667726890074,1933,256
7978,5.753074028354511e-10,0.2094822778949697,2058,256
7979,2.4800489195614703e-06,0.1952583399720328,2028,256
7980,1.124281963386695e-05,0.9980914041721752,2088,256
7981,0.24593291468443615,0.2705987083197068,2037,256
7982,0.0008277259224244479,0.9332331336046346,1991,256
7983,0.0015064833681326896,0.0106134999091019,2064,256
7984,0.11889334516467437,0.8590447906328379,1940,256
7985,9.621013334582575e-11,0.4983065387924954,2003,256
7986,5.1615641618331995,0.4998501735579214,1920,256
7987,3.023807911882561e-29,0.3068813964095408,2089,256
7988,1.9920838117138063e-06,0.8745357285396842,2007,256
7989,6.170495082038087e-11,0.5062821018504727,2099,256
7990,5.182695605522191e-09,0.3514366593426093,2115,256
7991,48.83357477183011,0.1760080162128293,2089,256
7992,0.34604205699246465,0.5347203308327438,2032,256
7993,0.006832494486378887,0.6442078047285786,2142,256
7994,3.0416117030216696e-08,0.6139030229920407,2039,256
7995,1.1133865720047173e-06,0.391745966159933,1953,256
7996,0.030585119451964474,0.5928905507255289,2025,256
7997,0.0007488035139035841,0.7955521267862447,2019,256
7998,5.914567568726445e-05,0.7536775808920543,1970,256
7999,2.224819365173305,0.3703444244970975,1958,256
8000,6.86484838502223e-09,0.4671548967642637,1950,256
8001,9.634993619105953e-09,0.5753074604244904,2176,256
8002,3.6440272672996106e-17,0.7539143201290022,2070,256
8003,0.04594762891212197,0.1381396181704645,2022,256
8004,3.280161162329575e-09,0.9835893516314036,2031,256
8005,2.360280024497773e-06,0.0462473003379544,2048,256
8006,9.495087657091465e-34,0.2444467511646134,2089,256
8007,0.5081414391628258,0.6486556483708048,2117,256
8008,0.003176904355791425,0.3922899166386083,2104,256
8009,5.2219137682450154e-05,0.5147687180198977,2063,256
8010,2.3025673809903523e-27,0.7489341754966409,1967,256
8011,8.876461908189563e-10,0.4390540773919714,2035,256
8012,0.3472418942075376,0.1838893798212968,2066,256
8013,0.0016342894781945548,0.9002889465809043,2028,256
8014,0.1579353317354501,0.2150746100819041,2004,256
8015,4.486580623244541,0.2249752035767281,2137,256
8016,6.748396149919946e-05,0.3942705809640716,2102,256
8017,0.0743520910992331,0.9560279823580028,2030,256
8018,4.612474263295366e-07,0.6398107688311533,2089,256
8019,1.7096017092965377e-24,0.5661800406524952,2156,256
8020,2.876808391176646e-06,0.6589589270076301,2139,256
8021,0.012964834780442094,0.2989098487976174,2126,256
8022,0.0010762185357532407,0.4026278250259429,1955,256
8023,0.00015356197602295338,0.3960815690690574,2066,256
8024,2.0087469908274803e-08,0.8360806257524761,2050,256
8025,6.3640852491559146e-24,0.8418433755319827,2063,256
8026,4.563194013027975e-12,0.3977429391565795,1991,256
8027,0.23974501050798314,0.8573139012364008,2082,256
8028,4.817822575291052,0.7317494666820544,2123,256
8029,2.228073246507916e-20,0.9005812390513533,2053,256
8030,0.0018897230121272463,0.2805360922757737,2032,256
8031,0.0003228223796278489,0.6430351804598582,1977,256
8032,1.280240641315769e-21,0.7051762044163468,1970,256
8033,5.773220292989392e-15,0.8050006785622518,2163,256
8034,0.253366793027806,0.0304554473713933,2122,256
8035,0.0005073104255535721,0.1165501107616611,2035,256
8036,1.6530277396834162e-07,0.7634698224667964,1970,256
8037,34.75893853128501,0.7258550421531249,2164,256
8038,9.56669952826813,0.2548427534201608,2043,256
8039,0.04802429688907977,0.5850335966948946,2142,256
8040,0.001796307332362008,0.2862914881549522,1992,256
8041,0.10108670706456926,0.6181447908036531,2064,256
8042,3.6896104644442776e-05,0.1735016589302377,1956,256
8043,1.0809817321209306e-05,0.0607524928059041,2108,256
8044,2.0430579339125608e-32,0.5672101614992072,2000,256
8045,0.2251947875111286,0.637262218112196,2111,256
8046,13.483560549824254,0.4352500975017633,2163,256
8047,0.0005097179527760267,0.6037023880361617,2154,256
8048,0.00047987529486061286,0.2106580013070007,2123,256
8049,2.5249534849733286,0.0374908461986898,2098,256
8050,2.520037354685516e-09,0.5069467572844434,1950,256
8051,20.887672365647692,0.5314109100710098,2019,256
8052,2.546179918817251,0.3511220313594548,2031,256
8053,1.4930097291285606e-14,0.2668441422132446,2050,256
8054,0.00021907336908893465,0.6000994480522563,1969,256
8055,2.854773279786454e-10,0.0198828670610166,1951,256
8056,0.8663863630830444,0.7278979776683052,2139,256
8057,0.00013884810240901699,0.0419251504343908,2083,256
8058,0.9454563130422728,0.5418877488977725,1923,256
8059,0.057967051815265604,0.1683468349228495,1975,256
8060,8.47411758621488e-32,0.3260869059984985,1943,256
8061,8.465975516701334e-08,0.2608409563528345,1993,256
8062,0.07227256196702576,0.4768182232143493,2151,256
8063,9.112885419090538e-13,0.197775079369739,2156,256
8064,0.1446113118892016,0.3927302872933915,2097,256
8065,8.257396984336649e-08,0.3615767070953667,2020,256
8066,0.5589645392611835,0.7258437562760351,2047,256
8067,0.060132296777294696,0.9162976649658732,2084,256
8068,1.7434716478213301,0.317092211049126,2008,256
8069,3.045533485083364e-07,0.3714492286861345,2089,256
8070,3.0050680159791174e-07,0.1035746308939205,2129,256
8071,1.0004090816834233e-05,0.9905545866014592,1968,256
8072,2.9458258417707765e-21,0.1194844103519837,1928,256
8073,1.4227671145014054e-23,0.8465144497551335,2129,256
8074,2.809326983665662e-15,0.805370949144705,2107,256
8075,1.925055514926043e-06,0.4082559652226725,2035,256
8076,8.515270031385273e-09,0.011614704444296,2107,256
8077,1.2416258750999904e-05,0.7021877105286617,1995,256
8078,1.8039147600676211e-06,0.324860687743783,2107,256
8079,0.0003863887071032026,0.2140576283199474,1991,256
8080,0.012792324063377944,0.4563953085376591,2164,256
8081,9.678371048131199,0.9371301136272095,2061,256
8082,6.534420479696765e-09,0.5316929835405423,2006,256
8083,1.1711317980857185,0.2984824977313395,2116,256
8084,0.25519105826388855,0.2742737106163369,1975,256
8085,0.041688084304527945,0.0856300446577498,2104,256
8086,5.514460217353503e-17,0.984339998545686,2004,256
8087,4.910500389063573e-23,0.9714489552358933,2079,256
8088,6.286258258164665e-06,0.2985210262607245,2139,256
8089,0.8513437683657036,0.5407555897960546,1983,256
8090,2.6415093957733206e-05,0.9030969976386616,1950,256
8091,9.828244160736784,0.4717994998543494,2050,256
8092,0.19435451234486623,0.2385224497140031,2099,256
8093,0.0006946624239790298,0.9567574416557536,2089,256
8094,0.00026386270745052044,0.0465540493732143,2151,256
8095,0.6964750439726033,0.5575991207582474,2052,256
8096,6.016089199680825e-14,0.4421930280017168,1999,256
8097,5.903964192696713e-05,0.6659098363298777,2133,256
8098,0.0005728635951266524,0.6669793226909482,2044,256
8099,0.19332067985388346,0.4347629226464673,2047,256
8100,9.749511614407427e-06,0.7161361541537867,2097,256
8101,0.004314950939346294,0.9750440999462388,1969,256
8102,0.0099556580936195,0.8490723054109367,2175,256
8103,6.5736616354038055,0.200248059424271,2115,256
8104,2.9905033000806136,0.4109286289382099,2063,256
8105,4.054046129572965e-12,0.5120346711078878,1942,256
8106,9.64873068298921e-13,0.9862111414921678,2116,256
8107,8.568870650615701e-07,0.0437074188635261,1947,256
8108,8.500845410454571e-05,0.8375541446749553,2054,256
8109,0.0028297983128915123,0.4288611187972434,1923,256
8110,3.851044426266816e-16,0.648996261698115,2027,256
8111,0.0032792528746556217,0.4720378804991411,1992,256
8112,1.7102311714870604e-14,0.1016622395243154,2015,256
8113,0.0017110977164720373,0.3763363439329757,2176,256
8114,0.9426724124562414,0.562567237067138,2150,256
8115,9.36583219133595e-11,0.7857886049477625,1996,256
8116,3.241483576692963e-12,0.7366857287881666,2049,256
8117,0.0004144308923284543,0.7757098525616276,2056,256
8118,0.035471774313427865,0.8161988152819053,2112,256
8119,2.1476934143937673e-09,0.9655724048688326,2075,256
8120,3.4273299573992058e-12,0.862051620922463,2126,256
8121,0.04072658062670182,0.9715853942748696,1998,256
8122,0.9318112882417531,0.8107743991398466,2124,256
8123,1.8636715934418235e-05,0.5625109749644647,1947,256
8124,1.5803091020378085e-10,0.1834929477229446,2141,256
8125,2.0238081568524184e-13,0.5254106578310076,2042,256
8126,8.950325778161887e-11,0.4337865786488905,2090,256
8127,15.971486345153574,0.9494391223769808,2093,256
8128,0.18437305779207291,0.0801717939704577,2061,256
8129,5.526995861254173e-12,0.3580919877096493,2133,256
8130,3.2527576769071384e-09,0.7572382449238425,2154,256
8131,1.8987902868865656,0.0020383739943494,2173,256
8132,0.0003758822524479183,0.6330699726742975,2121,256
8133,0.004355279630688423,0.6708551925212562,2172,256
8134,22.41341303110843,0.2620477349981377,2106,256
8135,3.1300982460393065e-23,0.6459732689680737,2008,256
8136,4.2608352596354586e-10,0.4158792724051779,2049,256
8137,1.6269794443746823,0.9973930584089534,2112,256
8138,0.00028285493661151884,0.5927433670086363,1964,256
8139,8.393967036269775e-20,0.0084581112770313,2148,256
8140,3.5925966474475885e-21,0.9246910175810488,2015,256
8141,7.593231296240795e-16,0.1973003105803982,2097,256
8142,5.770624137359546e-12,0.4577422370514625,2018,256
8143,2.654289438834986e-10,0.7977828286550347,1974,256
8144,0.06968306139999497,0.4528309077688933,2140,256
8145,1.0307567983532678e-07,0.1196112838541937,2071,256
8146,0.001049379177156091,0.5734301133233604,2040,256
8147,4.517567147875129e-07,0.935359110956081,1944,256
8148,6.57960828043243,0.248738912724851,2124,256
8149,10.053894489050347,0.4690447223273066,2076,256
8150,0.004870206443251772,0.3806402654074023,2173,256
8151,7.572642217387909e-22,0.0080099853899417,2006,256
8152,1.7342782713375637,0.100905110576019,2034,256
8153,0.0002027133371448993,0.955430109126938,1937,256
8154,8.441282165645449e-07,0.8867866822139544,1991,256
8155,0.3152083241586796,0.2454746011248394,2036,256
8156,4.7770755469090326e-05,0.5948831309710205,2064,256
8157,7.971113576150845e-09,0.5936868990049631,2084,256
8158,5.953032948010497e-05,0.3603845759646765,2020,256
8159,1.7152043833481473e-05,0.4541427850011438,2062,256
8160,0.013217311575400098,0.8402050361777769,1986,256
8161,0.003365583807188542,0.4444027969053551,1969,256
8162,1.3456915114681048e-08,0.2940564782372138,2056,256
8163,0.8148898177346833,0.5546225453497384,1994,256
8164,0.00013439034716579477,0.8552648763013373,1927,256
8165,3.1708049004020974e-11,0.7514233731343097,2109,256
8166,5.684500086438746e-26,0.2540254378173564,2107,256
8167,4.5459256989153886e-07,0.9877839540444316,2059,256
8168,1.2304657718578972e-07,0.3268283941971976,2050,256
8169,3.58715979567715e-13,0.831784895170272,2022,256
8170,1.7281815865479667e-12,0.7384178718904267,2110,256
8171,0.0025786236314387584,0.4527221622174655,2036,256
8172,5.065946279296064,0.9963884847729738,1987,256
8173,7.343322962808132e-70,0.2006297497823935,2093,256
8174,0.00044874523385258493,0.0977647602188725,1992,256
8175,1.1479310893604315e-14,0.3738155778632864,1950,256
8176,0.277189344204664,0.6997986888178072,2099,256
8177,3.906169611777722e-09,0.2573653094362917,2076,256
8178,9.453646023504182e-15,0.1928378603784404,2080,256
8179,4.9562971426961735e-18,0.9208745468897896,1965,256
8180,1.8943972469670896e-05,0.5641046079022193,1988,256
8181,1.336081694838706e-06,0.8626856620911559,2146,256
8182,2.7908670566613246e-13,0.2941493497531371,2091,256
8183,0.05387151010463619,0.8475322963472086,2027,256
8184,1.212001277581437e-05,0.8020126679980186,2085,256
8185,3.336973551816489e-08,0.9729554936194356,2081,256
8186,5.7570084778737917e-05,0.5626907195898874,1954,256
8187,0.012054034842697518,0.2139937753737578,2153,256
8188,0.0026364390317417906,0.726142492628332,1920,256
8189,4.3510781090376164e-17,0.478980210227928,2102,256
8190,6.807957334126417e-08,0.752860569691726,1982,256
8191,4.68847791731024,0.2025960025351256,2031,256
8192,3.9129081814212575e-05,0.5475038673591421,1956,256
8193,7.186397496114647,0.9728896160934428,1956,256
8194,1.9729435000236248,0.2060332599422026,2084,256
8195,0.3439573430973354,0.2835014276469721,1964,256
8196,4.517958027205472e-23,0.6425360685924674,1969,256
8197,0.04086614542784998,0.3209505694787891,2022,256
8198,0.0009142554877397788,0.0353555198273528,2054,256
8199,1.0581707106915197e-05,0.0114004355934599,2144,256
8200,1.0388210342682502e-13,0.1239056971026337,1949,256
8201,0.0025284770400854977,0.1513332180785982,2138,256
8202,7.447552850155316e-07,0.4574049377523952,2091,256
8203,1.0349577832146696e-05,0.0997547117115221,1924,256
8204,2.4089865230332736e-05,0.359585512066614,1990,256
8205,2.8451226858839657e-16,0.4740377437812966,2002,256
8206,3.877609620909033e-07,0.5884022106623491,2036,256
8207,0.00011940053764034381,0.8149381621920948,2036,256
8208,2.875438592536695e-10,0.7341330112306115,2065,256
8209,9.28026276370995e-06,0.0360184092412344,2114,256
8210,0.8639205680531754,0.5262504606610918,2129,256
8211,2.0291756909403624e-07,0.4531613347708955,2167,256
8212,1.2373307936693998,0.3574539292127044,1967,256
8213,6.027246245435578e-10,0.3210834366166538,2035,256
8214,8.180380635692421,0.706996721357133,2105,256
8215,1.0599987398800338e-07,0.6804839086391424,1974,256
8216,5.2183256540279334e-05,0.666800122763597,1921,256
8217,5.561686921880707,0.0529379064632894,2150,256
8218,9.353011700902152e-11,0.6863560342338045,1944,256
8219,3.7376650828151947e-06,0.6350814789170572,2119,256
8220,0.0016109325325212294,0.8172090125385945,2087,256
8221,0.12472921737856091,0.7583838461086717,2054,256
8222,14.821058820723954,0.9350473544795844,2033,256
8223,0.014324654999844243,0.8457530723008441,2048,256
8224,4.4776760539587785,0.5367821368284077,1936,256
8225,3.844741899501509e-05,0.7468299720465513,1989,256
8226,0.22353024339258076,0.7315343861516103,2037,256
8227,1.5274829031414826e-28,0.1543214549551594,2038,256
8228,7.728370544801824e-06,0.9994906678487564,2161,256
8229,3.6335460141773617e-11,0.2947158756752011,2004,256
8230,0.12812201977193335,0.6415229344916927,1991,256
8231,1.1987577068710248e-07,0.0282034521295883,2164,256
8232,1.4719250510917172e-20,0.6227093641779726,1968,256
8233,6.236890124837e-08,0.2488574219320209,2118,256
8234,1.0498126117378591e-10,0.9527641872625232,2062,256
8235,1.4844558688758438e-09,0.3883465587429252,2028,256
8236,1.785230178737254e-09,0.4930997219241236,2019,256
8237,0.016934791116812283,0.3313789051034733,2009,256
8238,4.195531514798429,0.5748199691880083,2109,256
8239,3.388675546151615e-09,0.4064186994487685,2144,256
8240,0.14572356664222663,0.7661826063395891,2030,256
8241,0.5088034102416963,0.4865159309755033,2011,256
8242,0.6197984130405289,0.0546155187084709,1992,256
8243,5.2628173123050214e-11,0.1671887193631092,2046,256
8244,1.7663556465836697e-07,0.4003119952451024,2115,256
8245,1.6817378183286102,0.0992566869231054,2007,256
8246,6.580119672770562e-12,0.3682424150001963,2142,256
8247,0.8321554791130243,0.930065594725746,1970,256
8248,3.2191180982090737e-27,0.3149827756453194,2003,256
8249,4.6290512491878105e-18,0.642109436312265,2034,256
8250,7.873049704981172e-10,0.9466863984153062,1959,256
8251,0.028292828920467684,0.322111989752313,1927,256
8252,0.00017562755461711702,0.6976173692075663,2094,256
8253,31.40072013874943,0.4175919784137281,2079,256
8254,4.504347141122145,0.4485401686040724,2000,256
8255,0.28754503373038315,0.5122091936885045,2048,256
8256,0.0010428470420646063,0.0690801081064581,2052,256
8257,4.6358132779958485e-06,0.1589832274795389,1990,256
8258,1.6393513480997013,0.6816413140147464,2021,256
8259,7.659099373767565,0.6840083390834607,1985,256
8260,7.967828044153461e-05,0.2186691290770618,2091,256
8261,0.0004955234470025924,0.5278187816057938,2153,256
8262,0.2564784255481886,0.5495042425488863,1966,256
8263,6.649249044714455,0.1049530170144835,2144,256
8264,3.3020350222557516e-08,0.6233728723924298,1938,256
8265,6.862052857471463e-12,0.6557069151815674,2121,256
8266,1.5276231509976993e-07,0.7929194200726035,2036,256
8267,1.5500195344098094e-09,0.0322735085504571,2145,256
8268,7.072273435351208e-12,0.9293265732033108,2100,256
8269,2.0434767519822725,0.3043250880874745,2006,256
8270,4.9920918063848767e-11,0.8277740053129187,1968,256
8271,0.6837263500102224,0.3653293327255812,2052,256
8272,7.87190319397475e-09,0.6572454299977022,2093,256
8273,0.028536504019807448,0.420690029815886,2109,256
8274,3.525634129679789e-07,0.6038081882824446,2169,256
8275,14.128938661455274,0.9989836988202312,2033,256
8276,0.01569973798024598,0.2178690887167595,2074,256
8277,7.414067835491675e-20,0.8942847795982598,2159,256
8278,5.071209811106897,0.9271659729438824,2166,256
8279,3.804139135944861e-08,0.6898695219136435,2120,256
8280,1.277892299670781,0.4564867439457106,2159,256
8281,0.0010364681938108745,0.3791208411139678,1998,256
8282,0.7223755958061434,0.6036573238070853,2086,256
8283,1.263633788413898,0.0474428564548949,2132,256
8284,0.052657958795184034,0.8897045287061233,2158,256
8285,2.435927476478352,0.2492607688496371,2118,256
8286,1.3992292784362392e-05,0.598449568434211,2173,256
8287,7.357906108077223e-10,0.4547822816792131,2049,256
8288,8.52749772107579e-31,0.380437775858792,2056,256
8289,2.644128646818159e-05,0.9830844936330256,2106,256
8290,0.11063880802627743,0.5369664157574002,2050,256
8291,1.4675314560080956e-06,0.6782971601014355,1982,256
8292,1.753661234797231e-10,0.0725741176122276,2004,256
8293,0.28710684988458074,0.660267487292356,2024,256
8294,9.755707597962377e-17,0.8073353533086004,2074,256
8295,1.6298728803872782e-14,0.9879879610197012,2150,256
8296,0.00030086220786899317,0.4356618587103177,2154,256
8297,4.525782590164731e-06,0.2325235556307141,2088,256
8298,0.37483073469791683,0.0026492867766996,2131,256
8299,1.4169348124316879e-05,0.4617952003487615,2063,256
8300,1.1072022438825889e-15,0.6133580492013672,2149,256
8301,3.1872215724431574,0.9986997894861976,2130,256
8302,0.0001498641181154778,0.5202882660872219,1954,256
8303,0.004915407614690813,0.9065640441474538,1973,256
8304,0.010572868668627325,0.6137872234155919,2082,256
8305,2.285960467883749e-08,0.6629745338739567,2108,256
8306,1.1097582764753468e-22,0.2657848613083836,2049,256
8307,4.601657994657027e-38,0.5544659734373193,1968,256
8308,0.8961770692617573,0.8536761202150536,1957,256
8309,10.931289682108641,0.6547371383175296,1926,256
8310,0.0001796473101364316,0.133238315225491,2144,256
8311,8.741112018694084,0.0811766309481628,1996,256
8312,12.83855739013108,0.506327406273709,1931,256
8313,4.4127648237356166e-16,0.163524828153013,2072,256
8314,1.1637811577387569e-17,0.7099349821510685,2014,256
8315,8.269232330445428e-08,0.949216968421804,1968,256
8316,5.940140060709543e-10,0.2904479317632665,2031,256
8317,0.015583448232814984,0.0370919299227092,2013,256
8318,1.94333710862099e-06,0.0991998007150569,2125,256
8319,0.2776349341459962,0.7216738448939698,2048,256
8320,0.0011395587076560348,0.0191178084202682,2039,256
8321,10.972087068318563,0.8788600544992425,2135,256
8322,2.9101787450096404e-08,0.2671899453245282,1948,256
8323,0.6698143131603105,0.174657235682143,2122,256
8324,8.409867181654977e-10,0.252460938110877,1977,256
8325,4.1886311450978023e-11,0.0243637328260165,2127,256
8326,0.9956437787213568,0.1387797673372538,2050,256
8327,2.02709873497329e-08,0.3473242481016942,2079,256
8328,3.9589190934791416,0.3317733635678143,2033,256
8329,9.880199244560349e-23,0.819841740621737,2115,256
8330,1.1992117417821295e-24,0.2315447780118208,1923,256
8331,0.002516544974457526,0.5830003142913028,2117,256
8332,1.1754059170854967,0.3705028426854899,2000,256
8333,0.00010545046547136862,0.4771123144161324,2016,256
8334,5.587618714982631e-12,0.0272784124628203,2113,256
8335,3.4452190162881103e-07,0.2244123498141245,2079,256
8336,9.194239024769669,0.2403198000646881,2135,256
8337,3.5099290210918767e-07,0.8104949172435705,2022,256
8338,5.309744030136781e-06,0.0478699123112043,2040,256
8339,8.529199988012406e-05,0.4583746499831429,2167,256
8340,4.0189706219062194e-11,0.5676720040065538,2164,256
8341,2.223309499825275e-09,0.1336786866596601,1959,256
8342,0.03783096163477692,0.0723425829616912,2005,256
8343,3.2385157472002484e-09,0.1768163238177512,2107,256
8344,1.6333267097365558e-09,0.3238251418500354,2029,256
8345,0.00832966319728475,0.0669942274100577,1949,256
8346,10.746097211027651,0.242950596508553,2168,256
8347,1.8068044493831288e-05,0.5330784251434025,2047,256
8348,3.4688357287167443e-28,0.9965116970349612,1950,256
8349,0.00022522522183235615,0.5383395044850386,2011,256
8350,0.15870854298605197,0.9157528728452357,1976,256
8351,0.019960847053807802,0.5173545453478607,1920,256
8352,0.009646220767819331,0.9796669647086476,1970,256
8353,0.05096622633105949,0.5529650618681204,2067,256
8354,0.0912850021578979,0.0288093848228296,2110,256
8355,0.7396225748461425,0.9035949278951008,2098,256
8356,5.426406891229861e-05,0.5762761918728792,1938,256
8357,1.5687151767442081e-12,0.8556328796719508,1990,256
8358,6.327907893610861e-08,0.993993794359262,1975,256
8359,2.94822342268104e-08,0.817572960291745,2118,256
8360,5.690042429088215e-07,0.9064235824769328,2099,256
8361,0.003958070903674695,0.3202937110318542,1973,256
8362,0.07747208993584861,0.1459317500165132,2001,256
8363,0.1665104317087988,0.430307987988149,2170,256
8364,1.0531890293385667e-28,0.84894681114286,1931,256
8365,0.0037983962477581134,0.4641544320166465,2130,256
8366,6.688291953881387e-08,0.1112193422023044,1993,256
8367,0.008646526218443501,0.8752489673153014,2126,256
8368,3.80522304713173e-17,0.5342453495639379,1940,256
8369,0.003619794499888778,0.5495155391688764,2138,256
8370,5.800241034077979e-13,0.8963608807509509,1988,256
8371,0.7217671397804164,0.5947871277077497,2102,256
8372,1.337396110366607e-21,0.5938889706786449,2004,256
8373,3.437884899256496e-09,0.7128773743139429,2110,256
8374,7.795213242725634,0.8558366232297975,2141,256
8375,1.0839549648787292e-09,0.3624549517126305,2037,256
8376,0.0002914740963303071,0.018085874916125,2011,256
8377,0.658039474736824,0.4440095719052771,1976,256
8378,1.1625428744401085e-16,0.0421822052385114,1997,256
8379,2.6149028274957127,0.685263810428592,2061,256
8380,4.23561177539663,0.8766570139584559,2081,256
8381,1.3899752868924385e-06,0.5387623392159969,2122,256
8382,3.171343355608848e-05,0.2360399346412892,2024,256
8383,0.014702911573513926,0.5611997315387441,1946,256
8384,6.053004778206613e-10,0.099381378454725,2140,256
8385,1.1535412200826687,0.5343681831144121,2159,256
8386,2.2152423695766777e-06,0.1388839143095298,2055,256
8387,5.813017682315965e-12,0.2750245233498766,1960,256
8388,4.097446526846853e-13,0.3532931373801184,1937,256
8389,0.00022530864082620847,0.9990745627610516,2136,256
8390,1.9651394539871884e-07,0.2676050373006344,1948,256
8391,0.0013587851533434806,0.1921406559955526,1983,256
8392,1.3229109290194442e-17,0.0455547267054272,2032,256
8393,0.04138673470841379,0.6147928170464965,2038,256
8394,0.14069148935412595,0.475774120540135,1998,256
8395,1.2985340180721534e-05,0.5591127510694477,2074,256
8396,4.520288037533368,0.5623637682574743,2028,256
8397,0.11437340215974319,0.4940425334475004,2117,256
8398,1.7951139610562334,0.4878787817771297,2039,256
8399,0.04138841736142188,0.5964590723457489,1934,256
8400,5.093373908242997e-06,0.9630048468597188,2021,256
8401,9.426324366997947e-05,0.7957522282013241,2058,256
8402,4.7579208647257525e-05,0.5013902966886837,1976,256
8403,7.205601758519954e-13,0.673074191697144,1964,256
8404,4.0452534880666995e-06,0.1732640629993388,2035,256
8405,1.346226253354699e-16,0.0672101254261009,2163,256
8406,2.672082037435092e-14,0.7864933247067452,1960,256
8407,1.8293651238757348e-14,0.7072803512610493,1987,256
8408,5.802312289401129e-12,0.0370747214186673,1923,256
8409,2.4605288442628813e-10,0.9203395538193644,2134,256
8410,4.122055299018091e-07,0.4357132022865014,2164,256
8411,0.00014095367860355784,0.2837450554778358,2008,256
8412,1.1661419250418418e-05,0.9526599136299708,1931,256
8413,1.3281667742403554e-09,0.7948852947931864,1971,256
8414,1.147191180823275e-08,0.9582842721122236,1933,256
8415,0.00016458130577244988,0.5580241554705021,2116,256
8416,5.554566323738e-06,0.4439276058740753,2015,256
8417,8.520197920482997e-17,0.9805881019623788,2169,256
8418,1.922366792799692e-06,0.16373189122928,2073,256
8419,9.833774053494225e-07,0.182867108280768,2088,256
8420,0.002461526152847185,0.1956553699224167,2061,256
8421,2.1220494494151287,0.1273439848940192,1955,256
8422,1.8372195973030333e-23,0.8813460068132908,2141,256
8423,4.070447352242408,0.3108919378339599,1979,256
8424,0.5632199876809086,0.6325766396878728,2119,256
8425,0.8825050738663389,0.8607167975473338,2020,256
8426,1.1376389273712528,0.2485634510178781,1970,256
8427,0.33281377904044723,0.6608387860545868,2068,256
8428,2.6716563334835616e-15,0.4045119701013383,2117,256
8429,0.4586037016297428,0.2097047689006023,1924,256
8430,0.004075088905540201,0.4090022178099439,2050,256
8431,1.8935125118739622e-06,0.1584901651625783,1934,256
8432,0.011129202281097081,0.597046149787986,1928,256
8433,0.000362429588523214,0.92176254849442,1962,256
8434,13.172862656729736,0.5098334893914529,1990,256
8435,5.374589998892084e-15,0.7621076381810636,1939,256
8436,0.08056759469161087,0.6362339962877375,1990,256
8437,0.2930073788882588,0.4229545858856517,2110,256
8438,0.06378208662932668,0.0283996334519627,2145,256
8439,1.5016329069259644e-17,0.988368162702296,2025,256
8440,1.586492254286399e-05,0.41076148536013,2138,256
8441,7.835472274296237,0.2076726994677595,2063,256
8442,0.3886883195897125,0.1441204436617941,2101,256
8443,2.9009715144730082e-06,0.6988030402688036,2000,256
8444,1.691876821175825e-23,0.5369373645991203,2044,256
8445,0.004265292159509099,0.4135779113318045,2009,256
8446,3.25226426623052e-07,0.2298832700928941,2056,256
8447,0.053906660794495305,0.2440187243047588,1948,256
8448,0.028857250795773073,0.8677534525374135,2049,256
8449,7.171696911427626e-11,0.9795708986709266,1931,256
8450,0.6134114638320429,0.2032982195410221,2129,256
8451,5.026359735183395e-13,0.7279867603437293,1935,256
8452,0.8001702774250683,0.659618551352106,1939,256
8453,0.00020922777470425545,0.8008311084541208,2063,256
8454,5.426271529465607e-20,0.6593000832854536,1987,256
8455,0.010296799930699613,0.0589013585745308,2132,256
8456,3.733946260739017,0.2721825603678036,2078,256
8457,0.001683471405881945,0.0334526122021803,1999,256
8458,0.07370710338268327,0.3055545801048271,1940,256
8459,1.3607877162809402e-07,0.0148795477844686,1959,256
8460,0.004241246216935535,0.416615666999358,2004,256
8461,1.9215819617576163e-17,0.533520232173704,2150,256
8462,7.527397292757037e-16,0.9021022552599104,2163,256
8463,1.8342874342939437e-07,0.8682223988149645,1951,256
8464,0.00035948011608431964,0.9212622543017828,1950,256
8465,0.0013732236389374724,0.2703302890995553,1980,256
8466,0.026731028617001853,0.3110936307486766,1931,256
8467,8.420555661556886,0.1310919057212832,1957,256
8468,0.052935347385481134,0.4181369559697708,1951,256
8469,7.136917062585717e-16,0.553407574350919,1996,256
8470,0.8643512220719037,0.785092188913696,2032,256
8471,0.007812534335748682,0.2604673174275027,2100,256
8472,1.2883963824920087e-15,0.7804674555362138,2052,256
8473,9.665606620540084e-22,0.0287414364124762,2106,256
8474,1.4158719984783732,0.6102567381879392,2171,256
8475,0.8014303925197722,0.6334769881441571,2098,256
8476,0.5927134741450968,0.6736401289235471,1979,256
8477,0.28374077225602545,0.4636654613663327,2041,256
8478,1.7685351075335535e-05,0.6342842870992128,1993,256
8479,0.0002754433538191426,0.7722252561870058,2050,256
8480,2.340266625493908,0.5169896994093633,1971,256
8481,0.0033939845269396586,0.7409249925849605,1976,256
8482,0.08864028106569126,0.1750966888855069,2129,256
8483,5.612852629835404e-09,0.3854402017549189,2147,256
8484,1.3879211474220168e-06,0.9906503608939984,2066,256
8485,0.0003108957924615877,0.8161945219084861,2115,256
8486,17.042788264201157,0.6859687462460147,2088,256
8487,1.6918744535204608e-10,0.4520017275947728,2099,256
8488,0.1340583669018755,0.1516247885205733,2061,256
8489,0.1908928061347802,0.0048988092524313,2032,256
8490,5.169768646360227e-10,0.6448956639293102,2093,256
8491,1.8401109254866407e-12,0.8946785932850108,1942,256
8492,0.12165956341507884,0.3477507736328347,2118,256
8493,7.38166587619549e-09,0.0204575048784396,2045,256
8494,0.0932610553346072,0.4464197814391021,1946,256
8495,1.1889412124984149e-10,0.6748048000678469,2113,256
8496,0.028564503977451944,0.2817524966811311,2004,256
8497,0.0014431587916160665,0.7449739246340201,2053,256
8498,6.320237708849001e-07,0.6969066896397415,1972,256
8499,0.655606038211436,0.3774110108574754,2038,256
8500,0.0009788163699689884,0.3441328724454133,2066,256
8501,0.0001449108453932805,0.8656162978942267,1992,256
8502,0.21390867687732545,0.1192268337219468,1999,256
8503,4.182882737447917e-21,0.7147669730342258,2068,256
8504,0.2056086743435149,0.0812221728837081,1945,256
8505,3.061986345215915,0.0879708893617615,2122,256
8506,0.0018221531163256604,0.077640030795853,2150,256
8507,9.604145409978606e-15,0.0548868456450009,1968,256
8508,8.706368831522724e-09,0.9412153969936616,2041,256
8509,3.059471205521637e-32,0.6186776016087047,1991,256
8510,3.1196142291358564,0.9138932126216948,1933,256
8511,17.49304488742181,0.3328455055844406,2168,256
8512,5.575407714404927e-10,0.9428072508121288,2087,256
8513,0.026751155895839474,0.5179220040468412,2015,256
8514,0.006021754232904123,0.7803861468983649,2089,256
8515,0.00017383716270106644,0.1402453138266194,1961,256
8516,6.03383612528092e-10,0.6140172435752996,2073,256
8517,1.2325548000004791,0.7297422571702169,1931,256
8518,5.465462559388924e-32,0.5358759718044017,2176,256
8519,10.224192287269014,0.6720893581162478,1998,256
8520,5.212124538819522e-10,0.6200185818150783,2029,256
8521,4.663421991074139e-06,0.8300568875579659,2132,256
8522,2.2213218355709316e-16,0.5079949551975587,2135,256
8523,0.0009677948604021402,0.5517026367007651,1981,256
8524,5.413045261606163e-06,0.011001286948412,2063,256
8525,7.041770529669355e-21,0.0945818576620852,2113,256
8526,1.9179074265467318e-05,0.6117740263348489,1944,256
8527,3.926253354778951e-05,0.2759142518045108,2004,256
8528,3.077733634231439e-06,0.6566414223275553,2145,256
8529,1.6625560437646253e-17,0.3443056198704173,2083,256
8530,0.00039851024994617376,0.7597703318197269,1926,256
8531,3.577897886780027e-10,0.4627103895361757,2048,256
8532,3.9083628429711983e-10,0.4652322273169013,2026,256
8533,0.8141132913676115,0.0424236992796823,1966,256
8534,0.0016056359993965681,0.988831232340926,2105,256
8535,0.0003592794365095141,0.7018637347098152,2150,256
8536,7.075582267525589e-07,0.0602173182304119,1929,256
8537,0.0003664606356020265,0.1632119464519673,2156,256
8538,0.00014437972238555543,0.3991992466508484,1991,256
8539,13.977943816470534,0.5973747823755364,1951,256
8540,0.01159554755236198,0.4102716510343031,2157,256
8541,8.96603780283771e-12,0.0271958942216364,2109,256
8542,0.00014342582705099535,0.082144630732896,2111,256
8543,0.04296351899170896,0.7605289712123396,2142,256
8544,0.0006185594768865076,0.7683713685056357,2042,256
8545,3.3360302527975476e-10,0.7507926428389089,1957,256
8546,0.0716106115097807,0.0854447119058933,2012,256
8547,29.49395298018315,0.9567456240980964,2170,256
8548,1.369327535912926e-08,0.1935606118934679,2169,256
8549,0.16714926696635124,0.9973185268736172,2020,256
8550,16.67227622748063,0.666424824856246,1939,256
8551,0.02445411542074045,0.5043238307405533,1962,256
8552,0.10411868326027465,0.7651633242223189,2124,256
8553,3.418903085167503e-06,0.4598487720552429,2090,256
8554,9.602855992117041e-07,0.7793690827206912,2078,256
8555,12.500862059424108,0.6814308960424654,2062,256
8556,3.496707469275356e-10,0.305652301007513,1956,256
8557,1.8904180185981005e-17,0.9357757427535034,2078,256
8558,7.000587923565195,0.0882173660683275,2144,256
8559,0.011793998493290925,0.7872516672019884,1992,256
8560,3.915795978715274e-07,0.0406709077047792,2006,256
8561,0.06843771049408647,0.4545577045211395,2113,256
8562,0.0014587274535969948,0.5405146068437919,1974,256
8563,0.00029387476673882495,0.5880005134609968,2065,256
8564,1.626481589982923,0.0428078051427405,2037,256
8565,2.729958239542365e-08,0.3441425222327837,1935,256
8566,0.5023685914464269,0.006541939175136,2047,256
8567,1.1688241772680784e-16,0.88802410258899,2020,256
8568,3.6944335692439724e-06,0.0737994977558927,1950,256
8569,4.0799982450368734e-11,0.5936011369890231,1927,256
8570,3.841956952570531e-05,0.2540477806590713,2023,256
8571,1.6369317218233547e-06,0.1638982747916199,1936,256
8572,4.4831509736345465,0.4637532561481025,2155,256
8573,0.2051076544895272,0.138766771346663,2165,256
8574,4.913200876215006,0.5422886017974236,1968,256
8575,0.0008829558578695748,0.6707528735634042,2102,256
8576,6.45590579164772e-05,0.2172829253373541,2137,256
8577,8.450726717129972e-06,0.1980076912182179,2139,256
8578,6.709451565151783e-05,0.3161902816488277,2004,256
8579,5.403388551646214e-06,0.7925124409372141,2017,256
8580,0.7830429402390361,0.576379315302265,2049,256
8581,3.729074196915904,0.3884970436161533,2106,256
8582,0.016987236390386715,0.9939603017738006,2008,256
8583,4.250530716945538,0.8575243989196921,1992,256
8584,0.5166490649480077,0.6114912732836355,2008,256
8585,0.0010605865399374837,0.1703704363096227,1967,256
8586,0.0013418038369937659,0.4860948634634333,2048,256
8587,7.62270015361037e-11,0.6436281737975432,2011,256
8588,2.6904677770608733e-10,0.5532576689858523,2101,256
8589,3.413269215791616,0.2344535788348123,2162,256
8590,0.00232896235173404,0.5119103125865889,2118,256
8591,1.0902221828453786,0.9259780827359884,2080,256
8592,0.0015244397290449794,0.8869515480345715,2020,256
8593,0.016804824410856928,0.1467775618992728,2142,256
8594,0.0017325349451540943,0.07447817369757,2019,256
8595,2.0583295266079637e-31,0.9335147019047296,1929,256
8596,0.001889041888909541,0.5286534746981465,2035,256
8597,1.1449879919903777e-13,0.9659051840858008,1973,256
8598,5.891764518768862e-05,0.7742991505738553,2076,256
8599,0.7266258172697464,0.6242814088375043,2155,256
8600,0.060020728584994236,0.4915502301524043,2077,256
8601,8.486950701923233e-07,0.0302656690441037,2117,256
8602,1.980006912598982e-28,0.4734404740926556,1927,256
8603,1.314124427328174e-05,0.4118821824537185,2080,256
8604,8.063302747511835e-14,0.9560105091856425,2116,256
8605,12.640536284206014,0.3299435437900104,2042,256
8606,0.00036706133507211026,0.806849342791987,2169,256
8607,0.06562481381793649,0.1306647464725533,2047,256
8608,0.464428156310343,0.6234941984923387,1979,256
8609,3.363447412832351e-05,0.5797174644785715,1970,256
8610,0.058924801169296645,0.0793752806560217,2027,256
8611,2.065974540102619e-08,0.0997880432920892,2104,256
8612,2.2045678071544225e-09,0.9766859033767952,1952,256
8613,5.179318727176069e-13,0.7491472481651603,1954,256
8614,0.0121156129727204,0.7658264267319933,2050,256
8615,1.3132936009618132e-10,0.6154848093337255,2118,256
8616,0.005648751679194264,0.1598795932024972,2103,256
8617,3.6416119543167407e-06,0.4544239453151901,2093,256
8618,5.289829985534201e-10,0.7009339277895716,2019,256
8619,2.466942731770655e-22,0.2692172285381077,2105,256
8620,1.6545875742478377e-12,0.5289822711887257,1936,256
8621,0.0004222809619695688,0.4204176366080658,1978,256
8622,1.2399534486276541e-05,0.9606510129122322,2054,256
8623,6.446260215429694e-11,0.1863260036559965,2034,256
8624,6.011185439720971,0.6638356171547118,2084,256
8625,0.011906961103015947,0.1296506549181059,2041,256
8626,0.16371449171699914,0.58215538278182,1989,256
8627,7.499975790447271e-06,0.7676591721533548,2042,256
8628,2.651083552746019e-22,0.1339788322625204,2087,256
8629,5.722164912317369e-05,0.1315526305982638,2134,256
8630,4.9126151419683355,0.5401820091503905,1928,256
8631,0.03034102417557871,0.9233240448031296,1932,256
8632,0.027874995235452837,0.3566508699192705,2007,256
8633,3.6526260421641033e-22,0.2139169295559848,1983,256
8634,5.2604111002149716e-06,0.9808676196725428,2059,256
8635,0.021764270051503012,0.7777979008744936,2001,256
8636,0.3098123246769949,0.6070564670327977,1980,256
8637,1.4413030368315836e-09,0.7258561317424589,1963,256
8638,6.979344570593055,0.187416590920772,2106,256
8639,1.7412046884182388e-06,0.8251148010907043,2026,256
8640,2.2881862933758307e-05,0.732605974989631,1933,256
8641,0.11411587994876796,0.1756739248442212,1983,256
8642,0.8442869408643221,0.4915672062936643,1999,256
8643,0.019659466472708824,0.3970479916528756,2002,256
8644,0.011275245655183005,0.7222613333581722,2176,256
8645,1.538843314714577e-08,0.9020264663861004,2096,256
8646,0.13240397763967562,0.6739272877863837,1929,256
8647,5.8439668602927174e-05,0.2970656015252821,2098,256
8648,0.05661053398221487,0.603582333377587,1951,256
8649,0.4078499672751237,0.6253284933605306,2020,256
8650,3.305115172659963,0.5016629549465895,1997,256
8651,0.002503067835748705,0.4212417258937538,1924,256
8652,0.0062328901265165555,0.8438610537928745,1973,256
8653,9.761941612876197e-12,0.4999754027449385,2057,256
8654,1.9079296168970325e-07,0.1386478947512834,2141,256
8655,9.733044771873257e-17,0.7989720903260392,1943,256
8656,1.3412766642000673e-06,0.3992292032591004,1979,256
8657,0.14865034455895307,0.5628922126197071,2121,256
8658,1.1966919375213727e-21,0.8268475425736702,1972,256
8659,1.7547931603434713e-13,0.915718584039854,2081,256
8660,0.00043956550672827544,0.2215698278393455,2113,256
8661,4.04187556566932e-06,0.7885064957299603,2052,256
8662,2.5072699355261325,0.8750279011140947,1922,256
8663,5.408150224566149,0.4168435596906319,2080,256
8664,6.401773156997711e-09,0.7809121337494809,2015,256
8665,1.2852639261251895e-07,0.6668470680103411,2102,256
8666,7.476809111615025e-09,0.5799518460829486,1949,256
8667,3.718437540568221e-16,0.0574662679715273,1961,256
8668,0.005629667127503461,0.1003585171315758,2113,256
8669,1.103219595298012e-06,0.4915843261715563,2080,256
8670,1.6413913295973744e-07,0.8331068303443768,2139,256
8671,7.659140477133599e-22,0.5074438101821196,2059,256
8672,2.2498727676184616e-13,0.3031371402724178,2089,256
8673,1.926640275008768e-15,0.0454774450268656,1937,256
8674,7.567951352462834e-07,0.6765952444295197,2162,256
8675,0.04513960886204075,0.3792922134250843,2063,256
8676,9.758520806976064,0.1221145081871029,2116,256
8677,0.6646308088959778,0.3828400925014005,2120,256
8678,31.299414526344098,0.4961710918447429,1992,256
8679,1.4364251031496514e-05,0.8864053340903916,1950,256
8680,0.00023752123129267596,0.7226062530971831,1980,256
8681,0.12456113281831852,0.6106410031557876,2065,256
8682,5.556841588258276e-07,0.2021170330397398,1979,256
8683,3.6513756458682895e-14,0.640627374485504,2092,256
8684,0.48962074000165634,0.9421740613349068,2040,256
8685,6.299352985831264e-07,0.7969998836214046,2129,256
8686,0.00018447181891360662,0.614737036357298,2024,256
8687,0.10739978860676908,0.2121340560911156,2056,256
8688,2.041090104624595e-05,0.707604574739598,2045,256
8689,0.053965361623070834,0.6511084480042659,2157,256
8690,4.724973919408124e-16,0.1821711589774264,2053,256
8691,4.6454486857551476e-10,0.9977932672239485,2026,256
8692,0.691627543110389,0.3799589734561592,2140,256
8693,0.26415905897682385,0.4632766214479306,1972,256
8694,0.005632715960355919,0.123113492247853,2058,256
8695,0.00036726110637843023,0.2340288684466808,2060,256
8696,0.5737072878573276,0.0176287247069184,2053,256
8697,17.999039314051878,0.8520941029821476,2090,256
8698,6.735381103397792,0.8605637593636274,1978,256
8699,6.358060821629967e-08,0.4585672108636318,2014,256
8700,0.0035148953297767078,0.1278578598366253,1951,256
8701,0.21353999394145684,0.3093887371641047,2107,256
8702,1.5791869239302828e-24,0.5693202627347755,1928,256
8703,0.28765175463386444,0.0430279829884358,2121,256
8704,2.0824420601213416,0.8924516281056213,2139,256
8705,3.6582667402458984e-08,0.1717821887117453,2072,256
8706,0.0011559331595522246,0.8537194695814734,2059,256
8707,3.9203498963522155e-07,0.4896774773947167,1941,256
8708,0.03881164483270111,0.1168367338570194,1920,256
8709,7.972149808107982e-08,0.459472682689571,2001,256
8710,0.06951149358057349,0.5740779482430682,2094,256
8711,0.07851044229503606,0.9252235965675344,1924,256
8712,6.081108587818327,0.8553795927080445,1989,256
8713,4.003712528903308,0.5403775648828125,1936,256
8714,0.002572512388422214,0.1407109865937726,2164,256
8715,0.0006575243504651811,0.9831096807899004,2001,256
8716,6.28561638290248e-10,0.9073688660413676,2039,256
8717,0.43293872539336825,0.9913734513430348,2031,256
8718,1.250769743493313e-10,0.0097576460643991,1992,256
8719,0.00043993559028096763,0.5428956760581953,2083,256
8720,1.1170151534302746e-11,0.2638374266240991,2039,256
8721,0.011130949272255905,0.3881894982117768,2007,256
8722,0.0009484117215702221,0.424324646499932,2158,256
8723,9.678624708549456e-09,0.5778894505038414,2071,256
8724,4.5515009491258245e-09,0.6654548201514257,2149,256
8725,1.109470295808691e-09,0.6742769758294748,1935,256
8726,6.365725982705981e-05,0.106476522061199,2145,256
8727,1.0847126632596539e-05,0.3920984868777851,2111,256
8728,4.625546825917632e-07,0.7835743447234507,2130,256
8729,0.22421973567007236,0.2374502048694714,2095,256
8730,0.5658500619235127,0.8187942925992212,2085,256
8731,1.0431679947730489e-12,0.2664703867822434,1933,256
8732,3.639852466835559e-33,0.2867288711233727,1933,256
8733,4.7431762719116535e-24,0.2111426889285873,2039,256
8734,2.547439019955892e-10,0.636428827418831,2173,256
8735,0.5736648521179282,0.6942326894059423,2160,256
8736,5.962673210829853e-32,0.4019279957066904,1920,256
8737,9.300446723359465e-22,0.5568493450262924,2050,256
8738,4.872568031985455,0.4612005619668166,1984,256
8739,1.8886714887020758e-05,0.4191991100077957,1983,256
8740,6.2021827937193425e-21,0.0625120572037397,1974,256
8741,2.1698539191512287e-15,0.9557697642234616,1940,256
8742,7.04437251594611e-07,0.7728808779514819,1990,256
8743,2.2903329631499397e-19,0.5884684376441696,1973,256
8744,14.318645822348241,0.6304055010085317,2132,256
8745,9.716445134333297e-06,0.9266018166326436,2113,256
8746,3.158090829515561e-07,0.529762352128168,2162,256
8747,21.669516758333675,0.0121550135481081,1987,256
8748,1.0723675348287935e-15,0.6465486936681346,1955,256
8749,0.0023170279569089455,0.9721814378927682,2101,256
8750,1.934259490327843e-12,0.3870765134756594,2012,256
8751,0.058773632432202245,0.8498953713494697,1995,256
8752,0.0030979516147560085,0.7927363022505783,2101,256
8753,4.052104234712405,0.490011602265389,1981,256
8754,2.8328277709471887e-10,0.6476601744903777,1937,256
8755,5.727480010057833e-10,0.4575341758285141,2147,256
8756,4.563352215373369e-22,0.6092245686343756,2135,256
8757,4.750776116685429e-08,0.4033525299231566,2132,256
8758,5.830327711758734e-16,0.033284577250766,1944,256
8759,0.01917362650765551,0.9439619748855824,2164,256
8760,0.01734500640986897,0.6002278756451987,2027,256
8761,2.068397975861013e-06,0.3702067965993614,2018,256
8762,0.6268765903458325,0.9312073882958596,1984,256
8763,9.346105875894729,0.0930488919861273,2132,256
8764,2.4780882616693163e-13,0.3343333087367653,2004,256
8765,1.0489158548744177,0.2793173915092592,1993,256
8766,7.487832962860448e-08,0.937040321704494,1930,256
8767,1.4499562325668978,0.0515658067170456,2156,256
8768,2.601424465386714e-05,0.7141513821048454,1961,256
8769,0.3028869160755972,0.3134001210038224,1993,256
8770,0.003274101443159979,0.7368125139074594,2080,256
8771,0.0018501452738665565,0.5043023427830143,1955,256
8772,1.2483751911344706e-07,0.2440485476744089,2073,256
8773,1.8812069912253645e-05,0.6830508589629114,1932,256
8774,1.0161681733271501e-06,0.5587446227236241,1941,256
8775,1.1160915960037328e-09,0.2641430727314739,1954,256
8776,0.764479842930692,0.0513293584541579,2035,256
8777,4.232371003718322e-25,0.9829569738988618,2137,256
8778,4.810622170903854e-12,0.3683543932227135,2050,256
8779,3.6934854417456885e-15,0.3042096602693632,1956,256
8780,0.04058023806646889,0.7448685436201994,2034,256
8781,15.426375662122481,0.7461210784778898,1940,256
8782,1.5449451803294108e-09,0.7789860131337378,2118,256
8783,3.0975074249496712,0.4542593082716987,1920,256
8784,30.13211668683511,0.8815946658549014,1953,256
8785,8.646584075321197e-12,0.2792653553404868,2064,256
8786,0.04777430411792615,0.108316838676261,2013,256
8787,0.7088340444526245,0.5223987494968476,1932,256
8788,0.6789303046479166,0.2305251935942563,2021,256
8789,1.7662881680437725e-07,0.5280066024872555,2121,256
8790,6.916046230432983e-13,0.1986102613631722,1968,256
8791,8.28483550401654e-14,0.966581898161401,1942,256
8792,0.004371653365863983,0.1679277477338157,2033,256
8793,0.0024000560319674545,0.1644671598362574,2119,256
8794,1.0586842841856348e-06,0.1212645745175046,2080,256
8795,0.8632757704569547,0.6165861645166132,1945,256
8796,9.325087095823167e-19,0.1245216285984488,2009,256
8797,0.009421991299556827,0.4567649601954776,2126,256
8798,0.0001197342319332608,0.5261229616794882,2028,256
8799,9.068741139100192,0.6762952313616204,2011,256
8800,1.890268242563287e-09,0.2113170228549584,2073,256
8801,0.2861936796472058,0.1985123393904422,2162,256
8802,12.367422104933192,0.2082532191419693,1939,256
8803,0.10193012321449495,0.6527523407676774,2114,256
8804,1.709447730809443,0.9491615171356484,2076,256
8805,4.54735221183004e-09,0.8675144391545482,1964,256
8806,1.7547424336649445e-11,0.1942124654058963,2027,256
8807,0.00029033210083400767,0.2078860054227674,1988,256
8808,0.0006480826531682566,0.4752384913176082,2017,256
8809,4.1172657105100965e-09,0.5717423247308205,2041,256
8810,0.22433559003476972,0.2635270254882996,2013,256
8811,0.3433754708018362,0.7076159880916141,2028,256
8812,4.268732598849529e-11,0.91457155637681,2077,256
8813,0.10975063286867956,0.7409169082049827,2139,256
8814,2.2873477664943877e-06,0.6049454930566512,2164,256
8815,0.0007329288990974125,0.7034821604646233,2135,256
8816,0.00030295677978976504,0.877760080779536,1942,256
8817,1.032165318601827e-10,0.3168780901464217,2114,256
8818,1.4792097963533543e-06,0.1103331552024122,1991,256
8819,1.1737774418701695e-08,0.4422521962642857,2081,256
8820,0.00043408815531670975,0.7561842156895243,1996,256
8821,8.419601584726931e-11,0.1758545548922732,2030,256
8822,6.784203074938912e-07,0.4483467079821793,2056,256
8823,2.3111677205742158e-10,0.1843044559093604,2027,256
8824,3.4697502622186574e-36,0.1002574777323819,2146,256
8825,1.0915428908888922,0.9244463013090162,2078,256
8826,2.9361187990986085e-09,0.9103428321398414,2032,256
8827,6.933970097404354e-13,0.0710807062506438,1925,256
8828,2.2062451213125544e-07,0.0312645930403484,2165,256
8829,1.8304179830578942,0.5995057736843946,2103,256
8830,0.4432465196065591,0.4316436777260231,2041,256
8831,2.7196119577908424e-15,0.3018069186689412,1986,256
8832,4.773823948500327e-06,0.8882306230278152,1966,256
8833,3.43689452179152e-13,0.0209504072449369,2056,256
8834,1.3883633390375695e-06,0.3101596764509329,1971,256
8835,4.792099062674204e-05,0.3764246247546711,1994,256
8836,3.020082017504818e-13,0.7855411292026045,2156,256
8837,6.967919886802139e-14,0.6168369124067012,2015,256
8838,0.11695465472770672,0.7408769291884154,2131,256
8839,1.254380686620617e-06,0.2786189410703407,2119,256
8840,0.015606443336892265,0.7296117626341402,1984,256
8841,2.0418437186165684e-05,0.2331804446839888,2036,256
8842,0.014323209665986021,0.0092272072683017,2168,256
8843,8.673522161303831e-09,0.5635757522763171,2070,256
8844,0.010648069468761338,0.8224753938208141,2146,256
8845,0.15864666663352173,0.0881038368481004,2058,256
8846,9.05864432699171e-16,0.6991586177442809,2044,256
8847,0.2822642071020122,0.7241615220803299,1967,256
8848,0.024067943334382353,0.5280750862770714,2161,256
8849,7.152301949080261e-08,0.3613616476644218,2109,256
8850,3.648188310820241e-07,0.5323663480991062,2107,256
8851,3.8661190248283304e-07,0.3503701569779959,2134,256
8852,3.244782089769385,0.1043289633928521,2156,256
8853,1.0036999538105533,0.6748965069859367,1995,256
8854,0.2321929028768349,0.466206033638868,1923,256
8855,3.8027752672839847e-05,0.0253297250424713,1959,256
8856,0.0019738153242831553,0.975925537339097,2043,256
8857,0.08944164144256539,0.9045350808588782,2131,256
8858,4.5579230230247636e-10,0.5992422974305114,1935,256
8859,3.4215263980051516,0.818902053009698,2057,256
8860,27.106456126625613,0.5512376824772999,1978,256
8861,3.771363099281344e-14,0.6390109653899904,2147,256
8862,3.854785054921312e-05,0.3482472481372451,1984,256
8863,3.6512929934692197e-22,0.8178457296528455,1998,256
8864,3.2991303987914696e-07,0.3428913256911399,1973,256
8865,4.197909834394368e-09,0.4529500161009903,2016,256
8866,1.0286968467199419e-16,0.9053510002751382,2138,256
8867,2.0077913182674214e-07,0.2696429897841015,1984,256
8868,1.1575066228778572e-05,0.7431843667400551,2118,256
8869,3.184772372569471,0.0263594252043629,2116,256
8870,0.0012576139549688396,0.6971917790787078,2094,256
8871,8.685213203544679,0.8469374878416208,2009,256
8872,0.005096144644525702,0.4306952873614597,2083,256
8873,1.2623025118103094e-11,0.1149265792538362,2122,256
8874,2.4998007180666086e-06,0.7885727085864104,1983,256
8875,0.6060992045906926,0.9319515838954808,2160,256
8876,0.3027213534167815,0.0413261720127193,2069,256
8877,2.6294861153098964e-06,0.5033076326923176,1924,256
8878,5.30505221087219e-08,0.2336679787724382,2022,256
8879,0.000141721647920435,0.5307723302862296,1923,256
8880,0.10017819919027122,0.2428703367718268,2128,256
8881,7.18956719508054e-11,0.0953855282991185,1959,256
8882,7.190233474902065e-15,0.4827806609678265,2151,256
8883,8.268252688643246e-10,0.5476113438420952,1958,256
8884,4.072414816135314e-08,0.6368602655894328,1922,256
8885,2.0531698058082707e-06,0.6484065609066861,2079,256
8886,2.576358227697659,0.9150234897119164,2118,256
8887,8.99138680076759,0.413842576325078,2069,256
8888,11.754287252340847,0.5923648777416166,2104,256
8889,9.835641291643157e-05,0.732994484694576,1930,256
8890,1.045890520012397,0.7292098835906088,2162,256
8891,3.086000396412461e-11,0.2609908904136444,1992,256
8892,4.387001024285274,0.6971741360385678,1941,256
8893,9.235920445324068e-06,0.8126985045721632,2046,256
8894,3.148242314486934,0.4666505001572387,1954,256
8895,0.023477789750629707,0.5690328042181795,1954,256
8896,0.004547903372572242,0.4183950855461642,1922,256
8897,0.0017335094039907402,0.4633945799198548,2083,256
8898,0.004808711273389348,0.7417282662709531,2067,256
8899,4.106161944957207,0.952015374590122,2069,256
8900,47.04501487830616,0.2402861112633399,2113,256
8901,4.929258557531809e-11,0.7672206123065463,2130,256
8902,1.9865763450453017e-07,0.3057815603645173,2146,256
8903,3.015257857946406e-07,0.4434145744530944,2049,256
8904,0.09180737776819825,0.3218549141061599,2091,256
8905,1.061325297074792e-06,0.2559772118363955,1966,256
8906,0.0909365625013901,0.7902944809778407,2123,256
8907,0.004709498070759046,0.7681465655470232,2171,256
8908,0.005470640568927467,0.5032046082249882,1941,256
8909,0.023327495094146847,0.0678244354884191,1973,256
8910,9.224880683919208,0.539511020893019,2005,256
8911,5.52603684641758e-20,0.9046829351613044,2117,256
8912,9.956330679842583e-29,0.6528665830513913,1954,256
8913,3.2810132667448656e-06,0.5322081560131867,1969,256
8914,5.1036469563196314e-27,0.8866134851562059,2133,256
8915,0.0001527747324303265,0.4196090285571981,1991,256
8916,2.1591266554094593e-05,0.0873993598263457,2118,256
8917,1.97527503717558e-12,0.6995773576207358,2112,256
8918,0.0004465803118815007,0.579790956816459,2090,256
8919,0.18673137926786174,0.810654292862993,1942,256
8920,0.003251422498146819,0.0049623657017224,1922,256
8921,0.00884575534984066,0.6347191292895721,2004,256
8922,1.2897090564159662e-06,0.7666771167305747,2051,256
8923,1.1793405873054594e-15,0.0161554415719052,2137,256
8924,3.6634401293112333,0.0228151360955757,2140,256
8925,4.164669928170959e-09,0.7706025737253834,2007,256
8926,0.038965902578055295,0.7685043518613174,2062,256
8927,6.475562479517656e-05,0.5533020274847099,1935,256
8928,0.0006378079375528071,0.7256356721282945,2112,256
8929,1.338727389414496e-12,0.1694661145254352,2116,256
8930,3.0110048619743346e-21,0.4986504115538822,1926,256
8931,2.626798783665206e-10,0.8920636668377526,2076,256
8932,1.411599798638486e-07,0.8439398637807135,2133,256
8933,4.671855104045876e-13,0.3840918836598552,1938,256
8934,0.00013128234702082685,0.7624210653100236,1954,256
8935,0.3765197393208766,0.4044875754093756,1981,256
8936,0.3398285758357365,0.5558522178378654,2063,256
8937,7.377671755655224e-23,0.258099996274622,1990,256
8938,0.2826916071252429,0.4412299874528271,1992,256
8939,3.667442394777301e-05,0.8989316831504238,1961,256
8940,4.797535217513511e-06,0.2528878868105807,2165,256
8941,0.07271492609761251,0.2429605879639529,2041,256
8942,1.6571931256417717e-09,0.9895856780711552,1951,256
8943,7.57308851738255e-19,0.345128663140009,2135,256
8944,1.937631979813225e-08,0.5209064409659117,1999,256
8945,0.014257331336543977,0.8132224858848631,1930,256
8946,0.0011366585762695922,0.4137670989722894,1976,256
8947,0.008324272086116925,0.5383929667052976,1987,256
8948,0.05925305023167016,0.5277965862893326,2037,256
8949,6.366696015051996e-07,0.8805225895143296,2147,256
8950,0.01392060012364039,0.8642920990343076,2111,256
8951,0.5797332272919228,0.5122202531846612,2053,256
8952,4.789522015366461e-09,0.5100830564855975,2109,256
8953,1.6456941079892487e-19,0.7000657456529866,1977,256
8954,0.008975767558468729,0.6555901895407856,2048,256
8955,1.5623959034225267e-05,0.109694160743002,2009,256
8956,2.0808272312092715,0.5425061399511096,1925,256
8957,1.5120713517210167e-08,0.3083720859911693,2174,256
8958,0.06567015167193672,0.4671679257649598,2126,256
8959,1.6888809780575693e-06,0.8548883430570423,2106,256
8960,0.006563611614004172,0.0571356917813495,1963,256
8961,5.048506156590895e-06,0.9572169392177646,2084,256
8962,3.2050784979840704e-05,0.8268788061105757,2079,256
8963,4.374225438249014e-06,0.0291456879668626,2064,256
8964,0.02004417588689018,0.2377288906287555,1938,256
8965,1.5998218348871388e-05,0.8414967780392256,2121,256
8966,8.62759422250531,0.633112036498232,2002,256
8967,0.11270520197479846,0.5285497130329566,2125,256
8968,1.47420576928086e-11,0.1415839022727819,2094,256
8969,31.825879945702365,0.0589156869925578,2127,256
8970,1.5471186888563975e-41,0.7323714179023513,1955,256
8971,3.5861052596809315e-05,0.8851590021667318,1984,256
8972,0.09773451704198972,0.2940763462216123,2104,256
8973,0.0693488541552031,0.5098744179553905,2116,256
8974,0.07940849501100349,0.7444499357431169,2024,256
8975,0.8281943771646662,0.9834060412341408,1959,256
8976,5.911397527561022e-06,0.8008699145345038,2006,256
8977,8.725941833421402,0.2635677867374891,2070,256
8978,1.0621254437060577e-30,0.5944450412794381,1920,256
8979,2.535023686954164e-08,0.8029618580463345,2118,256
8980,0.0006374369799478342,0.2583483315667552,2038,256
8981,5.648104613909522e-11,0.3531500776223827,2029,256
8982,0.0028897093077819556,0.0122432959073905,1972,256
8983,2.069156943285776e-08,0.9910414980827674,1934,256
8984,23.11402845535683,0.8590432276028128,1945,256
8985,0.004953734523303574,0.1429201357228274,2038,256
8986,0.000246407686991844,0.0183447502089335,2137,256
8987,3.132135275362009e-15,0.6356780776092227,2173,256
8988,0.0019636371293031956,0.3462307245063151,1922,256
8989,1.8889338704286678e-17,0.0043587287427793,2170,256
8990,1.2618828532004813e-18,0.7702081570741601,2064,256
8991,0.4975517856427006,0.0967427844535212,2114,256
8992,10.714710621262993,0.5146948494070357,2031,256
8993,8.073118446707412e-09,0.9607352412343144,2137,256
8994,4.5197220377487476e-15,0.0453948393592504,1967,256
8995,5.519433796768587e-12,0.9736914475843168,1948,256
8996,1.529975823889719e-12,0.4575875082048309,2151,256
8997,2.5305448183320457e-10,0.3832321062840264,1986,256
8998,1.1286998882344743e-10,0.992306077789125,1936,256
8999,0.1979188071909475,0.6971369277711114,2121,256
9000,1.3382498339349866,0.4719320666235163,2017,256
9001,25.91808644543088,0.2165705677349185,2105,256
9002,1.0611802031643712e-13,0.2922612791858567,2082,256
9003,4.870707492829515e-13,0.5707711100902035,2111,256
9004,21.619322331770537,0.8754769485119479,2074,256
9005,0.12622146177703927,0.2134239722483112,2138,256
9006,6.995644093777703e-16,0.1673393460258019,2008,256
9007,1.7240148551281015e-11,0.9677987879773716,1989,256
9008,1.5135178187317544,0.2287097106995061,2068,256
9009,0.01797418361474622,0.3038421217156225,2114,256
9010,0.03134225910418387,0.4609451975887043,1980,256
9011,0.012210503761164514,0.3543653577110098,1984,256
9012,2.599135618373981e-05,0.000772512464684,2077,256
9013,2.4112874042302584e-06,0.512790946014717,2161,256
9014,5.1653993158186707e-23,0.3955636861323226,2117,256
9015,0.10482454053937967,0.1808664845196271,2158,256
9016,3.510537469420574e-07,0.5720154723775451,2050,256
9017,0.0002494085303484147,0.0603458368394009,1952,256
9018,0.001895548639056993,0.0668582002605439,2021,256
9019,0.0001238310354659223,0.3231679432967514,2056,256
9020,0.6270344390306793,0.1918892027364556,2139,256
9021,1.7020709037026994e-11,0.1861830152842351,2125,256
9022,0.1433998507717835,0.9392150667014798,1938,256
9023,3.908761672514044e-05,0.7842614189511501,1975,256
9024,0.0041826017928016076,0.9570029736189752,2158,256
9025,3.87641903475832e-07,0.810842210420473,2110,256
9026,0.31427589971390774,0.3341304799936295,2032,256
9027,0.17957945852571008,0.2925858325495949,2080,256
9028,0.3925995693850654,0.0674732175559905,2165,256
9029,2.2549477015496247,0.8397517078817325,1942,256
9030,4.018900552141988,0.9314839443343153,2059,256
9031,9.684706713461254e-11,0.4546475757092548,2026,256
9032,7.136310787381933e-12,0.4328482569338989,2172,256
9033,1.2350417895991683,0.4715121878198547,2126,256
9034,5.00808437575636e-05,0.889103086201279,1933,256
9035,26.202115568145476,0.0600056773320839,1935,256
9036,3.1863200026511715,0.8043233699840053,2032,256
9037,3.903356780312835e-09,0.3543564502129543,2019,256
9038,1.5300668716909816e-28,0.212540881345864,2139,256
9039,0.7244772027855808,0.881592710894083,2047,256
9040,0.0001700145585783636,0.9934009772677904,2090,256
9041,0.010082342223513114,0.4877795183029627,1923,256
9042,0.003028277538958198,0.341531070954846,2123,256
9043,0.004647001397552381,0.4381522481941748,2095,256
9044,0.004802649990725644,0.1521737972744632,2139,256
9045,9.745687001659157e-20,0.9738550130519514,2001,256
9046,1.727613229131471,0.3748516316830045,2137,256
9047,1.2897520701053198e-06,0.3324164676748056,2157,256
9048,4.119222221807697e-07,0.8132378985052375,2063,256
9049,7.837802534693096e-10,0.8920444497688395,2050,256
9050,1.355850107197771,0.1187483559134797,2141,256
9051,0.0018267835030320654,0.980603585474058,2035,256
9052,0.6071053321646104,0.0699400128236971,2142,256
9053,1.0937904724583607e-15,0.187225419823539,2145,256
9054,0.10592026801270221,0.2098745964364077,2116,256
9055,6.053315138492619e-07,0.4029693146250984,1945,256
9056,5.38139343429012e-14,0.5680551400078775,1968,256
9057,1.3629402245645781e-10,0.7120030493266694,1958,256
9058,1.8513836033374098e-08,0.5602785753539471,2061,256
9059,3.820852068927533e-12,0.0146968177980456,1923,256
9060,6.435464036890108,0.3347386895155049,2096,256
9061,6.684213073001412e-10,0.7233065857699472,2008,256
9062,6.185468165910885e-12,0.5432866660798721,2037,256
9063,0.008172175676730517,0.635896609108726,2162,256
9064,4.926079113896115e-10,0.4653279052566715,2024,256
9065,4.0434811592048815e-05,0.7327542071044999,2143,256
9066,0.3410612123242675,0.8542162019779812,2136,256
9067,1.2899961415552693e-10,0.4185096357036475,1995,256
9068,0.004105982902762005,0.6669515339996712,1929,256
9069,7.607638949077229e-07,0.5524655439800027,2160,256
9070,7.3606784122374925e-09,0.5178405290331201,2030,256
9071,1.8623955792332463,0.0452464528396465,2171,256
9072,0.0007154719247830255,0.8839125143113723,2040,256
9073,4.524179134069361,0.8376564022407098,2151,256
9074,0.0007146626455401428,0.5218579746399151,2096,256
9075,7.414487884821176e-11,0.1596599685113399,2147,256
9076,2.5987646239784538e-11,0.7446547238458273,1936,256
9077,1.465498656108296e-14,0.3060849437110635,1923,256
9078,0.00015642098300174041,0.1899314981048755,2087,256
9079,0.016946672095013295,0.6972706482917037,2111,256
9080,2.998892936086209e-12,0.9297180963330456,1946,256
9081,1.6800479542807496e-10,0.0732268306391776,2166,256
9082,8.994042791884026e-10,0.965695457948348,2111,256
9083,0.0306289564999335,0.4584837113091519,2025,256
9084,0.0019623982859607895,0.4618252958257384,2115,256
9085,0.044434312438881546,0.3988318202345144,2152,256
9086,2.43836218797766e-07,0.2290779415313114,2175,256
9087,0.06573568053748796,0.4337258719290705,2039,256
9088,2.750408730106653e-06,0.5167339686270064,2118,256
9089,3.3727031690288527e-22,0.9415754133640502,1985,256
9090,1.8311843941332426e-10,0.3802299026500374,1962,256
9091,2.551698935655811e-07,0.0559791475094291,2085,256
9092,8.459759903842145e-09,0.2734772986493605,2064,256
9093,0.22754936391718977,0.5685282302820851,1998,256
9094,2.6049153995065613e-08,0.7545835831997877,2045,256
9095,0.007184588699496279,0.0518635939549977,2090,256
9096,0.00348025822092928,0.7110238517551228,1968,256
9097,6.68297614538066e-08,0.0050192939279168,2017,256
9098,0.00010711109610218143,0.2492715646444834,1926,256
9099,2.1890961818156957e-07,0.125934204911458,2009,256
9100,4.1881414567591655,0.668224933979731,1956,256
9101,0.014888640430075102,0.0276141060722782,1961,256
9102,0.7118483035767229,0.5437714548225271,2086,256
9103,0.01874146769549242,0.1772371232419362,1981,256
9104,1.977957124682168e-05,0.9727076431650848,2010,256
9105,3.670432371636933e-14,0.8340894977170396,1964,256
9106,1.1105893091486812e-11,0.2442992129054212,2149,256
9107,9.27792582179483e-07,0.1632831153712027,2106,256
9108,3.129764346039283e-19,0.2174234352280799,2011,256
9109,9.066915672856224e-25,0.8481270853249887,1982,256
9110,1.1833732425728748e-12,0.8442942284864695,2132,256
9111,0.0002265206841263992,0.9954195499743448,2129,256
9112,0.003003422559945582,0.0346276958939109,2143,256
9113,0.9487292073531556,0.2842647484910223,1941,256
9114,6.988620163461357e-08,0.3085559623816324,1949,256
9115,0.06891283596020498,0.1600119263645425,2034,256
9116,0.0009057039900408879,0.3937540904180714,1949,256
9117,0.0006157568937600801,0.4162529855432799,1959,256
9118,5.618163325168472e-15,0.9809894361967044,2032,256
9119,0.0035429668156084404,0.9083360934174826,2173,256
9120,3.811553393122706e-06,0.6111264070773597,1976,256
9121,4.261445152689729,0.0631505435786269,2136,256
9122,6.192238943918531e-05,0.0719532428585378,2015,256
9123,2.056996514296427e-06,0.6573813686232993,2059,256
9124,3.4867200907183713e-20,0.4176385871637751,2171,256
9125,2.59440703152051e-12,0.4472874697589953,2094,256
9126,0.0012240919034375412,0.2972275648589592,1972,256
9127,9.714713348401636e-09,0.130902887372637,2060,256
9128,1.143552687622401,0.456658297229135,2092,256
9129,1.2037130677075262e-13,0.2848933037609126,2116,256
9130,8.121642139023709e-16,0.1129746911296891,1990,256
9131,1.1927296764572233e-07,0.0830806181391402,1958,256
9132,1.8538573038722304e-06,0.5472518400939181,2078,256
9133,3.405629878195598e-05,0.5397156481919103,2048,256
9134,0.0018058733835154834,0.9175496187902444,1994,256
9135,0.13694678393644383,0.1350508448278148,1950,256
9136,5.388400265707629e-06,0.2054923450513329,2125,256
9137,4.4944042494791566e-06,0.5593871661686877,2150,256
9138,0.075504993645494,0.4118118135571039,2050,256
9139,0.00043182972375919803,0.7343595189965803,1985,256
9140,17.93159938890954,0.3069154106319965,2100,256
9141,1.9318233979997488,0.2568301609302857,2085,256
9142,1.209354150461595e-05,0.2814021997572719,1981,256
9143,7.951639591472559,0.1646264761593664,2095,256
9144,2.9004177056696928e-12,0.6338639120204612,2084,256
9145,0.22041353111356293,0.1131751993492407,2046,256
9146,0.015399174743359475,0.4491761285856001,2070,256
9147,0.00010426810281379479,0.7303499178229076,2052,256
9148,0.006342595663129995,0.8736052017700308,2096,256
9149,8.075232664398746e-08,0.6059612949688394,2037,256
9150,7.555206684342224e-06,0.8991728542599774,1940,256
9151,0.0006227269999246367,0.5163682662162894,2067,256
9152,2.782603655537449e-27,0.3253834535970363,2108,256
9153,0.0012446011487874911,0.0959119165535481,1933,256
9154,5.125252986327798e-07,0.1204678709179241,1992,256
9155,0.0063004377652291,0.2406361056167308,2029,256
9156,3.801467110367897e-27,0.1100444238369561,1965,256
9157,2.3015975008310157e-07,0.5320111999775524,1987,256
9158,0.04171474608081726,0.0751182821073196,2115,256
9159,0.0003649006350924216,0.9165875669023738,2128,256
9160,5.529540403342218e-08,0.3901604239893392,2074,256
9161,2.0968071605719843e-16,0.5815910409429634,2161,256
9162,1.2439862456787016,0.6825770827688266,2116,256
9163,3.1342536255574925e-06,0.3364284973857302,1958,256
9164,1.267857598134671e-05,0.7676464875533566,1998,256
9165,8.28293007946114e-14,0.8306852889955109,2063,256
9166,1.3587890230795408e-14,0.3414450025194502,2169,256
9167,0.7064655391867242,0.492409715623315,2116,256
9168,0.13933861828209465,0.7651645145648588,2016,256
9169,1.0666374840139552,0.6845919678402119,2081,256
9170,0.0005726251721937282,0.3731321746814685,2135,256
9171,1.1288606075338241e-05,0.0560633669730181,1986,256
9172,6.907610133339207,0.2051086310526086,2049,256
9173,0.028319988709024153,0.6366481974047672,1970,256
9174,6.263455900761387e-10,0.522816051916957,1935,256
9175,1.7358397120439066,0.2584230593987402,2134,256
9176,7.514074861062234e-13,0.4335888325631147,2158,256
9177,0.18980120387436003,0.7549081405286556,1988,256
9178,7.8258021407380856,0.483744561204884,2022,256
9179,0.00018843637027733386,0.6868422072859219,1941,256
9180,0.12706037909792922,0.4422588412800849,1940,256
9181,0.056197960094681754,0.5481503219581182,2073,256
9182,1.3314711286305567,0.7557515104219629,2048,256
9183,0.02727291173935864,0.6952669382221421,2119,256
9184,10.041730644106824,0.7691281057965681,2014,256
9185,0.676402063847863,0.4172545291950811,1994,256
9186,0.07513547193251946,0.775084967005417,2104,256
9187,0.5142289029685317,0.9209986821776924,1992,256
9188,3.8400061474297074,0.4216291604139134,2115,256
9189,2.489507355784251e-12,0.4123796175649917,1954,256
9190,0.47103864607705237,0.4247211744605701,2103,256
9191,3.480256359212585e-08,0.662052783738139,2024,256
9192,2.44558920456797e-06,0.4750559723496198,1962,256
9193,0.005804511390537725,0.5940831616017334,1929,256
9194,2.5055139652213192e-11,0.661370928233244,1952,256
9195,0.5319023223406578,0.3771361584394085,2151,256
9196,0.01258349021063861,0.1148991874599524,2132,256
9197,1.7060836921679412,0.5562848222022134,2055,256
9198,1.2851544570499338e-13,0.6910166605524604,1965,256
9199,4.765308081948015e-17,0.843202475236873,1980,256
9200,4.820276108371775e-22,0.2333068939449988,2108,256
9201,2.8610107515169292e-05,0.8012951673774676,1979,256
9202,8.361644378637834,0.4828291832742645,1972,256
9203,0.057110640273528405,0.7131138851879435,2012,256
9204,2.405841940845244e-15,0.2112427359160426,2160,256
9205,5.333662855886032e-07,0.0260797984280873,1985,256
9206,1.022096098457086e-13,0.7883711201517459,2040,256
9207,2.2068803796700735e-08,0.993286885453304,2007,256
9208,1.1326002257217616,0.924988177499806,1990,256
9209,0.2192395934307136,0.317133430933684,2107,256
9210,0.20523494582564236,0.613832120306918,2019,256
9211,2.84209810629524,0.1101666472919855,1990,256
9212,2.4032438746105076e-09,0.1161111380377311,1933,256
9213,0.020982403718115206,0.6835799383267304,2167,256
9214,9.80012593623174e-19,0.0841889102943813,2032,256
9215,1.5700178193002295e-29,0.7347630922623315,1968,256
9216,0.00016860122996883013,0.0607593455397548,1997,256
9217,0.03272431899616543,0.5849083686292864,1952,256
9218,0.009009668153104871,0.1646007791377757,2060,256
9219,0.00040258846635349104,0.0973784856744333,2135,256
9220,0.001960835051850894,0.7345503996027971,1921,256
9221,1.012904054206075,0.5480017825368486,1927,256
9222,0.0014534034456104197,0.3494382506470957,1961,256
9223,0.02345497669990626,0.1002604585997882,2029,256
9224,2.782876187103048e-11,0.3964617493220649,1996,256
9225,24.539668172420292,0.2426379967672085,2091,256
9226,1.6591943996638683,0.6152905193052579,2043,256
9227,0.01668474495381475,0.8347132633976028,1944,256
9228,0.4660658887040528,0.9288528126895194,2003,256
9229,4.027471695271648,0.928923657788354,1996,256
9230,6.742056215682712e-09,0.0755546378958682,1933,256
9231,0.06721241208033149,0.4287175903079688,1953,256
9232,0.25310968018143354,0.0128310828596248,2001,256
9233,0.00038676988154261405,0.5190827883376422,2007,256
9234,1.00343395121755e-07,0.1225996078880532,2159,256
9235,1.4259149091135833e-05,0.8119529062032754,2107,256
9236,3.873034100239659e-06,0.824693814516652,1992,256
9237,5.188422073291306e-15,0.5840415197833438,2021,256
9238,0.09868015842345444,0.4546867434835835,1945,256
9239,0.06928355285748346,0.2142039759852413,2037,256
9240,0.0011242519145375964,0.8962527731208683,1930,256
9241,0.000524453053796133,0.3862275521969033,1979,256
9242,1.721356274083994e-07,0.9518593853808928,2095,256
9243,1.4184483926323408e-12,0.2786507198504812,1924,256
9244,3.7850152063246576e-06,0.4954457112030921,1995,256
9245,0.0007829741663507751,0.8821329583735456,1948,256
9246,0.02584949049031617,0.5424981200494984,2159,256
9247,0.009761195872453245,0.8906016135437658,2055,256
9248,2.1730121779797673,0.3567403325140587,2032,256
9249,1.0468243972460899e-11,0.2358028052181769,2089,256
9250,9.982749498110053e-06,0.4203036485442801,2017,256
9251,0.0004235477655395634,0.7481027098123564,2052,256
9252,0.043945967669845494,0.8934865462732551,2042,256
9253,1.326103352252506e-22,0.9437279119823526,1999,256
9254,7.404718553484955e-09,0.6338473194540198,2068,256
9255,3.3335067478169417e-13,0.1643115271955043,1988,256
9256,1.9963451207358482,0.7379441890446626,1929,256
9257,2.8304827399074026e-07,0.7050972758556643,2153,256
9258,0.030209309272288504,0.7852834694869688,2009,256
9259,4.9935770048401955e-11,0.1192653407220974,2120,256
9260,1.4879422894617886e-11,0.9787897696055304,2084,256
9261,7.225919382377117e-18,0.5132318182200514,2064,256
9262,0.004126609479119172,0.8361144911080876,2040,256
9263,0.08609996382793417,0.9877989268539624,1954,256
9264,3.044880996761183e-13,0.425384906689104,2049,256
9265,6.622547427482541e-07,0.1603798868373392,1936,256
9266,8.598013419307332,0.1878514162071365,1952,256
9267,12.141717181917326,0.7659347839110283,1967,256
9268,4.172950691822387e-08,0.5262341929709815,2094,256
9269,4.306545380440443e-14,0.633756696173334,1961,256
9270,0.031293755526896484,0.9047245469776788,2121,256
9271,6.525345198447263e-10,0.2380197368246374,2151,256
9272,0.5787596330111652,0.3376063445018795,1981,256
9273,7.248363395669223,0.1190558644644111,2143,256
9274,0.0005407984973847816,0.768408867134761,1938,256
9275,4.912493143471869,0.9986150283998374,1990,256
9276,0.13323674616459635,0.934530669262828,2035,256
9277,3.860565369592503e-10,0.7173438564831114,2042,256
9278,1.0877513755316234e-06,0.8201748621526999,2165,256
9279,0.0048552351351230025,0.8964046925936012,2036,256
9280,2.4111855613328508e-15,0.8764110918265653,1961,256
9281,41.44477853085986,0.7946404137042161,2064,256
9282,0.8283382413337613,0.964223877775894,1958,256
9283,2.302512500748633e-06,0.8197495894152007,2172,256
9284,1.6997455252858713e-08,0.5673942862915874,2043,256
9285,1.0841967628722995e-11,0.6058957090743317,2145,256
9286,1.8693981600772447,0.2909737337167396,2092,256
9287,0.41090304041316156,0.188581941150756,2093,256
9288,0.17500831313447082,0.6348728854872508,2168,256
9289,1.1112973331774136,0.4311407198957147,2145,256
9290,0.38478814770219877,0.7458519125194591,2135,256
9291,1.2766570000636813e-11,0.774385779448576,2071,256
9292,0.5988945868991695,0.066501930478082,1949,256
9293,3.5295349195058967,0.525409572315682,1926,256
9294,4.184090392675491e-06,0.5063029769514394,2055,256
9295,1.4883107416158352e-20,0.0511347154574012,1978,256
9296,6.589021898153763e-17,0.2770293654930774,2028,256
9297,1.9044994604306187,0.0617551851645552,2048,256
9298,0.5703434849812292,0.5801995755902524,1953,256
9299,0.00023424222086943723,0.9775379669464526,2098,256
9300,0.001525831950687703,0.0599483440027303,1926,256
9301,9.044919600932056e-19,0.6792440618080413,2089,256
9302,9.495978542870089e-05,0.4947782520352056,2107,256
9303,8.25693505461307e-10,0.7847869369409,2044,256
9304,0.0038251533916072353,0.2024241487461274,2055,256
9305,0.268157480503718,0.7276653543433026,2142,256
9306,1.3759701127378295e-06,0.8471232103737039,2166,256
9307,0.00021166947255468266,0.9017791022869408,1974,256
9308,0.8911819859363634,0.3795431984919742,2136,256
9309,0.0002969974949555063,0.8609076657713339,1978,256
9310,1.9546992165649142,0.1925587349835703,2149,256
9311,1.2693362420467065,0.199385357570857,2153,256
9312,1.3058862917426722e-07,0.6922224984253227,1973,256
9313,1.8982397467927857e-15,0.6653881824442488,2151,256
9314,0.03047012978119176,0.7913974130441421,2055,256
9315,2.6115243266772142e-11,0.4566599057953775,1984,256
9316,3.9120668498410454,0.5896038011999203,1965,256
9317,0.019808245328770114,0.9701994251784866,2076,256
9318,1.898878472027272e-18,0.8178609682381905,1985,256
9319,0.05189659429271,0.4415675061609856,2144,256
9320,2.8931658181783813e-08,0.3657394248266922,2121,256
9321,8.030113476627818e-09,0.6730390071766393,2055,256
9322,0.030390550138721575,0.3473920544703178,2096,256
9323,5.411058200432066,0.9896335309654968,2094,256
9324,1.0207985184182435,0.0461786651915014,2015,256
9325,0.01015255927393163,0.2146943937948396,2151,256
9326,1.256114929829338,0.5703054372973739,2114,256
9327,2.0831516250008602e-08,0.4195087806543366,2114,256
9328,1.734074598187633e-20,0.2942042299011215,2169,256
9329,2.2554014441233634,0.9445031456008957,1956,256
9330,0.02451860733941305,0.669199351035576,2028,256
9331,1.6269073797516596e-06,0.5130359381552817,1948,256
9332,4.388379242941144,0.4368851749945873,1951,256
9333,0.03980005608272921,0.5589331855031806,1958,256
9334,0.00027108084932538545,0.422968885717381,2058,256
9335,0.004487959002840139,0.2553527195351941,2140,256
9336,1.0233229330349264e-06,0.8544738377928518,1964,256
9337,1.7312579678897e-14,0.3275820725224411,1977,256
9338,4.819432513818227e-07,0.9963815203511814,2058,256
9339,3.6442537726633174e-06,0.8102538820660885,2006,256
9340,8.20922687864404,0.5818802891759058,2091,256
9341,9.384539780107746e-05,0.9979683229562732,2046,256
9342,16.732611831775436,0.6339567419810569,2176,256
9343,0.800132504854635,0.2063131133103911,2140,256
9344,1.1570874485114968,0.297333161154017,2013,256
9345,1.4654900374872726,0.5327293406483862,2088,256
9346,0.0005148880793215837,0.7649455558028644,1999,256
9347,1.4072184246483654e-11,0.5104723456318799,1974,256
9348,6.913297408511613e-29,0.1798711332290684,1996,256
9349,3.531322596140019e-09,0.7822888079524608,2170,256
9350,0.006768792125027129,0.6640804663928576,2047,256
9351,0.05080879248265307,0.7897621638800972,1937,256
9352,3.1203361016652353e-09,0.1995787633497276,2012,256
9353,0.0009311042388369236,0.7302183034723828,2132,256
9354,5.557803591400623e-10,0.2760216464748735,1973,256
9355,0.1136039477728287,0.0915926907629909,2078,256
9356,5.070543455062592e-18,0.175577730041706,2042,256
9357,4.075319668026876e-09,0.7337800139747616,2019,256
9358,3.9429333916617787e-22,0.2619132110434513,2040,256
9359,0.007420347111124987,0.2348577875970612,1965,256
9360,8.177178154916387e-24,0.5802824573545942,1931,256
9361,0.35585178584239013,0.3528710343390747,1930,256
9362,4.821634251344986e-11,0.6855767562104873,1960,256
9363,1.4215474385801576,0.0966845002828066,2064,256
9364,0.15935045269850118,0.5574341695060393,2075,256
9365,8.190016725379566e-20,0.0364706623264368,2107,256
9366,8.92997912756562e-09,0.59767243951432,2076,256
9367,0.021408196196745007,0.2304527979765289,2085,256
9368,2.4163073053262454e-05,0.0941310432235769,1930,256
9369,2.3118672154263842e-05,0.4278831665287297,2130,256
9370,1.82038601758887e-06,0.9555039660082936,2040,256
9371,4.134646483088299e-11,0.6557804092682591,2035,256
9372,0.000794671758931084,0.0840824639691427,1971,256
9373,0.0002571998833640363,0.7684269690236277,1972,256
9374,6.430081031144229e-05,0.5931629625413535,1969,256
9375,0.8965715589576169,0.9278829331679084,2079,256
9376,4.603766013328369e-31,0.1322028010033487,1962,256
9377,1.660852410022442e-08,0.4712116877455933,1959,256
9378,3.758023590085285e-08,0.5681239058355396,2137,256
9379,4.061191800809526e-06,0.006948211289955,1984,256
9380,0.06751395583322171,0.2327808186975685,2084,256
9381,4.242794731071102e-13,0.2725159144100378,1924,256
9382,0.0032122256356731664,0.8876888342702206,2090,256
9383,6.6270228597257965,0.1682551669842952,2091,256
9384,0.7911077761334271,0.7808899400809272,1930,256
9385,3.3785864694328295e-05,0.6344015624902328,1983,256
9386,2.3180310022609394e-09,0.4547428768534244,1943,256
9387,1.5758732262395224e-25,0.2914720556976267,2176,256
9388,0.06726306964580277,0.9107108886617058,1942,256
9389,4.748273707357761e-05,0.9003950602943049,1961,256
9390,0.10550328223885355,0.1228146344123903,2162,256
9391,0.046946126177558084,0.9224266856637852,2033,256
9392,5.159553257495174e-10,0.3240032960712602,2029,256
9393,0.5652070995504955,0.2273958186130893,2003,256
9394,5.164718442800458e-07,0.3503088133286349,1951,256
9395,0.0117851046147954,0.1636828022678023,2003,256
9396,2.4985062150668673e-12,0.3981261408370641,2161,256
9397,0.02344525333792222,0.9340354273653068,2093,256
9398,1.2911781135771552e-14,0.0837640768471786,2033,256
9399,1.1621841946908141e-06,0.6891107641716242,2037,256
9400,1.2206595955859352e-07,0.514320490558811,2059,256
9401,0.0796115077041536,0.8381401008530632,1951,256
9402,0.00314935337305035,0.8456484992787173,2118,256
9403,1.700589307841034e-05,0.4200830102084814,2061,256
9404,0.1178489261743973,0.8392774795349904,2103,256
9405,2.9908807464850264e-09,0.4639703026965706,2048,256
9406,1.0101863616294324e-09,0.3452610671261199,2040,256
9407,6.297041814480755e-06,0.3263709889130936,2009,256
9408,1.804271031865275e-14,0.8313381040982735,1952,256
9409,5.675153936172501e-13,0.8515272353898706,2020,256
9410,0.0389200554872713,0.577913061739149,2176,256
9411,0.07894248762203464,0.0247318215208918,2118,256
9412,0.7171336018319773,0.9030568968896416,2044,256
9413,7.754638561482578e-09,0.5109163945379986,2054,256
9414,0.0012411272518329556,0.3189004203330555,2149,256
9415,1.5289417282007787e-12,0.1225134290496268,2164,256
9416,2.1542745336073397,0.470210751802639,2038,256
9417,1.4231745002207885,0.336496424183362,1958,256
9418,1.2490589356582783e-07,0.6479627918751094,2121,256
9419,2.984118992025573e-14,0.1687975881353648,2055,256
9420,1.275369500357589e-25,0.9100495221033802,2164,256
9421,0.021874372126774372,0.7589336646630165,2140,256
9422,7.018946880111804,0.7341221092889796,2059,256
9423,0.09659150282676765,0.4858075837864148,2039,256
9424,15.112234045102795,0.718191686885792,2152,256
9425,6.617857958514471e-10,0.3880779354794053,2037,256
9426,1.6554218742545776e-05,0.4543968893301777,2168,256
9427,5.433400947503212e-18,0.834156829878572,2083,256
9428,5.098972433741629e-07,0.2140259258054789,2018,256
9429,0.5609957853036692,0.5755045564795154,2054,256
9430,0.47529988453834865,0.6034529687112452,2053,256
9431,0.06740944221636407,0.7493886104278176,2098,256
9432,5.143005537969045e-12,0.2349297688980642,1958,256
9433,0.14045108036425485,0.8428967938765872,2176,256
9434,8.215886169390026e-07,0.6055524140122742,2099,256
9435,1.3790737938859606e-28,0.6191693417680435,2144,256
9436,5.1603384942969394e-05,0.52645011521717,2168,256
9437,0.05896926289822338,0.3219362665300648,1947,256
9438,8.633823064745145e-14,0.6173806415517229,2173,256
9439,9.449784888690546e-15,0.8929962104291987,1949,256
9440,2.5144325391122336e-05,0.7546583350901234,2169,256
9441,1.1072957895958861e-08,0.854301139652002,2024,256
9442,0.0030761691230566657,0.4836172415848108,2080,256
9443,1.8031723045460903e-08,0.2390111308668479,2169,256
9444,0.00010942457068802554,0.2817891258039793,2008,256
9445,3.408938631655537e-05,0.8802463746123057,1956,256
9446,0.014350926581826446,0.2960948893750752,2012,256
9447,1.1499104093058539,0.584550335903606,2085,256
9448,6.722441019057865e-16,0.5653768754795772,2030,256
9449,4.092699678189947e-11,0.0956298165082061,2171,256
9450,2.360616793385264,0.5274690949285469,2175,256
9451,0.0017438523510626544,0.4892190234924561,2152,256
9452,7.834747930057339e-07,0.6054272567423092,2103,256
9453,0.7382050079847735,0.0242714283821786,2086,256
9454,1.2587193692586917e-07,0.6472267446403002,2126,256
9455,4.538550058125006e-06,0.9051081120539936,2074,256
9456,3.1713249255445297e-05,0.7542252455899218,2105,256
9457,1.3636105117859158e-06,0.2455031719492334,2023,256
9458,0.002236982389162605,0.5654782282600981,2039,256
9459,1.2226050852109554e-14,0.9072321059832332,2154,256
9460,0.19607655093448925,0.5363240747768793,1982,256
9461,6.821573790234537e-10,0.9807135396328908,1943,256
9462,1.8718707062914562e-13,0.3398934983907936,2108,256
9463,0.1250456690569533,0.5513843967270781,2145,256
9464,0.33197688368008016,0.3404877860458872,1936,256
9465,0.004671733495399905,0.2109436616325818,2112,256
9466,7.73727969423335e-21,0.567159016921771,2038,256
9467,0.0015118053375047142,0.315436575719944,1944,256
9468,1.655747406720914e-05,0.6959489232382378,2069,256
9469,2.6514585626233105,0.3887362996782739,2126,256
9470,4.185831077073743e-20,0.4581252514714314,2037,256
9471,7.4407317267746365,0.8263654252345084,2142,256
9472,0.001037111437484689,0.5637997395297033,2121,256
9473,1.202025171253098e-13,0.9402743450957728,2017,256
9474,3.4266754756342507e-07,0.9569943735615613,1998,256
9475,0.0006392014688564211,0.9976259295462364,1968,256
9476,2.3586253292833773e-14,0.6666065134696539,2132,256
9477,7.762459650814657e-06,0.56946907960365,1987,256
9478,0.24766273399823424,0.9340721216783642,1961,256
9479,0.014262767420999434,0.6879345220285573,1957,256
9480,0.00385009251652351,0.419973940639069,1931,256
9481,0.012094630755684985,0.8609960329903183,2018,256
9482,8.028337788537997e-06,0.3478252931620078,2110,256
9483,5.824690753186998e-08,0.433507531098853,2130,256
9484,0.0588255423548105,0.5485383188842649,2049,256
9485,0.8897387485286962,0.0258463776871729,2054,256
9486,0.006372607979907572,0.5879475424396314,2052,256
9487,1.6334695249815582e-06,0.7151669376410577,2161,256
9488,0.05111016291551361,0.0665938324825309,2175,256
9489,0.015713489136210127,0.5767346112609745,2039,256
9490,0.9481891475907621,0.7108624250821023,2004,256
9491,3.849117379678602e-40,0.2149867031414641,2094,256
9492,0.00032055370484012366,0.1576737321176785,2175,256
9493,2.0442642895992305,0.0902103324225988,2084,256
9494,10.15395813566006,0.1701712630818269,2071,256
9495,1.318619854604642e-09,0.8215576377639018,1974,256
9496,6.57107447880153e-11,0.4504214920109454,1937,256
9497,7.406753458634754e-05,0.298867222673556,1979,256
9498,0.4897541180578981,0.3147876833251977,1940,256
9499,3.5317934725197892e-06,0.7566649959542578,1993,256
9500,3.059973707401559e-11,0.5818241491071686,2005,256
9501,5.8399459573859955,0.2645650958499895,2001,256
9502,0.0010528136531002424,0.586591251344623,1925,256
9503,0.01433907521528201,0.5625239115742515,2087,256
9504,2.747894452794697e-08,0.5669361250042358,2040,256
9505,3.7080139328831154e-16,0.4831561853593091,1951,256
9506,0.0044541173567304165,0.867262291993652,2006,256
9507,2.0186761626168316e-25,0.1644103947162534,2158,256
9508,4.65972285548447e-08,0.6461150010231648,1925,256
9509,3.3755651050332346e-09,0.175977409706265,2171,256
9510,2.095083573652203e-19,0.3512645726222356,2008,256
9511,0.10724577407478379,0.0504511476122283,1967,256
9512,8.359649600920937e-10,0.6039239979925372,2128,256
9513,0.000999060815197157,0.0100673304358362,2163,256
9514,5.946537585602605e-13,0.3525990002396711,1947,256
9515,6.262499595759355e-06,0.3593468556775238,2003,256
9516,2.3669253683233254e-05,0.9511424989538289,2017,256
9517,6.445795242683773e-11,0.4102147874834058,2142,256
9518,3.0790849672384697e-10,0.535798077674201,2026,256
9519,0.0016772962337572254,0.0982272327833359,2162,256
9520,3.5904883512114,0.6718506241121119,1966,256
9521,4.704811313386185e-11,0.8593768414808324,1957,256
9522,6.0061082480788015e-15,0.0008504097702126,2174,256
9523,2.140687750015049e-09,0.7969864238219349,2112,256
9524,2.4519839071128944e-06,0.7765327478361946,1956,256
9525,4.7028141515083195e-09,0.1190027340630086,2130,256
9526,1.7801235835636043e-06,0.7539143826339888,2073,256
9527,0.21724624667759043,0.7315317529832932,1975,256
9528,2.230870762314539,0.1423892168245593,1981,256
9529,1.1455523024354014e-09,0.6966632426902069,2046,256
9530,7.066313302209917e-06,0.3894823826729686,2149,256
9531,1.185624043581628e-10,0.3289692467964976,1970,256
9532,15.965093363091224,0.5860311083834882,2108,256
9533,6.100736991271377e-06,0.9548916606446476,1941,256
9534,0.10584307979961584,0.7655304163146668,2033,256
9535,1.2956541920055574e-06,0.1849604961086246,1938,256
9536,0.007264193646123842,0.932037462567096,1945,256
9537,0.04192481177054151,0.5882926508784369,2149,256
9538,1.5750125320862472e-08,0.7523007787079264,2078,256
9539,5.220670028282672e-09,0.472621178602008,2048,256
9540,0.026679214659572275,0.6237779038943801,1963,256
9541,1.2836130263902372e-34,0.7239784307278516,2034,256
9542,0.015186211739640056,0.2874327585976054,2016,256
9543,3.5509748940523613e-10,0.3643786698955429,2004,256
9544,0.24759665611806483,0.400954442394507,2039,256
9545,0.06867929884455114,0.0401948599910437,2171,256
9546,1.3909436877813811e-08,0.8470766510537182,1960,256
9547,0.004518654911413032,0.9319297515654872,2088,256
9548,3.1358125351817946e-13,0.2228650843658334,2157,256
9549,1.2728429195320065e-08,0.3935033126551972,1995,256
9550,1.9776584350257438e-07,0.5881460503206868,2108,256
9551,1.1061440255290043e-12,0.4346391072429826,2064,256
9552,7.075698787884232e-09,0.3551615770190385,2065,256
9553,0.003809615033633327,0.5798348419881441,2128,256
9554,0.35407245206752463,0.8063334185713399,1958,256
9555,5.180572181508323,0.6416067855470078,1926,256
9556,1.5912988176590623e-10,0.2515990175958983,2047,256
9557,0.00033883819980722794,0.1977733518607074,1999,256
9558,4.831376707884711e-07,0.5213522571614687,1997,256
9559,1.5582654745690778e-05,0.9458012042981668,1971,256
9560,0.343569541268786,0.6885469647229964,2127,256
9561,2.1489616960279604e-08,0.9955304995036632,2004,256
9562,1.0824762567907908,0.7450283040880777,1928,256
9563,5.214873780852932,0.3229031287803798,2140,256
9564,0.15833678524505734,0.5420102425890821,2116,256
9565,2.5459260212358287e-07,0.8550361350402618,1990,256
9566,5.44126656502612e-15,0.6969499204511044,1973,256
9567,0.001298155048155285,0.91736696186503,1958,256
9568,5.600717679865343e-06,0.2244889440309858,2137,256
9569,5.521627754571613e-06,0.3191730637584852,2010,256
9570,0.6344617761186514,0.0993251526940763,2118,256
9571,3.648351270469358e-08,0.1885661488234249,2005,256
9572,0.0009661606655990695,0.4992734727786093,1987,256
9573,2.0550849080826343e-09,0.704674924355238,2019,256
9574,0.039211966012429746,0.744160499743591,2087,256
9575,0.009630691128993153,0.1136822011735263,1974,256
9576,1.1555649096763688e-06,0.2339420598968763,2130,256
9577,2.606411668595296e-06,0.2215704355860142,2125,256
9578,0.026978892084991442,0.7496792851496256,2102,256
9579,6.706502599807117e-22,0.0496722839269548,2113,256
9580,9.426105864811909e-12,0.6876248701447443,2135,256
9581,0.018892674168427298,0.8675708140826318,1927,256
9582,3.3023409718132054e-05,0.6645514460499669,2046,256
9583,5.226385993962478e-15,0.1851260615106829,1935,256
9584,9.646101329160943e-07,0.6461930267456186,2144,256
9585,0.00018493966298490145,0.6244031620507886,2106,256
9586,4.070013898847471e-08,0.5296614657031345,2140,256
9587,6.18106910668336e-23,0.3269069579442734,2174,256
9588,1.0965775308737802,0.8318236754108984,2090,256
9589,5.894246623505471e-09,0.0705875104439535,2095,256
9590,1.5403929131178408e-09,0.7968895693252496,1939,256
9591,0.042067253196156056,0.8132578593850667,2033,256
9592,0.013291755497384454,0.4421153609619479,1930,256
9593,0.0023100662409715395,0.5969127585543854,2132,256
9594,0.3987688525719138,0.6607934063036233,2100,256
9595,3.6592710407440006e-09,0.8318940436595689,2167,256
9596,1.1198798923584354e-18,0.8880084141465155,2135,256
9597,5.428957962947221e-24,0.9447952491470784,2156,256
9598,1.749299801659252e-10,0.6609435235445267,2009,256
9599,1.5738677043837899e-15,0.2783733396772675,1926,256
9600,3.3543162893074713e-12,0.2054439560169827,2036,256
9601,1.127078792420755e-14,0.5804976393703264,1948,256
9602,7.239932532144091e-11,0.30390824461115,2101,256
9603,1.5435964407742761e-06,0.3198025363195454,1931,256
9604,0.001959037388404758,0.1263735489120567,1973,256
9605,0.0007988585578581028,0.2759484793004548,1932,256
9606,0.0003153494052044795,0.1436857217837414,1972,256
9607,35.27264212001429,0.8381120131128829,2071,256
9608,3.8750167955909065e-06,0.2101553017423293,2074,256
9609,6.745842468590092e-09,0.8633841406810433,1936,256
9610,0.018379428923427588,0.7899623279612323,1953,256
9611,1.6716459833662083e-12,0.1561824090895315,2019,256
9612,1.7804746990548873e-12,0.3955347473647739,2138,256
9613,0.01241143874668285,0.9154183823406286,2045,256
9614,1.6566817835347623,0.2227955275766884,1978,256
9615,4.265851311235328e-08,0.4614125208406852,2022,256
9616,0.02599808999875931,0.4395790367934861,2083,256
9617,2.806032879986732e-08,0.1234143413744049,2100,256
9618,1.8125138869759847e-13,0.1285924680373603,1931,256
9619,2.5246673690604575e-26,0.715266860175944,2168,256
9620,2.4416414846269606e-18,0.1652695223198136,2130,256
9621,2.086313717937057e-17,0.4752426378275988,2142,256
9622,1.2127062018989329e-05,0.1853293615762102,2112,256
9623,1.5153678870771067e-06,0.4022241094781716,2164,256
9624,0.03281162435295565,0.5267677039439851,2046,256
9625,8.082893655557564e-11,0.6651306907259296,2112,256
9626,7.102138515819376e-07,0.1897165897362315,1961,256
9627,9.772675906129684e-07,0.4675040848791123,1994,256
9628,1.2465838350712255e-17,0.4795675812027703,2133,256
9629,1.2588739848056463e-05,0.5630591133702859,2144,256
9630,6.268833848162583e-08,0.2683245931719015,2067,256
9631,0.00025934178644477883,0.3021111796845819,2119,256
9632,1.2539296900976936e-10,0.2829792504517341,2162,256
9633,0.004762035028947494,0.2525531089262876,1929,256
9634,0.0016131481369352058,0.1279117393639419,2027,256
9635,3.537086444413092e-05,0.1308431322820336,2110,256
9636,0.00015652339842224972,0.7349424816697827,2018,256
9637,11.671039838718121,0.4973946386407892,2069,256
9638,0.001319982873292644,0.1608446612247874,2121,256
9639,2.6470565102665863e-19,0.5455603265227632,2127,256
9640,0.002869464625515865,0.8688869391084181,2080,256
9641,0.01194870392962114,0.9747834547069788,2057,256
9642,0.3139967187547893,0.8580672416054602,2043,256
9643,10.362028558797283,0.8273705591747025,2085,256
9644,3.7939017199119675e-05,0.1915731167912497,2090,256
9645,6.818687524030973e-08,0.3620626783712303,2083,256
9646,3.049475859492498e-12,0.9794641720147772,1948,256
9647,1.092928872244027e-06,0.511690417268389,2104,256
9648,1.3456961178819525e-10,0.5378088275758927,2149,256
9649,1.2925575330358292,0.8324986352939115,2067,256
9650,4.3495298358820576e-08,0.8856569383011382,1925,256
9651,3.0192363464240975e-05,0.3162982287071002,2133,256
9652,0.08499110429757699,0.8803474040554556,1997,256
9653,0.036284032160045575,0.2821141539302108,2168,256
9654,4.957296970150649,0.4829696995749775,2025,256
9655,0.0004534372722872609,0.5951053669715437,2107,256
9656,0.02693304959189348,0.1387762395782702,2141,256
9657,0.012977273058550618,0.4671988663314649,2063,256
9658,2.114277704293181e-05,0.4358930200486515,2061,256
9659,8.303218452533161e-17,0.7146729182201649,2125,256
9660,5.250053028185113e-06,0.1118089699871185,1970,256
9661,9.671836244999422,0.6978019904825101,1978,256
9662,0.8531692158061356,0.2974414671563541,2063,256
9663,5.288010611369508e-05,0.474850257993905,2008,256
9664,6.613142009571337e-15,0.2839977530323692,1942,256
9665,1.4257300018838931e-06,0.0385915277761791,2105,256
9666,8.007168524726236,0.178092767660132,2164,256
9667,4.042560300698249e-06,0.2559200473653863,2158,256
9668,1.4844629940358063e-07,0.5484072789570215,2111,256
9669,2.647906160470041e-07,0.6386673421643917,2089,256
9670,7.104212343688336e-23,0.2371805024436687,2107,256
9671,0.0652986798899321,0.1672242750684579,1975,256
9672,0.533514822911645,0.6366752198865899,1941,256
9673,0.12095989965081472,0.3920641489905272,2105,256
9674,2.911333927928736e-12,0.8492476258465802,2163,256
9675,2.1741897582704102e-07,0.6607732067309734,2172,256
9676,2.7514625606197617e-06,0.9507361337853932,2108,256
9677,0.00018695059413226353,0.65442707509044,2001,256
9678,0.0012611298942968253,0.8779983021506973,2058,256
9679,3.473592272331232,0.6485962733569591,1973,256
9680,1.0140897141494523e-06,0.8594643745664987,2014,256
9681,7.149177112335987,0.3814429984960401,2038,256
9682,1.0308376190317815e-15,0.957437596767348,1930,256
9683,1.6494568104598968e-08,0.5451884113316948,1931,256
9684,1.4551514818761188e-13,0.5815434728003115,1973,256
9685,2.336652651976232e-09,0.52412923844026,1993,256
9686,0.010144733465707085,0.8888366571911951,2046,256
9687,11.736301064531318,0.856215578275141,2115,256
9688,6.347838257732507e-16,0.7155914346275761,2157,256
9689,0.03244591989911956,0.1441238592288514,2021,256
9690,0.3759800969796442,0.5794248827228583,2157,256
9691,5.111256627738164e-18,0.0180961281531482,2143,256
9692,2.686208771266971e-17,0.1117222338518713,1944,256
9693,6.164774220550122e-10,0.7400588939715671,1997,256
9694,0.1158980955714256,0.6905772341443214,2036,256
9695,1.7616643914453994e-08,0.1687947124830782,1973,256
9696,4.91073052251784e-24,0.4952266668277091,2126,256
9697,4.192178657917341e-05,0.6058830301116427,1965,256
9698,0.13761556670459926,0.0035490667016302,2007,256
9699,0.0005389512312871318,0.3187406528558807,2069,256
9700,5.369128360215974e-06,0.6566859031069899,2032,256
9701,5.980177436736496e-22,0.0266368048237615,2056,256
9702,1.2524725616380442e-19,0.6416162559214817,2000,256
9703,0.00041909514117114045,0.0872684885833717,2132,256
9704,5.085170086815003e-05,0.7749861541245675,1959,256
9705,2.333879921107869e-05,0.2620564338202845,2009,256
9706,1.3051173233112179e-05,0.2251738694273725,2010,256
9707,2.9137522757502693e-05,0.2035619150007286,2114,256
9708,0.5565895932339892,0.0090523987243811,2136,256
9709,3.053600628099508e-07,0.8060251573211485,2006,256
9710,0.0015959929686496642,0.666284598955166,2010,256
9711,5.2352867280901214e-14,0.4898565927423597,1959,256
9712,2.5222423085364604e-05,0.0260062500864827,1943,256
9713,2.695042488162227,0.5633569960427761,1990,256
9714,2.5285508814584823e-20,0.0948961104229358,2045,256
9715,7.48024970248916e-05,0.9884458704605316,1985,256
9716,1.1328717967288136e-08,0.3750619781358183,2036,256
9717,1.8569810819430492,0.6200793669661245,2150,256
9718,5.35804489313177e-05,0.554412815883935,1988,256
9719,5.220134304397858e-13,0.6320810920108356,2146,256
9720,0.00014487431648663813,0.1796124198912653,2117,256
9721,2.6184592836730163e-08,0.3415042388585305,2131,256
9722,5.244176726330767e-16,0.8255297621745257,2158,256
9723,2.530182343320874e-38,0.653531052107549,1985,256
9724,4.830250474907353e-14,0.2029509274681806,2012,256
9725,0.00020285210057646721,0.213063155619393,2039,256
9726,0.0014074956245747558,0.006509412362283,2015,256
9727,1.9678308013742382e-09,0.2650805959348423,2006,256
9728,2.5681838322979663e-06,0.5889548834451305,2075,256
9729,0.01880357522346686,0.4786915729720647,2058,256
9730,7.377406628523815e-05,0.3969374579734441,2033,256
9731,1.1514875687399416e-09,0.3070235534482272,2099,256
9732,4.3653400435175886e-16,0.6743220722402271,2134,256
9733,2.032360359289405e-06,0.6953171004665288,2091,256
9734,6.240768696707443e-07,0.693756977010216,2112,256
9735,0.04590304855979495,0.5824675674351386,2107,256
9736,7.121571663192764e-13,0.7738304288596523,2062,256
9737,7.559941680762304e-18,0.6093567614112511,1973,256
9738,3.355992998694677e-30,0.1675122106985276,2037,256
9739,0.0015235539800926234,0.2841259204571981,1958,256
9740,0.9507955240031138,0.27602448338675,2109,256
9741,1.5408048988170309,0.4327437250420538,2101,256
9742,0.1931827672018896,0.7401617256933838,2003,256
9743,1.0484029595359402e-08,0.978440625383313,1935,256
9744,3.462222266256519e-07,0.6830475180428818,2007,256
9745,0.27831328133848193,0.0970401120223969,2089,256
9746,1.2185837625134994e-06,0.2841953680003667,2114,256
9747,7.349827773944066e-08,0.5644667725939863,2023,256
9748,0.0004951819391390147,0.7089278171029586,2068,256
9749,0.0028621487626888627,0.1120566786032337,1952,256
9750,0.5981522905946386,0.215542896969978,1950,256
9751,4.19239575498198e-07,0.1471759702428942,1969,256
9752,1.3852249689438702e-09,0.658663394072336,1985,256
9753,3.1890344593233825e-08,0.5823632404978647,2114,256
9754,0.016697947549046292,0.7931048911913227,2153,256
9755,0.03811120483763771,0.2263032556661599,2102,256
9756,0.03718568632054546,0.0499945426300488,1949,256
9757,9.340438796261149e-23,0.0223682210363731,2046,256
9758,0.0005185954124203271,0.2409104137043501,2006,256
9759,1.0826016556490423e-24,0.8851113293604567,2052,256
9760,5.511881471729906e-12,0.43280071134725,1949,256
9761,1.0271559562272055e-14,0.8140449146338574,1977,256
9762,6.832688639271527e-15,0.6233547166192137,1960,256
9763,0.0010204879943699946,0.4677439582230964,2118,256
9764,4.68451522364741e-06,0.2205828338194992,2098,256
9765,7.330571621179199e-09,0.9123447428760796,1933,256
9766,0.41819784240106367,0.7518273009697607,2008,256
9767,2.1048477287137483e-10,0.4262251063649291,2086,256
9768,0.0005099110407382852,0.699173223753613,1961,256
9769,1.9838465411607091,0.9033326674888827,2067,256
9770,0.23028809435449202,0.6538315736618592,2004,256
9771,0.003354871292645188,0.8101792285453095,2145,256
9772,0.04893707044780194,0.4369128901139582,1970,256
9773,8.788321678843428e-08,0.013909535841428,1974,256
9774,0.0015008785754350921,0.6631452301951812,2024,256
9775,0.45841558913586705,0.5051922806891028,2014,256
9776,4.662242302299679e-09,0.6167099610115209,1973,256
9777,0.00046981900262199405,0.0535073727959229,2174,256
9778,2.7988527617875114,0.3127776743746978,2093,256
9779,3.472457465236567e-07,0.695861088606461,2091,256
9780,1.1877703527148095e-13,0.1052011002527317,2086,256
9781,0.054045514027155774,0.6050569352086838,2164,256
9782,0.008424478249134067,0.5382918087847286,2117,256
9783,9.457111944714187e-05,0.1600185184064326,2042,256
9784,3.000025893010431,0.1918441411029977,1997,256
9785,1.8108181626350238e-23,0.1259298499295001,2154,256
9786,0.1483285809897665,0.3378105633455502,2095,256
9787,0.035626797768213675,0.3688737519574121,1976,256
9788,0.1285132265698804,0.4156723057268378,1941,256
9789,2.713590780007787e-09,0.4072038576904054,2089,256
9790,4.363328337535211e-07,0.491711224600486,2118,256
9791,0.002409635431606474,0.3060727386090289,2175,256
9792,0.005670430481623214,0.962360222028802,1957,256
9793,6.234839361704688e-24,0.101425450562461,2134,256
9794,6.210203512090156e-11,0.5654072751049742,2015,256
9795,0.0013633999113256846,0.9107171165134724,2078,256
9796,0.051496957264815985,0.460655231389249,2136,256
9797,0.004457725410124511,0.6584807078399351,2164,256
9798,5.570257913594022e-07,0.9822395364045474,2050,256
9799,5.8060841594167683e-05,0.6827778602791749,2114,256
9800,6.7314072010156e-06,0.6719922685774479,1929,256
9801,6.911982825963914e-13,0.0192864735317749,1944,256
9802,1.976446773692135e-05,0.7714548527256043,2097,256
9803,1.383878948593048,0.631902031156757,1935,256
9804,0.0018691728256379015,0.7223511254501068,2157,256
9805,1.0502788150742866,0.3694218779895472,1921,256
9806,0.0034396355211586574,0.465707199637682,2157,256
9807,1.0824635074626677e-14,0.1773132353986537,1995,256
9808,0.010881951540345212,0.4924584059464328,2100,256
9809,0.14822116893831483,0.6681590487157331,2171,256
9810,0.6349526068009947,0.7415505630004021,1925,256
9811,0.2949195899637469,0.944521510571285,2166,256
9812,1.7404038133591837e-25,0.6521736863774636,2037,256
9813,1.684235343687532,0.3469475033525176,1924,256
9814,0.00042483324553734355,0.5250910681867118,1933,256
9815,9.21764916095365e-07,0.1649243980652645,1980,256
9816,0.00016241994791218241,0.6953318055933183,1946,256
9817,0.0001288042452365566,0.6407928590233353,1975,256
9818,7.673258029690825,0.8274414497461265,2156,256
9819,5.218734121415115e-10,0.2852004472427136,2105,256
9820,1.1364679435354792,0.7688538880890671,1946,256
9821,9.538362670646282e-24,0.8817699047592679,2169,256
9822,0.6783653789460165,0.3403371600504228,1940,256
9823,7.64241137883233e-23,0.7312602270010179,2085,256
9824,0.3888963623183998,0.5442631203460586,2061,256
9825,17.59505108654171,0.9738072530714108,2085,256
9826,6.877037313110046,0.9444194823416818,2142,256
9827,4.554973766117389e-05,0.6400811033776188,2057,256
9828,3.8389166328609123,0.5586331802340904,2141,256
9829,1.3080058914333164,0.7116668960861754,2130,256
9830,1.4500323512557345e-13,0.3786775810111061,2175,256
9831,9.564253157592879e-09,0.4087942958518784,2101,256
9832,9.027341072450753e-05,0.8294504551722046,2019,256
9833,0.007428952193463153,0.410473508221572,2039,256
9834,34.871599930998585,0.5987770614608294,2047,256
9835,1.958447612107311e-09,0.1968460939570194,2087,256
9836,6.2834253729208555e-12,0.1720980622760974,2032,256
9837,1.1409633349708547e-06,0.9825907865151804,1924,256
9838,1.114151384100779e-13,0.0299561652981475,2019,256
9839,4.625763383590065e-12,0.2004573719861666,2050,256
9840,3.39190565654017e-07,0.5074117704598816,2160,256
9841,1.3788935088265513e-08,0.3762507160418616,1995,256
9842,0.3917703698889012,0.9618472244720948,2066,256
9843,5.0113940380551504e-05,0.866638911949772,2042,256
9844,2.9659685594696873e-21,0.475466346478011,2018,256
9845,0.01540876946899965,0.2709822832368832,2170,256
9846,0.07412887768158039,0.3175785567512339,1965,256
9847,5.273664029902301e-08,0.162255769536025,2115,256
9848,0.009297937596184132,0.856587680688115,2066,256
9849,9.359250966072738e-19,0.8301131218208411,1980,256
9850,1.341302119309264,0.7506362945021153,2032,256
9851,1.7200321165529995,0.939180119917502,2056,256
9852,0.054342435476781546,0.1567667093544417,1932,256
9853,9.403133930333896e-11,0.7368854361471192,2127,256
9854,0.017642919704549054,0.7194060326270878,2036,256
9855,3.942563534659032e-08,0.7840303203657509,2121,256
9856,7.485714112621621,0.6014409978470234,2165,256
9857,0.07033535174191988,0.8176248270798873,2141,256
9858,4.141574235908575e-11,0.3710948496053465,2021,256
9859,2.7676931379461323,0.2770970693883714,2029,256
9860,0.0894718013181763,0.0139074568418072,1959,256
9861,0.024857387533363084,0.2689963134378429,2114,256
9862,0.9000103063766365,0.8040211885617518,2137,256
9863,10.840498541568925,0.648311697532199,2016,256
9864,0.0027277221499281104,0.1658824223871803,2034,256
9865,4.33174297163632e-06,0.4284597479238102,2048,256
9866,2.107656510523249e-05,0.8100966778445328,2051,256
9867,2.5193934205815612e-05,0.3067740671005383,1987,256
9868,0.001963310701580391,0.4122714507993549,2005,256
9869,1.7424595221217675e-26,0.3419136041893071,2004,256
9870,11.0482420244897,0.6636992884803244,2120,256
9871,1.3450557663962709e-05,0.1705508405866019,2165,256
9872,0.5917383668214488,0.0915194196331907,1948,256
9873,0.00013432404325494553,0.559562496067463,2092,256
9874,1.359382795311942e-14,0.8484821160895285,2154,256
9875,5.851089088023982e-06,0.3595760836368868,1968,256
9876,1.0746124049566314e-05,0.3046307327067763,1980,256
9877,4.9656349259018135,0.3638570073516607,1996,256
9878,1.9335160036988714,0.4080277365043542,2073,256
9879,2.4553708908482675e-09,0.0302234976283893,2060,256
9880,2.246045132094589e-05,0.7661136919022438,2075,256
9881,3.185227204286323e-11,0.743916669491558,1963,256
9882,1.3721645495999817e-08,0.8924802356798275,2156,256
9883,6.676707647362278e-13,0.374694731613255,2102,256
9884,2.4477295451518963,0.904402064709795,2121,256
9885,1.570736545894273e-17,0.575354578607526,2125,256
9886,1.0226103622759517e-20,0.2542310561599101,2067,256
9887,0.0022101318188495027,0.9380761679503816,2000,256
9888,1.7370854944181873e-06,0.200662683643896,2020,256
9889,3.93932639539036e-07,0.4443096989744827,1950,256
9890,0.027943804139585585,0.98097886424121,1934,256
9891,0.03077749491773525,0.7187444580161092,1985,256
9892,0.00043715275527430344,0.9118838227935412,2141,256
9893,1.6505793401115107e-24,0.2349654377818385,2023,256
9894,13.116330256667181,0.2982308012147834,2155,256
9895,0.00029845393465619305,0.0669090317032138,2044,256
9896,5.027668508315367e-13,0.3434602886897731,1931,256
9897,1.0654066854771012e-12,0.5173967391808507,2005,256
9898,3.0241818536948224e-21,0.805251807510493,2141,256
9899,2.146690787703885e-06,0.3136567512768105,2029,256
9900,0.001616766269178372,0.6997050502844445,2094,256
9901,3.386207897246131e-12,0.4805667168580847,2000,256
9902,0.6858365930268503,0.1042613384117367,2135,256
9903,1.381761464532387e-12,0.481483247136753,2016,256
9904,6.667574631986783e-05,0.8415441741695725,2023,256
9905,0.024287874738280844,0.6738312236525037,1970,256
9906,0.028010407220687393,0.056445176948275,1991,256
9907,1.0301454856944345e-09,0.2631372389693178,2075,256
9908,0.4837138165806909,0.6868251328942762,2027,256
9909,1.0277251174429325e-06,0.7175828521168366,2076,256
9910,5.995269940035697e-17,0.4502396128318958,2084,256
9911,4.621551830842676e-15,0.1019105617946219,2101,256
9912,8.102827456864517e-11,0.2489477141876288,1960,256
9913,1.0770270184438835,0.5979028427968434,2092,256
9914,0.834815105761648,0.2404354713745141,2163,256
9915,4.963114855518423,0.2652808655452534,2098,256
9916,1.598350137095688e-32,0.8970144303916181,2060,256
9917,5.16602765002588e-06,0.6627453274965655,2092,256
9918,0.04884985510614638,0.5915945894018205,2025,256
9919,0.06580713272313563,0.0928674215840558,2018,256
9920,4.273386648502684e-31,0.609457264858499,1996,256
9921,0.120289858925984,0.5275046180235843,1941,256
9922,0.0010673009944643197,0.2309697898164089,2074,256
9923,0.00016806486957339904,0.3216973337681726,2102,256
9924,2.9176061512620127e-08,0.0861394117014269,2065,256
9925,0.0003277937974127208,0.7611752256757067,2137,256
9926,6.201653747324763e-05,0.7420105644928694,2123,256
9927,5.975791082200215e-09,0.1405477076323589,1969,256
9928,0.005205417418502447,0.7405419763202816,2061,256
9929,1.4351666074758584e-06,0.7928098207404228,1920,256
9930,4.681608418755957e-08,0.0935871497167288,1940,256
9931,8.564853816716205e-33,0.1752235891433547,2052,256
9932,1.8367041371199764e-48,0.7217858566937246,1925,256
9933,7.701443686238182e-11,0.0317349482215356,2023,256
9934,9.476051648901483e-06,0.8607001569651395,2129,256
9935,1.405311096856847e-13,0.1157015988074815,2157,256
9936,0.4347058844534262,0.1706390647133806,2103,256
9937,2.1308019510182867e-05,0.7059446235323286,2131,256
9938,0.00011623859599059975,0.0809234202957249,2127,256
9939,4.789449513006141e-09,0.9624715417756868,1927,256
9940,8.412498923042315e-13,0.0065356501315199,1959,256
9941,0.34734630349075324,0.7798098543110439,1933,256
9942,12.20117055283429,0.7812565472852484,2007,256
9943,0.6206270810812414,0.3174788327654525,2167,256
9944,0.11575810588514722,0.5072081225628536,2165,256
9945,3.547647924633809e-14,0.0236083700565131,2044,256
9946,2.74520633870279e-06,0.5065976520247618,1994,256
9947,2.683744996151555e-10,0.0701581128937389,2046,256
9948,0.01596016215674778,0.0538053435315832,2021,256
9949,7.722791718402555e-16,0.7620137643657652,2036,256
9950,3.730955720681562e-08,0.4061898081810363,2015,256
9951,5.608624948663717e-06,0.5725936836989783,2088,256
9952,0.02721768277370755,0.5744774448511235,2150,256
9953,4.082676163900902e-15,0.348710278486696,2172,256
9954,0.10543348152097855,0.2924563147143307,2052,256
9955,2.7486210659666606e-06,0.7421948812990592,2120,256
9956,1.1715845685799381e-06,0.3316996680831392,2110,256
9957,0.20883376087664168,0.7650261590873836,2169,256
9958,0.0010950294806469257,0.4681671616947479,2041,256
9959,0.009196692922092539,0.4913827679670484,2111,256
9960,4.17972498097159e-05,0.07084779567379,2170,256
9961,0.07635802386999434,0.9594775987154645,2112,256
9962,2.45074182585549e-09,0.5859281884960359,2150,256
9963,6.370900905262917e-06,0.8414858101930327,2040,256
9964,1.817184620759306,0.1113364872639469,2099,256
9965,1.667455885992815e-08,0.7150382942876858,2004,256
9966,0.5628650116130354,0.736387293912429,1973,256
9967,0.7071347704740665,0.6470294172193723,1945,256
9968,0.05573735484771029,0.4827317644799137,1950,256
9969,0.022125818739301563,0.8562855657098816,2016,256
9970,1.8908681398687503e-21,0.9784212397575552,2045,256
9971,4.944714452385677,0.5804268681541996,2070,256
9972,0.0012457185567837203,0.5956960080421505,1972,256
9973,1.9820949400656095e-07,0.8462260457975281,2081,256
9974,0.001616378164496718,0.155403749829124,1931,256
9975,12.642613445661386,0.8174123610824614,1963,256
9976,0.18611092840341428,0.197421517456942,2044,256
9977,0.0014500505552759648,0.5485666577490366,2119,256
9978,1.8819853860563183,0.9138924820526252,2166,256
9979,0.02121836749005359,0.3259397465857394,1964,256
9980,1.2994544563616038e-08,0.4058275496965794,1977,256
9981,0.22006775524601216,0.1586771111216554,2065,256
9982,4.3377805932894245e-15,0.4407683316547941,2145,256
9983,0.1589424221907658,0.2001847133196076,2014,256
9984,6.468420798969653e-06,0.6577542872757772,2010,256
9985,1.9851858988840605,0.8922213330474745,2060,256
9986,0.012390444251856706,0.3167551107905472,2122,256
9987,3.8064633694574456e-24,0.2679104161080541,2150,256
9988,0.07783419417422299,0.1900743011584346,2089,256
9989,0.042897194803889246,0.3030079278522462,2009,256
9990,0.009009533068767447,0.8954792437697884,1968,256
9991,6.002220446996315e-27,0.1935805290041969,2088,256
9992,0.11655884906695779,0.6200392614796101,1933,256
9993,3.2794253765076714e-23,0.8784160884490573,1940,256
9994,1.789237309427581,0.151435427561134,1951,256
9995,0.33782891519097913,0.8302641390866816,2030,256
9996,0.055012457894526495,0.8344874665398665,2110,256
9997,7.081781612772342e-07,0.7221909276885914,1924,256
9998,2.1128466654305234e-07,0.0574646151254426,2076,256
9999,6.899741964294691e-10,0.534104852984526,2112,256
10000,5.832191629127819e-14,0.1181122187174916,2116,256
