request_id,workload_type,arrival_time,dispatch_time,queue_time,ttft,tpot,inter_token_latencies,total_latency,completion_time,input_tokens,output_tokens,success,error,status_code,prompt_text,output_text,trace_run_id,client_slot_acquired_time,client_slot_acquired_perf_ns,client_send_perf_ns,client_headers_perf_ns,client_first_content_perf_ns,client_done_perf_ns,server_queue_time,server_prefill_time
req-0000-8eb0d8,synthetic,1787926931.4357588,1787926932.1089523,0.6731934547424316,2.3294974,0.03739318656717747,"[0.03054760000668466, 0.030003499996382743, 0.01656860002549365, 0.030625699961092323, 0.030842999985907227, 0.03208400000585243, 0.029962900036480278, 0.031367699964903295, 0.015914799994789064, 0.01661800005240366, 0.03247049998026341, 0.03008369996678084, 0.03230800002347678, 0.03000389999942854, 0.03034180001122877, 0.0158860000083223, 0.016973499965388328, 0.01662519999081269, 0.030226700007915497, 0.01743250002618879, 0.02980229997774586, 0.030281700019259006, 0.01830379996681586, 0.029040600056760013, 0.03091809997567907, 0.03167799999937415, 0.029109800001606345, 0.030848799971863627, 0.03187100001377985, 0.016435900004580617, 0.0314366000238806, 0.030818199971690774, 0.029120500024873763, 0.01584409998031333, 0.03430080000543967, 0.011997599969618022, 0.031281800009310246, 0.01652860001195222, 0.016315100016072392, 0.030316999997012317, 0.03377879998879507, 0.029116199992131442, 0.03282050002599135, 0.03006919997278601, 0.030605999985709786, 0.032230200013145804, 0.04095620004227385, 0.020883899996988475, 0.030106899968814105, 0.016535900009330362, 0.017093700007535517, 0.029114199976902455, 0.0300586000084877, 0.030653800000436604, 0.03151090000756085, 0.017249099968466908, 0.03263980004703626, 0.03260119998594746, 0.049316200020257384, 0.0005942999850958586, 0.02829709998331964, 0.8659729000064544]",4.857137680053711,1787926936.96609,510,68,True,,200,sit et ut consectetur incididunt aliqua. amet ipsum do adipiscing dolor magna labore dolore eiusmod tempor sed elit Lorem adipiscing ut amet elit ipsum sit Lorem labore tempor consectetur incididunt aliqua. sed do eiusmod dolor magna dolore et dolore adipiscing consectetur do amet magna et dolor sit tempor sed aliqua. Lorem labore incididunt eiusmod ipsum ut elit magna adipiscing sed elit consectetur amet tempor ipsum incididunt sit et dolore do ut aliqua. labore Lorem dolor eiusmod magna aliqua. adipiscing dolor tempor ut et amet ipsum labore sed incididunt elit dolore do consectetur sit Lorem eiusmod et eiusmod sit dolore sed dolor labore magna tempor aliqua. ipsum adipiscing Lorem amet elit ut incididunt consectetur do tempor Lorem sit ipsum aliqua. eiusmod labore consectetur et dolor incididunt sed elit adipiscing dolore amet do ut magna adipiscing aliqua. dolor eiusmod tempor sit consectetur et ipsum incididunt magna elit do dolore ut amet labore sed Lorem consectetur incididunt magna Lorem aliqua. dolore ipsum et sed amet sit adipiscing ut eiusmod elit do tempor dolor labore sed consectetur do adipiscing tempor aliqua. labore Lorem magna elit dolore amet dolor et ut sit incididunt ipsum eiusmod dolor sit sed labore do eiusmod consectetur tempor dolore Lorem adipiscing magna et ipsum amet elit ut incididunt aliqua. adipiscing incididunt aliqua. ut sed do dolor dolore eiusmod magna consectetur elit sit labore Lorem et amet tempor ipsum consectetur sit elit dolor magna ipsum ut et labore adipiscing incididunt tempor sed aliqua. eiusmod do amet dolore Lorem amet tempor magna dolore labore et sed elit dolor ipsum consectetur aliqua. adipiscing ut sit eiusmod incididunt Lorem do elit dolor consectetur tempor magna labore sit ut incididunt amet eiusmod Lorem sed aliqua. do et ipsum dolore adipiscing dolore sed ipsum tempor magna dolor do eiusmod ut aliqua. Lorem et labore amet incididunt elit consectetur adipiscing sit Lorem dolore elit sed aliqua. amet adipiscing si,[mock response to: sit et ut consectetur incididunt aliqua. amet ipsum do adipiscing dolor magna la] token token token token token token token token token token token token token token token token token token token token token token token token token token token token token token token token token token token token token token token token token token token token token token token ,repair-mock-gate-40_04_c4_seed3401_l1,1787926931.436015,324289769678200,324290442617400,324292753463000,324292772114800,324295299753200,,
req-0001-4958a3,synthetic,1787926931.4357588,1787926932.8214242,1.3856654167175293,1.6171852,0.03711928970605025,"[0.030530999996699393, 0.029960200015921146, 0.016594199987594038, 0.030632700014393777, 0.030969300016295165, 0.03237440000521019, 0.02962479996494949, 0.03125900001032278, 0.01589480001712218, 0.01700709998840466, 0.03212569997413084, 0.03009710001060739, 0.03224090003641322, 0.03008080000290647, 0.030370499996934086, 0.015807499992661178, 0.01721179997548461, 0.01669309998396784, 0.030000700033269823, 0.017647599976044148, 0.029458300035912544, 0.030363400001078844, 0.01982809999026358, 0.027576199965551496, 0.03094470000360161, 0.031923200003802776, 0.02882320003118366, 0.03086790000088513, 0.0319195999763906, 0.016347600030712783, 0.03189739998197183, 0.03073870000662282, 0.02898760000243783, 0.015717800008133054, 0.03414989996235818, 0.01199949998408556, 0.03127660002792254, 0.016547199978958815, 0.016381299996282905, 0.030893600021954626, 0.03307970002060756, 0.02926039998419583, 0.03275339998072013, 0.030054100032430142, 0.030536799982655793, 0.03229010000359267, 0.04095559997949749, 0.02122850000159815, 0.03017580002779141, 0.0162010999629274, 0.01741920004133135, 0.028773099998943508, 0.030035900010261685, 0.03072399995289743, 0.03133900003740564, 0.01767849997850135, 0.0323239000281319, 0.032521799963433295, 0.04939040000317618, 0.0005218000151216984, 0.028720100002828985, 0.8655557999736629, 0.01880770002026111]",4.145093679428101,1787926936.966518,511,69,True,,200,dolore Lorem do magna labore ipsum sit elit amet sed ut tempor consectetur adipiscing aliqua. eiusmod et dolor incididunt eiusmod consectetur do ipsum dolore labore elit ut magna amet sit aliqua. et dolor adipiscing incididunt sed Lorem tempor ipsum adipiscing eiusmod et elit dolor do magna aliqua. consectetur amet labore ut sit incididunt dolore tempor Lorem sed elit dolor tempor eiusmod labore ipsum et sit ut magna consectetur Lorem incididunt sed do dolore amet adipiscing aliqua. Lorem tempor incididunt et sed adipiscing eiusmod ipsum aliqua. magna ut sit dolore amet dolor labore consectetur elit do ut Lorem ipsum dolore eiusmod adipiscing dolor aliqua. sit amet do elit incididunt sed labore et magna consectetur tempor consectetur et incididunt ut aliqua. tempor adipiscing Lorem sit ipsum amet magna do dolor labore sed elit eiusmod dolore consectetur et dolor magna amet aliqua. sit eiusmod Lorem labore do elit tempor dolore incididunt ipsum adipiscing ut sed incididunt do adipiscing labore et tempor amet ut Lorem aliqua. sed sit magna dolore dolor ipsum eiusmod elit consectetur amet do sed incididunt consectetur elit adipiscing magna et labore eiusmod ipsum dolore aliqua. sit tempor Lorem ut dolor do dolor ut dolore elit ipsum consectetur sit sed incididunt labore amet aliqua. Lorem magna et eiusmod adipiscing tempor elit dolor tempor sed amet adipiscing ut magna incididunt sit aliqua. labore Lorem eiusmod dolore et do consectetur ipsum adipiscing sed eiusmod Lorem magna amet aliqua. et elit ut dolore tempor ipsum sit consectetur labore do dolor incididunt dolore amet tempor do eiusmod aliqua. ipsum et elit adipiscing sed dolor labore consectetur sit Lorem ut incididunt magna eiusmod tempor magna ut dolore do consectetur adipiscing et sed sit amet ipsum labore Lorem dolor incididunt elit aliqua. ut consectetur ipsum aliqua. et elit magna amet sit labore adipiscing sed incididunt dolor eiusmod do Lorem tempor dolore Lorem eiusmod adipiscing ut et dolore sit tempor,[mock response to: dolore Lorem do magna labore ipsum sit elit amet sed ut tempor consectetur adipi] token token token token token token token token token token token token token token token token token token token token token token token token token token token token token token token token token token token token token token token token token token token token token token token ,repair-mock-gate-40_04_c4_seed3401_l1,1787926932.1096742,324290443337200,324291155088800,324292753866500,324292772274000,324295300181100,,
req-0002-82bde1,synthetic,1787926931.4357588,1787926933.602888,2.1671292781829834,0.8346408,0.03711727794057772,"[0.031022299954202026, 0.03013590001501143, 0.016543900012038648, 0.030459499976132065, 0.03075979999266565, 0.031218200048897415, 0.03090329997939989, 0.03147789998911321, 0.016102900030091405, 0.015473499952349812, 0.03351140004815534, 0.03006469999672845, 0.03011059999698773, 0.03211269999155775, 0.030443299969192594, 0.01581170002464205, 0.016707499977201223, 0.015713500033598393, 0.031345699972007424, 0.016975100035779178, 0.030434299958869815, 0.030208100040908903, 0.01770079997368157, 0.029553000000305474, 0.030948500032536685, 0.030336699972394854, 0.03036989999236539, 0.03086800000164658, 0.03124869999010116, 0.016796500014606863, 0.030746800010092556, 0.03099639998981729, 0.02932239999063313, 0.016203200037125498, 0.03466909995768219, 0.011824099987279624, 0.0314488000003621, 0.016310200036969036, 0.0163823000038974, 0.030414999986533076, 0.03379700001096353, 0.028298899997025728, 0.032656900002621114, 0.030816699960269034, 0.030786800023633987, 0.031488000007811934, 0.04176659998483956, 0.02011590002803132, 0.03046039998298511, 0.015908800007309765, 0.017223300004843622, 0.029372199962381274, 0.03058910003164783, 0.030873199983034283, 0.03144290001364425, 0.016286099969875067, 0.033381600049324334, 0.03275509999366477, 0.04719339997973293, 0.0028574999887496233, 0.02627930004382506, 0.8680927999666892, 0.01785619999282062]",3.3627266883850098,1787926936.9656148,510,69,True,,200,tempor Lorem incididunt sed sit magna dolor ipsum dolore eiusmod do aliqua. ut labore amet et elit adipiscing consectetur do aliqua. ipsum eiusmod amet elit et dolor Lorem ut dolore labore magna tempor consectetur sit incididunt sed adipiscing tempor aliqua. dolor eiusmod dolore et sed incididunt ut magna sit elit ipsum consectetur adipiscing amet do Lorem labore adipiscing consectetur incididunt sit labore elit magna tempor dolore dolor Lorem ut do et eiusmod aliqua. ipsum sed amet do elit incididunt amet consectetur labore eiusmod ipsum dolore aliqua. tempor Lorem sed dolor sit et ut magna adipiscing ipsum elit dolor aliqua. labore ut consectetur incididunt et tempor dolore do eiusmod sed magna adipiscing sit amet Lorem consectetur dolore aliqua. ipsum eiusmod adipiscing do amet dolor ut Lorem labore magna et incididunt elit tempor sed sit ut dolor Lorem elit dolore eiusmod consectetur sed labore sit et adipiscing tempor aliqua. amet incididunt ipsum magna do eiusmod do labore tempor et incididunt ipsum amet sed adipiscing dolor magna elit sit dolore aliqua. consectetur ut Lorem tempor adipiscing sed dolore sit labore eiusmod et Lorem incididunt magna dolor aliqua. ut consectetur do elit amet ipsum amet adipiscing sit tempor et aliqua. dolore incididunt do dolor labore eiusmod ipsum elit sed Lorem consectetur ut magna sed consectetur dolor tempor labore Lorem amet ipsum sit eiusmod magna et elit aliqua. do ut incididunt dolore adipiscing consectetur tempor ipsum aliqua. et adipiscing Lorem labore do amet incididunt eiusmod elit sit dolor sed ut dolore magna magna ut sed incididunt tempor elit ipsum Lorem aliqua. labore sit dolore do et amet adipiscing eiusmod consectetur dolor elit amet adipiscing sit tempor labore dolor dolore consectetur eiusmod ut incididunt do et magna ipsum sed aliqua. Lorem sit dolor Lorem tempor sed dolore adipiscing ipsum aliqua. labore eiusmod incididunt et do magna elit amet consectetur ut elit consectetur dolor dolore do adipiscing temp,[mock response to: tempor Lorem incididunt sed sit magna dolor ipsum dolore eiusmod do aliqua. ut l] token token token token token token token token token token token token token token token token token token token token token token token token token token token token token token token token token token token token token token token token token token token token token token token ,repair-mock-gate-40_04_c4_seed3401_l1,1787926932.8219273,324291155590300,324291936552800,324292752201100,324292771193600,324295299278300,,
req-0003-d87041,synthetic,1787926931.4357588,1787926934.3750942,2.939335346221924,0.0629741,0.025212832307443023,"[0.030686600017361343, 0.03007489995798096, 0.016640400048345327, 0.03050319995963946, 0.030881499988026917, 0.0315981000312604, 0.03040990000590682, 0.03140450001228601, 0.016010899969842285, 0.015526700008194894, 0.03351570002269, 0.030071799992583692, 0.03233999997610226, 0.03000249998876825, 0.03034180001122877, 0.015892099996563047, 0.01667540002381429, 0.01568869996117428, 0.031368000025395304, 0.01723240001592785, 0.030139599984977394, 0.030206200026441365, 0.018145499983802438, 0.029207999992650002, 0.030916000017896295, 0.031315899977926165, 0.02940250001847744, 0.030845100001897663, 0.03177890001097694, 0.016435099998489022, 0.03114169999025762, 0.030806700000539422, 0.02927649999037385, 0.01590970001416281, 0.034550099982880056, 0.011914699978660792, 0.03140209999401122, 0.01638220000313595, 0.01641450001625344, 0.03035339998314157, 0.033742700004950166, 0.028674200002569705, 0.03303809999488294, 0.030180000001564622, 0.030766300042159855, 0.031841599964536726, 0.04129530000500381, 0.02044609998119995, 0.030185900046490133, 0.01665159995900467, 0.016880600014701486, 0.029463900020346045, 0.03007350000552833, 0.03081569995265454, 0.03145850001601502, 0.016776599979493767, 0.033056700020097196, 0.03268669999670237, 0.04861689999233931, 0.0012764999992214143, 0.02749720000429079]",1.704606294631958,1787926936.0797005,510,66,True,,200,labore incididunt Lorem ipsum dolore do et adipiscing consectetur tempor elit dolor ut aliqua. eiusmod magna sit amet sed consectetur sit do aliqua. et dolor tempor sed incididunt adipiscing eiusmod ut Lorem magna dolore elit ipsum labore amet consectetur dolor ipsum magna et elit ut aliqua. do Lorem sit dolore tempor incididunt amet sed adipiscing labore eiusmod labore dolore tempor do aliqua. amet consectetur eiusmod elit dolor ipsum sit Lorem magna sed incididunt et ut adipiscing do ut Lorem et eiusmod sed labore adipiscing ipsum sit incididunt consectetur tempor dolore aliqua. elit amet magna dolor aliqua. labore ut magna adipiscing Lorem dolor amet ipsum dolore sit et eiusmod tempor incididunt do consectetur sed elit et eiusmod elit tempor Lorem sit ipsum labore adipiscing sed dolore amet magna incididunt aliqua. ut consectetur do dolor sit do incididunt tempor ipsum magna amet sed eiusmod Lorem labore aliqua. elit et consectetur ut dolore dolor adipiscing incididunt elit sed ut amet et sit adipiscing aliqua. dolore tempor do labore magna Lorem ipsum eiusmod dolor consectetur do incididunt elit sed et ipsum labore Lorem dolore ut adipiscing sit eiusmod magna consectetur amet dolor aliqua. tempor sit consectetur tempor incididunt magna dolor labore eiusmod ipsum aliqua. dolore sed do ut Lorem adipiscing elit et amet sed dolor labore elit aliqua. tempor do dolore et incididunt amet adipiscing consectetur eiusmod Lorem magna sit ut ipsum dolore do amet elit dolor sed tempor et ut labore eiusmod ipsum sit aliqua. Lorem incididunt consectetur magna adipiscing Lorem sed amet labore ut aliqua. eiusmod ipsum magna adipiscing elit dolor dolore sit et do tempor incididunt consectetur tempor consectetur ut dolor adipiscing incididunt elit Lorem aliqua. labore amet do sit magna et sed ipsum eiusmod dolore aliqua. ut consectetur et dolore sed eiusmod adipiscing Lorem sit do ipsum tempor dolor incididunt magna elit amet labore do dolore tempor ut elit amet eiusmod ipsum dolo,[mock response to: labore incididunt Lorem ipsum dolore do et adipiscing consectetur tempor elit do] token token token token token token token token token token token token token token token token token token token token token token token token token token token token token token token token token token token token token token token token token token token token token token token ,repair-mock-gate-40_04_c4_seed3401_l1,1787926933.6033633,324291937026200,324292708758800,324292752755400,324292771732900,324294413364200,,
req-0004-96c4f3,synthetic,1787926931.4357588,1787926936.9408748,5.505115985870361,2.3859093,0.024040108954937044,"[0.015205300005618483, 0.016154099954292178, 0.031279200047720224, 0.031886399956420064, 0.015477400040253997, 0.015541000000666827, 0.030966099991928786, 0.029905300005339086, 0.015957399969920516, 0.01758540002629161, 0.02949290000833571, 0.0160903999931179, 0.030467399978078902, 0.031210899993311614, 0.03214219998335466, 0.030005000007804483, 0.03101310000056401, 0.030516099999658763, 0.03163340000901371, 0.029781399993225932, 0.015264399989973754, 0.01631850004196167, 0.030573199968785048, 0.04740070004481822, 0.0007219999679364264, 0.029859300004318357, 0.029749899986200035, 0.030835499987006187, 0.03056380001362413, 0.03183649998391047, 0.03014770004665479, 0.01611989998491481, 0.016388699994422495, 0.01527700002770871, 0.01782509998884052, 0.030471200007013977, 0.050568000006023794, 0.0007344999467022717, 0.010861900052987039, 0.030836899997666478, 0.031779399956576526, 0.031086600036360323, 0.015787000011187047, 0.01682059996528551, 0.03134960000170395, 0.0310458000167273, 0.030505299975629896, 0.016860400035511702, 0.031646199990063906, 0.04896839999128133, 0.0005055000074207783, 0.028695099987089634, 0.03188530000625178, 0.030840399966109544, 0.033266000042203814, 0.031139099970459938, 0.02933590003522113, 0.015720399969723076, 0.030815300007816404, 0.03132240002742037, 0.02965719997882843, 0.036990299995522946]",3.9992432594299316,1787926940.940118,511,68,True,,200,incididunt tempor Lorem aliqua. sed dolor et magna elit labore consectetur do dolore adipiscing sit eiusmod amet ut ipsum ipsum Lorem dolore elit sit do magna adipiscing sed tempor incididunt dolor eiusmod ut labore amet aliqua. consectetur et et Lorem elit ut sed do dolore incididunt aliqua. ipsum adipiscing eiusmod labore dolor tempor amet magna sit consectetur labore amet adipiscing do dolore eiusmod incididunt sit aliqua. tempor consectetur ipsum dolor magna sed Lorem elit et ut ipsum sit elit dolore labore et do aliqua. dolor amet ut sed Lorem tempor adipiscing magna consectetur incididunt eiusmod labore eiusmod elit sit dolor ipsum Lorem et adipiscing do incididunt tempor sed ut consectetur amet dolore aliqua. magna consectetur ut dolor adipiscing dolore incididunt elit labore do Lorem magna eiusmod amet sit ipsum et tempor sed aliqua. dolor consectetur labore Lorem incididunt adipiscing sit magna et amet eiusmod ut sed elit dolore do ipsum aliqua. tempor et sit dolor labore magna ut dolore adipiscing Lorem eiusmod elit sed incididunt do consectetur amet aliqua. ipsum tempor et Lorem elit magna dolore adipiscing sed do labore eiusmod ut dolor tempor aliqua. sit ipsum incididunt consectetur amet sed dolor amet incididunt magna aliqua. consectetur eiusmod Lorem dolore adipiscing et ipsum labore do ut sit elit tempor adipiscing consectetur ipsum labore elit do ut tempor sit sed aliqua. Lorem dolore eiusmod amet et dolor magna incididunt sed do Lorem ipsum adipiscing et labore aliqua. amet elit ut eiusmod consectetur dolore dolor sit magna tempor incididunt sed ipsum Lorem dolore labore eiusmod et ut dolor tempor amet adipiscing elit magna incididunt sit aliqua. do consectetur ipsum dolore sed incididunt ut tempor labore do eiusmod aliqua. magna adipiscing elit amet sit Lorem dolor et consectetur eiusmod tempor do ut elit magna et consectetur incididunt sit labore dolore sed adipiscing amet dolor aliqua. Lorem ipsum ut Lorem sed aliqua. elit dolor sit eiusmod temp,[mock response to: incididunt tempor Lorem aliqua. sed dolor et magna elit labore consectetur do do] token token token token token token token token token token token token token token token token token token token token token token token token token token token token token token token token token token token token token token token token token token token token token token token ,repair-mock-gate-40_04_c4_seed3401_l1,1787926936.0799387,324294413601600,324295274539800,324297637422700,324297660449100,324299273781300,,
req-0005-b735bd,synthetic,1787926931.4357588,1787926937.7327232,6.296964406967163,1.5942391,0.044720132353284175,"[0.015174400003161281, 0.016356000036466867, 0.03181189997121692, 0.031126399990171194, 0.015517199994064867, 0.015862700005527586, 0.030646600003819913, 0.029877000022679567, 0.015970600012224168, 0.01770679996116087, 0.029474200040567666, 0.016086099960375577, 0.030597900040447712, 0.031089399999473244, 0.03207179997116327, 0.02995649998774752, 0.03116410004440695, 0.030515499995090067, 0.03173579997383058, 0.029651999997440726, 0.015455899992957711, 0.016542900004424155, 0.030371800006832927, 0.04714209999656305, 0.0006210000137798488, 0.03014909999910742, 0.029795299982652068, 0.030709800019394606, 0.030453399987891316, 0.031941300025209785, 0.030012100003659725, 0.016099699947517365, 0.016652800026349723, 0.015107000013813376, 0.017970899993088096, 0.030818499973975122, 0.05004290002398193, 0.0006285000126808882, 0.011009200010448694, 0.030801999964751303, 0.03185490000760183, 0.031304000003729016, 0.031415099976584315, 0.03167110000504181, 0.030788200034294277, 0.030636999988928437, 0.01601009996375069, 0.032185600022785366, 0.049155900022014976, 0.0007372999680228531, 0.027354500023648143, 0.03285419999156147, 0.030530999996699393, 0.031979800027329475, 0.03210479998961091, 0.02973269997164607, 0.015824300004169345, 0.031006400007754564, 0.0305666999774985, 0.030739900015760213, 0.03679460001876578, 1.4000146000180393, 0.030987199977971613]",4.63878059387207,1787926942.3715038,510,69,True,,200,ipsum ut dolor Lorem magna do sed tempor dolore aliqua. et consectetur eiusmod amet sit elit labore incididunt adipiscing aliqua. adipiscing dolore magna dolor tempor ipsum do sed eiusmod amet Lorem elit incididunt labore sit et ut consectetur ut magna ipsum aliqua. labore elit Lorem eiusmod dolor incididunt tempor do amet consectetur adipiscing dolore sed sit et sed elit dolore tempor amet et do Lorem aliqua. consectetur magna adipiscing labore sit incididunt ipsum ut eiusmod dolor aliqua. sed dolor amet sit consectetur et ut incididunt tempor do Lorem dolore adipiscing magna eiusmod labore elit ipsum aliqua. Lorem ipsum dolore magna amet consectetur tempor sit labore dolor do eiusmod incididunt ut adipiscing sed et elit dolore dolor amet labore eiusmod ut et elit aliqua. sed adipiscing incididunt consectetur ipsum do sit magna tempor Lorem dolore sed incididunt elit tempor adipiscing do dolor eiusmod ipsum consectetur Lorem aliqua. sit labore ut amet magna et dolor dolore incididunt sed do adipiscing et labore ipsum aliqua. consectetur ut elit Lorem eiusmod tempor amet magna sit labore adipiscing elit consectetur aliqua. tempor do dolore et amet magna Lorem dolor ut sed sit incididunt eiusmod ipsum sed aliqua. adipiscing et elit do dolore ipsum labore consectetur amet sit eiusmod magna tempor dolor Lorem incididunt ut labore consectetur dolore dolor ut Lorem aliqua. adipiscing et ipsum elit eiusmod tempor do sit incididunt amet magna sed ipsum dolor elit labore sit adipiscing incididunt sed aliqua. consectetur ut magna do dolore et Lorem tempor amet eiusmod consectetur Lorem adipiscing ipsum eiusmod et magna sit aliqua. dolor sed tempor do incididunt amet ut elit dolore labore adipiscing labore et aliqua. tempor eiusmod sit dolor elit ipsum amet consectetur incididunt sed ut dolore do magna Lorem do ipsum amet incididunt et labore eiusmod sit ut magna elit adipiscing Lorem consectetur dolor sed aliqua. tempor dolore labore adipiscing ut dolore incididunt dolor sit,[mock response to: ipsum ut dolor Lorem magna do sed tempor dolore aliqua. et consectetur eiusmod a] token token token token token token token token token token token token token token token token token token token token token token token token token token token token token token token token token token token token token token token token token token token token token token token ,repair-mock-gate-40_04_c4_seed3401_l1,1787926936.9667463,324295300409200,324296066388600,324297643441500,324297660627700,324300705167300,,
req-0006-8f4190,synthetic,1787926931.4357588,1787926938.4512155,7.015456676483154,0.8758808,0.04472428676415481,"[0.015099500014912337, 0.0164987999596633, 0.031824000005144626, 0.030994300032034516, 0.01563379995059222, 0.016095800034236163, 0.030274299962911755, 0.030018400051631033, 0.01582489995053038, 0.017885200039017946, 0.029440200014505535, 0.016063899965956807, 0.030742899980396032, 0.03105869999853894, 0.03201650001574308, 0.02979649999178946, 0.031333699997048825, 0.030499500047881156, 0.032061799953226, 0.029573800042271614, 0.015975199989043176, 0.015895299962721765, 0.030444500036537647, 0.04689280001912266, 0.0005590999498963356, 0.030219200009014457, 0.02980389998992905, 0.030623600003309548, 0.030456700013019145, 0.03197900002123788, 0.02999810001347214, 0.01632139994762838, 0.016602300049271435, 0.015002399974036962, 0.018110300006810576, 0.03144370001973584, 0.04928079998353496, 0.0005428000004030764, 0.011370199965313077, 0.031171000038739294, 0.03138810000382364, 0.03136999998241663, 0.031258000002708286, 0.03153279999969527, 0.03092549997381866, 0.030641800025478005, 0.016421800013631582, 0.03181999997468665, 0.04905620001954958, 0.0006284000119194388, 0.028036999981850386, 0.0323472999734804, 0.03076860000146553, 0.03261769999517128, 0.031667200033552945, 0.029270900005940348, 0.015975799993611872, 0.030897699994966388, 0.030874099989887327, 0.030273200012743473, 0.03681929997401312, 1.4000027000438422, 0.031228599953465164]",3.92067551612854,1787926942.371891,511,69,True,,200,sed elit tempor eiusmod labore ut sit aliqua. amet do et magna adipiscing consectetur Lorem dolor incididunt dolore ipsum dolore incididunt eiusmod tempor amet magna dolor adipiscing aliqua. ipsum labore Lorem elit sed sit ut et do consectetur dolor magna do labore sed adipiscing sit incididunt et Lorem consectetur ut ipsum amet elit tempor dolore eiusmod aliqua. amet dolore tempor sit elit aliqua. consectetur Lorem sed ut labore et do magna adipiscing eiusmod incididunt dolor ipsum amet elit sit ipsum eiusmod do aliqua. consectetur tempor adipiscing incididunt dolor dolore magna et sed Lorem ut labore elit incididunt sit Lorem ut do amet tempor aliqua. dolor ipsum labore dolore eiusmod sed consectetur et adipiscing magna et magna incididunt do labore sit dolor dolore tempor amet Lorem ut consectetur sed eiusmod elit ipsum adipiscing aliqua. do eiusmod ipsum magna amet tempor incididunt elit et Lorem adipiscing sit dolore labore aliqua. sed consectetur ut dolor amet eiusmod Lorem sed dolore ipsum magna elit et tempor consectetur adipiscing sit aliqua. incididunt labore dolor ut do adipiscing ipsum eiusmod amet elit labore do dolor consectetur Lorem sed sit et incididunt magna aliqua. dolore tempor ut consectetur dolor eiusmod magna ipsum tempor do adipiscing Lorem labore incididunt dolore aliqua. ut et sed elit sit amet aliqua. et dolore dolor magna ut eiusmod tempor elit amet sed Lorem sit adipiscing labore consectetur do ipsum incididunt do ut tempor labore eiusmod consectetur dolor adipiscing dolore ipsum magna amet incididunt sed elit aliqua. sit et Lorem tempor ipsum Lorem amet sit sed eiusmod et dolor do ut dolore consectetur aliqua. magna labore adipiscing incididunt elit tempor consectetur eiusmod ut aliqua. do amet sit magna adipiscing et dolor elit ipsum Lorem labore sed incididunt dolore adipiscing magna sit dolore sed ipsum eiusmod aliqua. consectetur dolor Lorem elit labore do incididunt tempor ut et amet sed tempor ipsum aliqua. Lorem dolor dolore ut i,[mock response to: sed elit tempor eiusmod labore ut sit aliqua. amet do et magna adipiscing consec] token token token token token token token token token token token token token token token token token token token token token token token token token token token token token token token token token token token token token token token token token token token token token token token ,repair-mock-gate-40_04_c4_seed3401_l1,1787926937.7337494,324296067412500,324296784880900,324297644652400,324297660761700,324300705554300,,
req-0007-9e1006,synthetic,1787926931.4357588,1787926939.2727757,7.837016820907593,0.0544978,0.02439428333309479,"[0.014970799966249615, 0.016603600000962615, 0.03185630001826212, 0.03085729997837916, 0.015703200013376772, 0.01642190001439303, 0.02988230000482872, 0.030054799979552627, 0.01578359998529777, 0.018033700005616993, 0.029367699986323714, 0.01636750000761822, 0.030645799997728318, 0.030847600020933896, 0.032016800018027425, 0.029751800000667572, 0.03140679997159168, 0.030486100004054606, 0.0325347000034526, 0.02936839999165386, 0.015797200030647218, 0.01599369995528832, 0.030518400017172098, 0.04665309999836609, 0.0005138000124134123, 0.030367899977136403, 0.029786900035105646, 0.03052849997766316, 0.030445799988228828, 0.03207130002556369, 0.03041720000328496, 0.015799499989952892, 0.016729200026020408, 0.01492719998350367, 0.018263500009197742, 0.03150149999419227, 0.04906609997851774, 0.0004797999863512814, 0.01177290000487119, 0.030859499995131046, 0.031422800035215914, 0.03155759995570406, 0.03103060001740232, 0.03144150000298396, 0.031022600014694035, 0.030539500003214926, 0.01663269998971373, 0.03172450000420213, 0.04902340000262484, 0.0005650999955832958, 0.028373299981467426, 0.03211840003496036, 0.030828799994196743, 0.03291999996872619, 0.03141270001651719, 0.029391399992164224, 0.01571110001532361, 0.03085569996619597, 0.03114630002528429, 0.029949699994176626, 0.03690130001632497]",1.6668822765350342,1787926940.939658,512,67,True,,200,Lorem consectetur aliqua. amet adipiscing eiusmod do dolore ut dolor elit tempor incididunt magna sit et labore ipsum sed magna Lorem sit amet incididunt do eiusmod consectetur labore ut elit dolore sed adipiscing dolor tempor aliqua. et ipsum do consectetur incididunt dolor et dolore adipiscing ut labore magna elit Lorem sit eiusmod ipsum tempor amet aliqua. sed elit eiusmod dolore adipiscing et incididunt sed tempor aliqua. amet dolor magna Lorem ipsum do consectetur sit labore ut aliqua. labore Lorem tempor dolore sed ipsum ut consectetur magna eiusmod elit do dolor incididunt amet adipiscing sit et dolor eiusmod sed Lorem ut amet do aliqua. ipsum adipiscing labore elit incididunt tempor sit consectetur dolore magna et Lorem aliqua. amet ut sed elit ipsum incididunt magna do dolore eiusmod sit labore tempor et consectetur dolor adipiscing dolore incididunt labore et consectetur Lorem sit amet do tempor eiusmod aliqua. dolor ipsum elit sed ut adipiscing magna tempor magna elit do Lorem ut aliqua. consectetur eiusmod adipiscing incididunt et labore sit sed dolor dolore amet ipsum ut amet adipiscing eiusmod incididunt tempor do dolor dolore consectetur Lorem aliqua. elit sit sed magna et ipsum labore dolor magna ut sit do Lorem adipiscing aliqua. sed labore consectetur ipsum amet dolore et eiusmod tempor incididunt elit elit eiusmod tempor labore do adipiscing et dolor sed Lorem amet ipsum sit magna incididunt dolore ut consectetur aliqua. eiusmod elit incididunt Lorem magna et consectetur sed labore adipiscing ipsum dolor aliqua. ut sit do dolore amet tempor et amet dolore sit incididunt elit ipsum labore eiusmod consectetur do ut Lorem aliqua. magna sed dolor adipiscing tempor et sit ut adipiscing magna sed incididunt dolore ipsum Lorem consectetur elit dolor eiusmod labore amet do tempor aliqua. sed adipiscing aliqua. sit consectetur incididunt magna ut dolore eiusmod Lorem tempor elit dolor labore ipsum do amet et consectetur sed tempor adipiscing et eiusmod sit,[mock response to: Lorem consectetur aliqua. amet adipiscing eiusmod do dolore ut dolor elit tempor] token token token token token token token token token token token token token token token token token token token token token token token token token token token token token token token token token token token token token token token token token token token token token token token ,repair-mock-gate-40_04_c4_seed3401_l1,1787926938.4518826,324296785545600,324297606441200,324297645365100,324297660939000,324299273321400,,
req-0008-a811cb,synthetic,1787926931.4357588,1787926941.6475766,10.211817741394043,2.2372764,0.02369199253778571,"[0.01606039999751374, 0.015904700034298003, 0.015566100017167628, 0.033001699950546026, 0.03246220003347844, 0.029610799974761903, 0.02972839999711141, 0.016255900030955672, 0.031596599961631, 0.03071250003995374, 0.05213119997642934, 0.011591400019824505, 0.018326499965041876, 0.032175100001040846, 0.02745430002687499, 0.03166199999395758, 0.030498099979013205, 0.01654229999985546, 0.015978800016455352, 0.031120200001168996, 0.030653599998913705, 0.03166009997949004, 0.05181010003434494, 0.01106019999133423, 0.031330699974205345, 0.016836600028909743, 0.030837500002235174, 0.03279700002167374, 0.0298895999439992, 0.01584430004004389, 0.030958899995312095, 0.01571999996667728, 0.016371000034268945, 0.031022200011648238, 0.01601619995199144, 0.05122180003672838, 0.0007519999635405838, 0.02602440002374351, 0.031927799980621785, 0.015891500050202012, 0.016296499990858138, 0.03178459999617189, 0.0315851999912411, 0.030915800016373396, 0.0319385000038892, 0.03151369997067377, 0.030828699993435293, 0.04673330002697185, 0.015010999981313944, 0.03078909998293966, 0.015986900019925088, 0.031240499985869974, 0.03126150002935901, 0.03058319998672232, 0.015861099993344396, 0.015995900030247867, 0.031093899975530803, 0.015633400005754083, 0.016459600010421127, 0.0318569999653846, 0.01698940002825111]",4.578956604003906,1787926946.2265332,512,68,True,,200,dolore magna amet labore Lorem tempor incididunt elit ut aliqua. eiusmod adipiscing et consectetur sit do dolor sed ipsum consectetur labore sit incididunt sed et aliqua. magna adipiscing eiusmod ipsum elit do ut amet dolore Lorem dolor tempor amet ipsum dolor sit et aliqua. ut dolore elit consectetur Lorem eiusmod labore magna sed tempor do incididunt adipiscing sed eiusmod ipsum elit magna ut sit adipiscing amet aliqua. do labore incididunt et consectetur dolor tempor dolore Lorem sit tempor Lorem consectetur sed amet dolor do magna et eiusmod ut labore dolore aliqua. elit adipiscing ipsum incididunt magna labore consectetur Lorem tempor dolor ipsum eiusmod do adipiscing sed et elit amet ut sit dolore aliqua. incididunt ut elit sed adipiscing amet incididunt labore eiusmod et do sit tempor consectetur dolor Lorem aliqua. ipsum dolore magna adipiscing sit amet incididunt elit consectetur ut ipsum sed dolore magna et eiusmod tempor labore do dolor Lorem aliqua. labore adipiscing incididunt elit ipsum amet consectetur dolore sit tempor aliqua. ut Lorem magna et do dolor eiusmod sed aliqua. Lorem sit et do consectetur elit eiusmod ipsum dolor magna ut adipiscing sed tempor amet dolore incididunt labore eiusmod incididunt et do dolor adipiscing tempor dolore Lorem elit aliqua. sit consectetur amet ipsum magna labore ut sed tempor eiusmod dolor dolore et elit ut do aliqua. sit sed consectetur Lorem labore magna amet incididunt ipsum adipiscing dolore incididunt consectetur sit amet aliqua. magna adipiscing elit ipsum et tempor labore ut sed dolor eiusmod do Lorem incididunt labore dolor sed ipsum do ut dolore consectetur Lorem amet aliqua. magna tempor elit adipiscing et eiusmod sit et aliqua. eiusmod dolore elit sit labore consectetur sed adipiscing ut tempor ipsum magna dolor Lorem incididunt do amet ut elit ipsum sed consectetur adipiscing eiusmod tempor incididunt et sit dolore magna do amet Lorem dolor aliqua. labore eiusmod et ipsum do amet consectetur tempor dolo,[mock response to: dolore magna amet labore Lorem tempor incididunt elit ut aliqua. eiusmod adipisc] token token token token token token token token token token token token token token token token token token token token token token token token token token token token token token token token token token token token token token token token token token token token token token token ,repair-mock-gate-40_04_c4_seed3401_l1,1787926940.9402466,324299273909500,324299981241500,324302197835200,324302218517900,324304560196500,,
req-0009-2e3843,synthetic,1787926931.4357588,1787926942.331648,10.895889282226562,1.5535755,0.04626445970133142,"[0.016196099983062595, 0.01558499998645857, 0.01588740001898259, 0.032779700006358325, 0.032683299970813096, 0.029375100042670965, 0.029660800006240606, 0.01683519996004179, 0.03134480002336204, 0.030554199998732656, 0.051948799984529614, 0.011739599984139204, 0.01825500000268221, 0.03219650004757568, 0.027850199956446886, 0.0312324000406079, 0.03081440000096336, 0.01632599998265505, 0.016011199972126633, 0.031043499999213964, 0.030653299996629357, 0.03154530003666878, 0.05179860000498593, 0.011099399998784065, 0.032103899982757866, 0.016493999981321394, 0.030505500035360456, 0.033027299970854074, 0.029714600008446723, 0.015724900003988296, 0.030915500014089048, 0.015777199994772673, 0.016386799979954958, 0.031016300024930388, 0.01600010000402108, 0.05122069997014478, 0.000611600000411272, 0.02648060000501573, 0.031764900020789355, 0.01570960000390187, 0.016243199992459267, 0.03191249998053536, 0.031631599995307624, 0.030923400016035885, 0.03189889999339357, 0.03156159998616204, 0.0309036000398919, 0.04642609995789826, 0.015095800044946373, 0.030790099990554154, 0.016107500006910414, 0.0311004999675788, 0.031507300038356334, 0.030353899986948818, 0.01584439998259768, 0.01609009999083355, 0.031238600029610097, 0.03071819996694103, 0.03211420000297949, 0.01580420002574101, 0.7565936999744736, 0.7579901000135578]",4.6571738719940186,1787926946.988822,510,68,True,,200,sit aliqua. dolore magna amet ut Lorem incididunt tempor adipiscing sed dolor consectetur et eiusmod do ipsum elit labore aliqua. ut do tempor elit magna ipsum adipiscing et Lorem eiusmod sit labore dolore sed dolor incididunt amet consectetur incididunt adipiscing tempor elit aliqua. consectetur magna et amet eiusmod dolore dolor sed Lorem ut do ipsum sit labore amet do ut consectetur sed dolore eiusmod adipiscing ipsum sit aliqua. incididunt tempor elit labore magna et dolor Lorem tempor adipiscing labore dolore consectetur sit et elit Lorem sed amet ut ipsum do incididunt aliqua. eiusmod dolor magna sed et ipsum Lorem dolor do incididunt ut tempor dolore magna eiusmod labore adipiscing aliqua. consectetur elit amet sit Lorem eiusmod magna ut sed ipsum dolore consectetur labore sit dolor et do tempor incididunt aliqua. amet elit adipiscing aliqua. sed tempor Lorem elit et dolor magna incididunt ipsum labore ut amet sit dolore do eiusmod adipiscing consectetur dolor adipiscing do amet Lorem aliqua. labore dolore sed tempor consectetur magna ipsum incididunt eiusmod sit elit ut et consectetur elit sed sit tempor eiusmod aliqua. do et dolore amet magna incididunt adipiscing Lorem ipsum ut dolor labore do ut incididunt ipsum tempor Lorem dolor elit sed labore sit dolore et adipiscing magna eiusmod amet aliqua. consectetur eiusmod elit dolore dolor Lorem labore do ut tempor sed consectetur aliqua. ipsum amet magna sit incididunt adipiscing et elit dolore adipiscing do Lorem labore eiusmod tempor ipsum aliqua. consectetur sit amet dolor magna sed incididunt ut et sit incididunt et eiusmod sed magna adipiscing amet Lorem tempor ut elit dolore do dolor labore aliqua. ipsum consectetur labore Lorem adipiscing tempor magna et aliqua. ipsum amet eiusmod elit do sit consectetur dolore incididunt sed ut dolor consectetur amet magna adipiscing ut tempor eiusmod do sit dolore labore et sed aliqua. dolor ipsum elit Lorem incididunt elit aliqua. amet sit dolore sed do eiusmod Lore,[mock response to: sit aliqua. dolore magna amet ut Lorem incididunt tempor adipiscing sed dolor co] token token token token token token token token token token token token token token token token token token token token token token token token token token token token token token token token token token token token token token token token token token token token token token token ,repair-mock-gate-40_04_c4_seed3401_l1,1787926941.6480505,324299981713400,324300665313000,324302198343200,324302218888500,324305322485800,,
req-0010-4e8142,synthetic,1787926931.4357588,1787926943.156227,11.720468282699585,0.7294404,0.02476505156209896,"[0.015895299962721765, 0.015576500038150698, 0.016151699994225055, 0.0324836999643594, 0.03318020002916455, 0.028988600010052323, 0.029578199959360063, 0.017801000038161874, 0.030717100016772747, 0.030395899957511574, 0.05178790003992617, 0.011729999969247729, 0.018318300019018352, 0.03220969997346401, 0.028052300040144473, 0.03100829996401444, 0.030878600024152547, 0.016654999984893948, 0.015778500004671514, 0.030911699985153973, 0.03065750002861023, 0.031460199970752, 0.05179960001260042, 0.011099499999545515, 0.032279099978040904, 0.016487899993080646, 0.030323800048790872, 0.033348699973430485, 0.02939069998683408, 0.015814300044439733, 0.031066900002770126, 0.015619599958881736, 0.016302800038829446, 0.03108569997129962, 0.015978300012648106, 0.0512254000059329, 0.0005458999658003449, 0.02659950003726408, 0.031755999953020364, 0.015602200001012534, 0.016268300008960068, 0.0319082000060007, 0.031650900025852025, 0.030892500013578683, 0.031984199944417924, 0.03163640003185719, 0.030761600006371737, 0.04642729996703565, 0.015096899995114654, 0.030738400004338473, 0.01614350004820153, 0.031120500003453344, 0.031631499994546175, 0.030222899978980422, 0.015859499981161207, 0.016101200017146766, 0.031442100007552654, 0.030905399995390326, 0.03189280000515282, 0.015737099980469793]",2.315790891647339,1787926945.472018,512,65,True,,200,do dolore adipiscing eiusmod tempor labore consectetur incididunt ipsum magna Lorem sit dolor ut amet aliqua. et elit sed elit aliqua. eiusmod tempor do ut dolore amet sed sit adipiscing consectetur ipsum magna incididunt dolor labore et Lorem adipiscing dolor eiusmod elit Lorem tempor do incididunt ipsum dolore aliqua. labore magna consectetur amet sed sit et ut et sit Lorem consectetur elit sed eiusmod adipiscing ut tempor labore ipsum do aliqua. dolore dolor incididunt amet magna dolor incididunt do ipsum consectetur dolore amet sed Lorem eiusmod aliqua. sit tempor et magna elit ut labore adipiscing dolor do aliqua. labore eiusmod consectetur incididunt Lorem magna ut sit sed et tempor adipiscing amet elit dolore ipsum labore dolor incididunt magna ipsum amet do sed ut elit dolore sit consectetur et tempor aliqua. adipiscing Lorem eiusmod dolor ipsum Lorem dolore aliqua. elit adipiscing sed ut labore sit amet tempor eiusmod consectetur do et magna incididunt dolore Lorem sed dolor labore sit ut consectetur aliqua. tempor incididunt do amet eiusmod magna ipsum et elit adipiscing et elit consectetur tempor do magna dolore sit eiusmod ut adipiscing dolor sed Lorem amet incididunt labore ipsum aliqua. Lorem tempor elit labore et amet sit magna consectetur dolore sed do incididunt aliqua. adipiscing ut ipsum dolor eiusmod adipiscing sit sed dolore et ipsum magna amet labore dolor elit tempor eiusmod do consectetur incididunt aliqua. ut Lorem consectetur sed dolor tempor adipiscing labore ipsum dolore et sit magna do Lorem amet elit eiusmod aliqua. ut incididunt do Lorem consectetur eiusmod sit dolor labore sed adipiscing amet ipsum elit aliqua. ut dolore et magna tempor incididunt magna consectetur eiusmod do aliqua. sed elit et dolore sit amet incididunt Lorem adipiscing tempor labore ut ipsum dolor sed magna do ipsum labore et Lorem dolore adipiscing consectetur dolor incididunt elit sit eiusmod aliqua. tempor amet ut do ipsum ut incididunt amet eiusmod dolor sit se,[mock response to: do dolore adipiscing eiusmod tempor labore consectetur incididunt ipsum magna Lo] token token token token token token token token token token token token token token token token token token token token token token token token token token token token token token token token token token token token token token token token token token token token token token token ,repair-mock-gate-40_04_c4_seed3401_l1,1787926942.3721402,324300705803100,324301489892400,324302199078200,324302219332800,324303805681400,,
req-0011-dfbc40,synthetic,1787926931.4357588,1787926943.8388638,12.403105020523071,0.046969,0.03602166615444451,"[0.01617630000691861, 0.015209399978630245, 0.016515900031663477, 0.03217109997058287, 0.0334838000126183, 0.028679999988526106, 0.030454899999313056, 0.017128100036643445, 0.03082639997592196, 0.03026189998490736, 0.051625800027977675, 0.011790500022470951, 0.018516099953558296, 0.03193580004153773, 0.028368900006171316, 0.030736999993678182, 0.03095220000250265, 0.016717799997422844, 0.01576409995323047, 0.03083070000866428, 0.03065000002970919, 0.03138070000568405, 0.05181129998527467, 0.01117720000911504, 0.03221779997693375, 0.0165438000112772, 0.03029580001020804, 0.033600499969907105, 0.029119200014974922, 0.015782899979967624, 0.03109900001436472, 0.015652700036298484, 0.016292099957354367, 0.03106940002180636, 0.015969200001563877, 0.05123549996642396, 0.000488300051074475, 0.026700299989897758, 0.0317209999775514, 0.015606300032231957, 0.016222499951254576, 0.0319706000154838, 0.03165409999201074, 0.030871900031343102, 0.03198590001557022, 0.03168149996781722, 0.03066480002598837, 0.04640099999960512, 0.015127399994526058, 0.030760599998757243, 0.016124499961733818, 0.031123600027058274, 0.03166370000690222, 0.030171899998094887, 0.015872999967541546, 0.016054200008511543, 0.031730799993965775, 0.030748500023037195, 0.031816600007005036, 0.01584700000239536, 0.7563545000157319]",3.1503610610961914,1787926946.989225,511,66,True,,200,incididunt consectetur amet Lorem elit sit eiusmod magna sed dolor dolore labore adipiscing do ut tempor ipsum aliqua. et adipiscing aliqua. ipsum ut eiusmod amet tempor Lorem dolor et dolore do elit magna labore consectetur sed sit incididunt consectetur sed eiusmod dolore sit labore et tempor ut adipiscing amet magna do Lorem aliqua. incididunt dolor ipsum elit incididunt amet ut sit ipsum adipiscing sed tempor eiusmod magna Lorem dolore aliqua. et do labore dolor consectetur elit consectetur Lorem et ut labore dolor amet ipsum aliqua. eiusmod do incididunt sit sed tempor elit adipiscing dolore magna magna Lorem incididunt et aliqua. elit dolor sed consectetur ut amet eiusmod dolore do sit tempor labore adipiscing ipsum incididunt ipsum sit magna labore do Lorem elit eiusmod dolor amet tempor sed dolore ut et adipiscing consectetur aliqua. incididunt labore amet tempor dolore do et aliqua. elit dolor Lorem sit eiusmod sed consectetur adipiscing magna ipsum ut sed adipiscing ipsum ut et incididunt sit labore do consectetur dolor eiusmod magna amet aliqua. tempor Lorem elit dolore adipiscing ipsum sed et dolor dolore Lorem aliqua. sit do amet consectetur incididunt ut eiusmod elit magna labore tempor ipsum et magna eiusmod dolor aliqua. Lorem ut elit consectetur amet incididunt sed labore adipiscing sit do dolore tempor tempor sit Lorem consectetur ut aliqua. elit magna eiusmod dolore do et sed labore ipsum amet incididunt dolor adipiscing ut amet labore elit do sed incididunt dolore sit dolor tempor magna Lorem eiusmod ipsum et aliqua. consectetur adipiscing amet elit aliqua. ipsum sed consectetur et labore tempor magna ut incididunt sit Lorem adipiscing eiusmod dolore do dolor labore eiusmod sed do elit consectetur dolor ut sit ipsum amet Lorem magna et tempor aliqua. incididunt adipiscing dolore Lorem eiusmod labore sed dolore et consectetur tempor adipiscing dolor ipsum aliqua. amet elit magna incididunt sit do ut incididunt dolore elit consectetur adipiscing do,[mock response to: incididunt consectetur amet Lorem elit sit eiusmod magna sed dolor dolore labore] token token token token token token token token token token token token token token token token token token token token token token token token token token token token token token token token token token token token token token token token token token token token token token token ,repair-mock-gate-40_04_c4_seed3401_l1,1787926943.1567242,324301490387100,324302172528600,324302200053000,324302219497600,324305322887900,,
req-0012-08072a,synthetic,1787926931.4357588,1787926946.2237737,14.788014888763428,2.4047543,0.025292710447162668,"[0.0161954999784939, 0.015774200030136853, 0.030885999964084476, 0.03175970003940165, 0.03485899994848296, 0.027002700022421777, 0.017048500012606382, 0.03071809996617958, 0.03047660004813224, 0.01836279995040968, 0.046031300036702305, 0.013515400001779199, 0.03120239998679608, 0.03137019998393953, 0.031005800003185868, 0.031311700004152954, 0.016593100037425756, 0.03281139995669946, 0.029757100041024387, 0.030564599961508065, 0.015454000036697835, 0.033178399957250804, 0.02896850003162399, 0.030769700009841472, 0.01748149999184534, 0.01572570001007989, 0.032486199983395636, 0.031739600002765656, 0.031294999993406236, 0.03179330000421032, 0.0314051000168547, 0.032952999987173826, 0.030991100007668138, 0.039421699999365956, 0.023261800000909716, 0.032787300006020814, 0.03168719995301217, 0.028447600023355335, 0.03186340001411736, 0.016098799998871982, 0.03165119996992871, 0.029548400023486465, 0.03075679996982217, 0.018597699992824346, 0.04472040000837296, 0.001255400013178587, 0.03221650002524257, 0.028340999968349934, 0.031990099989343435, 0.032107000006362796, 0.027937500039115548, 0.016341799986548722, 0.03335240000160411, 0.031015600019600242, 0.029762999969534576, 0.015757700020913035, 0.01568279997445643, 0.035957799991592765, 0.000533499987795949, 0.027328600001055747, 0.03343370003858581, 0.03126769996015355]",4.101665496826172,1787926950.3254392,512,68,True,,200,amet adipiscing ipsum do aliqua. dolor sit dolore incididunt labore Lorem sed consectetur ut elit et magna tempor eiusmod magna aliqua. dolore eiusmod ut amet incididunt do elit sed adipiscing Lorem et tempor ipsum consectetur labore dolor sit Lorem tempor ipsum adipiscing sed dolore do elit consectetur ut eiusmod et amet magna sit incididunt labore aliqua. dolor et magna sed incididunt labore dolor ipsum dolore eiusmod elit sit amet ut adipiscing tempor do consectetur aliqua. Lorem eiusmod tempor adipiscing et magna sed do aliqua. dolor sit elit amet ut consectetur dolore ipsum labore Lorem incididunt Lorem do ipsum dolor sed dolore elit sit magna adipiscing tempor et aliqua. amet ut labore consectetur incididunt eiusmod labore sit elit tempor Lorem consectetur ut eiusmod incididunt aliqua. adipiscing magna et ipsum dolor sed do amet dolore do consectetur adipiscing eiusmod magna sit amet dolor Lorem ut sed elit labore aliqua. et dolore tempor incididunt ipsum elit eiusmod adipiscing sit amet consectetur dolore ut et aliqua. labore ipsum sed Lorem tempor incididunt magna do dolor Lorem et dolor elit dolore ut magna labore ipsum adipiscing amet consectetur aliqua. incididunt sit do tempor eiusmod sed elit dolor tempor ipsum adipiscing dolore labore incididunt ut amet Lorem aliqua. do eiusmod sed et magna consectetur sit magna incididunt sit ut ipsum consectetur elit tempor Lorem eiusmod sed dolore adipiscing dolor aliqua. labore amet do et sed do dolor incididunt adipiscing amet consectetur ut aliqua. magna dolore labore elit Lorem ipsum et tempor sit eiusmod Lorem consectetur ut do ipsum magna sit labore adipiscing eiusmod amet et sed tempor aliqua. dolore elit dolor incididunt dolor Lorem ut labore sed magna consectetur do adipiscing et eiusmod tempor amet aliqua. ipsum dolore sit incididunt elit dolore et sed elit amet incididunt adipiscing eiusmod ut Lorem consectetur do tempor aliqua. sit magna dolor ipsum labore eiusmod sed dolor et consectetur labore amet tem,[mock response to: amet adipiscing ipsum do aliqua. dolor sit dolore incididunt labore Lorem sed co] token token token token token token token token token token token token token token token token token token token token token token token token token token token token token token token token token token token token token token token token token token token token token token token ,repair-mock-gate-40_04_c4_seed3401_l1,1787926945.4723186,324303805981600,324304557438600,324306944285300,324306962192900,324308659102700,,
req-0013-d48264,synthetic,1787926931.4357588,1787926946.9842763,15.54851746559143,1.6445189,0.02568379848504044,"[0.016153300006408244, 0.01572289998875931, 0.030994299973826855, 0.03186300001107156, 0.03505599999334663, 0.026611700013745576, 0.01713749999180436, 0.030572000017855316, 0.030477799999061972, 0.018434499972499907, 0.04595770000014454, 0.01350790000287816, 0.0312633000430651, 0.03130969998892397, 0.03105419996427372, 0.03202050004620105, 0.016248199972324073, 0.03237600001739338, 0.029864999989513308, 0.030467399978078902, 0.015424700046423823, 0.0336265999940224, 0.028644799953326583, 0.030661400000099093, 0.017676600022241473, 0.015597900026477873, 0.032430199964437634, 0.032021099992562085, 0.03119980002520606, 0.031985500012524426, 0.0313546999823302, 0.03310770000098273, 0.03053450002335012, 0.039418699976522475, 0.023567299998831004, 0.03254310000920668, 0.03170659998431802, 0.028347100014798343, 0.032390100008342415, 0.01611849997425452, 0.03106780000962317, 0.02975370001513511, 0.030676099995616823, 0.018640799971763045, 0.044608800031710416, 0.0013055999879725277, 0.03218450001440942, 0.028411999985110015, 0.032293699972797185, 0.03187840001191944, 0.027799700037576258, 0.01648279995424673, 0.03351979999570176, 0.030743700044695288, 0.0296735999872908, 0.015834699966944754, 0.01564720005262643, 0.03597369999624789, 0.00047879997873678803, 0.027354100020602345, 0.033522099955007434, 0.03182930004550144]",4.096441030502319,1787926951.0807173,511,67,True,,200,do magna eiusmod incididunt ut tempor labore amet sed sit Lorem adipiscing dolore consectetur elit dolor et ipsum aliqua. amet eiusmod tempor elit Lorem dolor sed aliqua. sit do consectetur incididunt ipsum labore ut et dolore magna adipiscing do et magna sit ipsum labore elit tempor eiusmod sed dolore Lorem aliqua. amet consectetur dolor ut incididunt adipiscing ut consectetur adipiscing dolore eiusmod Lorem magna sed elit dolor ipsum aliqua. incididunt et labore tempor sit do amet sit consectetur amet dolore ipsum labore magna aliqua. tempor eiusmod et elit incididunt Lorem dolor do ut adipiscing sed amet eiusmod elit sed Lorem aliqua. magna dolor tempor adipiscing et labore do sit consectetur ut dolore incididunt ipsum do ut elit dolor amet et magna dolore eiusmod Lorem sit adipiscing labore aliqua. incididunt sed consectetur tempor ipsum magna ipsum elit incididunt amet Lorem eiusmod dolore ut tempor consectetur do dolor aliqua. et sit sed labore adipiscing labore consectetur do amet Lorem adipiscing sit magna tempor eiusmod et ipsum dolor sed incididunt aliqua. ut dolore elit sed sit tempor et amet elit Lorem ipsum incididunt do dolor ut magna aliqua. dolore consectetur eiusmod adipiscing labore ut sed do dolore consectetur et adipiscing dolor ipsum incididunt elit sit aliqua. Lorem eiusmod labore tempor magna amet ut dolore ipsum consectetur elit tempor sed incididunt eiusmod et magna adipiscing do amet Lorem sit dolor aliqua. labore Lorem incididunt consectetur do magna ipsum sed dolor eiusmod amet sit labore tempor elit et aliqua. dolore ut adipiscing magna adipiscing et incididunt eiusmod labore elit tempor sed amet Lorem ut dolor do aliqua. consectetur dolore ipsum sit dolor sed consectetur ipsum dolore et sit Lorem eiusmod aliqua. incididunt elit do ut tempor amet adipiscing magna labore amet sit eiusmod et labore dolor tempor elit adipiscing incididunt do ipsum Lorem magna aliqua. ut dolore consectetur sed sed et do eiusmod elit aliqua. labore tempor ips,[mock response to: do magna eiusmod incididunt ut tempor labore amet sed sit Lorem adipiscing dolor] token token token token token token token token token token token token token token token token token token token token token token token token token token token token token token token token token token token token token token token token token token token token token token token ,repair-mock-gate-40_04_c4_seed3401_l1,1787926946.2441506,324304577814000,324305317941100,324306946623500,324306962460000,324309414381100,,
req-0014-7ed7bb,synthetic,1787926931.4357588,1787926947.7988467,16.36308789253235,0.8453886,0.036340583582346174,"[0.015800499997567385, 0.030934099981095642, 0.03129700000863522, 0.033569700026419014, 0.028693699976429343, 0.016739999991841614, 0.030626600026153028, 0.03083050000714138, 0.018407800002023578, 0.046161699981894344, 0.013372000015806407, 0.03118329995777458, 0.03139690001262352, 0.031023700023069978, 0.030971999978646636, 0.016393400030210614, 0.03301719995215535, 0.0299906000145711, 0.030690399988088757, 0.015539700048975646, 0.032077199954073876, 0.029824000026565045, 0.030955899972468615, 0.016877700050827116, 0.01628729997901246, 0.032216899970080703, 0.031116300029680133, 0.03218199999537319, 0.031173800001852214, 0.031386999995447695, 0.03273739997530356, 0.030557800026144832, 0.04080150002846494, 0.022568599961232394, 0.033390099997632205, 0.03161479998379946, 0.028505000052973628, 0.0308960999827832, 0.015940100012812763, 0.032911699963733554, 0.02934340003412217, 0.030449199955910444, 0.01898380002239719, 0.044819100003223866, 0.0012854000087827444, 0.02879179996671155, 0.03129750001244247, 0.03151800000341609, 0.03148000000510365, 0.02937890001339838, 0.016145500005222857, 0.032745499978773296, 0.03179099998669699, 0.029269899998325855, 0.01633750001201406, 0.015741600014735013, 0.035900200018659234, 0.0006984999636188149, 0.02715320000424981, 0.032353200018405914, 0.031606499978806823, 0.7334344999981113, 0.02363290003268048]",4.045883655548096,1787926951.8447304,510,68,True,,200,do sed adipiscing elit amet consectetur Lorem ipsum ut eiusmod magna et dolor labore dolore aliqua. sit incididunt tempor adipiscing do amet eiusmod tempor incididunt ut Lorem et dolore ipsum sed labore magna sit elit consectetur aliqua. dolor dolore sit sed ut Lorem do consectetur magna amet eiusmod aliqua. incididunt labore et tempor adipiscing elit ipsum dolor tempor labore amet elit eiusmod magna sed ipsum adipiscing consectetur ut et dolor incididunt dolore do sit Lorem aliqua. dolore sed incididunt adipiscing dolor tempor ut magna amet eiusmod ipsum sit elit labore aliqua. Lorem do et consectetur consectetur Lorem do sit adipiscing et tempor elit sed aliqua. ut labore dolor magna dolore incididunt ipsum eiusmod amet aliqua. elit labore ipsum sed Lorem sit magna adipiscing ut eiusmod do tempor dolore et amet dolor consectetur incididunt consectetur aliqua. sit magna tempor do incididunt ut sed amet labore Lorem ipsum elit adipiscing dolore dolor eiusmod et do Lorem et eiusmod adipiscing magna incididunt ut elit sed ipsum labore sit dolore dolor consectetur amet tempor aliqua. aliqua. Lorem tempor elit sed sit consectetur dolore eiusmod dolor ipsum labore ut magna amet adipiscing do et incididunt incididunt dolor ipsum consectetur elit Lorem amet sit tempor et aliqua. sed magna eiusmod do adipiscing labore dolore ut ut dolor labore consectetur aliqua. Lorem magna dolore incididunt sit amet sed elit ipsum do tempor adipiscing et eiusmod Lorem elit adipiscing ipsum eiusmod dolor ut aliqua. amet magna labore consectetur tempor dolore sit et incididunt sed do tempor dolore ut sed amet magna labore adipiscing incididunt elit do consectetur Lorem ipsum eiusmod aliqua. sit dolor et aliqua. dolor et sit eiusmod incididunt amet dolore magna adipiscing do consectetur tempor sed ut elit Lorem labore ipsum amet adipiscing magna dolore eiusmod ipsum aliqua. ut incididunt et sed elit dolor do sit tempor consectetur labore Lorem ut sit aliqua. amet elit dolor et magna eiusmod ,[mock response to: do sed adipiscing elit amet consectetur Lorem ipsum ut eiusmod magna et dolor la] token token token token token token token token token token token token token token token token token token token token token token token token token token token token token token token token token token token token token token token token token token token token token token token ,repair-mock-gate-40_04_c4_seed3401_l1,1787926947.0072217,324305340885200,324306132511900,324306949527800,324306977900500,324310178393600,,
req-0015-6d5e51,synthetic,1787926931.4357588,1787926948.5778868,17.142127990722656,0.0666804,0.03598563731283144,"[0.015732100000604987, 0.03094769996823743, 0.031489400018472224, 0.033797600015532225, 0.028335999988485128, 0.0167168999905698, 0.030904399987775832, 0.030588500027079135, 0.01831719995243475, 0.0461007000412792, 0.01351799996336922, 0.03119800001149997, 0.03137929999502376, 0.031004899996332824, 0.031030100013595074, 0.01650929998140782, 0.03316730004735291, 0.0296793999732472, 0.030669500003568828, 0.015433499997016042, 0.03271070000482723, 0.029245899990200996, 0.030931200017221272, 0.016932900005485862, 0.016302599979098886, 0.03238649998093024, 0.031521900033112615, 0.03162470000097528, 0.031404900015331805, 0.031517199997324497, 0.032300999970175326, 0.031876299995929, 0.03944670001510531, 0.02293199999257922, 0.033127999980933964, 0.03159520000917837, 0.028522100008558482, 0.03126220003468916, 0.01608139998279512, 0.032289299997501075, 0.02945600001839921, 0.030666899983771145, 0.018704099988099188, 0.04478789999848232, 0.0012579000322148204, 0.03214459994342178, 0.028232400014530867, 0.03172379999887198, 0.03219699999317527, 0.02823350002290681, 0.0162325999699533, 0.03308710001874715, 0.03137730003800243, 0.029697899997700006, 0.01590790000045672, 0.015645099978428334, 0.03594799997517839, 0.0005951999919489026, 0.027270900027360767, 0.03336900001158938, 0.030983700009528548, 0.7329863999621011]",3.2671873569488525,1787926951.8450742,512,68,True,,200,labore adipiscing Lorem eiusmod elit magna incididunt tempor et do ut ipsum dolore consectetur sed sit dolor aliqua. amet consectetur tempor eiusmod ut et incididunt ipsum elit dolore sit labore amet dolor aliqua. sed adipiscing magna do Lorem sed eiusmod incididunt dolor tempor ut dolore elit adipiscing et sit amet magna labore do Lorem ipsum aliqua. consectetur adipiscing ipsum Lorem elit ut dolore do labore amet aliqua. dolor magna consectetur incididunt tempor sed eiusmod sit et magna et aliqua. elit adipiscing labore sit consectetur ipsum Lorem dolore ut tempor incididunt sed eiusmod do amet dolor ut do Lorem et aliqua. eiusmod amet ipsum elit sit dolor adipiscing tempor sed dolore incididunt magna consectetur labore ut do labore elit incididunt dolor sed ipsum eiusmod consectetur et dolore adipiscing sit amet tempor magna Lorem aliqua. consectetur eiusmod ut incididunt tempor magna elit dolore et labore Lorem dolor adipiscing amet aliqua. ipsum sit sed do adipiscing magna tempor dolor consectetur amet incididunt sed Lorem labore eiusmod elit ipsum ut dolore aliqua. do sit et elit do amet sit ipsum aliqua. magna tempor adipiscing consectetur dolor sed ut labore incididunt Lorem et dolore eiusmod dolor consectetur aliqua. tempor sit incididunt et labore elit Lorem magna amet sed do dolore adipiscing ut eiusmod ipsum et adipiscing labore ut incididunt Lorem dolore consectetur sit dolor amet tempor elit eiusmod magna do sed ipsum aliqua. magna consectetur ut elit dolore incididunt Lorem tempor dolor et sit do amet adipiscing aliqua. ipsum sed eiusmod labore elit sed amet ipsum do ut labore dolor incididunt sit consectetur aliqua. Lorem et dolore adipiscing tempor eiusmod magna do dolore et dolor sit sed amet adipiscing labore incididunt consectetur aliqua. elit ipsum ut eiusmod tempor Lorem magna consectetur dolore ut sed adipiscing et sit aliqua. dolor amet eiusmod elit do magna Lorem tempor incididunt ipsum labore tempor sed aliqua. dolor amet elit ipsum incidid,[mock response to: labore adipiscing Lorem eiusmod elit magna incididunt tempor et do ut ipsum dolo] token token token token token token token token token token token token token token token token token token token token token token token token token token token token token token token token token token token token token token token token token token token token token token token ,repair-mock-gate-40_04_c4_seed3401_l1,1787926947.7993596,324306133022600,324306911551600,324306950259800,324306978232000,324310178737300,,
req-0016-c2fafe,synthetic,1787926931.4357588,1787926951.052501,19.61674213409424,2.3033385,0.024661264179010333,"[0.02862429997185245, 0.03274340002099052, 0.0302318999893032, 0.03208390000509098, 0.03024699998786673, 0.03374199999962002, 0.029484300001058728, 0.031180799996946007, 0.0162885999889113, 0.036349100002553314, 0.026737700041849166, 0.030135100008919835, 0.03158149996306747, 0.029650299984496087, 0.030717400019057095, 0.03020540002034977, 0.030173500010278076, 0.016206600004807115, 0.016400499967858195, 0.028927600011229515, 0.048438899975735694, 0.015219799999613315, 0.030569499998819083, 0.030388200015295297, 0.03131699998630211, 0.034501400019507855, 0.027753999980632216, 0.015510700002778322, 0.016289899998810142, 0.016441000043414533, 0.03186649997951463, 0.03167779999785125, 0.016400599968619645, 0.04276500002015382, 0.018630800012033433, 0.015448099991772324, 0.01702799997292459, 0.030672500026412308, 0.017022499989252537, 0.03031529998406768, 0.02939240005798638, 0.031024999974761158, 0.016430400020908564, 0.019085299980361015, 0.02880099997855723, 0.032385500031523407, 0.05094379995716736, 0.012600100017152727, 0.028901899990160018, 0.01608710002619773, 0.015554699988570064, 0.016833200003020465, 0.0315847999881953, 0.015993300010450184, 0.029952700017020106, 0.031318800000008196, 0.015423999982886016, 0.015909100009594113, 0.031117599981371313, 0.030977900023572147, 0.030888799985405058, 0.031128900009207428]",4.886909008026123,1787926955.93941,511,68,True,,200,magna aliqua. et dolor do amet tempor dolore eiusmod adipiscing incididunt sit Lorem ipsum ut consectetur labore sed elit eiusmod labore aliqua. incididunt adipiscing Lorem ipsum elit sed consectetur do tempor ut dolor et amet magna sit dolore do magna ipsum dolore adipiscing incididunt consectetur Lorem ut eiusmod sit tempor et sed amet elit aliqua. labore dolor eiusmod dolore labore tempor do consectetur ut dolor et adipiscing amet incididunt sed magna Lorem ipsum aliqua. elit sit dolore sit Lorem amet incididunt adipiscing do consectetur ipsum eiusmod dolor ut aliqua. sed labore elit et tempor magna incididunt consectetur ipsum eiusmod amet labore adipiscing dolor magna et ut aliqua. Lorem sed dolore sit do tempor elit labore dolore incididunt aliqua. dolor do eiusmod tempor et sit ipsum magna amet sed ut adipiscing Lorem elit consectetur aliqua. elit Lorem dolor amet labore et adipiscing consectetur tempor sit dolore sed eiusmod ut do ipsum magna incididunt sit consectetur dolor aliqua. incididunt eiusmod tempor sed ut dolore Lorem labore do amet et ipsum adipiscing magna elit incididunt magna sed et sit aliqua. dolore amet adipiscing consectetur ipsum ut Lorem do elit labore tempor dolor eiusmod ipsum tempor incididunt et Lorem elit consectetur labore sed ut magna do dolore amet dolor sit eiusmod aliqua. adipiscing magna ipsum tempor eiusmod incididunt elit dolore aliqua. labore sed et consectetur amet dolor do ut Lorem sit adipiscing et labore Lorem dolor ipsum do elit magna incididunt adipiscing ut eiusmod sit dolore tempor amet sed aliqua. consectetur consectetur aliqua. elit ipsum tempor magna labore sit dolore ut amet eiusmod dolor sed Lorem do adipiscing incididunt et incididunt elit sed aliqua. tempor do Lorem adipiscing sit amet consectetur dolor ipsum labore eiusmod ut et dolore magna consectetur magna sit tempor ut aliqua. Lorem ipsum amet adipiscing et labore dolor do sed eiusmod incididunt elit dolore tempor elit dolor amet Lorem sit ipsum do consec,[mock response to: magna aliqua. et dolor do amet tempor dolore eiusmod adipiscing incididunt sit L] token token token token token token token token token token token token token token token token token token token token token token token token token token token token token token token token token token token token token token token token token token token token token token token ,repair-mock-gate-40_04_c4_seed3401_l1,1787926950.3255513,324308659214400,324309386165800,324311665617100,324311689504300,324314273074300,,
req-0017-903435,synthetic,1787926931.4357588,1787926951.8438118,20.408052921295166,1.5122594,0.05345985147098819,"[0.02879190002568066, 0.032665600010659546, 0.030740599962882698, 0.031939900014549494, 0.029801800032146275, 0.033813699963502586, 0.0294319000095129, 0.031180699996184558, 0.016680800006724894, 0.03590379998786375, 0.026951300038490444, 0.03005729999858886, 0.03150649997405708, 0.02954780001891777, 0.030970299965701997, 0.030047700041905046, 0.030165999953169376, 0.016174200049135834, 0.01650219998555258, 0.028677599970251322, 0.04847120004706085, 0.01569440000457689, 0.031181299942545593, 0.02954200003296137, 0.03127330000279471, 0.03460870002163574, 0.027642799948807806, 0.01547840004786849, 0.016252399946097285, 0.01638820004882291, 0.03228449996095151, 0.03135860001202673, 0.016392100020311773, 0.04269370000110939, 0.01873660000273958, 0.015431299980264157, 0.01706649997504428, 0.031100900028832257, 0.01635539997369051, 0.030465200019534677, 0.029672299977391958, 0.03066330001456663, 0.016507000022102147, 0.019761000003200024, 0.028050399967469275, 0.03289040003437549, 0.05042519996641204, 0.01262019999558106, 0.028936700022313744, 0.016051999991759658, 0.015638899989426136, 0.016739700047764927, 0.031677299994044006, 0.016374400001950562, 0.029483599995728582, 0.03137779998360202, 0.015376299968920648, 0.015837900049518794, 0.03120079997461289, 0.030910000030416995, 0.030839999963063747, 0.03126620000693947, 1.9829994000028819]",5.178121328353882,1787926957.021933,510,69,True,,200,sit tempor dolore dolor amet ipsum magna sed elit aliqua. eiusmod do Lorem consectetur labore et adipiscing ut incididunt consectetur eiusmod sit dolore ut Lorem tempor labore et amet dolor elit do adipiscing sed aliqua. incididunt magna ipsum do et magna labore aliqua. ut Lorem sit ipsum dolor eiusmod dolore elit amet incididunt consectetur tempor sed adipiscing aliqua. dolor tempor et sed adipiscing Lorem magna sit consectetur dolore labore ipsum amet incididunt do eiusmod elit ut ipsum labore eiusmod Lorem adipiscing do tempor amet sit ut incididunt dolor sed consectetur aliqua. et elit magna dolore tempor labore elit dolor magna ut adipiscing eiusmod Lorem ipsum aliqua. et sit consectetur sed do dolore amet incididunt elit Lorem incididunt tempor consectetur labore dolore et dolor eiusmod aliqua. do ipsum sit ut magna sed adipiscing amet consectetur ipsum sed adipiscing labore et magna Lorem eiusmod amet dolore aliqua. incididunt do tempor sit dolor ut elit sed ut ipsum adipiscing tempor labore dolor Lorem dolore elit et sit consectetur incididunt magna eiusmod amet do aliqua. consectetur labore ut sit Lorem incididunt magna adipiscing dolor et do tempor amet sed eiusmod ipsum elit aliqua. dolore sit do tempor amet labore sed incididunt consectetur dolore ut aliqua. dolor Lorem ipsum et elit magna adipiscing eiusmod tempor ipsum eiusmod ut elit sed labore incididunt do amet et dolor dolore sit Lorem adipiscing aliqua. consectetur magna dolore aliqua. Lorem labore ut adipiscing magna dolor ipsum consectetur sed incididunt elit eiusmod sit et do amet tempor sit Lorem do incididunt aliqua. amet labore tempor ipsum eiusmod dolore ut magna dolor et elit sed adipiscing consectetur adipiscing do dolor labore tempor sit magna aliqua. dolore consectetur sed incididunt ipsum ut eiusmod elit Lorem amet et ipsum labore eiusmod elit et incididunt dolor Lorem dolore sed amet sit ut aliqua. magna adipiscing consectetur do tempor incididunt ut ipsum Lorem amet dolore labore dol,[mock response to: sit tempor dolore dolor amet ipsum magna sed elit aliqua. eiusmod do Lorem conse] token token token token token token token token token token token token token token token token token token token token token token token token token token token token token token token token token token token token token token token token token token token token token token token ,repair-mock-gate-40_04_c4_seed3401_l1,1787926951.0818772,324309415540300,324310177476700,324311673897800,324311689736100,324315355596900,,
req-0018-7f6769,synthetic,1787926931.4357588,1787926952.5760965,21.140337705612183,0.7802137,0.05345900147050783,"[0.028883500024676323, 0.03275119996396825, 0.030934900045394897, 0.03187329997308552, 0.029437499993946403, 0.034048200002871454, 0.029207199986558408, 0.031190500012598932, 0.017018200014717877, 0.03551989997504279, 0.027051999990362674, 0.02994450001278892, 0.031554099987261, 0.029471800022292882, 0.031114900019019842, 0.030069799977354705, 0.030543000029865652, 0.015680099953897297, 0.016687700001057237, 0.028409500024281442, 0.048486399988178164, 0.016084000002592802, 0.03138010000111535, 0.028972300002351403, 0.03145010001026094, 0.034790400008205324, 0.027464199985843152, 0.015411800006404519, 0.01629609998781234, 0.01625739998416975, 0.03243340004701167, 0.031192999973427504, 0.016384400019887835, 0.042728699976578355, 0.01873660000273958, 0.030933999980334193, 0.030402900010813028, 0.017976700037252158, 0.029200099990703166, 0.015578199992887676, 0.01654789998428896, 0.030052300018724054, 0.01655399997252971, 0.019771800027228892, 0.028122899995651096, 0.03295209998032078, 0.050277500005904585, 0.01258630002848804, 0.028949700004886836, 0.016169699956662953, 0.015598900034092367, 0.01673899998422712, 0.03163079998921603, 0.016709999996237457, 0.029231399996206164, 0.03145350003615022, 0.015320100006647408, 0.015711299958638847, 0.03117140004178509, 0.03097279998473823, 0.030758499982766807, 0.03140290000010282, 1.9829746999894269]",4.44630241394043,1787926957.022399,512,69,True,,200,sit dolore sed elit tempor et ipsum Lorem ut dolor aliqua. adipiscing do consectetur amet magna incididunt eiusmod labore dolore eiusmod do amet et labore adipiscing tempor incididunt magna elit consectetur ut dolor Lorem ipsum aliqua. sit sed et adipiscing eiusmod consectetur ipsum sit ut dolore amet Lorem tempor do labore sed incididunt aliqua. magna dolor elit consectetur sed amet do et dolore eiusmod tempor labore aliqua. ut sit ipsum magna elit adipiscing dolor incididunt Lorem eiusmod consectetur do et amet aliqua. incididunt sit ipsum adipiscing labore sed elit tempor ut dolore dolor magna Lorem dolor elit labore aliqua. magna sit sed incididunt consectetur tempor dolore ipsum adipiscing ut do eiusmod et amet Lorem elit consectetur et incididunt sit aliqua. do ut Lorem sed tempor magna amet dolore eiusmod dolor ipsum labore adipiscing magna consectetur aliqua. et amet labore Lorem elit dolor incididunt sed adipiscing do sit ut tempor dolore ipsum eiusmod elit Lorem ipsum do incididunt tempor sit aliqua. eiusmod dolore adipiscing dolor et magna ut amet sed labore consectetur ipsum do sit elit et tempor incididunt Lorem magna eiusmod amet dolor consectetur ut adipiscing labore dolore sed aliqua. adipiscing amet labore magna et sit eiusmod aliqua. ipsum do Lorem tempor dolore dolor elit incididunt sed ut consectetur labore amet elit ipsum adipiscing incididunt consectetur sit aliqua. Lorem magna dolore do sed ut eiusmod et tempor dolor tempor eiusmod adipiscing dolore et consectetur aliqua. ipsum ut dolor incididunt amet sed Lorem elit sit labore do magna labore adipiscing aliqua. dolor et tempor Lorem sed magna do ipsum consectetur ut elit dolore incididunt amet eiusmod sit sit magna dolore amet aliqua. labore adipiscing tempor dolor sed incididunt et ut do elit eiusmod consectetur ipsum Lorem aliqua. tempor dolor consectetur adipiscing incididunt ipsum sed eiusmod dolore sit elit Lorem ut et do amet magna labore sit aliqua. magna ut eiusmod do incididunt dolor,[mock response to: sit dolore sed elit tempor et ipsum Lorem ut dolor aliqua. adipiscing do consect] token token token token token token token token token token token token token token token token token token token token token token token token token token token token token token token token token token token token token token token token token token token token token token token ,repair-mock-gate-40_04_c4_seed3401_l1,1787926951.84556,324310179223100,324310909761700,324311674627800,324311689975400,324315356062300,,
req-0019-c61cd8,synthetic,1787926931.4357588,1787926953.3046653,21.868906497955322,0.0518549,0.025404515384266583,"[0.028985599987208843, 0.032650700013618916, 0.03128819999983534, 0.03181459999177605, 0.029097999969962984, 0.03402670001378283, 0.02923669997835532, 0.03118900000117719, 0.01742950000334531, 0.03507710003759712, 0.02705109998350963, 0.029984100023284554, 0.03153689997270703, 0.029379100014921278, 0.03128880000440404, 0.029974700009915978, 0.03086759999860078, 0.030828099988866597, 0.02920380001887679, 0.04841309995390475, 0.0007620000396855175, 0.016184499952942133, 0.03140380000695586, 0.028521900007035583, 0.03165610000723973, 0.03492720000213012, 0.02720980002777651, 0.015601499995682389, 0.01660999999148771, 0.015840200008824468, 0.03239219996612519, 0.03114330000244081, 0.01637620001565665, 0.04270170000381768, 0.01881169999251142, 0.03144719998817891, 0.03014350001467392, 0.017760500020813197, 0.029988700000103563, 0.029610299970954657, 0.031080299988389015, 0.016369200020562857, 0.018398099986370653, 0.02939179999521002, 0.03221179998945445, 0.05129620002117008, 0.012562200019601732, 0.028563399973791093, 0.016307600017171353, 0.015615599986631423, 0.01676580001367256, 0.031582399969920516, 0.01572270004544407, 0.03023959998972714, 0.031258300004992634, 0.015587300003971905, 0.015922399994451553, 0.03111509996233508, 0.030949000036343932, 0.03097129997331649, 0.030967700004111975]",1.7044670581817627,1787926955.0091324,512,66,True,,200,dolor ut incididunt sed ipsum adipiscing et labore amet eiusmod consectetur tempor Lorem dolore aliqua. magna sit elit do adipiscing Lorem elit dolor consectetur labore eiusmod dolore amet aliqua. et magna ut do sed incididunt sit tempor ipsum dolor do consectetur elit eiusmod labore ut amet ipsum dolore Lorem sed incididunt et adipiscing magna aliqua. sit tempor et sed dolore consectetur ipsum labore adipiscing tempor ut sit magna do amet eiusmod aliqua. elit incididunt dolor Lorem et amet tempor dolor do dolore magna elit aliqua. Lorem adipiscing labore sed eiusmod ipsum sit incididunt ut consectetur elit ipsum do et sed eiusmod dolore tempor sit consectetur adipiscing labore amet magna ut dolor Lorem incididunt aliqua. aliqua. eiusmod dolore ipsum dolor tempor do elit et adipiscing incididunt magna ut amet sit sed Lorem labore consectetur incididunt amet elit do dolore adipiscing eiusmod sit tempor magna Lorem sed labore aliqua. ut dolor ipsum et consectetur incididunt dolor sit eiusmod sed magna ut elit tempor labore et adipiscing consectetur dolore Lorem aliqua. do amet ipsum sed incididunt sit amet tempor do ipsum aliqua. et labore eiusmod adipiscing Lorem consectetur dolore dolor elit magna ut Lorem sit consectetur labore do aliqua. dolore eiusmod ipsum amet adipiscing et sed tempor dolor magna elit incididunt ut sit amet labore do aliqua. Lorem et dolor tempor incididunt ut consectetur elit ipsum magna dolore adipiscing eiusmod sed sed aliqua. do amet Lorem et consectetur dolore dolor incididunt magna tempor sit adipiscing eiusmod labore elit ipsum ut eiusmod dolore elit amet ipsum labore tempor magna Lorem incididunt sit aliqua. dolor adipiscing ut sed consectetur et do sed amet elit consectetur eiusmod do dolore labore incididunt et tempor aliqua. adipiscing magna sit dolor ut Lorem ipsum Lorem do sit et incididunt dolore labore eiusmod sed tempor dolor elit amet ipsum ut adipiscing consectetur aliqua. magna eiusmod adipiscing dolor magna et Lorem aliqua. ,[mock response to: dolor ut incididunt sed ipsum adipiscing et labore amet eiusmod consectetur temp] token token token token token token token token token token token token token token token token token token token token token token token token token token token token token token token token token token token token token token token token token token token token token token token ,repair-mock-gate-40_04_c4_seed3401_l1,1787926952.5766013,324310910264300,324311638330500,324311675361700,324311690185400,324313342795200,,
req-0020-999b92,synthetic,1787926931.4357588,1787926955.9368622,24.501103401184082,2.7604516,0.03772480151559593,"[0.016207000007852912, 0.031969300005584955, 0.01602640002965927, 0.03290200000628829, 0.030690699990373105, 0.030469799996353686, 0.03582190000452101, 0.026452199963387102, 0.01612849999219179, 0.018721100001130253, 0.0491776000126265, 0.000520200002938509, 0.0275891000055708, 0.03103529999498278, 0.0314117000089027, 0.01621769997291267, 0.0312689000274986, 0.030292399984318763, 0.03316230000928044, 0.031557500013150275, 0.030994299973826855, 0.03098660003161058, 0.03193289996124804, 0.015649500011932105, 0.030128800019156188, 0.03171830001519993, 0.016554899979382753, 0.03143979999003932, 0.033277800015639514, 0.016517299984116107, 0.03066910000052303, 0.031408100039698184, 0.031102999986615032, 0.03107939998153597, 0.029744400002527982, 0.015383200021460652, 0.016627599950879812, 0.016117800027132034, 0.03179510001791641, 0.031278999987989664, 0.032984299992676824, 0.030896599986590445, 0.029680400039069355, 0.03142479999223724, 0.030967700004111975, 0.01547230000142008, 0.033419699990190566, 0.0003884999896399677, 0.013711399980820715, 0.032092400011606514, 0.031874399981461465, 0.0301463000359945, 0.016627700009848922, 0.03212669998174533, 0.031664200010709465, 0.015847700007725507, 0.01552580000134185, 0.015519399952609092, 0.030978500028140843, 0.01607259997399524, 0.04980540001997724, 0.8782455999753438, 0.002336000034119934]",5.267451286315918,1787926961.2043135,510,67,True,,200,sed sit dolor et Lorem labore consectetur ipsum eiusmod ut incididunt do tempor amet elit dolore aliqua. magna adipiscing et sit adipiscing dolore dolor tempor Lorem consectetur amet magna ut labore incididunt aliqua. ipsum do sed elit eiusmod dolor incididunt sed et amet ut elit consectetur tempor Lorem labore aliqua. ipsum eiusmod sit do dolore magna adipiscing ut elit magna adipiscing tempor dolor sed sit Lorem consectetur labore eiusmod et dolore incididunt do ipsum aliqua. amet do ipsum adipiscing magna amet sed labore dolore aliqua. sit tempor Lorem incididunt eiusmod et dolor ut consectetur elit elit adipiscing do et eiusmod sed aliqua. ipsum labore sit amet dolor incididunt ut magna dolore tempor consectetur Lorem incididunt tempor do elit sit dolore ut Lorem dolor eiusmod sed labore aliqua. ipsum adipiscing amet et magna consectetur magna consectetur sed labore Lorem et dolore do tempor ut sit amet eiusmod elit aliqua. ipsum dolor incididunt adipiscing do eiusmod elit magna labore adipiscing incididunt sed ut tempor Lorem et consectetur amet ipsum dolor sit dolore aliqua. Lorem incididunt ut ipsum do aliqua. labore dolor et dolore sed adipiscing consectetur sit tempor amet eiusmod magna elit consectetur incididunt do ut elit Lorem sed eiusmod ipsum dolore aliqua. dolor labore et magna tempor amet adipiscing sit adipiscing Lorem incididunt tempor et do magna amet aliqua. sit ut dolor sed labore dolore eiusmod elit ipsum consectetur dolor Lorem sed adipiscing magna incididunt elit et aliqua. labore consectetur do eiusmod amet dolore tempor ipsum sit ut amet tempor consectetur eiusmod sed et aliqua. magna sit dolor elit adipiscing ut Lorem labore ipsum do incididunt dolore magna consectetur ut ipsum adipiscing incididunt labore Lorem sed aliqua. tempor et dolore amet sit elit dolor eiusmod do labore ipsum do et tempor elit incididunt magna dolore amet Lorem sit dolor aliqua. eiusmod consectetur ut sed adipiscing sit ut elit amet aliqua. ipsum incididunt Lorem ,[mock response to: sed sit dolor et Lorem labore consectetur ipsum eiusmod ut incididunt do tempor ] token token token token token token token token token token token token token token token token token token token token token token token token token token token token token token token token token token token token token token token token token token token token token token token ,repair-mock-gate-40_04_c4_seed3401_l1,1787926955.0093138,324313342976500,324314270527800,324317014299700,324317030979400,324319537976700,,
req-0021-5d485c,synthetic,1787926931.4357588,1787926956.9906366,25.554877758026123,1.7069852,0.03737643731361839,"[0.016136799997184426, 0.03194930002791807, 0.016077500011306256, 0.03287969995290041, 0.03059090004535392, 0.03048709995346144, 0.03592910000588745, 0.026324700040277094, 0.016213700000662357, 0.018634499981999397, 0.04922440001973882, 0.00046249997103586793, 0.02813990000868216, 0.030610300018452108, 0.031351199955679476, 0.016368300013709813, 0.031165899999905378, 0.030278799997176975, 0.03336770000169054, 0.03161270002601668, 0.031308499979786575, 0.030596300028264523, 0.03159629995934665, 0.016245000006165355, 0.029605099989566952, 0.032106600003317, 0.016277400020044297, 0.03270669997436926, 0.032342499995138496, 0.01636310003232211, 0.03084989998023957, 0.031009500031359494, 0.031368999974802136, 0.03097269998397678, 0.029585700016468763, 0.015376000024843961, 0.016607599973212928, 0.016144199995324016, 0.031773700029589236, 0.03173449996393174, 0.03274150000652298, 0.03059500001836568, 0.02975940000033006, 0.031517399998847395, 0.03103100002044812, 0.048046099953353405, 0.000611299998126924, 0.013437900051940233, 0.03204309998545796, 0.031505699967965484, 0.030571000010240823, 0.01614950003568083, 0.03257729997858405, 0.031043199996929616, 0.015874499978963286, 0.015683700039517134, 0.01561599998967722, 0.031222399964462966, 0.01622070005396381, 0.049129199993330985, 0.0013461000053212047, 0.8801444999990053, 0.014979499974288046]",4.213010549545288,1787926961.2036471,512,68,True,,200,adipiscing aliqua. incididunt Lorem elit ipsum dolore ut magna dolor sit do sed eiusmod labore consectetur et amet tempor adipiscing do incididunt Lorem dolore ipsum dolor ut et labore aliqua. magna sed elit tempor sit eiusmod consectetur amet tempor ut consectetur elit Lorem dolore dolor labore sed adipiscing eiusmod amet magna do ipsum incididunt sit et aliqua. et do sed elit dolore consectetur ipsum aliqua. dolor tempor eiusmod incididunt sit labore ut magna amet adipiscing Lorem incididunt sed adipiscing dolor consectetur tempor labore ipsum do aliqua. eiusmod magna amet et elit ut Lorem sit dolore elit amet consectetur ut dolor eiusmod do adipiscing labore sed Lorem magna aliqua. et incididunt tempor ipsum dolore sit dolor ipsum elit consectetur labore adipiscing sit sed do eiusmod aliqua. magna incididunt ut amet Lorem et tempor dolore do ut labore et dolor consectetur ipsum eiusmod sit aliqua. incididunt adipiscing dolore tempor Lorem amet sed magna elit elit amet incididunt ut et consectetur labore adipiscing do sed eiusmod dolore magna tempor sit Lorem dolor ipsum aliqua. do et dolor adipiscing dolore labore incididunt tempor amet Lorem eiusmod ipsum ut sed magna consectetur aliqua. sit elit eiusmod ipsum do dolore Lorem sit consectetur dolor labore magna elit ut tempor sed adipiscing amet aliqua. incididunt et incididunt magna consectetur sit Lorem elit adipiscing ut et eiusmod labore ipsum dolor aliqua. sed do dolore tempor amet adipiscing do aliqua. et elit eiusmod labore sed dolor tempor consectetur ipsum sit incididunt ut Lorem amet magna dolore ut dolor sit et incididunt adipiscing eiusmod amet do labore sed elit ipsum consectetur magna aliqua. tempor Lorem dolore adipiscing tempor ipsum incididunt magna amet sed Lorem elit labore sit et aliqua. dolore eiusmod consectetur do dolor ut dolore tempor dolor adipiscing amet Lorem consectetur do sed magna aliqua. eiusmod ut elit sit et labore incididunt ipsum sit ipsum Lorem dolore amet ut et dolor sed eius,[mock response to: adipiscing aliqua. incididunt Lorem elit ipsum dolore ut magna dolor sit do sed ] token token token token token token token token token token token token token token token token token token token token token token token token token token token token token token token token token token token token token token token token token token token token token token token ,repair-mock-gate-40_04_c4_seed3401_l1,1787926955.941929,324314275593000,324315324301200,324317016525800,324317031286400,324319537310400,,
req-0022-b8c927,synthetic,1787926931.4357588,1787926957.8179505,26.38219165802002,0.8952002,0.024499707692302763,"[0.031631399993784726, 0.016218399978242815, 0.03280290000839159, 0.030743899988010526, 0.030406800040509552, 0.015592999989166856, 0.021270199969876558, 0.026311299996450543, 0.016214100003708154, 0.01868480001576245, 0.049228299991227686, 0.0004029999836347997, 0.028293400013353676, 0.030897699994966388, 0.03101299999980256, 0.016317400033585727, 0.031447599991224706, 0.03000710002379492, 0.03349129995331168, 0.03198440000414848, 0.030852600000798702, 0.030532300006598234, 0.03153320000274107, 0.016748399997595698, 0.0294125999789685, 0.03231280000181869, 0.016270300024189055, 0.03240089997416362, 0.03252820001216605, 0.016167599998880178, 0.030804400041233748, 0.0309582999907434, 0.03143859998090193, 0.04968380002537742, 0.012485599960200489, 0.02902439999161288, 0.016480700054671615, 0.03183109994279221, 0.03073450003284961, 0.03310329996747896, 0.031363300047814846, 0.02948979998473078, 0.03152760001830757, 0.030764599971007556, 0.01588150003226474, 0.03344309999374673, 0.0005112999933771789, 0.013608000008389354, 0.03208429994992912, 0.03155870002228767, 0.0304677999811247, 0.01627980003831908, 0.03242479998152703, 0.0313183999969624, 0.015718800015747547, 0.01565770001616329, 0.015683899982832372, 0.031114700017496943, 0.016168100002687424, 0.04915119998622686]",2.491631269454956,1787926960.3095818,511,66,True,,200,sit tempor magna ut dolore ipsum aliqua. adipiscing incididunt consectetur labore dolor sed elit Lorem do eiusmod et amet adipiscing eiusmod incididunt dolore sed tempor Lorem aliqua. ut magna dolor et ipsum consectetur do amet sit labore elit labore ipsum dolor magna et Lorem eiusmod elit amet dolore do ut aliqua. tempor consectetur incididunt sit adipiscing sed elit do magna eiusmod tempor amet ipsum consectetur Lorem dolore sed aliqua. adipiscing sit et dolor ut labore incididunt ut magna elit amet sit ipsum dolore et Lorem sed consectetur tempor incididunt adipiscing labore eiusmod do dolor aliqua. dolore adipiscing do dolor aliqua. elit ipsum Lorem tempor sed magna labore consectetur ut et amet sit incididunt eiusmod adipiscing dolor ut aliqua. eiusmod do amet consectetur et incididunt magna Lorem labore elit tempor sit dolore ipsum sed magna sit eiusmod tempor sed elit Lorem dolore incididunt et do ut dolor ipsum labore consectetur aliqua. amet adipiscing et labore tempor incididunt dolor elit dolore magna aliqua. eiusmod sit consectetur ut amet Lorem ipsum sed do adipiscing consectetur et elit incididunt adipiscing do tempor eiusmod Lorem ipsum ut magna aliqua. dolor labore amet dolore sit sed dolore magna sed incididunt sit consectetur ipsum labore dolor Lorem eiusmod elit aliqua. ut adipiscing et tempor amet do eiusmod magna ut sit dolor aliqua. et incididunt do sed labore consectetur tempor Lorem amet dolore adipiscing ipsum elit eiusmod sit do elit sed aliqua. Lorem ut dolore magna dolor consectetur amet labore tempor incididunt adipiscing ipsum et consectetur ut sed magna dolor elit Lorem amet ipsum labore tempor adipiscing eiusmod aliqua. incididunt et dolore do sit sed labore adipiscing amet et ut ipsum incididunt elit consectetur tempor Lorem do aliqua. sit eiusmod dolore magna dolor sit tempor ipsum elit consectetur et Lorem adipiscing dolor sed aliqua. amet do magna ut incididunt labore eiusmod dolore dolore Lorem amet incididunt magna tempor et ut ,[mock response to: sit tempor magna ut dolore ipsum aliqua. adipiscing incididunt consectetur labor] token token token token token token token token token token token token token token token token token token token token token token token token token token token token token token token token token token token token token token token token token token token token token token token ,repair-mock-gate-40_04_c4_seed3401_l1,1787926957.0227795,324315356442500,324316151615400,324317017627100,324317046815600,324318643245100,,
req-0023-e455b3,synthetic,1787926931.4357588,1787926958.654644,27.21888518333435,0.0587089,0.0371475373134156,"[0.03186220000497997, 0.016146200010553002, 0.032825800008140504, 0.03057259996421635, 0.03060110000660643, 0.03542820003349334, 0.026681799965444952, 0.01617350004380569, 0.01869789999909699, 0.048940999957267195, 0.0003882000455632806, 0.028019099961966276, 0.031037900014780462, 0.03106639999896288, 0.016283400007523596, 0.030748599965590984, 0.030951900000218302, 0.03289160004351288, 0.03180120000615716, 0.030656899965833873, 0.031146700028330088, 0.032447699981275946, 0.015054900024551898, 0.030589999980293214, 0.03127540001878515, 0.016799599980004132, 0.03131499997107312, 0.03272470005322248, 0.017380099976435304, 0.03066470002522692, 0.031404799956362695, 0.03043969999998808, 0.03169269999489188, 0.02979370002867654, 0.015383799967821687, 0.01665930001763627, 0.01621149998391047, 0.03179780003847554, 0.030878699966706336, 0.033115900005213916, 0.031195699993986636, 0.029598299995996058, 0.03144450002582744, 0.03079829999478534, 0.015668899985030293, 0.03343860001768917, 0.00043670000741258264, 0.013632599962875247, 0.03209790005348623, 0.031680499960202724, 0.030335000017657876, 0.01659120002295822, 0.03215779998572543, 0.03151499998057261, 0.015880400023888797, 0.015290299954358488, 0.01564300002064556, 0.031203699996694922, 0.016146200010553002, 0.04942769999615848, 0.8785962000256404, 0.002340499951969832, 0.015213800012134016]",2.5493130683898926,1787926961.203957,511,68,True,,200,ut elit incididunt Lorem et adipiscing aliqua. dolor eiusmod sit do amet labore dolore tempor ipsum consectetur magna sed sed do consectetur aliqua. dolor magna Lorem ipsum sit labore incididunt elit ut dolore et amet adipiscing tempor eiusmod consectetur dolore tempor do sed aliqua. et incididunt ipsum adipiscing magna labore Lorem eiusmod elit ut dolor sit amet amet sit ut adipiscing dolore tempor consectetur dolor aliqua. incididunt labore magna et Lorem ipsum sed elit eiusmod do amet elit et tempor consectetur sit incididunt labore dolor eiusmod aliqua. dolore ipsum Lorem sed magna do adipiscing ut magna adipiscing consectetur aliqua. sit et dolore amet do dolor tempor eiusmod ut labore Lorem sed incididunt elit ipsum sed tempor dolor do eiusmod amet sit elit dolore magna ut consectetur incididunt ipsum labore et Lorem adipiscing aliqua. amet et incididunt labore consectetur adipiscing elit sed do aliqua. ipsum eiusmod magna tempor Lorem dolore dolor ut sit consectetur sed adipiscing dolor amet tempor Lorem do sit ut magna ipsum incididunt labore dolore aliqua. et eiusmod elit consectetur dolor eiusmod aliqua. adipiscing magna elit incididunt sed labore amet tempor Lorem ipsum dolore ut sit do et dolor aliqua. ut tempor do labore sit et dolore eiusmod consectetur amet sed ipsum incididunt elit Lorem magna adipiscing dolor aliqua. Lorem dolore tempor sed elit ut incididunt labore consectetur do et adipiscing amet magna ipsum sit eiusmod eiusmod et do magna ipsum Lorem adipiscing incididunt elit dolor sed labore ut consectetur sit amet dolore tempor aliqua. et dolor do aliqua. adipiscing elit consectetur tempor ut eiusmod amet sed Lorem ipsum labore sit magna dolore incididunt tempor incididunt sit consectetur amet Lorem do elit ipsum sed et labore adipiscing dolore magna dolor eiusmod ut aliqua. labore sed ipsum et incididunt amet Lorem eiusmod magna elit dolor tempor dolore consectetur adipiscing ut do sit aliqua. magna eiusmod adipiscing Lorem dolore aliqua. ip,[mock response to: ut elit incididunt Lorem et adipiscing aliqua. dolor eiusmod sit do amet labore ] token token token token token token token token token token token token token token token token token token token token token token token token token token token token token token token token token token token token token token token token token token token token token token token ,repair-mock-gate-40_04_c4_seed3401_l1,1787926957.8184395,324316152102300,324316988309500,324317018623500,324317047018400,324319537622600,,
req-0024-027e66,synthetic,1787926931.4357588,1787926961.1841161,29.74835729598999,2.1650088,0.022674284615697197,"[0.03159630001755431, 0.03016069997102022, 0.016105500049889088, 0.030323299986775964, 0.03191640001023188, 0.029951000004075468, 0.0313859999878332, 0.029645100003108382, 0.016206100000999868, 0.051351599977351725, 0.008712899987585843, 0.0321883000433445, 0.029807699960656464, 0.0311758000170812, 0.01619679998839274, 0.032908799999859184, 0.029792600020300597, 0.030895499978214502, 0.031166300002951175, 0.0169039000174962, 0.03094490000512451, 0.03297920001205057, 0.015154099965002388, 0.016317699977662414, 0.016970900003798306, 0.03047690005041659, 0.01592559996061027, 0.03122030000668019, 0.0313435000134632, 0.03169159998651594, 0.03109569998923689, 0.015921100042760372, 0.015523299982305616, 0.017061799997463822, 0.03108839999185875, 0.018216600001323968, 0.028414700005669147, 0.030845000001136214, 0.016252700006589293, 0.016011199972126633, 0.015836600039619952, 0.015732200001366436, 0.016579699993599206, 0.015739499998744577, 0.01655969995772466, 0.03070630005095154, 0.015618599951267242, 0.01604280003812164, 0.01598769996780902, 0.031232200039085, 0.05011670000385493, 0.0006319999811239541, 0.027715799980796874, 0.03151090000756085, 0.031190500012598932, 0.015605399967171252, 0.03162530000554398, 0.03097590000834316, 0.01597609999589622, 0.016598800022620708]",3.6403238773345947,1787926964.82444,511,66,True,,200,dolore consectetur aliqua. sed tempor amet magna adipiscing incididunt elit Lorem labore dolor ipsum ut sit eiusmod et do elit sit ipsum incididunt consectetur adipiscing amet sed eiusmod tempor magna labore aliqua. dolore ut do Lorem et dolor incididunt do dolore sit eiusmod aliqua. ut labore amet Lorem elit tempor adipiscing sed et dolor magna ipsum consectetur et dolore sit dolor incididunt aliqua. tempor consectetur amet Lorem labore magna ipsum elit eiusmod do adipiscing ut sed dolore ipsum sed labore sit aliqua. eiusmod ut consectetur elit incididunt amet adipiscing magna do tempor et Lorem dolor elit labore incididunt dolore ipsum dolor consectetur sed ut aliqua. Lorem sit do tempor magna et adipiscing eiusmod amet sed et incididunt labore dolor Lorem ut dolore tempor sit aliqua. magna amet consectetur do elit ipsum eiusmod adipiscing sed ipsum amet labore dolor ut consectetur magna Lorem tempor aliqua. eiusmod et incididunt dolore do adipiscing elit sit magna ut aliqua. sit do labore dolor elit incididunt adipiscing sed Lorem tempor consectetur dolore ipsum et amet eiusmod sed Lorem elit do amet ut labore eiusmod aliqua. et ipsum sit dolore incididunt tempor dolor adipiscing consectetur magna dolor sit sed do incididunt dolore ipsum adipiscing amet aliqua. ut Lorem eiusmod tempor labore consectetur et elit magna eiusmod aliqua. et do sit magna ut tempor elit dolore adipiscing labore Lorem sed ipsum amet dolor consectetur incididunt aliqua. tempor sit incididunt amet consectetur Lorem sed elit adipiscing magna eiusmod dolor ut do labore dolore et ipsum dolore eiusmod incididunt adipiscing magna elit tempor consectetur aliqua. ipsum dolor labore ut Lorem sit do amet et sed ut magna amet Lorem labore consectetur sit dolor tempor eiusmod incididunt aliqua. sed elit ipsum dolore et adipiscing do magna dolor labore et ut adipiscing tempor Lorem consectetur incididunt sit do elit sed eiusmod ipsum amet aliqua. dolore ut Lorem tempor sed consectetur et aliqua. amet ,[mock response to: dolore consectetur aliqua. sed tempor amet magna adipiscing incididunt elit Lore] token token token token token token token token token token token token token token token token token token token token token token token token token token token token token token token token token token token token token token token token token token token token token token token ,repair-mock-gate-40_04_c4_seed3401_l1,1787926960.3097994,324318643462500,324319517780600,324321658131400,324321682789400,324323158103300,,
req-0025-362c53,synthetic,1787926931.4357588,1787926961.915873,30.480114221572876,1.4339672,0.032515596969681086,"[0.03132989996811375, 0.030006500019226223, 0.016250999993644655, 0.03092980000656098, 0.03157469996949658, 0.029932600038591772, 0.03150939999613911, 0.029821999953128397, 0.016231700021307915, 0.05060720001347363, 0.008807600010186434, 0.032243299996480346, 0.02978589996928349, 0.031495400005951524, 0.01583079999545589, 0.03294190001906827, 0.030699199996888638, 0.030408799997530878, 0.03107069997349754, 0.016793500049971044, 0.030738999950699508, 0.032865800021681935, 0.01530359999742359, 0.01623409998137504, 0.017130000051110983, 0.030903999984730035, 0.01541310001630336, 0.03126919997157529, 0.03138230001786724, 0.0317205999745056, 0.030980699986685067, 0.01598080003168434, 0.015376299968920648, 0.016968300042208284, 0.04857109999284148, 0.00025159999495372176, 0.028950000007171184, 0.030963599972892553, 0.016298600006848574, 0.01601790002314374, 0.01607700000749901, 0.015381099947262555, 0.01653470000019297, 0.015837400045711547, 0.01652439997997135, 0.030603700026404113, 0.0156618999899365, 0.01600599999073893, 0.016083399998024106, 0.031283200019970536, 0.0500517999753356, 0.000526099989656359, 0.0278188000083901, 0.03146349999587983, 0.031837399990763515, 0.01508730003843084, 0.031522799981758, 0.030951599997933954, 0.01594650000333786, 0.016947700001765043, 0.6722906000213698]",3.602161407470703,1787926965.5180345,512,67,True,,200,et amet aliqua. dolore tempor dolor consectetur Lorem adipiscing eiusmod sit magna elit labore ut incididunt ipsum do sed ut amet ipsum Lorem sit adipiscing magna incididunt aliqua. dolore consectetur dolor et labore sed eiusmod tempor do elit sit et adipiscing eiusmod ut elit do labore tempor dolore dolor aliqua. consectetur sed Lorem amet ipsum magna incididunt adipiscing do sed ut ipsum consectetur eiusmod dolor sit tempor Lorem et aliqua. elit amet magna incididunt dolore labore sed et eiusmod Lorem do labore adipiscing dolor incididunt aliqua. sit ut elit tempor dolore magna consectetur ipsum amet aliqua. elit labore consectetur sed dolore sit incididunt magna Lorem et adipiscing eiusmod tempor do ut dolor ipsum amet incididunt consectetur elit do sit dolor amet eiusmod adipiscing et sed labore aliqua. ut ipsum magna tempor Lorem dolore tempor dolor do amet magna labore adipiscing et sed dolore eiusmod elit consectetur sit ipsum aliqua. ut incididunt Lorem magna sed et eiusmod dolor Lorem labore amet elit do ut ipsum consectetur adipiscing tempor dolore sit aliqua. incididunt dolor incididunt tempor do magna eiusmod et labore sed ut sit amet aliqua. dolore ipsum elit Lorem consectetur adipiscing magna labore sit amet et adipiscing dolore dolor incididunt Lorem do aliqua. ut tempor ipsum elit eiusmod sed consectetur Lorem sed eiusmod consectetur dolore tempor magna dolor adipiscing aliqua. do incididunt sit ipsum amet elit labore ut et sed incididunt dolor ipsum aliqua. magna tempor sit consectetur amet labore elit do adipiscing eiusmod et dolore Lorem ut Lorem magna adipiscing labore incididunt dolore ut sit sed aliqua. consectetur eiusmod amet elit ipsum dolor tempor do et ut aliqua. eiusmod adipiscing ipsum labore sit dolor do dolore amet tempor Lorem consectetur elit magna et incididunt sed sed tempor aliqua. amet Lorem labore magna consectetur adipiscing dolore eiusmod sit dolor incididunt et ut elit ipsum do elit aliqua. adipiscing sit do Lorem eiusmod sed,[mock response to: et amet aliqua. dolore tempor dolor consectetur Lorem adipiscing eiusmod sit mag] token token token token token token token token token token token token token token token token token token token token token token token token token token token token token token token token token token token token token token token token token token token token token token token ,repair-mock-gate-40_04_c4_seed3401_l1,1787926961.2045896,324319538252600,324320249538500,324321660001800,324321683505700,324323851697400,,
req-0026-6df428,synthetic,1787926931.4357588,1787926962.5918565,31.156097650527954,0.7583015,0.031834014705964364,"[0.031141499988734722, 0.02998160000424832, 0.016314300009980798, 0.031275899964384735, 0.03137290000449866, 0.029734900046605617, 0.031510000000707805, 0.03027509996900335, 0.016218499979004264, 0.050160700047854334, 0.008837200002744794, 0.03228159999707714, 0.029687499976716936, 0.03173689998220652, 0.01572010002564639, 0.032888000016100705, 0.031083199952263385, 0.02999670000281185, 0.0310709000332281, 0.016905899974517524, 0.030636400042567402, 0.03283989999908954, 0.015326099994126707, 0.016253599955234677, 0.017106400046031922, 0.030920699995476753, 0.015446599980350584, 0.03139800002099946, 0.031289500009734184, 0.031637499982025474, 0.031032999977469444, 0.016123800014611334, 0.03153470001416281, 0.031021200004033744, 0.018411399971228093, 0.028117300011217594, 0.030992600019089878, 0.016310099977999926, 0.015932400012388825, 0.01591399998869747, 0.01569169998401776, 0.01650960004189983, 0.015790399978868663, 0.01644420000957325, 0.03079519997118041, 0.01564880000660196, 0.01613890001317486, 0.01577009999891743, 0.03134579997276887, 0.05014450004091486, 0.0007485999958589673, 0.027584799972828478, 0.03154980001272634, 0.031130400020629168, 0.015606299974024296, 0.03163059998769313, 0.031010500038973987, 0.016019499977119267, 0.016480399994179606, 0.672888100030832, 0.019209999998565763, 7.809995440766215e-05, 5.8100034948438406e-05]",2.924838066101074,1787926965.5166945,512,69,True,,200,et aliqua. elit dolor sed dolore tempor consectetur ut sit magna Lorem eiusmod adipiscing amet labore do ipsum incididunt incididunt tempor eiusmod magna sit adipiscing ipsum amet do consectetur ut labore et Lorem dolore sed dolor elit aliqua. elit do eiusmod sed labore aliqua. Lorem consectetur amet et dolor tempor ut adipiscing ipsum sit incididunt dolore magna elit eiusmod adipiscing consectetur et labore tempor sed aliqua. do dolor sit incididunt magna ipsum dolore Lorem amet ut elit ipsum tempor sit labore adipiscing sed et magna do consectetur eiusmod dolor incididunt Lorem dolore ut aliqua. amet consectetur aliqua. sed dolore eiusmod magna elit labore adipiscing do dolor ut incididunt Lorem ipsum amet et tempor sit dolor ut consectetur et sed magna tempor dolore sit labore elit Lorem do aliqua. ipsum amet eiusmod incididunt adipiscing do Lorem adipiscing tempor dolore ut labore ipsum eiusmod consectetur et aliqua. incididunt magna sed sit dolor elit amet labore aliqua. magna consectetur ipsum sed tempor amet et sit dolor adipiscing incididunt do Lorem eiusmod elit ut dolore dolor tempor amet adipiscing ut Lorem elit incididunt et aliqua. do sed magna dolore labore consectetur eiusmod sit ipsum ut labore consectetur amet incididunt aliqua. sed et do eiusmod tempor elit adipiscing dolor dolore ipsum Lorem magna sit dolor ut labore incididunt sed sit ipsum amet tempor elit consectetur dolore adipiscing do aliqua. eiusmod et Lorem magna ipsum tempor consectetur et elit magna eiusmod adipiscing dolore dolor amet ut aliqua. sit incididunt Lorem do sed labore incididunt amet tempor magna consectetur et elit adipiscing do sed dolor eiusmod Lorem sit ipsum labore ut dolore aliqua. ipsum sed aliqua. ut adipiscing dolor incididunt et tempor consectetur amet do labore magna sit dolore eiusmod Lorem elit labore et consectetur do Lorem adipiscing incididunt tempor dolore eiusmod ut ipsum sed amet sit magna aliqua. elit dolor adipiscing incididunt dolore aliqua. consectetur,[mock response to: et aliqua. elit dolor sed dolore tempor consectetur ut sit magna Lorem eiusmod a] token token token token token token token token token token token token token token token token token token token token token token token token token token token token token token token token token token token token token token token token token token token token token token token ,repair-mock-gate-40_04_c4_seed3401_l1,1787926961.9163518,324320250014800,324320925522100,324321660736400,324321683823600,324323850358100,,
req-0027-941db0,synthetic,1787926931.4357588,1787926963.3006325,31.86487364768982,0.0488892,0.03232384179093277,"[0.03150809998624027, 0.030019099998753518, 0.016194400028325617, 0.030641500023193657, 0.031724699947517365, 0.030046200030483305, 0.03155189997050911, 0.029206400038674474, 0.016506099957041442, 0.05099990003509447, 0.008788999984972179, 0.032250999996904284, 0.029823600023519248, 0.0312497999984771, 0.0160160000086762, 0.032943099969998, 0.030278699996415526, 0.030681900039780885, 0.03109740000218153, 0.016838099982123822, 0.030819999985396862, 0.03289149998454377, 0.01520419999724254, 0.016343900002539158, 0.017015799996443093, 0.0305551000055857, 0.015791400044690818, 0.031185599975287914, 0.03143039997667074, 0.031686300004366785, 0.031117800041101873, 0.015959199983626604, 0.015422099968418479, 0.016927800024859607, 0.031090400007087737, 0.018226000014692545, 0.02845990000059828, 0.03091659996425733, 0.016319199989084154, 0.01586970000062138, 0.01621319999685511, 0.015392100031021982, 0.016528300009667873, 0.015812299971003085, 0.016538700030650944, 0.030634499969892204, 0.015626000007614493, 0.01605760003440082, 0.01605329994345084, 0.031243600009474903, 0.050082000030670315, 0.0005768999690189958, 0.027775000024121255, 0.0315052000223659, 0.031666999973822385, 0.015162400028202683, 0.03154219995485619, 0.030949000036343932, 0.01601929997559637, 0.01684739999473095, 0.6723651000065729, 0.019506499986164272]",2.217116594314575,1787926965.517749,511,68,True,,200,labore dolor consectetur sed elit tempor aliqua. et ipsum dolore adipiscing ut do eiusmod Lorem incididunt amet magna sit Lorem ut et magna sit dolore labore amet elit dolor incididunt sed consectetur aliqua. do adipiscing eiusmod tempor ipsum eiusmod sed amet magna dolor labore do ut elit ipsum tempor et aliqua. incididunt consectetur Lorem sit dolore adipiscing dolore incididunt eiusmod elit aliqua. dolor ut tempor ipsum sit consectetur sed et do magna labore Lorem adipiscing amet Lorem incididunt et sit elit labore eiusmod amet ut adipiscing sed aliqua. dolor dolore ipsum magna consectetur tempor do dolor consectetur Lorem incididunt aliqua. sed tempor dolore labore sit magna eiusmod adipiscing et ut amet do elit ipsum incididunt dolor eiusmod aliqua. tempor ut dolore elit Lorem consectetur ipsum sed et amet do labore sit magna adipiscing ipsum labore magna dolor consectetur aliqua. et Lorem ut tempor amet do incididunt adipiscing eiusmod sit sed elit dolore aliqua. et sed dolor tempor ut magna ipsum consectetur adipiscing sit dolore labore Lorem incididunt amet do elit eiusmod dolore labore tempor et sed magna ut consectetur do elit ipsum Lorem amet aliqua. adipiscing sit dolor incididunt eiusmod sed elit magna labore eiusmod Lorem dolore consectetur do sit ipsum ut aliqua. adipiscing et dolor incididunt tempor amet sed ut ipsum incididunt et magna dolore aliqua. elit labore do sit consectetur amet adipiscing dolor tempor Lorem eiusmod eiusmod sed amet dolor adipiscing et aliqua. sit elit Lorem consectetur labore do ipsum incididunt dolore tempor ut magna adipiscing magna incididunt sit ipsum amet elit Lorem et tempor ut do sed consectetur dolor aliqua. eiusmod labore dolore sit eiusmod Lorem incididunt amet elit magna labore sed ut ipsum aliqua. adipiscing do et dolore dolor tempor consectetur dolor sit consectetur Lorem aliqua. sed amet incididunt ut dolore tempor labore adipiscing et do eiusmod elit ipsum magna dolore magna sit incididunt ipsum adipiscing ame,[mock response to: labore dolor consectetur sed elit tempor aliqua. et ipsum dolore adipiscing ut d] token token token token token token token token token token token token token token token token token token token token token token token token token token token token token token token token token token token token token token token token token token token token token token token ,repair-mock-gate-40_04_c4_seed3401_l1,1787926962.5924492,324320926112400,324321634298200,324321659550000,324321683187400,324323851412200,,
req-0028-ea5161,synthetic,1787926931.4357588,1787926965.4931393,34.05738043785095,2.3320119,0.02504548030309238,"[0.018554900016169995, 0.0298099999781698, 0.0322250000317581, 0.030963599972892553, 0.03029310004785657, 0.017369399953167886, 0.030456500011496246, 0.02881260000867769, 0.016417899983935058, 0.03306990000419319, 0.05155590001959354, 0.013246599992271513, 0.028697900008410215, 0.015538899984676391, 0.031305700016673654, 0.016585899982601404, 0.03003520000493154, 0.03502790001221001, 0.028846299974247813, 0.015432799991685897, 0.030153300031088293, 0.01589320000493899, 0.015168100013397634, 0.017957299947738647, 0.03281950001837686, 0.028543499996885657, 0.03322019998449832, 0.030150100006721914, 0.029855000029783696, 0.02937259996542707, 0.03185710002435371, 0.030074300011619925, 0.0311684999614954, 0.01654520002193749, 0.032487899996340275, 0.03276830003596842, 0.012167899985797703, 0.030379500007256866, 0.03140829998301342, 0.03166290000081062, 0.030433400010224432, 0.032092500012367964, 0.02877429994987324, 0.01563550002174452, 0.031677499995566905, 0.03006170003209263, 0.05282969999825582, 0.0005641999887302518, 0.02499909995822236, 0.03217350004706532, 0.029291599988937378, 0.031290800019633025, 0.03200849995482713, 0.031432899995706975, 0.030383700039237738, 0.03160980000393465, 0.030105699959676713, 0.015644000028260052, 0.03075089998310432, 0.0038915000041015446, 0.029452199989464134]",3.9899561405181885,1787926969.4830954,512,67,True,,200,dolor incididunt labore Lorem et dolore elit magna sit aliqua. ipsum consectetur tempor eiusmod sed adipiscing do ut amet ut eiusmod aliqua. amet magna consectetur et sed do dolor incididunt dolore sit Lorem adipiscing tempor ipsum elit labore sit ut eiusmod labore dolore consectetur tempor magna et sed aliqua. amet incididunt dolor adipiscing elit ipsum Lorem do ipsum aliqua. labore tempor dolore ut incididunt dolor sed et eiusmod consectetur adipiscing elit sit magna amet Lorem do ut Lorem consectetur eiusmod magna sit incididunt ipsum adipiscing dolor labore elit dolore do aliqua. amet et sed tempor dolore elit ut sed tempor eiusmod et incididunt consectetur magna adipiscing do ipsum dolor aliqua. amet labore Lorem sit eiusmod dolor incididunt aliqua. ut do consectetur et tempor magna ipsum elit sed labore adipiscing amet sit Lorem dolore consectetur eiusmod elit tempor et labore incididunt Lorem do adipiscing magna ut sit ipsum dolore dolor aliqua. amet sed et sit dolore aliqua. magna amet ipsum labore incididunt adipiscing tempor sed consectetur elit dolor do Lorem eiusmod ut labore elit ut adipiscing ipsum et aliqua. dolor Lorem sit consectetur tempor magna incididunt dolore do eiusmod sed amet eiusmod do Lorem magna adipiscing aliqua. dolor et sit dolore elit tempor consectetur sed incididunt amet ipsum labore ut tempor dolore aliqua. magna eiusmod adipiscing et consectetur dolor amet labore Lorem sit ipsum ut incididunt do elit sed eiusmod tempor dolore dolor sit ipsum ut elit labore incididunt Lorem sed consectetur adipiscing amet et aliqua. magna do incididunt amet Lorem sed do dolore sit consectetur eiusmod et adipiscing dolor magna labore elit ut aliqua. tempor ipsum Lorem sed eiusmod dolore et dolor ipsum tempor elit incididunt consectetur labore magna adipiscing sit ut do aliqua. amet amet et incididunt sed dolore Lorem sit do ut elit tempor magna ipsum eiusmod consectetur dolor adipiscing labore aliqua. dolore magna ipsum adipiscing tempor consectetur,[mock response to: dolor incididunt labore Lorem et dolore elit magna sit aliqua. ipsum consectetur] token token token token token token token token token token token token token token token token token token token token token token token token token token token token token token token token token token token token token token token token token token token token token token token ,repair-mock-gate-40_04_c4_seed3401_l1,1787926964.8245225,324323158185200,324323826804200,324326147499900,324326158816100,324327816758700,,
req-0029-05918f,synthetic,1787926931.4357588,1787926966.2039614,34.76820254325867,1.6389264,0.024462052238688095,"[0.029892000020481646, 0.03258499997900799, 0.03012990002753213, 0.030117499991320074, 0.017670099972747266, 0.02934930002084002, 0.030665299971587956, 0.016278000024612993, 0.03239710000343621, 0.052196300006471574, 0.012939699983689934, 0.02893400000175461, 0.015625700005330145, 0.031353099970147014, 0.01651420001871884, 0.030064399994444102, 0.031422500032931566, 0.016333999985363334, 0.016817399999126792, 0.01536259998101741, 0.030082200013566762, 0.016323900024872273, 0.030671499960590154, 0.03429760003928095, 0.028544899949338287, 0.03232560004107654, 0.030706899997312576, 0.02912839996861294, 0.0306426000315696, 0.031339399982243776, 0.03041750000556931, 0.03132820001337677, 0.016332699975464493, 0.032175200001802295, 0.03310960001545027, 0.012002000003121793, 0.03052410000236705, 0.031226699997205287, 0.03105439996579662, 0.030058300006203353, 0.01571380003588274, 0.01835099997697398, 0.02863050001906231, 0.015584499982651323, 0.031721899984404445, 0.030134700005874038, 0.052766600041650236, 0.0005049999454058707, 0.025060700019821525, 0.0323729999945499, 0.02911950001725927, 0.031471399997826666, 0.03174529998796061, 0.03212719998555258, 0.03007960005197674, 0.03126229997724295, 0.030095499998424202, 0.01563520001946017, 0.03068819997133687, 0.003928999998606741, 0.033022799994796515]",3.279496431350708,1787926969.4834578,511,68,True,,200,dolor ipsum aliqua. tempor incididunt consectetur magna et sit adipiscing ut amet elit do eiusmod dolore labore sed Lorem labore amet incididunt ipsum Lorem tempor adipiscing do ut et consectetur dolore sed elit aliqua. eiusmod dolor magna sit sed tempor sit dolore dolor consectetur labore ipsum et do incididunt eiusmod adipiscing Lorem elit amet magna aliqua. ut magna ipsum dolor et eiusmod sed do tempor dolore ut elit consectetur adipiscing amet sit aliqua. Lorem incididunt labore sit ipsum ut et dolore incididunt aliqua. elit dolor tempor Lorem labore magna do amet adipiscing sed consectetur eiusmod dolore aliqua. do sed adipiscing consectetur tempor amet incididunt Lorem labore magna et sit ipsum ut elit dolor eiusmod ut sit magna ipsum elit dolor Lorem sed amet tempor adipiscing incididunt dolore aliqua. labore do eiusmod consectetur et sed dolore amet ut Lorem sit dolor aliqua. elit do consectetur labore tempor ipsum incididunt eiusmod adipiscing et magna sit eiusmod et incididunt sed labore adipiscing magna consectetur dolor Lorem aliqua. do dolore ut tempor elit amet ipsum do Lorem aliqua. labore adipiscing ut tempor eiusmod dolor dolore ipsum incididunt sit elit amet et consectetur sed magna adipiscing Lorem ipsum incididunt magna sed dolore consectetur sit do labore amet elit dolor ut tempor et aliqua. eiusmod aliqua. sed sit do ipsum elit dolore magna amet eiusmod Lorem dolor incididunt tempor et consectetur ut adipiscing labore elit magna ipsum incididunt eiusmod labore do aliqua. amet Lorem dolore tempor adipiscing sed dolor consectetur et ut sit incididunt consectetur labore elit dolore sed tempor adipiscing et amet sit aliqua. Lorem ut eiusmod dolor ipsum do magna amet adipiscing dolore consectetur labore magna incididunt sed do dolor ut Lorem ipsum sit aliqua. et eiusmod elit tempor eiusmod sit incididunt consectetur elit do adipiscing dolore dolor magna ut ipsum et tempor labore Lorem aliqua. sed amet incididunt sit eiusmod elit magna dolor consecte,[mock response to: dolor ipsum aliqua. tempor incididunt consectetur magna et sit adipiscing ut ame] token token token token token token token token token token token token token token token token token token token token token token token token token token token token token token token token token token token token token token token token token token token token token token token ,repair-mock-gate-40_04_c4_seed3401_l1,1787926965.5182319,324323851894500,324324537626200,324326148608400,324326176552600,324327817120900,,
req-0030-74493a,synthetic,1787926931.4357588,1787926966.9811556,35.54539680480957,0.8621562,0.0469020217390515,"[0.02985279995482415, 0.03237650002120063, 0.03041150001809001, 0.030361599987372756, 0.017354700015857816, 0.030028399953152984, 0.029716300021391362, 0.01636419998249039, 0.0326222000294365, 0.05196539999451488, 0.013134300010278821, 0.028836200013756752, 0.015537799976300448, 0.03134809999028221, 0.016540899989195168, 0.03007640002761036, 0.03428720001829788, 0.029370199947152287, 0.015524999995250255, 0.030328000022564083, 0.015741700015496463, 0.015115899965167046, 0.016648200049530715, 0.03424749994883314, 0.028566500055603683, 0.032346999971196055, 0.030871799972373992, 0.029428900044877082, 0.030088700004853308, 0.03157279995502904, 0.030307300039567053, 0.03118920000270009, 0.01636409998172894, 0.03234680002788082, 0.03297179995570332, 0.012055200000759214, 0.030521700042299926, 0.031304099946282804, 0.03102920000674203, 0.030470199999399483, 0.032261400017887354, 0.029087600007187575, 0.015760599984787405, 0.03151619998971, 0.030005900014657527, 0.05296000000089407, 0.0007402999908663332, 0.024960100010503083, 0.03160580003168434, 0.02957879996392876, 0.030984500015620142, 0.03242810000665486, 0.030240199994295835, 0.03074040001956746, 0.03241859999252483, 0.030235999962314963, 0.01571380003588274, 0.03077009995467961, 0.0038536000065505505, 0.029312400030903518, 1.5885424999869429, 0.013252599979750812, 4.3700041715055704e-05]",4.099832773208618,1787926971.0809884,510,70,True,,200,et aliqua. sed tempor sit consectetur dolor labore amet magna elit ipsum ut dolore incididunt Lorem eiusmod adipiscing do eiusmod magna dolor tempor amet dolore consectetur do sed ipsum elit adipiscing Lorem aliqua. incididunt labore et ut sit dolore ipsum sit adipiscing Lorem sed magna aliqua. incididunt dolor et ut elit consectetur do amet labore eiusmod tempor dolor elit tempor adipiscing incididunt labore Lorem sed ipsum et amet ut aliqua. dolore do magna eiusmod sit consectetur eiusmod elit consectetur magna ipsum sed Lorem sit incididunt do amet dolore adipiscing ut aliqua. tempor et labore dolor dolore do incididunt ipsum labore elit amet magna adipiscing consectetur et sit aliqua. ut sed dolor tempor eiusmod Lorem dolor sit et sed adipiscing ut amet do Lorem labore ipsum eiusmod magna tempor dolore consectetur elit incididunt aliqua. aliqua. sit elit ut labore Lorem sed magna amet consectetur ipsum do et eiusmod adipiscing dolor dolore tempor incididunt aliqua. adipiscing dolore labore incididunt Lorem sit sed dolor do tempor ipsum eiusmod amet consectetur elit et ut magna ut eiusmod do sed dolor amet adipiscing consectetur labore dolore ipsum et aliqua. sit tempor elit magna incididunt Lorem tempor elit do consectetur dolor adipiscing eiusmod aliqua. sed magna et labore dolore ipsum sit incididunt ut amet Lorem magna dolore et Lorem adipiscing elit ut amet dolor tempor sit consectetur eiusmod do sed ipsum labore incididunt aliqua. adipiscing amet incididunt ut tempor magna do eiusmod consectetur sit aliqua. dolor ipsum dolore sed et elit labore Lorem magna consectetur ut sit elit labore amet et dolore incididunt aliqua. dolor ipsum eiusmod sed do adipiscing tempor Lorem do sed eiusmod aliqua. ipsum tempor labore dolore sit consectetur incididunt amet dolor Lorem magna ut et adipiscing elit dolor aliqua. et elit tempor labore do dolore adipiscing magna consectetur sit ipsum incididunt Lorem amet ut sed eiusmod Lorem et labore incididunt sit ut dolore dolor d,[mock response to: et aliqua. sed tempor sit consectetur dolor labore amet magna elit ipsum ut dolo] token token token token token token token token token token token token token token token token token token token token token token token token token token token token token token token token token token token token token token token token token token token token token token token ,repair-mock-gate-40_04_c4_seed3401_l1,1787926966.2044673,324324538130100,324325314820800,324326149066200,324326176977000,324329414651700,,
req-0031-13286c,synthetic,1787926931.4357588,1787926967.7893367,36.353577852249146,0.0541399,0.04883536969745447,"[0.02984540001489222, 0.03233929997077212, 0.03067500004544854, 0.03034609998576343, 0.01731379999546334, 0.03029879997484386, 0.02928670000983402, 0.01634189998731017, 0.03284140001051128, 0.0517462000134401, 0.013157900015357882, 0.028820499952416867, 0.01553020003484562, 0.03135669999755919, 0.016569199971854687, 0.029996199999004602, 0.034937000018544495, 0.028933399997185916, 0.01538639998761937, 0.03029460000107065, 0.015831900003831834, 0.01500860002124682, 0.017695899994578212, 0.033217100019101053, 0.02858919999562204, 0.032797499967273325, 0.030424700002186, 0.02969729999313131, 0.02970480005024001, 0.0316956999595277, 0.030223999987356365, 0.031176600023172796, 0.01642050000373274, 0.032455099979415536, 0.0328639000072144, 0.012125200009904802, 0.030412000021897256, 0.03134809999028221, 0.031561699986923486, 0.0302885000128299, 0.03219050000188872, 0.028989500016905367, 0.015620299964211881, 0.03170089999912307, 0.029937000013887882, 0.05289719998836517, 0.0006315000355243683, 0.024999599962029606, 0.03185919998213649, 0.029564700031187385, 0.031050699995830655, 0.03227540000807494, 0.031025499978568405, 0.030359300028067082, 0.03196910000406206, 0.030203100002836436, 0.015662499994505197, 0.030744399991817772, 0.003861500008497387, 0.029441299964673817, 1.5885962000465952]",3.291905164718628,1787926971.0812418,510,67,True,,200,amet eiusmod ipsum labore sit do et incididunt tempor dolore consectetur adipiscing elit magna dolor Lorem aliqua. ut sed eiusmod ipsum Lorem incididunt consectetur sed tempor dolore labore elit magna amet et do dolor aliqua. adipiscing ut sit adipiscing Lorem do eiusmod aliqua. sed magna ut et amet consectetur dolor elit sit tempor labore incididunt ipsum dolore ipsum sed aliqua. ut dolore adipiscing dolor elit Lorem magna consectetur do eiusmod incididunt sit labore tempor amet et do labore dolore ut et elit amet ipsum adipiscing tempor sed sit magna eiusmod dolor consectetur Lorem aliqua. incididunt ipsum et elit sed consectetur amet eiusmod dolore tempor sit magna labore do incididunt dolor ut Lorem aliqua. adipiscing sit ut incididunt elit ipsum aliqua. magna labore eiusmod sed dolore tempor dolor Lorem et do consectetur amet adipiscing adipiscing labore et aliqua. ipsum eiusmod elit amet magna ut Lorem consectetur sed dolore tempor incididunt sit dolor do magna incididunt elit consectetur ipsum dolor Lorem tempor adipiscing eiusmod labore et sed dolore do sit amet ut aliqua. amet sit incididunt elit Lorem labore magna aliqua. ut adipiscing et consectetur tempor eiusmod ipsum sed dolor do dolore dolore aliqua. adipiscing sed tempor labore dolor incididunt ipsum et sit ut elit consectetur do Lorem eiusmod amet magna et sit elit magna amet ut eiusmod sed adipiscing dolor aliqua. consectetur tempor incididunt do ipsum dolore labore Lorem tempor dolore eiusmod incididunt aliqua. magna dolor do ipsum labore sed sit consectetur elit Lorem adipiscing et amet ut magna adipiscing aliqua. sed eiusmod labore ut amet tempor consectetur et dolore elit Lorem dolor incididunt do sit ipsum incididunt et elit aliqua. tempor do eiusmod labore magna sed amet dolore sit Lorem consectetur ut ipsum dolor adipiscing dolor aliqua. magna labore consectetur tempor sed sit do amet dolore adipiscing ut incididunt eiusmod et Lorem elit ipsum magna tempor sit labore dolore ipsum amet sed ut,[mock response to: amet eiusmod ipsum labore sit do et incididunt tempor dolore consectetur adipisc] token token token token token token token token token token token token token token token token token token token token token token token token token token token token token token token token token token token token token token token token token token token token token token token ,repair-mock-gate-40_04_c4_seed3401_l1,1787926966.9817288,324325315391800,324326123001500,324326149503600,324326177141400,324329414904700,,
req-0032-49aeeb,synthetic,1787926931.4357588,1787926970.2670562,38.831297397613525,2.4484576,0.02063125605998335,"[0.028072199958842248, 0.01602800004184246, 0.01574800000526011, 0.015457300003618002, 0.03130199998850003, 0.031342600006610155, 0.015951599983964115, 0.01605899998685345, 0.015982999990228564, 0.015206500014755875, 0.03107359999557957, 0.016504400002304465, 0.05272560002049431, 0.009831600007601082, 0.03131549997488037, 0.03163919999497011, 0.014642300026025623, 0.015932099951896816, 0.015731300052721053, 0.015350000001490116, 0.016372899990528822, 0.0156252000015229, 0.01618039997993037, 0.01575979997869581, 0.030979700037278235, 0.031290599959902465, 0.015665300015825778, 0.016345400013960898, 0.03359990002354607, 0.013351899979170412, 0.01625929999863729, 0.015980199968907982, 0.03128600004129112, 0.015660999983083457, 0.015698299976065755, 0.01653490000171587, 0.0156752000330016, 0.031243000004906207, 0.016369099961593747, 0.01669200003379956, 0.03029129997594282, 0.01639850001083687, 0.015383500023745, 0.01576589996693656, 0.01566350000211969, 0.031142299994826317, 0.030250300012994558, 0.01589899999089539, 0.030479000008199364, 0.031880600028671324, 0.03059629997005686, 0.030477599997539073, 0.015280799998436123, 0.017587599984835833, 0.016918200009968132, 0.028765700000803918, 0.032533899997361004, 0.046603400027379394, 0.014451999973971397, 0.030927699990570545, 0.0162030000356026, 0.015696899965405464]",3.8117568492889404,1787926974.078813,512,67,True,,200,dolor tempor ut do labore consectetur ipsum magna incididunt elit sit dolore sed et amet adipiscing eiusmod aliqua. Lorem labore elit aliqua. et tempor sed ipsum sit Lorem adipiscing magna ut eiusmod dolor consectetur do amet incididunt dolore et consectetur eiusmod labore magna adipiscing dolore dolor elit sed do sit aliqua. tempor ipsum amet Lorem incididunt ut labore elit dolor sit tempor Lorem incididunt amet dolore do adipiscing ipsum ut aliqua. et eiusmod magna consectetur sed sed tempor dolor adipiscing incididunt labore dolore Lorem consectetur do amet sit et ut aliqua. elit ipsum eiusmod magna sit ipsum adipiscing tempor magna consectetur aliqua. dolor do et eiusmod elit incididunt amet ut Lorem sed dolore labore dolore sit et ipsum Lorem magna aliqua. dolor incididunt adipiscing sed amet do ut elit consectetur eiusmod tempor labore sit consectetur incididunt elit adipiscing aliqua. dolore amet tempor et do labore magna dolor sed Lorem eiusmod ipsum ut adipiscing ut eiusmod Lorem aliqua. do sit amet elit tempor labore et dolor sed consectetur incididunt ipsum dolore magna dolore ipsum eiusmod incididunt tempor labore consectetur ut aliqua. adipiscing sit et amet dolor elit magna Lorem do sed do eiusmod elit aliqua. ut labore tempor dolore et Lorem magna ipsum amet sit adipiscing consectetur sed incididunt dolor incididunt eiusmod ut do amet elit dolore Lorem ipsum dolor consectetur magna et aliqua. sit adipiscing sed labore tempor adipiscing dolor do amet ut magna et incididunt elit Lorem labore consectetur dolore eiusmod ipsum aliqua. sed tempor sit et adipiscing incididunt labore do sit dolore tempor Lorem magna aliqua. consectetur sed dolor ut elit ipsum eiusmod amet incididunt adipiscing Lorem sit elit ipsum dolor dolore do aliqua. tempor consectetur ut eiusmod amet labore sed et magna adipiscing sit ut sed amet et incididunt ipsum dolore elit Lorem labore consectetur aliqua. dolor magna eiusmod do tempor adipiscing eiusmod elit tempor ipsum et sed labo,[mock response to: dolor tempor ut do labore consectetur ipsum magna incididunt elit sit dolore sed] token token token token token token token token token token token token token token token token token token token token token token token token token token token token token token token token token token token token token token token token token token token token token token token ,repair-mock-gate-40_04_c4_seed3401_l1,1787926969.483553,324327817215800,324328600720800,324331034341900,324331049178400,324332412476900,,
req-0033-ebf49f,synthetic,1787926931.4357588,1787926971.0615733,39.62581443786621,1.6546625,0.03150165362361198,"[0.027586999989580363, 0.015993500011973083, 0.01576420001219958, 0.01548579998780042, 0.03161449998151511, 0.030972000036854297, 0.016076100000645965, 0.015996499976608902, 0.015974300040397793, 0.015150699997320771, 0.030995599983725697, 0.016907699988223612, 0.052382900030352175, 0.009931499953381717, 0.03158040001289919, 0.031284700031392276, 0.01506349997362122, 0.01564699999289587, 0.01574070000788197, 0.015360700024757534, 0.016499899968039244, 0.015422700031194836, 0.01616849994752556, 0.01592600002186373, 0.030782999994698912, 0.03143189998809248, 0.01555830001598224, 0.016298400005325675, 0.03356260003056377, 0.013739199959672987, 0.0159420000272803, 0.015902699960861355, 0.03128970001125708, 0.01568130002124235, 0.01569159998325631, 0.01648570003453642, 0.015729699982330203, 0.03120099997613579, 0.016409800038672984, 0.016777999990154058, 0.030140599992591888, 0.01648579997709021, 0.015361500030849129, 0.015769899997394532, 0.015643699967768043, 0.03106360003584996, 0.03032089996850118, 0.0159167000092566, 0.0304986999835819, 0.031822799996007234, 0.030690800049342215, 0.03034639998804778, 0.01523219997761771, 0.01793929998530075, 0.01702100003603846, 0.02840389998164028, 0.0326395999873057, 0.04648940003244206, 0.014668099989648908, 0.030819199979305267, 0.016441999992821366, 0.017016600002534688, 0.8108701000455767]",4.685620307922363,1787926975.7471936,511,70,True,,200,ipsum et sed labore do tempor dolor elit ut amet sit Lorem consectetur adipiscing incididunt magna eiusmod dolore aliqua. tempor ut aliqua. amet do dolor magna ipsum dolore consectetur sit eiusmod adipiscing incididunt et elit Lorem sed labore ut amet eiusmod incididunt sed et adipiscing ipsum elit dolor tempor aliqua. dolore consectetur sit labore do magna Lorem elit magna aliqua. ipsum ut amet Lorem eiusmod et tempor labore consectetur incididunt sed dolor dolore adipiscing do sit et sed aliqua. do consectetur ipsum elit sit dolor amet incididunt tempor eiusmod adipiscing labore ut magna Lorem dolore sit adipiscing tempor consectetur ipsum dolore ut magna incididunt amet do sed aliqua. labore elit Lorem eiusmod dolor et dolore magna ut do sed amet adipiscing dolor aliqua. tempor eiusmod Lorem et labore elit consectetur ipsum sit incididunt aliqua. amet do ipsum labore Lorem dolor eiusmod consectetur dolore tempor sed ut magna incididunt elit adipiscing et sit aliqua. do incididunt tempor Lorem labore ut consectetur ipsum sed adipiscing dolor elit dolore magna sit amet et eiusmod eiusmod Lorem amet sit ipsum labore elit ut consectetur magna sed dolor tempor et aliqua. dolore do adipiscing incididunt dolore labore sed do ipsum amet et eiusmod dolor sit consectetur magna adipiscing incididunt tempor Lorem aliqua. ut elit sed et aliqua. Lorem consectetur dolore magna amet labore ut incididunt elit eiusmod tempor ipsum do dolor adipiscing sit labore ut eiusmod dolore magna ipsum dolor elit et sed amet sit Lorem aliqua. tempor incididunt do consectetur adipiscing tempor dolore consectetur dolor ipsum sit amet elit aliqua. adipiscing labore sed Lorem eiusmod incididunt ut magna et do amet eiusmod consectetur elit dolore sed et ipsum Lorem sit tempor magna adipiscing incididunt ut dolor aliqua. labore do sed dolor sit eiusmod ipsum et adipiscing ut incididunt dolore labore magna tempor aliqua. do consectetur Lorem amet elit amet et do sit sed incididunt consectetur magna ,[mock response to: ipsum et sed labore do tempor dolor elit ut amet sit Lorem consectetur adipiscin] token token token token token token token token token token token token token token token token token token token token token token token token token token token token token token token token token token token token token token token token token token token token token token token ,repair-mock-gate-40_04_c4_seed3401_l1,1787926970.2675595,324328601222400,324329395238500,324331035741400,324331049901000,324334080857200,,
req-0034-6988a9,synthetic,1787926931.4357588,1787926971.9296892,40.49393033981323,0.79794,0.03179981470577117,"[0.016387599986046553, 0.015953299996908754, 0.015762099996209145, 0.01543379999930039, 0.03166909998981282, 0.030892500013578683, 0.016138600010890514, 0.01640149997547269, 0.01560570002766326, 0.015123899967875332, 0.031017100031021982, 0.01722779998090118, 0.05201799998758361, 0.010009500023443252, 0.03181570000015199, 0.030955899972468615, 0.015181700000539422, 0.015608400048222393, 0.01569459994789213, 0.015448500053025782, 0.016480299993418157, 0.015376199968159199, 0.016114900005050004, 0.01628610002808273, 0.030462299997452646, 0.03150579996872693, 0.015439899987541139, 0.0165940000442788, 0.03327670000726357, 0.014212199952453375, 0.030705800047144294, 0.0313046999508515, 0.015662799996789545, 0.015682500030379742, 0.01641450001625344, 0.01569480000762269, 0.031062699970789254, 0.016535700007807463, 0.015772100014146417, 0.031357300002127886, 0.01632749999407679, 0.015316199976950884, 0.015775599982589483, 0.015700899995863438, 0.03135790000669658, 0.029963700042571872, 0.01600279996637255, 0.03042780002579093, 0.03167499997653067, 0.031057699990924448, 0.030072499997913837, 0.015692300046794116, 0.016692499979399145, 0.016686499991919845, 0.029610700032208115, 0.031615299987606704, 0.016048199962824583, 0.03219040000112727, 0.014717900019604713, 0.030771200021263212, 0.016574099950958043, 0.0169346000184305, 0.8108895000186749]",3.8179705142974854,1787926975.7476597,510,69,True,,200,magna do elit incididunt et Lorem amet sit sed ipsum tempor dolor adipiscing eiusmod ut dolore consectetur aliqua. labore amet tempor elit consectetur incididunt aliqua. sed dolore dolor magna eiusmod sit ut et Lorem labore ipsum adipiscing do do tempor adipiscing dolore amet eiusmod aliqua. incididunt ut sed dolor ipsum magna elit labore sit Lorem et consectetur elit ut dolore amet dolor consectetur magna tempor do aliqua. sed incididunt labore ipsum eiusmod sit et Lorem adipiscing et elit consectetur labore Lorem amet ut adipiscing dolor sit sed magna aliqua. eiusmod ipsum dolore tempor incididunt do sed Lorem dolore adipiscing magna incididunt consectetur amet dolor tempor elit et ipsum do labore ut sit aliqua. eiusmod tempor labore eiusmod et amet do ut aliqua. dolore consectetur elit ipsum adipiscing Lorem magna sit dolor incididunt sed magna dolore adipiscing amet tempor consectetur dolor eiusmod labore aliqua. sed elit et sit Lorem incididunt ipsum ut do eiusmod adipiscing sed tempor incididunt amet magna do et aliqua. sit dolor ipsum Lorem labore dolore elit ut consectetur Lorem aliqua. dolore ut tempor do magna amet elit ipsum sed incididunt et consectetur dolor adipiscing labore eiusmod sit elit incididunt sit ut aliqua. adipiscing Lorem do sed ipsum amet dolor labore dolore consectetur eiusmod tempor et magna Lorem ipsum dolor adipiscing magna do tempor eiusmod sed sit elit et consectetur incididunt amet dolore labore aliqua. ut aliqua. tempor ipsum magna do consectetur dolor adipiscing incididunt ut et elit Lorem sit sed amet labore dolore eiusmod labore consectetur do et ipsum elit magna incididunt tempor sit amet dolor adipiscing dolore ut sed Lorem eiusmod aliqua. dolor incididunt magna Lorem tempor do consectetur sit ut labore eiusmod et adipiscing elit sed amet dolore ipsum aliqua. amet Lorem elit aliqua. ipsum magna dolore do sit eiusmod incididunt et ut adipiscing tempor sed labore consectetur dolor dolore aliqua. sit adipiscing ipsum magna incidi,[mock response to: magna do elit incididunt et Lorem amet sit sed ipsum tempor dolor adipiscing eiu] token token token token token token token token token token token token token token token token token token token token token token token token token token token token token token token token token token token token token token token token token token token token token token token ,repair-mock-gate-40_04_c4_seed3401_l1,1787926971.0814254,324329415088200,324330263354400,324331040714600,324331061294400,324334081322900,,
req-0035-e14f8e,synthetic,1787926931.4357588,1787926972.6691325,41.23337364196777,0.0587272,0.03214291515089854,"[0.016269899962935597, 0.01598189998185262, 0.015712100022938102, 0.015462399984244257, 0.03172760002780706, 0.03080130001762882, 0.016245099948719144, 0.01665190001949668, 0.029711799987126142, 0.03107660001842305, 0.01617289998102933, 0.016015800007153302, 0.03768619999755174, 0.0100720000336878, 0.032062699960079044, 0.030630099994596094, 0.015237700019497424, 0.01562950003426522, 0.01572440000018105, 0.015455299988389015, 0.016453599964734167, 0.0153406000463292, 0.0161210999940522, 0.016327899997122586, 0.030567999987397343, 0.03139949997421354, 0.015394700050819665, 0.01669469999615103, 0.033126399968750775, 0.014895600033923984, 0.030136399960611016, 0.03134480002336204, 0.01566059998003766, 0.01563999999780208, 0.01648270001169294, 0.015773500024806708, 0.03117739997105673, 0.016420300002209842, 0.01643120002700016, 0.03058769996277988, 0.0162830000044778, 0.01538210001308471, 0.01575700001558289, 0.015761699993163347, 0.031184299965389073, 0.03011799999512732, 0.015937899996060878, 0.03052870003739372, 0.03168760001426563, 0.030823499953839928, 0.03035390004515648, 0.01541749999159947, 0.01722509996034205, 0.016778700053691864, 0.029078799998387694, 0.03201439999975264, 0.01568139996379614, 0.03203830000711605, 0.014758899982552975, 0.030767499993089586, 0.01665180001873523, 0.7868983999942429]",2.2379279136657715,1787926974.9070604,511,67,True,,200,Lorem dolore ut incididunt adipiscing et tempor eiusmod do dolor sed magna labore aliqua. amet elit sit ipsum consectetur aliqua. amet sed incididunt dolore Lorem dolor elit sit consectetur do ipsum ut eiusmod labore tempor adipiscing magna et et labore tempor adipiscing eiusmod Lorem sit incididunt consectetur ipsum aliqua. sed dolor amet ut magna do dolore elit sit dolor do eiusmod et Lorem ut ipsum dolore labore adipiscing elit tempor sed amet incididunt aliqua. consectetur magna Lorem dolore labore et tempor incididunt do ut sed amet eiusmod sit consectetur dolor elit aliqua. adipiscing ipsum magna magna consectetur amet ut incididunt elit sit dolore aliqua. sed labore do tempor et Lorem adipiscing dolor eiusmod ipsum elit et sit aliqua. consectetur incididunt labore ipsum do amet ut dolore magna tempor sed adipiscing Lorem dolor eiusmod sed magna tempor incididunt dolore et ut aliqua. amet ipsum elit consectetur adipiscing do labore dolor eiusmod Lorem sit sit Lorem incididunt adipiscing ut ipsum consectetur eiusmod labore amet elit aliqua. sed do tempor dolor et magna dolore amet labore sed aliqua. Lorem consectetur elit dolore ut et sit incididunt tempor do eiusmod adipiscing dolor magna ipsum aliqua. Lorem magna ut et amet consectetur tempor do incididunt dolor adipiscing sed elit labore ipsum dolore sit eiusmod elit ipsum labore dolore magna Lorem sed incididunt amet adipiscing ut aliqua. do et sit tempor consectetur eiusmod dolor amet consectetur elit do ut ipsum magna dolore eiusmod Lorem et sit aliqua. sed adipiscing labore incididunt dolor tempor aliqua. ut adipiscing sit dolore magna incididunt et ipsum Lorem amet do eiusmod labore elit sed tempor consectetur dolor consectetur ipsum ut tempor et elit magna sit amet dolore eiusmod do incididunt labore sed aliqua. dolor adipiscing Lorem elit tempor dolor Lorem ut et labore do sed ipsum magna eiusmod consectetur sit incididunt adipiscing aliqua. dolore amet elit sit magna ipsum consectetur amet dolor eius,[mock response to: Lorem dolore ut incididunt adipiscing et tempor eiusmod do dolor sed magna labor] token token token token token token token token token token token token token token token token token token token token token token token token token token token token token token token token token token token token token token token token token token token token token token token ,repair-mock-gate-40_04_c4_seed3401_l1,1787926971.9302516,324330263914700,324331002797800,324331041314000,324331061525000,324333240724300,,
req-0036-98018b,synthetic,1787926931.4357588,1787926974.8484602,43.41270136833191,0.9405473,0.024515434329001818,"[0.03109590004896745, 0.03095069999108091, 0.01628270000219345, 0.030561699997633696, 0.0323476999765262, 0.029776700015645474, 0.0303878000122495, 0.016109699965454638, 0.017004100023768842, 0.029178299999330193, 0.03388830000767484, 0.013756399974226952, 0.030458000022917986, 0.03410599997732788, 0.0283521999954246, 0.031071200035512447, 0.030934699985664338, 0.031637499982025474, 0.031016900029499084, 0.03075049998005852, 0.032280399987939745, 0.030556100013200194, 0.016101800021715462, 0.030729299993254244, 0.01830830000108108, 0.027899499982595444, 0.031858100031968206, 0.03125259996159002, 0.030820599989965558, 0.01570960000390187, 0.031830199994146824, 0.01573610003106296, 0.03137899999273941, 0.05310349998762831, 0.009842800034675747, 0.015997199981939048, 0.016227199987042695, 0.015491500031203032, 0.03057139995507896, 0.01602820004336536, 0.016043599986005574, 0.01594189996831119, 0.030704300035722554, 0.031418300000950694, 0.0314545999863185, 0.030928199994377792, 0.030787400028202683, 0.034022599982563406, 0.0003677000058814883, 0.027337500010617077, 0.015575499972328544, 0.016326399985700846, 0.030285999993793666, 0.031476100033614784, 0.03133279999019578, 0.030546800000593066, 0.0159791000187397, 0.031632900005206466, 0.032166499993763864, 0.029843700001947582, 0.038352100003976375, 0.0004124999977648258, 0.028207199997268617]",2.584178924560547,1787926977.4326391,510,68,True,,200,sit labore Lorem dolor aliqua. et adipiscing eiusmod elit tempor dolore amet do ipsum incididunt ut consectetur magna sed dolor adipiscing consectetur eiusmod ut Lorem ipsum aliqua. sed do amet elit labore magna et incididunt tempor sit dolore consectetur Lorem incididunt amet do magna aliqua. dolor dolore ut et sed ipsum elit labore sit adipiscing eiusmod tempor ut elit incididunt sit consectetur sed tempor et do adipiscing dolor magna eiusmod amet ipsum aliqua. labore dolore Lorem consectetur labore dolore eiusmod do amet elit ipsum tempor dolor magna sit Lorem incididunt aliqua. adipiscing et sed ut do sit sed aliqua. magna ipsum ut eiusmod incididunt labore dolore adipiscing elit et tempor Lorem dolor consectetur amet aliqua. elit amet tempor do sed Lorem magna consectetur adipiscing sit ipsum labore incididunt ut dolor dolore et eiusmod et sit eiusmod do consectetur ipsum aliqua. ut dolore incididunt amet sed tempor elit Lorem dolor magna labore adipiscing incididunt consectetur sit magna labore dolor dolore do aliqua. elit tempor Lorem sed adipiscing eiusmod ipsum ut et amet Lorem ipsum adipiscing sit labore elit tempor aliqua. do sed consectetur eiusmod magna ut amet dolore et incididunt dolor ut dolore sit incididunt tempor elit dolor consectetur et aliqua. amet labore do eiusmod sed adipiscing Lorem ipsum magna dolore elit sed tempor consectetur eiusmod Lorem magna et aliqua. do sit ut dolor adipiscing amet ipsum labore incididunt incididunt amet aliqua. elit adipiscing ipsum sed dolor Lorem consectetur tempor eiusmod ut sit dolore labore magna do et dolore tempor et ipsum Lorem ut sed do sit incididunt aliqua. adipiscing consectetur elit labore dolor eiusmod amet magna magna ut incididunt tempor labore ipsum Lorem eiusmod adipiscing aliqua. sit dolore sed amet consectetur dolor et do elit do incididunt magna labore eiusmod sed et aliqua. consectetur dolor ut tempor dolore sit Lorem elit ipsum adipiscing amet incididunt aliqua. do tempor magna elit eiusmod ,[mock response to: sit labore Lorem dolor aliqua. et adipiscing eiusmod elit tempor dolore amet do ] token token token token token token token token token token token token token token token token token token token token token token token token token token token token token token token token token token token token token token token token token token token token token token token ,repair-mock-gate-40_04_c4_seed3401_l1,1787926974.0792909,324332412953900,324333182125300,324334101033300,324334122672600,324335766302700,,
req-0037-5dad3c,synthetic,1787926931.4357588,1787926975.7447376,44.30897879600525,0.0444522,0.02409385373110452,"[0.031671400007326156, 0.030309800000395626, 0.018562199955340475, 0.028478500025812536, 0.03262780001387, 0.029474299983121455, 0.030241700005717576, 0.01608590001706034, 0.017125399957876652, 0.029189700027927756, 0.03379509999649599, 0.013953999965451658, 0.03071990003809333, 0.03377789998194203, 0.028849299997091293, 0.030471300007775426, 0.030948299972806126, 0.03163330000825226, 0.031075700011570007, 0.03073009999934584, 0.03263070003595203, 0.030170499987434596, 0.016096699982881546, 0.03065289999358356, 0.018427800037898123, 0.027963399945292622, 0.03232590004336089, 0.03087509999750182, 0.03067639999790117, 0.01611229998525232, 0.031527700019069016, 0.015986099955625832, 0.03158820001408458, 0.0524841999867931, 0.009788800030946732, 0.016075099993031472, 0.01618079998297617, 0.015569300041534007, 0.030535099969711155, 0.01604279997991398, 0.015992000000551343, 0.016153100004885346, 0.030609300010837615, 0.031739900005050004, 0.031028600002173334, 0.03110329998889938, 0.030680300027597696, 0.03399689996149391, 0.0002959000412374735, 0.02739189995918423, 0.015579300001263618, 0.016314800013788044, 0.030620000034105033, 0.03178179997485131, 0.030807800008915365, 0.030619199969805777, 0.015825400012545288, 0.03157610003836453, 0.032315799966454506, 0.029669600015040487, 0.03844009997555986, 0.0003157000173814595]",1.659794807434082,1787926977.4045324,511,68,True,,200,et aliqua. dolore ut adipiscing elit eiusmod labore magna consectetur do ipsum sit sed incididunt tempor Lorem dolor amet ut Lorem ipsum adipiscing consectetur dolore amet magna incididunt et tempor sed elit aliqua. sit dolor eiusmod labore do dolor tempor sit adipiscing magna elit eiusmod do labore incididunt aliqua. et ut consectetur Lorem dolore sed amet ipsum do amet incididunt labore tempor elit ipsum ut sit Lorem magna dolore adipiscing consectetur dolor sed eiusmod aliqua. et sed aliqua. consectetur adipiscing incididunt eiusmod Lorem do magna sit ipsum elit amet tempor dolore dolor et ut labore elit ipsum tempor sit sed dolore eiusmod incididunt dolor do consectetur magna Lorem et amet aliqua. adipiscing labore ut sit eiusmod dolor Lorem tempor consectetur aliqua. sed incididunt adipiscing labore magna do dolore ut et ipsum elit amet do ipsum aliqua. labore adipiscing sed Lorem consectetur sit tempor et dolore dolor ut elit incididunt amet magna eiusmod magna et Lorem elit eiusmod amet sit tempor labore consectetur ut ipsum aliqua. dolore incididunt adipiscing dolor sed do sit sed dolor ipsum aliqua. dolore ut labore Lorem et tempor eiusmod magna adipiscing incididunt amet do consectetur elit dolor consectetur do labore magna adipiscing elit tempor amet ut aliqua. dolore incididunt ipsum sed sit et Lorem eiusmod incididunt amet Lorem sed tempor adipiscing et sit magna consectetur do eiusmod labore ipsum dolor ut aliqua. elit dolore elit Lorem consectetur amet aliqua. adipiscing incididunt sit ut ipsum do labore dolor dolore et eiusmod magna tempor sed aliqua. incididunt dolore labore ut amet sit sed et dolor eiusmod ipsum tempor elit consectetur Lorem magna adipiscing do adipiscing labore tempor sit aliqua. et do ipsum ut eiusmod magna incididunt consectetur dolor elit amet sed dolore Lorem et eiusmod sit labore consectetur aliqua. incididunt adipiscing elit ut tempor sed do Lorem magna amet ipsum dolor dolore tempor ut elit Lorem sit dolore consectetur labo,[mock response to: et aliqua. dolore ut adipiscing elit eiusmod labore magna consectetur do ipsum s] token token token token token token token token token token token token token token token token token token token token token token token token token token token token token token token token token token token token token token token token token token token token token token token ,repair-mock-gate-40_04_c4_seed3401_l1,1787926974.9079719,324333241634800,324334078402100,324334103850700,324334122854300,324335738195900,,
